date,sixty_forty,reference_static,rule_playbook,ml_logit_playbook,ml_gbt_playbook,bl_equilibrium,bl_momentum
2008-01-02,-0.00240249,-0.00086962,0.01161592,0.00416332,0.00866461,-0.00086962,0.02849010
2008-01-03,0.00054134,0.00201142,0.00381951,0.00283802,0.00309609,0.00201142,0.00810444
2008-01-04,-0.01353636,-0.01150725,-0.00408666,-0.00795821,-0.00409379,-0.01150725,-0.00541103
2008-01-07,0.00024781,-0.00083491,-0.00369362,-0.00113381,-0.00130495,-0.00083491,-0.00978473
2008-01-08,-0.00861327,-0.00459811,0.00482500,-0.00015392,0.00341395,-0.00459811,0.01792751
2008-01-09,0.00547664,0.00453841,-0.00208134,0.00243032,-0.00028785,0.00453841,-0.00550905
2008-01-10,0.00272222,0.00403237,0.00286308,0.00377139,0.00319989,0.00403237,0.01013758
2008-01-11,-0.00213751,-0.00270447,0.00432178,-0.00015578,0.00300462,-0.00270447,0.00581787
2008-01-14,0.00490760,0.00544091,0.00594563,0.00544157,0.00475378,0.00544091,0.01147656
2008-01-15,-0.01022778,-0.01138650,-0.00525872,-0.00863579,-0.00455751,-0.01138650,-0.01539040
2008-01-16,-0.00579757,-0.00908961,-0.00709853,-0.00853092,-0.00651263,-0.00908961,-0.01261170
2008-01-17,-0.01159062,-0.01043952,-0.00213950,-0.00593082,-0.00119706,-0.01043952,-0.00643484
2008-01-18,-0.00647751,-0.00006328,0.00229870,0.00138896,0.00134610,-0.00006328,0.00800711
2008-01-22,-0.00094510,-0.00267574,0.00370579,0.00061929,0.00456004,-0.00267574,0.00393342
2008-01-23,0.01149471,0.00611473,-0.00243418,0.00228320,-0.00053255,0.00611473,-0.00915672
2008-01-24,0.00089990,0.00566118,0.00709558,0.00536989,0.00377881,0.00566118,0.02485090
2008-01-25,-0.00433943,-0.00195271,0.00588640,0.00107079,0.00388914,-0.00195271,0.00992358
2008-01-28,0.00781897,0.00735166,0.00456102,0.00609694,0.00420570,0.00735166,0.01169694
2008-01-29,0.00113055,0.00031874,-0.00028253,-0.00066336,-0.00155661,0.00031874,-0.00088113
2008-01-30,-0.00442358,-0.00325027,0.00039135,-0.00138174,0.00050472,-0.00325027,0.00286224
2008-01-31,0.01265332,0.00953088,0.00289840,0.00634279,0.00363075,0.00953088,-0.00257550
2008-02-01,0.01093843,0.00650210,0.00415298,0.00308382,0.00010860,0.00650210,-0.02262093
2008-02-04,-0.00981085,-0.00505866,-0.00202336,-0.00264967,-0.00353831,-0.00505866,-0.00279687
2008-02-05,-0.01329253,-0.01492765,-0.01807750,-0.01483542,-0.00844815,-0.01492765,-0.01593715
2008-02-06,-0.00549808,-0.00460156,-0.00524619,-0.00388823,-0.00106376,-0.00460156,0.01448335
2008-02-07,-0.00067527,0.00112849,0.00393943,0.00232730,-0.00056198,0.00112849,0.01011918
2008-02-08,-0.00041752,0.00161968,0.00418910,0.00466302,0.00601389,0.00161968,0.01279911
2008-02-11,0.00393595,0.00342549,0.00426849,0.00388523,0.00307313,0.00342549,0.00362637
2008-02-12,0.00463828,0.00235910,0.00082205,-0.00029568,-0.00301236,0.00235910,-0.02189861
2008-02-13,0.00437685,0.00451322,0.00590291,0.00434624,0.00117919,0.00451322,0.00123139
2008-02-14,-0.00747260,-0.00441593,-0.00211878,-0.00240080,-0.00240346,-0.00441593,0.00301878
2008-02-15,0.00072677,0.00062603,0.00057007,0.00048926,0.00017523,0.00062603,-0.00624234
2008-02-19,-0.00121179,0.00276959,0.00754073,0.00633099,0.00465169,0.00276959,0.02725743
2008-02-20,0.00141045,0.00325437,0.00456087,0.00441505,0.00439855,0.00325437,0.01812623
2008-02-21,-0.00088620,-0.00139162,-0.00366883,-0.00198413,0.00116151,-0.00139162,0.00010725
2008-02-22,0.00254340,0.00365017,0.00574818,0.00442026,0.00198843,0.00365017,0.00150134
2008-02-25,0.00488946,0.00482991,0.00695942,0.00476539,0.00053733,0.00482991,-0.00696006
2008-02-26,0.00551389,0.00728600,0.00996032,0.00888368,0.00715221,0.00728600,0.01045935
2008-02-27,0.00032560,0.00168942,0.00170407,0.00206758,0.00273274,0.00168942,0.01141821
2008-02-28,-0.00125668,0.00002033,0.00000435,0.00164186,0.00510589,0.00002033,0.01276641
2008-02-29,-0.00905177,-0.00984487,-0.01351145,-0.00991357,-0.00288403,-0.00984487,0.00197937
2008-03-03,-0.00245582,0.00037651,0.00270277,0.00261485,0.00234168,0.00037651,0.01186065
2008-03-04,-0.00379909,-0.00608555,-0.00688210,-0.00687612,-0.00673995,-0.00608555,-0.01648564
2008-03-05,0.00205502,0.00587829,0.00961684,0.00951225,0.00820463,0.00587829,0.02539856
2008-03-06,-0.00927580,-0.00890458,-0.00981633,-0.00964411,-0.00653995,-0.00890458,-0.00710573
2008-03-07,-0.00474648,-0.00481831,-0.00633513,-0.00621665,-0.00432434,-0.00481831,-0.00584950
2008-03-10,-0.00488114,-0.00339554,-0.00231733,-0.00223234,-0.00043797,-0.00339554,0.00344773
2008-03-11,0.01662849,0.01652447,0.02079528,0.02036186,0.01302056,0.01652447,0.00520300
2008-03-12,-0.00096804,-0.00064135,-0.00126792,-0.00110902,0.00177888,-0.00064135,0.01070605
2008-03-13,-0.00082831,-0.00175638,-0.00178146,-0.00174911,-0.00109946,-0.00175638,0.01017307
2008-03-14,-0.00503370,-0.00650351,-0.00939602,-0.00914200,-0.00491157,-0.00650351,0.00236713
2008-03-17,-0.00389202,-0.00747921,-0.01457196,-0.01427714,-0.01018402,-0.00747921,-0.00766589
2008-03-18,0.02148369,0.01847791,0.02257958,0.02205980,0.01343373,0.01847791,-0.01383064
2008-03-19,-0.01130497,-0.01600417,-0.02352062,-0.02318128,-0.01810967,-0.01600417,-0.03789202
2008-03-20,0.01179593,0.00538001,0.00088513,0.00080020,-0.00157504,0.00538001,-0.03543392
2008-03-24,0.00466985,0.00685003,0.01139277,0.01103441,0.00528366,0.00685003,0.00650272
2008-03-25,0.00198243,0.00471699,0.00556621,0.00559238,0.00612373,0.00471699,0.02390973
2008-03-26,-0.00704848,-0.00293048,0.00041799,0.00044261,0.00149861,-0.00293048,0.01656023
2008-03-27,-0.00241399,-0.00172943,-0.00020238,-0.00022444,-0.00033331,-0.00172943,0.00042753
2008-03-28,-0.00412470,-0.00420363,-0.00634756,-0.00626513,-0.00524116,-0.00420363,-0.01880513
2008-03-31,0.00278792,0.00085619,-0.00160982,-0.00160884,-0.00207886,0.00085619,-0.01822440
2008-04-01,0.01759416,0.01169061,0.01217518,0.00858584,0.00587676,0.01169061,-0.01739171
2008-04-02,-0.00088780,0.00233951,0.00592149,0.00612910,0.00588666,0.00233951,0.02910947
2008-04-03,0.00152050,0.00229437,0.00328948,0.00289328,0.00250856,0.00229437,0.00418866
2008-04-04,0.00229575,0.00253733,0.00216157,0.00274409,0.00319210,0.00253733,0.00780563
2008-04-07,-0.00226151,0.00163825,0.00443576,0.00386921,0.00319972,0.00163825,0.01058543
2008-04-08,-0.00058200,-0.00086392,-0.00087217,-0.00100550,-0.00115141,-0.00086392,-0.00036762
2008-04-09,-0.00210035,-0.00136555,-0.00058403,0.00077772,0.00166785,-0.00136555,0.01831599
2008-04-10,-0.00070046,0.00062071,0.00115577,0.00043162,-0.00011529,0.00062071,-0.00484077
2008-04-11,-0.01014573,-0.00840567,-0.00871262,-0.00745049,-0.00647705,-0.00840567,-0.00433370
2008-04-14,-0.00303842,-0.00157313,-0.00061134,-0.00071747,-0.00091551,-0.00157313,0.00387044
2008-04-15,-0.00038526,0.00165243,0.00390187,0.00335116,0.00271948,0.00165243,0.01004849
2008-04-16,0.01372771,0.01237940,0.01413021,0.01248769,0.01111680,0.01237940,0.01221123
2008-04-17,-0.00000953,-0.00153885,-0.00240801,-0.00253400,-0.00256371,-0.00153885,-0.00560938
2008-04-18,0.00601779,0.00462277,0.00497707,0.00357488,0.00245698,0.00462277,-0.00660249
2008-04-21,0.00035538,0.00049315,0.00087609,0.00063719,0.00041964,0.00049315,-0.00046832
2008-04-22,-0.00241599,-0.00177488,-0.00128037,-0.00092129,-0.00073852,-0.00177488,0.00423124
2008-04-23,-0.00136850,-0.00010423,-0.00037083,-0.00098785,-0.00136823,-0.00010423,-0.01015557
2008-04-24,-0.00033025,-0.00404628,-0.00601733,-0.00654170,-0.00676207,-0.00404628,-0.01858609
2008-04-25,0.00520461,0.00518251,0.00705627,0.00627999,0.00544168,0.00518251,0.01261632
2008-04-28,0.00081934,0.00128768,0.00122283,0.00136735,0.00147532,0.00128768,0.00311175
2008-04-29,-0.00175962,-0.00539799,-0.00890414,-0.00848234,-0.00781217,-0.00539799,-0.02327625
2008-04-30,-0.00245020,0.00140820,0.00242289,0.00245871,0.00248001,0.00140820,0.00187637
2008-05-01,0.01235789,0.00769776,-0.00681804,-0.00237315,0.00356992,0.00769776,-0.02336068
2008-05-02,-0.00152799,0.00031558,0.00295065,0.00161192,0.00260845,0.00031558,0.02536871
2008-05-05,-0.00234120,0.00054717,0.00730643,0.00502713,0.00287478,0.00054717,0.02079729
2008-05-06,0.00400101,0.00351099,0.00265694,0.00261653,0.00413823,0.00351099,0.01314864
2008-05-07,-0.00928869,-0.00853465,-0.00210831,-0.00414698,-0.00792747,-0.00853465,0.00178279
2008-05-08,0.00099938,0.00350802,0.00817773,0.00668129,0.00519205,0.00350802,0.01626078
2008-05-09,-0.00067541,0.00008911,0.00363289,0.00219973,0.00122893,0.00008911,0.01549899
2008-05-12,0.00607426,0.00342270,-0.00325814,-0.00094611,0.00155102,0.00342270,-0.01698685
2008-05-13,-0.00321300,-0.00258492,-0.00593895,-0.00527454,-0.00264526,-0.00258492,0.00550938
2008-05-14,0.00111646,-0.00016504,-0.00266878,-0.00157283,-0.00115914,-0.00016504,-0.01618922
2008-05-15,0.00977106,0.01018606,0.00993073,0.00998050,0.01078978,0.01018606,0.01139423
2008-05-16,-0.00010895,0.00330642,0.00697688,0.00580580,0.00535772,0.00330642,0.01451690
2008-05-19,0.00254886,0.00232162,0.00246831,0.00239929,0.00232064,0.00232162,0.00147924
2008-05-20,-0.00374492,-0.00225797,0.00654548,0.00370827,-0.00009475,-0.00225797,0.01379668
2008-05-21,-0.01118275,-0.00553682,0.00513657,0.00143195,-0.00171436,-0.00553682,0.02916238
2008-05-22,-0.00251127,-0.00307654,-0.00717484,-0.00573996,-0.00412554,-0.00307654,-0.01440349
2008-05-23,-0.00634838,-0.00551876,0.00086044,-0.00099412,-0.00454915,-0.00551876,0.00191706
2008-05-27,0.00250289,-0.00165000,-0.00873678,-0.00654088,-0.00404806,-0.00165000,-0.01602250
2008-05-28,-0.00019303,0.00138916,-0.00207560,-0.00122934,0.00150803,0.00138916,0.00631832
2008-05-29,0.00119514,-0.00245670,-0.01156956,-0.00856216,-0.00539072,-0.00245670,-0.02728776
2008-05-30,0.00282640,0.00316480,0.00498004,0.00440486,0.00375418,0.00316480,0.00670534
2008-06-02,-0.00382530,-0.00298393,0.00352497,0.00287964,-0.00210027,-0.00298393,0.01331544
2008-06-03,-0.00135321,-0.00423743,-0.00578585,-0.00077899,-0.00383620,-0.00423743,-0.02360547
2008-06-04,-0.00177914,-0.00320680,-0.00472831,-0.00277760,-0.00302570,-0.00320680,-0.01495550
2008-06-05,0.00975175,0.01070934,0.00567514,-0.00093547,0.00786818,0.01070934,0.03795336
2008-06-06,-0.01565829,-0.00947204,0.01090892,0.00740638,-0.00564217,-0.00947204,0.02559942
2008-06-09,-0.00150465,-0.00125622,-0.00280864,-0.00577415,-0.00250096,-0.00125622,0.01022122
2008-06-10,-0.00537534,-0.00726550,-0.00878345,-0.00914873,-0.00832973,-0.00726550,-0.00400019
2008-06-11,-0.00829997,-0.00331128,0.00840804,0.00250052,-0.00218831,-0.00331128,0.03685307
2008-06-12,-0.00135162,-0.00190467,-0.00667304,-0.00771789,-0.00334411,-0.00190467,-0.00022721
2008-06-13,0.00653911,0.00503255,0.00061898,0.00095042,0.00439979,0.00503255,-0.00638247
2008-06-16,0.00039707,-0.00009152,0.00254628,0.00300372,0.00086856,-0.00009152,-0.00091764
2008-06-17,-0.00152284,0.00057859,0.00297076,0.00179993,0.00081624,0.00057859,0.01010054
2008-06-18,-0.00356777,-0.00057248,0.00590771,0.00432366,0.00054013,-0.00057248,0.01363672
2008-06-19,-0.00161597,-0.00307229,-0.00608854,-0.00278678,-0.00249649,-0.00307229,-0.02331827
2008-06-20,-0.00771173,-0.00703353,0.00209678,0.00182482,-0.00544661,-0.00703353,0.00688723
2008-06-23,-0.00076979,-0.00125066,-0.00342250,-0.00450109,-0.00253313,-0.00125066,0.00706749
2008-06-24,0.00103653,0.00040035,0.00280638,0.00359363,0.00100484,0.00040035,0.00022577
2008-06-25,0.00271584,0.00357398,0.00005528,0.00050019,0.00322461,0.00357398,-0.00384537
2008-06-26,-0.01358535,-0.00763109,0.01267772,0.00767497,-0.00412697,-0.00763109,0.03317217
2008-06-27,-0.00108025,0.00101281,0.00369220,0.00413458,0.00198575,0.00101281,0.00263970
2008-06-30,0.00231956,0.00088301,-0.00255193,0.00049878,0.00110672,0.00088301,-0.01776778
2008-07-01,0.00077700,0.00011364,0.00534417,0.00189051,0.00156736,0.00011364,0.01764379
2008-07-02,-0.00934882,-0.00672872,0.00417409,0.00094431,-0.00195389,-0.00672872,0.01909118
2008-07-03,0.00075280,-0.00037862,-0.00169628,-0.00188180,-0.00124498,-0.00037862,-0.00043205
2008-07-07,-0.00421081,-0.00382837,-0.00429407,-0.00087656,-0.00306849,-0.00382837,-0.01357028
2008-07-08,0.01154910,0.00553915,-0.00460742,0.00196137,0.00178767,0.00553915,-0.03625405
2008-07-09,-0.00957566,-0.00719978,0.00142657,0.00206490,-0.00233022,-0.00719978,-0.00067792
2008-07-10,0.00255345,0.00587313,0.00903623,0.00513308,0.00679049,0.00587313,0.02720883
2008-07-11,-0.01071231,-0.00599800,0.00082332,-0.00266371,-0.00306088,-0.00599800,0.01390845
2008-07-14,-0.00316480,-0.00129227,0.00334913,0.00379701,0.00153740,-0.00129227,0.00043424
2008-07-15,-0.00679617,-0.00855820,-0.00594977,0.00060908,-0.00518022,-0.00855820,-0.03177172
2008-07-16,0.01052473,0.00703730,-0.00618283,-0.00576987,0.00000300,0.00703730,-0.01528507
2008-07-17,0.00396892,0.00127916,-0.00531545,-0.00246527,-0.00161430,0.00127916,-0.02351112
2008-07-18,0.00232075,0.00102917,-0.00269449,-0.00125319,-0.00097303,0.00102917,-0.01706440
2008-07-21,0.00125488,0.00354179,0.00441927,0.00306236,0.00380146,0.00354179,0.01212902
2008-07-22,0.00539186,0.00108100,-0.00801491,-0.00520536,-0.00332685,0.00108100,-0.02185009
2008-07-23,0.00260895,-0.00137255,-0.01017046,-0.00616686,-0.00512535,-0.00137255,-0.02258061
2008-07-24,-0.00907225,-0.00777828,0.00287245,0.00387267,-0.00212858,-0.00777828,0.00073523
2008-07-25,-0.00249469,-0.00140729,-0.00345108,-0.00247608,-0.00206804,-0.00140729,-0.01252224
2008-07-28,-0.00643592,-0.00497109,0.00214858,0.00192094,-0.00121103,-0.00497109,0.00497202
2008-07-29,0.01146944,0.01043332,-0.00414794,-0.00213447,0.00368816,0.01043332,-0.01138144
2008-07-30,0.01142742,0.00623612,0.00349060,0.00083133,0.00339157,0.00623612,0.01977390
2008-07-31,-0.00476740,-0.00451389,0.00110774,0.00373027,-0.00097969,-0.00451389,-0.00834601
2008-08-01,-0.00296982,-0.00351129,-0.00253422,-0.00160632,-0.00206079,-0.00351129,-0.01113741
2008-08-04,-0.00582484,-0.00971919,-0.01015840,-0.00589014,-0.00732872,-0.00971919,-0.03304271
2008-08-05,0.01402194,0.00833279,-0.00472539,-0.00266264,-0.00154592,0.00833279,-0.00698864
2008-08-06,0.00281849,0.00260112,-0.00080819,0.00170242,0.00154763,0.00260112,-0.01068984
2008-08-07,-0.00531563,-0.00602396,0.00204094,0.00093775,-0.00003907,-0.00602396,0.00553406
2008-08-08,0.01095428,0.00452486,-0.00623099,-0.00136805,-0.00147779,0.00452486,-0.02803753
2008-08-11,0.00432675,-0.00113247,-0.00973604,-0.00825238,-0.00758528,-0.00113247,-0.00107870
2008-08-12,-0.00359744,-0.00298045,-0.00132978,0.00022500,-0.00052305,-0.00298045,-0.00863892
2008-08-13,-0.00448926,-0.00043035,0.00628378,0.00093984,0.00170085,-0.00043035,0.03348947
2008-08-14,0.00575971,0.00332140,-0.00375091,-0.00148686,-0.00111981,0.00332140,-0.00869452
2008-08-15,0.00441079,-0.00004301,-0.00402375,-0.00145069,-0.00184758,-0.00004301,-0.01355368
2008-08-18,-0.00727521,-0.00521173,0.00249093,0.00107636,0.00036978,-0.00521173,0.00565780
2008-08-19,-0.00712367,-0.00323571,0.00452248,0.00123644,0.00115308,-0.00323571,0.01553901
2008-08-20,0.00395063,0.00513289,0.00228834,0.00213461,0.00276057,0.00513289,0.00791050
2008-08-21,0.00017625,0.00317868,0.01158406,0.00460002,0.00558388,0.00317868,0.04292102
2008-08-22,0.00749839,0.00120870,-0.00805113,-0.00255921,-0.00304785,0.00120870,-0.03387643
2008-08-25,-0.00959596,-0.00719372,-0.00104721,-0.00055352,-0.00164849,-0.00719372,-0.00571402
2008-08-26,0.00187259,0.00096566,0.00095403,0.00114591,0.00110649,0.00096566,0.00052415
2008-08-27,0.00639742,0.00658177,0.00362170,0.00306140,0.00375582,0.00658177,0.00939845
2008-08-28,0.00668461,0.00410397,-0.00071863,0.00233653,0.00201186,0.00410397,-0.01965988
2008-08-29,-0.00696643,-0.00571791,-0.00361152,-0.00357549,-0.00391623,-0.00571791,-0.00369318
2008-09-02,-0.00155026,-0.00663544,-0.00988008,-0.00738802,-0.00530124,-0.00663544,-0.02595448
2008-09-03,0.00047629,-0.00151574,-0.00158627,-0.00174853,-0.00038478,-0.00151574,-0.00570684
2008-09-04,-0.01593297,-0.01434544,-0.00574813,-0.01420412,-0.00462092,-0.01434544,-0.01421921
2008-09-05,0.00093497,0.00165621,0.00003000,0.00253466,0.00105064,0.00165621,-0.00998837
2008-09-08,0.01221386,0.00822619,0.00235199,0.00803177,0.00323237,0.00822619,-0.00224203
2008-09-09,-0.01578660,-0.01743855,-0.01287882,-0.01734745,-0.00903900,-0.01743855,-0.03650645
2008-09-10,0.00132321,0.00025756,-0.00587079,-0.00061044,-0.00527657,0.00025756,0.00145676
2008-09-11,0.00776370,0.00210617,-0.00274508,0.00147948,-0.00158521,0.00210617,-0.00843759
2008-09-12,0.00068945,0.00487696,0.00510191,0.00616265,0.00422156,0.00487696,0.00674968
2008-09-15,-0.02043744,-0.02306422,-0.00254775,-0.02206790,0.00301170,-0.02306422,-0.03935786
2008-09-16,0.00845303,0.00146614,-0.00721996,0.00121151,-0.00227404,0.00146614,-0.02033568
2008-09-17,-0.02239185,-0.01811093,0.02156688,-0.01645641,0.01531054,-0.01811093,0.03005174
2008-09-18,0.01179026,0.01881432,-0.00559325,0.01928849,-0.00523689,0.01881432,0.00180311
2008-09-19,0.01544857,0.02483313,0.01502273,0.02682485,0.00839978,0.02483313,0.03302518
2008-09-22,-0.01427643,-0.01106295,0.01101359,-0.01126144,0.00257481,-0.01106295,0.03458113
2008-09-23,-0.01335864,-0.01301953,-0.00832745,-0.01316750,-0.00652029,-0.01301953,-0.00983115
2008-09-24,0.00294540,0.00185876,-0.00553696,0.00141082,-0.00272026,0.00185876,-0.00822796
2008-09-25,0.00783214,0.00737403,0.00158908,0.00672839,0.00104135,0.00737403,0.01744817
2008-09-26,0.00001287,-0.00407459,-0.00178846,-0.00406431,-0.00069161,-0.00407459,-0.01180532
2008-09-29,-0.04019309,-0.04277378,-0.00931849,-0.04052114,-0.00274396,-0.04277378,-0.06202189
2008-09-30,0.01754303,0.01751656,-0.00901830,0.01518829,-0.00969958,0.01751656,0.02790684
2008-10-01,0.00317055,0.00752909,0.00519423,0.00555490,0.00631657,0.00752909,0.00354653
2008-10-02,-0.01945936,-0.02763319,-0.02125336,-0.03130962,-0.01543994,-0.02763319,-0.02277996
2008-10-03,-0.00638129,-0.00735622,-0.00298554,-0.00799878,-0.00101979,-0.00735622,-0.00025524
2008-10-06,-0.02637516,-0.02705104,-0.00759223,-0.02494977,-0.00387114,-0.02705104,0.00615097
2008-10-07,-0.02582600,-0.02179336,0.00149048,-0.01492368,-0.00152205,-0.02179336,0.01569488
2008-10-08,-0.01970666,-0.01567880,-0.00685332,-0.01147130,-0.00724147,-0.01567880,0.00629492
2008-10-09,-0.04323264,-0.03608603,-0.01533497,-0.03108429,-0.01437431,-0.03608603,-0.00829880
2008-10-10,-0.01848587,-0.02445848,-0.03437085,-0.02941745,-0.02694327,-0.02445848,-0.04264555
2008-10-13,0.07471736,0.07513434,0.01653158,0.06113231,0.01556859,0.07513434,-0.00232023
2008-10-14,-0.01047605,-0.00972646,0.00212697,-0.00604398,-0.00125463,-0.00972646,-0.00353992
2008-10-15,-0.05249931,-0.05088971,-0.01236533,-0.04376533,-0.01119936,-0.05088971,0.00337228
2008-10-16,0.02266329,0.00918003,-0.01267903,0.00046072,-0.00629860,0.00918003,-0.02230965
2008-10-17,-0.00047172,-0.00524087,-0.00527589,-0.00658483,-0.00426213,-0.00524087,-0.00625505
2008-10-20,0.03341826,0.03015231,0.01622788,0.02794664,0.01440557,0.03015231,0.00966760
2008-10-21,-0.01218104,-0.01753133,-0.01189947,-0.02053922,-0.00773430,-0.01753133,-0.01218388
2008-10-22,-0.02667378,-0.02961964,-0.01941506,-0.03105103,-0.01577310,-0.02961964,-0.02447227
2008-10-23,0.00683928,0.00682316,-0.00283784,0.00331550,-0.00100780,0.00682316,-0.00444653
2008-10-24,-0.02930419,-0.02996912,-0.01389475,-0.02944407,-0.01048270,-0.02996912,0.00122909
2008-10-27,-0.01899068,-0.01926338,-0.00923585,-0.01692045,-0.00695860,-0.01926338,-0.00131475
2008-10-28,0.05672234,0.05453143,0.01488848,0.04727612,0.01620250,0.05453143,0.00773484
2008-10-29,-0.00331201,-0.00023976,0.01114993,0.00511336,0.00291252,-0.00023976,0.00889143
2008-10-30,0.01540821,0.01919143,-0.00689025,0.01170174,-0.00153493,0.01919143,-0.01565241
2008-10-31,0.00215415,-0.00024594,-0.00358516,-0.00130829,-0.00388324,-0.00024594,-0.00690640
2008-11-03,0.00235339,0.00098872,0.00067215,0.00056536,0.00065780,0.00098872,0.00114150
2008-11-04,0.02518486,0.03118959,0.02870547,0.02871496,0.02804079,0.03118959,0.01071936
2008-11-05,-0.02335679,-0.03036914,-0.01325338,-0.01327937,-0.01728597,-0.03036914,0.00477391
2008-11-06,-0.03413692,-0.02752438,-0.01490562,-0.01492280,-0.01601985,-0.02752438,-0.00253864
2008-11-07,0.01766922,0.01879301,0.00292775,0.00294671,0.00707065,0.01879301,-0.00321183
2008-11-10,-0.00731013,-0.00204872,0.00372179,0.00371774,0.00210729,-0.00204872,0.00088240
2008-11-11,-0.01655652,-0.01773559,-0.00888484,-0.00889818,-0.01037402,-0.01773559,0.00331989
2008-11-12,-0.02280712,-0.02438057,-0.01339627,-0.01341322,-0.01430599,-0.02438057,0.00553562
2008-11-13,0.03207189,0.03243077,0.01134308,0.01137078,0.01631006,0.03243077,-0.00647869
2008-11-14,-0.02488936,-0.02389724,0.00114194,0.00111185,-0.00483547,-0.02389724,0.00882986
2008-11-17,-0.00569168,-0.00785155,-0.00604243,-0.00604753,-0.00472851,-0.00785155,0.00382527
2008-11-18,0.01398957,0.00331701,-0.00338619,-0.00338531,0.00037235,0.00331701,0.00682058
2008-11-19,-0.03152184,-0.03011331,-0.00812174,-0.00814862,-0.01146815,-0.03011331,0.00962122
2008-11-20,-0.03139888,-0.02948237,-0.01131298,-0.01134172,-0.00993889,-0.02948237,0.01810198
2008-11-21,0.02376933,0.03067590,0.01847992,0.01849843,0.02058447,0.03067590,-0.00825593
2008-11-24,0.03289657,0.02845955,0.01438163,0.01440194,0.01451543,0.02845955,-0.00837775
2008-11-25,0.01174078,0.00571100,0.00361800,0.00361380,0.00596353,0.00571100,0.01540465
2008-11-26,0.02411909,0.02472560,0.00968679,0.00970598,0.01216258,0.02472560,0.00551015
2008-11-28,0.00795514,0.00044634,-0.00431577,-0.00431681,-0.00143018,0.00044634,0.00150042
2008-12-01,-0.04775247,-0.04264113,-0.01884037,-0.01293509,-0.02731372,-0.04264113,0.01347961
2008-12-02,0.02433414,0.02265863,0.01067912,0.01040963,0.01601309,0.02265863,0.00524614
2008-12-03,0.01465032,0.00891294,0.00219213,0.00224758,0.00478138,0.00891294,0.00156468
2008-12-04,-0.01101475,-0.01368825,-0.00885168,-0.00117247,-0.00887875,-0.01368825,0.00625210
2008-12-05,0.01346360,0.01123277,-0.00641701,-0.00513767,0.00199594,0.01123277,-0.01056129
2008-12-08,0.01906703,0.02112922,0.01060657,0.00522703,0.01390230,0.02112922,-0.00376870
2008-12-09,-0.00647441,-0.00646427,-0.00198102,0.00257414,-0.00245567,-0.00646427,0.00850966
2008-12-10,0.00366403,0.01139863,0.01165012,0.00851774,0.01169320,0.01139863,-0.00093736
2008-12-11,-0.01189018,-0.00779789,0.00757060,0.00383684,-0.00018811,-0.00779789,0.00604664
2008-12-12,0.00817447,0.00857924,0.00480968,0.00271764,0.00565294,0.00857924,0.00279938
2008-12-15,-0.00733457,-0.00665490,-0.00212217,0.00297153,-0.00242668,-0.00665490,0.00217052
2008-12-16,0.03416297,0.03384602,0.02280150,0.01998488,0.02719697,0.03384602,0.01588011
2008-12-17,-0.00298536,-0.00017281,0.00661850,0.00629620,0.00324134,-0.00017281,0.00680206
2008-12-18,-0.00824300,-0.00264326,-0.00236861,-0.00202527,-0.00309607,-0.00264326,0.00675459
2008-12-19,-0.00388408,-0.00453762,-0.00961915,-0.00682737,-0.00644620,-0.00453762,-0.00330398
2008-12-22,-0.00856067,-0.00510083,0.00064384,0.00046796,-0.00265513,-0.00510083,-0.00261250
2008-12-23,-0.00621415,-0.00333343,-0.00250248,-0.00350717,-0.00333587,-0.00333343,-0.00050349
2008-12-24,0.00293060,0.00050690,-0.00038387,0.00200772,0.00098500,0.00050690,-0.00100900
2008-12-26,0.00559250,0.00716249,0.01030275,0.00852201,0.00807240,0.00716249,0.00534869
2008-12-29,-0.00073739,0.00095726,0.00283194,0.00221331,0.00177309,0.00095726,0.00220477
2008-12-30,0.01431082,0.01067320,-0.00111686,0.00066984,0.00445760,0.01067320,0.00140764
2008-12-31,0.00374636,0.00635739,0.00770661,-0.00126254,0.00440839,0.00635739,-0.01103998
2009-01-02,0.01235619,0.01206509,-0.00611574,-0.00581988,0.00480231,0.01206509,-0.01431128
2009-01-05,-0.00140464,0.00461259,-0.00533798,-0.00525872,0.00051873,0.00461259,-0.00175022
2009-01-06,0.00383684,0.00752913,0.00270415,0.00280332,0.00762158,0.00752913,-0.00061908
2009-01-07,-0.01826471,-0.02238875,-0.00823329,-0.00840000,-0.01861717,-0.02238875,0.00020649
2009-01-08,0.00352846,0.00166185,0.00627779,0.00627233,0.00447391,0.00166185,0.00268379
2009-01-09,-0.01114048,-0.00753119,-0.00038331,-0.00041472,-0.00396514,-0.00753119,0.00463027
2009-01-12,-0.01188802,-0.01716814,-0.00652354,-0.00668277,-0.01539751,-0.01716814,0.00624848
2009-01-13,0.00138026,0.00167049,0.00096809,0.00099941,0.00217215,0.00167049,0.00071362
2009-01-14,-0.01634009,-0.01673946,-0.00293877,-0.00303020,-0.01090076,-0.01673946,0.00559467
2009-01-15,-0.00013069,0.00090259,0.00110885,0.00110813,0.00121736,0.00090259,-0.00080957
2009-01-16,0.00072127,0.00349251,0.00145368,0.00150726,0.00401925,0.00349251,-0.00921257
2009-01-20,-0.03163807,-0.02791025,-0.00183047,-0.00195562,-0.01494293,-0.02791025,-0.00153408
2009-01-21,0.02102868,0.01624476,-0.00228411,-0.00223728,0.00578359,0.01624476,-0.00890300
2009-01-22,-0.01180960,-0.01066871,-0.00323328,-0.00324494,-0.00628315,-0.01066871,-0.00660947
2009-01-23,0.00263116,0.00594862,0.01019622,0.01028805,0.01181450,0.00594862,0.00020797
2009-01-26,0.00298517,0.00320807,0.00014337,0.00015918,0.00177629,0.00320807,-0.00249355
2009-01-27,0.00867765,0.00643923,0.00333906,0.00328102,0.00269401,0.00643923,0.00656369
2009-01-28,0.01728967,0.01895038,-0.00191875,-0.00177213,0.00996725,0.01895038,-0.00641812
2009-01-29,-0.02467989,-0.02167148,-0.00458775,-0.00461852,-0.01145589,-0.02167148,-0.01302259
2009-01-30,-0.01225076,-0.00623057,0.00273639,0.00272314,-0.00052409,-0.00623057,-0.00042235
2009-02-02,0.00142983,-0.00428573,-0.00161570,-0.00193077,-0.00351519,-0.00428573,0.00811537
2009-02-03,0.00492237,0.00488871,-0.00381763,-0.00372624,-0.00254463,0.00488871,-0.00861413
2009-02-04,-0.00497131,-0.00173979,-0.00133782,-0.00123619,-0.00079421,-0.00173979,-0.00508592
2009-02-05,0.00990016,0.00871335,0.00445824,0.00459678,0.00557774,0.00871335,0.00234350
2009-02-06,0.01487572,0.01605885,-0.00062327,-0.00025250,0.00275439,0.01605885,-0.00605621
2009-02-09,0.00006208,-0.00017864,-0.00230478,-0.00220753,-0.00166740,-0.00017864,-0.00203157
2009-02-10,-0.02300057,-0.01975172,0.00574019,0.00526333,0.00102139,-0.01975172,0.01338875
2009-02-11,0.00662324,0.00753635,0.00831771,0.00813345,0.00741585,0.00753635,0.00771657
2009-02-12,0.00030492,-0.00041824,0.00148103,0.00144648,0.00111974,-0.00041824,-0.00031467
2009-02-13,-0.00960346,-0.00620077,-0.00624693,-0.00628129,-0.00635591,-0.00620077,-0.00786921
2009-02-17,-0.01890747,-0.02073634,0.01022926,0.00932578,0.00291741,-0.02073634,0.01681504
2009-02-18,-0.00442476,-0.00378130,-0.00095611,-0.00096923,-0.00125887,-0.00378130,-0.00728095
2009-02-19,-0.00860195,-0.00520089,-0.00624798,-0.00600560,-0.00492046,-0.00520089,-0.00555223
2009-02-20,-0.00450335,-0.00575326,0.00513268,0.00492774,0.00314520,-0.00575326,0.00284455
2009-02-23,-0.02041964,-0.01727695,-0.00316383,-0.00340285,-0.00545949,-0.01727695,0.00094550
2009-02-24,0.02009364,0.01696445,-0.00578338,-0.00547370,-0.00229831,0.01696445,-0.00377841
2009-02-25,-0.00836763,-0.00787874,-0.00892783,-0.00876507,-0.00802843,-0.00787874,-0.00905991
2009-02-26,-0.01054331,-0.00838832,-0.00364159,-0.00358884,-0.00368946,-0.00838832,-0.00255161
2009-02-27,-0.01331096,-0.01187050,-0.00390043,-0.00411015,-0.00557844,-0.01187050,-0.00085218
2009-03-02,-0.02302748,-0.02450753,-0.00295124,-0.00365018,-0.01303742,-0.02450753,0.01002685
2009-03-03,-0.00492845,-0.00144637,-0.00348585,-0.00340343,-0.00223588,-0.00144637,-0.00127062
2009-03-04,0.01174500,0.01463709,-0.00254470,-0.00205525,0.00526207,0.01463709,-0.00509053
2009-03-05,-0.01939083,-0.01832006,0.00884202,0.00829331,-0.00066401,-0.01832006,0.01172396
2009-03-06,-0.00098592,0.00160494,-0.00205241,-0.00184599,0.00057026,0.00160494,-0.00474052
2009-03-09,-0.00664402,-0.00782688,-0.00500878,-0.00512079,-0.00653872,-0.00782688,0.00042437
2009-03-10,0.03133938,0.02915443,-0.00374310,-0.00322630,0.00667951,0.02915443,-0.00730148
2009-03-11,0.00676829,0.00486294,0.00676177,0.00650947,0.00408579,0.00486294,0.00714152
2009-03-12,0.02451721,0.02402065,0.01072282,0.01125086,0.01766404,0.02402065,0.00285757
2009-03-13,0.00440906,0.00301754,0.00082406,0.00080760,0.00106361,0.00301754,-0.00073880
2009-03-16,-0.00408470,-0.00107236,-0.00409633,-0.00385020,-0.00141509,-0.00107236,-0.00570306
2009-03-17,0.01772981,0.01270688,0.00062389,0.00091059,0.00530752,0.01270688,-0.00191140
2009-03-18,0.02699158,0.02485027,0.02811989,0.02799454,0.02628256,0.02485027,0.03426247
2009-03-19,-0.00887321,-0.00493086,0.00017384,0.00029946,0.00038389,-0.00493086,-0.00339540
2009-03-20,-0.01292626,-0.00910887,-0.00423816,-0.00424155,-0.00510738,-0.00910887,0.00000000
2009-03-23,0.04188919,0.03652556,0.00259814,0.00324775,0.01461148,0.03652556,-0.00340542
2009-03-24,-0.01275500,-0.01193882,-0.00461500,-0.00476746,-0.00744397,-0.01193882,-0.00145051
2009-03-25,0.00416885,0.00420688,0.00048825,0.00051260,0.00143439,0.00420688,-0.00601686
2009-03-26,0.01360785,0.01392670,0.00438431,0.00468594,0.00874773,0.01392670,0.00260898
2009-03-27,-0.01147959,-0.01271455,-0.00508863,-0.00533909,-0.00873493,-0.01271455,-0.00062446
2009-03-30,-0.01975849,-0.02389573,-0.00315755,-0.00378741,-0.01236683,-0.02389573,0.00427114
2009-03-31,0.00633635,0.00771555,0.00181851,0.00190161,0.00367520,0.00771555,0.00176263
2009-04-01,0.01259460,0.01132177,0.00507540,0.00564249,0.00937093,0.01132177,0.00245188
2009-04-02,0.01507575,0.01818347,-0.00558899,-0.00257619,0.01392017,0.01818347,-0.00652494
2009-04-03,0.00164866,0.00332713,-0.00733669,-0.00583244,0.00193607,0.00332713,-0.01146681
2009-04-06,-0.00572456,-0.00694702,-0.00716488,-0.00729794,-0.00773740,-0.00694702,-0.00232059
2009-04-07,-0.01339942,-0.01154457,0.00181607,0.00016712,-0.00870137,-0.01154457,0.00253730
2009-04-08,0.00850653,0.00834059,0.00361610,0.00413570,0.00707910,0.00834059,0.00495480
2009-04-09,0.02201509,0.02061810,0.00044677,0.00276443,0.01569494,0.02061810,-0.00587575
2009-04-13,0.00237895,0.00335754,0.00672933,0.00638773,0.00446341,0.00335754,0.00591048
2009-04-14,-0.00875130,-0.00843962,-0.00071953,-0.00187048,-0.00765739,-0.00843962,0.00514167
2009-04-15,0.00692613,0.00625329,0.00190468,0.00224287,0.00453202,0.00625329,0.00093899
2009-04-16,0.00754150,0.00563363,-0.00422606,-0.00328648,0.00226327,0.00563363,-0.00396244
2009-04-17,0.00112202,0.00086195,-0.00534661,-0.00478828,-0.00158801,0.00086195,-0.00806263
2009-04-20,-0.02360599,-0.02363446,0.00250734,-0.00086389,-0.01863067,-0.02363446,0.00696767
2009-04-21,0.01049191,0.00944720,-0.00017893,0.00087658,0.00691918,0.00944720,-0.00387959
2009-04-22,-0.00470679,-0.00269078,-0.00030257,-0.00040863,-0.00142890,-0.00269078,-0.00241908
2009-04-23,0.00599032,0.00666762,0.00472181,0.00519947,0.00739564,0.00666762,-0.00021086
2009-04-24,0.00789805,0.00949628,0.00215519,0.00325912,0.00883003,0.00949628,-0.00390497
2009-04-27,-0.00436594,-0.00844479,-0.00071792,-0.00205299,-0.00872176,-0.00844479,0.00413201
2009-04-28,-0.00379141,-0.00340228,-0.00526205,-0.00504432,-0.00383874,-0.00340228,-0.00485303
2009-04-29,0.01119546,0.01512501,0.00075312,0.00273040,0.01333830,0.01512501,-0.00540643
2009-04-30,-0.00041728,0.00094314,-0.00356267,-0.00303505,-0.00008122,0.00094314,-0.00170436
2009-05-01,0.00192712,0.00322042,-0.00256557,-0.00039505,0.00394924,0.00322042,-0.00320909
2009-05-04,0.02086694,0.02090464,0.00773099,0.01185468,0.02003867,0.02090464,0.00096663
2009-05-05,-0.00216343,-0.00229841,-0.00127512,-0.00195423,-0.00325900,-0.00229841,-0.00021389
2009-05-06,0.01072546,0.01113210,0.00529239,0.00754030,0.01177495,0.01113210,0.00042947
2009-05-07,-0.01175583,-0.01113192,-0.00530349,-0.00635992,-0.00853918,-0.01113192,-0.00837018
2009-05-08,0.01473523,0.01545422,0.00424968,0.00776802,0.01453461,0.01545422,0.00119089
2009-05-11,-0.00794227,-0.00783000,0.00198865,-0.00110170,-0.00698228,-0.00783000,0.00940166
2009-05-12,-0.00205534,0.00121508,0.00213699,0.00244398,0.00294292,0.00121508,-0.00064175
2009-05-13,-0.01354832,-0.01335074,0.00022534,-0.00382689,-0.01165813,-0.01335074,0.00460666
2009-05-14,0.00520497,0.00405091,0.00135660,0.00238344,0.00440843,0.00405091,0.00010627
2009-05-15,-0.00590391,-0.00673445,-0.00053364,-0.00259098,-0.00654449,-0.00673445,-0.00245191
2009-05-18,0.01479890,0.01701329,-0.00239488,0.00367542,0.01556311,0.01701329,-0.00587934
2009-05-19,-0.00128026,0.00151347,0.00078195,0.00125655,0.00213549,0.00151347,-0.00139776
2009-05-20,-0.00287716,0.00194116,0.00401935,0.00408011,0.00404607,0.00194116,0.00312295
2009-05-21,-0.01302817,-0.01095550,-0.00358250,-0.00535740,-0.00886770,-0.01095550,-0.01094898
2009-05-22,-0.00359190,0.00072665,-0.00189589,-0.00037555,0.00238610,0.00072665,-0.00586116
2009-05-26,0.01299268,0.00805682,-0.00160652,0.00088725,0.00571683,0.00805682,-0.00665886
2009-05-27,-0.01534786,-0.01010126,-0.00770241,-0.00751852,-0.00734469,-0.01010126,-0.01131961
2009-05-28,0.01058404,0.01130889,0.00557796,0.00746723,0.01112116,0.01130889,0.00522448
2009-05-29,0.01524619,0.01409642,0.01251372,0.01316260,0.01433439,0.01409642,0.01127951
2009-06-01,0.00798836,0.01166103,-0.00682655,0.01182944,0.00516448,0.01166103,-0.01588159
2009-06-02,0.00182008,0.00021746,0.00361111,0.00071541,0.00179865,0.00021746,0.00347569
2009-06-03,-0.00531603,-0.00987076,-0.00261885,-0.01241200,-0.00905013,-0.00987076,0.00504249
2009-06-04,0.00109524,0.00486020,-0.00146097,0.00733211,0.00432803,0.00486020,-0.01037438
2009-06-05,-0.00375430,-0.00359877,-0.01010094,-0.00422378,-0.00634496,-0.00359877,-0.01060749
2009-06-08,-0.00449496,-0.00446620,-0.00336466,-0.00435992,-0.00398737,-0.00446620,-0.00494014
2009-06-09,0.00479267,0.00419278,0.00365914,0.00449859,0.00423768,0.00419278,0.00425422
2009-06-10,-0.00387278,-0.00111299,-0.00277808,-0.00028860,-0.00116582,-0.00111299,-0.00573309
2009-06-11,0.00536502,0.00608022,0.00323573,0.00588067,0.00492713,0.00608022,0.00647336
2009-06-12,0.00373439,-0.00042461,-0.00064783,-0.00309235,-0.00234019,-0.00042461,0.00443638
2009-06-15,-0.01229134,-0.01381785,-0.00276202,-0.01397526,-0.01000316,-0.01381785,0.00385944
2009-06-16,-0.00600728,-0.00546595,0.00325465,-0.00443395,-0.00164256,-0.00546595,0.00572503
2009-06-17,-0.00165529,-0.00265318,-0.00107756,-0.00254962,-0.00200055,-0.00265318,-0.00238765
2009-06-18,-0.00044228,-0.00022280,-0.00659019,-0.00030631,-0.00255045,-0.00022280,-0.01198526
2009-06-19,0.00405757,0.00308352,0.00373865,0.00245853,0.00286609,0.00308352,0.00456841
2009-06-22,-0.01603994,-0.01651385,-0.00336074,-0.01685422,-0.01206751,-0.01651385,0.00459790
2009-06-23,0.00177382,0.00319607,0.00284904,0.00441505,0.00393065,0.00319607,0.00327653
2009-06-24,0.00361356,0.00464842,-0.00025750,0.00418297,0.00252714,0.00464842,-0.00341595
2009-06-25,0.01805170,0.01579263,0.01023679,0.01405664,0.01259300,0.01579263,0.01239632
2009-06-26,-0.00104126,-0.00051666,0.00029294,-0.00081819,-0.00045991,-0.00051666,0.00126451
2009-06-29,0.00646247,0.00620321,0.00143830,0.00550174,0.00402952,0.00620321,0.00190991
2009-06-30,-0.00592431,-0.00503350,-0.00318105,-0.00505705,-0.00440442,-0.00503350,-0.00289865
2009-07-01,0.00222102,0.00372076,0.00256763,0.00374508,0.00336709,0.00372076,-0.00063543
2009-07-02,-0.01508300,-0.01508880,-0.00395200,-0.01530043,-0.01351427,-0.01508880,0.00312770
2009-07-06,0.00020303,-0.00345436,-0.00105794,-0.00545314,-0.00517819,-0.00345436,0.00060769
2009-07-07,-0.00988754,-0.01016040,-0.00005289,-0.01003375,-0.00836845,-0.01016040,0.00372185
2009-07-08,0.00435134,0.00098875,0.00239590,-0.00151571,-0.00118799,0.00098875,0.01082986
2009-07-09,-0.00130301,0.00230201,-0.00281865,0.00267609,0.00173755,0.00230201,-0.00551578
2009-07-10,0.00117329,-0.00126729,0.00316580,-0.00197114,-0.00119122,-0.00126729,0.00584064
2009-07-13,0.01273875,0.00871740,0.00165094,0.00742751,0.00631174,0.00871740,-0.00334810
2009-07-14,0.00063267,0.00201891,-0.00119806,0.00261672,0.00201132,0.00201891,-0.00623592
2009-07-15,0.01213487,0.01626590,-0.00018622,0.01776978,0.01489929,0.01626590,-0.01216621
2009-07-16,0.00140070,0.00170166,0.00263065,0.00172396,0.00188943,0.00170166,0.00565111
2009-07-17,0.00392489,0.00397844,-0.00206917,0.00480281,0.00384125,0.00397844,-0.00631663
2009-07-20,0.00788764,0.01152614,0.00619140,0.01258795,0.01160609,0.01152614,0.00341086
2009-07-21,0.00719383,0.00439761,0.00536454,0.00256152,0.00277757,0.00439761,0.01048952
2009-07-22,-0.00245128,-0.00132808,-0.00223447,-0.00052230,-0.00065103,-0.00132808,-0.00553559
2009-07-23,0.00963386,0.01009819,-0.00296576,0.01043983,0.00831202,0.01009819,-0.00910851
2009-07-24,0.00333460,0.00219316,0.00171367,0.00155231,0.00153997,0.00219316,0.00196825
2009-07-27,0.00003257,0.00131523,-0.00129333,0.00189320,0.00143357,0.00131523,-0.00437326
2009-07-28,-0.00212321,-0.00298511,-0.00314477,-0.00414335,-0.00417826,-0.00298511,0.00189688
2009-07-29,-0.00125600,-0.00452338,-0.00199919,-0.00675015,-0.00629916,-0.00452338,0.00062498
2009-07-30,0.00797074,0.01012591,0.00440673,0.01155864,0.01066766,0.01012591,0.00376888
2009-07-31,0.00473520,0.00716611,0.00883895,0.00792677,0.00827563,0.00716611,0.00941436
2009-08-03,0.00563869,0.00848645,-0.00249875,0.00932885,-0.00071229,0.00848645,-0.00992443
2009-08-04,0.00043272,-0.00066486,0.00038873,-0.00062915,0.00025209,-0.00066486,-0.00268684
2009-08-05,-0.00398100,-0.00297052,-0.00256287,-0.00181249,-0.00230167,-0.00297052,-0.00532815
2009-08-06,-0.00315146,-0.00481513,-0.00107558,-0.00542237,-0.00188728,-0.00481513,0.00000000
2009-08-07,0.00536481,0.00408690,-0.00330569,0.00310016,-0.00233857,0.00408690,-0.00617941
2009-08-10,0.00122735,-0.00023560,0.00104362,-0.00101198,0.00068776,-0.00023560,0.00600804
2009-08-11,-0.00489617,-0.00549120,0.00195152,-0.00551380,0.00072482,-0.00549120,0.00649429
2009-08-12,0.00539431,0.00392735,-0.00013346,0.00340218,0.00040046,0.00392735,-0.00257294
2009-08-13,0.00770925,0.00633180,0.00619371,0.00649983,0.00623392,0.00633180,0.00727593
2009-08-14,-0.00345662,-0.00612472,-0.00098939,-0.00730529,-0.00214361,-0.00612472,0.00292949
2009-08-17,-0.01220560,-0.01467022,-0.00212947,-0.01414112,-0.00401253,-0.01467022,0.00637670
2009-08-18,0.00333528,0.00703993,0.00045438,0.00775235,0.00169342,0.00703993,-0.00325622
2009-08-19,0.00677081,0.00552265,0.00402577,0.00524439,0.00423408,0.00552265,0.00347337
2009-08-20,0.00725121,0.00547364,0.00230266,0.00466325,0.00256977,0.00547364,0.00247613
2009-08-21,0.00781202,0.00813912,-0.00008156,0.00785290,0.00119772,0.00813912,-0.00953449
2009-08-24,0.00234886,0.00098875,0.00031101,0.00041603,0.00027779,0.00098875,0.00578828
2009-08-25,0.00221363,0.00048580,0.00198550,-0.00050040,0.00147251,0.00048580,0.00246685
2009-08-26,0.00057280,0.00047337,0.00098296,0.00038081,0.00088656,0.00047337,0.00124447
2009-08-27,0.00028841,-0.00012511,-0.00051129,0.00017793,-0.00035374,-0.00012511,-0.00256038
2009-08-28,0.00077929,0.00073950,0.00253227,0.00064760,0.00222944,0.00073950,0.00216936
2009-08-31,-0.00427189,-0.00603098,-0.00068471,-0.00702666,-0.00181344,-0.00603098,0.00276528
2009-09-01,-0.01219727,-0.01037387,0.00008302,-0.00630981,-0.00026790,-0.01037387,0.00284780
2009-09-02,-0.00003605,0.00207457,0.00728465,0.00451718,0.00714387,0.00207457,0.00817999
2009-09-03,0.00345740,0.00508983,0.00201801,0.00433274,0.00213569,0.00508983,-0.00091116
2009-09-04,0.00590057,0.00586735,-0.00119451,0.00328826,-0.00097570,0.00586735,-0.00478377
2009-09-08,0.00424645,0.00691469,-0.00017785,0.00474612,0.00010032,0.00691469,-0.00203547
2009-09-09,0.00496995,0.00264491,0.00062992,0.00178258,0.00067882,0.00264491,0.00013632
2009-09-10,0.00912822,0.00904929,0.00593170,0.00752683,0.00599679,0.00904929,0.00709143
2009-09-11,0.00104898,0.00168459,0.00376336,0.00232652,0.00367990,0.00168459,0.00411472
2009-09-14,0.00061176,-0.00081546,-0.00407100,-0.00222383,-0.00397721,-0.00081546,-0.00608263
2009-09-15,0.00171477,0.00457668,0.00154309,0.00418218,0.00172700,0.00457668,-0.00019406
2009-09-16,0.00889550,0.01034584,0.00352195,0.00814615,0.00377180,0.01034584,0.00098832
2009-09-17,0.00100595,0.00006491,0.00098320,0.00003287,0.00092206,0.00006491,0.00310479
2009-09-18,-0.00169534,-0.00206136,-0.00419510,-0.00294983,-0.00415039,-0.00206136,-0.00542135
2009-09-21,-0.00180204,-0.00318125,-0.00121545,-0.00292707,-0.00133420,-0.00318125,-0.00101224
2009-09-22,0.00458257,0.00575022,0.00466553,0.00580656,0.00474077,0.00575022,0.00422105
2009-09-23,-0.00423277,-0.00511418,-0.00137504,-0.00424563,-0.00154810,-0.00511418,0.00045440
2009-09-24,-0.00564511,-0.00646618,-0.00277081,-0.00565274,-0.00293555,-0.00646618,0.00017196
2009-09-25,-0.00164184,-0.00134684,0.00030522,-0.00089456,0.00021066,-0.00134684,0.00242575
2009-09-28,0.01149337,0.00941558,0.00292373,0.00667965,0.00310874,0.00941558,0.00150446
2009-09-29,-0.00199782,-0.00103940,0.00025843,-0.00039781,0.00022217,-0.00103940,0.00024849
2009-09-30,-0.00204798,0.00168702,0.00328856,0.00332751,0.00335506,0.00168702,0.00287249
2009-10-01,-0.01188017,-0.01285643,-0.00085381,-0.01562047,-0.00392492,-0.01285643,-0.00487313
2009-10-02,-0.00293611,-0.00202112,0.00012665,-0.00173018,-0.00028381,-0.00202112,0.00069249
2009-10-05,0.00878029,0.01115013,0.00446088,0.01197059,0.00608259,0.01115013,0.00625006
2009-10-06,0.00720772,0.00605980,0.00482961,0.00763719,0.00535755,0.00605980,0.00202237
2009-10-07,0.00420634,0.00354870,0.00379150,0.00321748,0.00366017,0.00354870,0.00546247
2009-10-08,0.00310982,0.00517022,0.00151246,0.00586740,0.00248144,0.00517022,0.00204554
2009-10-09,-0.00016955,-0.00024316,-0.00575287,0.00053352,-0.00442673,-0.00024316,-0.00567007
2009-10-12,0.00353013,0.00443072,0.00338893,0.00412205,0.00360219,0.00443072,0.00296641
2009-10-13,-0.00033497,0.00120395,0.00276567,0.00094839,0.00244446,0.00120395,0.00249198
2009-10-14,0.00768942,0.00816486,-0.00192970,0.00998285,0.00053978,0.00816486,-0.00229763
2009-10-15,0.00095208,-0.00018282,-0.00363462,-0.00049047,-0.00292943,-0.00018282,-0.00422894
2009-10-16,-0.00278031,-0.00251341,0.00228862,-0.00348454,0.00109803,-0.00251341,0.00278401
2009-10-19,0.00562486,0.00685290,0.00422363,0.00740552,0.00493706,0.00685290,0.00314029
2009-10-20,-0.00232999,-0.00320347,-0.00109090,-0.00382895,-0.00168315,-0.00320347,0.00003708
2009-10-21,-0.00634914,-0.00301034,-0.00167123,-0.00364619,-0.00198369,-0.00301034,-0.00035313
2009-10-22,0.00500656,0.00474422,-0.00041454,0.00534188,0.00079407,0.00474422,0.00075837
2009-10-23,-0.00888623,-0.00675733,-0.00441309,-0.00677992,-0.00488335,-0.00675733,-0.00399027
2009-10-26,-0.00881607,-0.00844198,-0.00734743,-0.00827697,-0.00758285,-0.00844198,-0.00604590
2009-10-27,0.00060267,-0.00206689,0.00412335,-0.00342527,0.00252080,-0.00206689,0.00234536
2009-10-28,-0.01018706,-0.01400926,-0.00271289,-0.01610312,-0.00555483,-0.01400926,-0.00531015
2009-10-29,0.01090815,0.01463703,0.00396947,0.01676341,0.00669119,0.01463703,0.00515013
2009-10-30,-0.01456809,-0.01518392,0.00050838,-0.01740686,-0.00325925,-0.01518392,0.00055933
2009-11-02,0.00334769,0.00585235,0.00644300,0.00735212,0.00687717,0.00585235,0.01234344
2009-11-03,0.00098741,0.00275186,0.00261148,0.00400692,0.00426533,0.00275186,0.01474957
2009-11-04,0.00046676,0.00260412,0.00405746,0.00350119,0.00308021,0.00260412,0.00729319
2009-11-05,0.01121595,0.00845731,0.01069993,0.00769391,0.00648556,0.00845731,0.00338482
2009-11-06,0.00276129,0.00107050,0.00177979,-0.00001787,-0.00016546,0.00107050,0.00241093
2009-11-09,0.01404722,0.01381422,0.01613313,0.01462714,0.01333642,0.01381422,0.01199744
2009-11-10,0.00040910,-0.00053917,-0.00061509,-0.00107734,-0.00103822,-0.00053917,0.00008959
2009-11-11,0.00424153,0.00455097,0.00465354,0.00496873,0.00498851,0.00455097,0.00823843
2009-11-12,-0.00612424,-0.00741967,-0.00829677,-0.00876336,-0.00842067,-0.00741967,-0.01139767
2009-11-13,0.00361090,0.00440527,0.00540525,0.00477968,0.00456094,0.00440527,0.01100106
2009-11-16,0.01097282,0.01225636,0.01252394,0.01367527,0.01341731,0.01225636,0.01588665
2009-11-17,0.00155678,0.00106764,0.00047047,0.00113779,0.00136050,0.00106764,0.00102738
2009-11-18,-0.00134844,-0.00175377,-0.00211342,-0.00153206,-0.00134103,-0.00175377,-0.00063536
2009-11-19,-0.00756388,-0.00682114,-0.00771915,-0.00728013,-0.00658416,-0.00682114,-0.00282239
2009-11-20,-0.00221674,-0.00151169,-0.00183872,-0.00129438,-0.00098683,-0.00151169,0.00250333
2009-11-23,0.00721791,0.00715178,0.00869858,0.00766918,0.00702268,0.00715178,0.01072008
2009-11-24,0.00291722,0.00093989,0.00082285,-0.00026164,-0.00016262,0.00093989,0.00134613
2009-11-25,0.00345609,0.00558063,0.00486049,0.00707434,0.00744455,0.00558063,0.01201838
2009-11-27,-0.00822675,-0.01065110,-0.01365118,-0.01190025,-0.01059911,-0.01065110,-0.01675324
2009-11-30,0.00268777,0.00375649,0.00386504,0.00427661,0.00417330,0.00375649,0.00550931
2009-12-01,0.00521055,0.00733388,0.00981792,0.00969719,0.00891414,0.00733388,0.02398688
2009-12-02,-0.00108526,0.00022368,0.00100459,0.00012815,0.00089231,0.00022368,0.00739642
2009-12-03,-0.00657304,-0.00513476,-0.00542366,-0.00471285,-0.00511184,-0.00513476,-0.00759730
2009-12-04,0.00050982,-0.00140080,0.00069064,-0.00139842,-0.00106396,-0.00140080,-0.00623206
2009-12-07,0.00014948,-0.00129198,-0.00156421,-0.00284655,-0.00172139,-0.00129198,-0.00761951
2009-12-08,-0.00534326,-0.00628276,-0.00755559,-0.00830816,-0.00733890,-0.00628276,-0.01846332
2009-12-09,0.00147234,0.00059110,0.00189016,-0.00047547,0.00102755,0.00059110,0.00398358
2009-12-10,0.00205975,0.00179237,0.00321322,0.00166410,0.00239511,0.00179237,0.00409667
2009-12-11,0.00062942,0.00032890,0.00099483,0.00172314,0.00065221,0.00032890,-0.00135566
2009-12-14,0.00415959,0.00476914,0.00557190,0.00562220,0.00530781,0.00476914,0.00725622
2009-12-15,-0.00408205,-0.00384013,-0.00409284,-0.00394736,-0.00385232,-0.00384013,-0.00733628
2009-12-16,0.00093043,0.00290009,0.00253968,0.00485676,0.00312904,0.00290009,0.00770192
2009-12-17,-0.00387526,-0.00748468,-0.00963518,-0.01102325,-0.00947217,-0.00748468,-0.03105072
2009-12-18,0.00147339,0.00182375,0.00248869,0.00289068,0.00245189,0.00182375,0.00620377
2009-12-21,0.00214871,-0.00030039,0.00177251,-0.00024754,0.00038693,-0.00030039,-0.00613123
2009-12-22,0.00047287,0.00128412,0.00215476,0.00276707,0.00177797,0.00128412,0.00500917
2009-12-23,0.00103647,0.00279665,0.00268619,0.00473309,0.00297848,0.00279665,0.00801803
2009-12-24,0.00153017,0.00319330,0.00416661,0.00441929,0.00401658,0.00319330,0.01191250
2009-12-28,0.00028313,0.00109329,0.00060631,0.00324119,0.00112406,0.00109329,0.00285011
2009-12-29,0.00013329,-0.00121466,-0.00188255,-0.00172326,-0.00172435,-0.00121466,-0.00540091
2009-12-30,0.00047007,0.00097894,0.00128006,0.00090400,0.00106545,0.00097894,0.00173173
2009-12-31,-0.00776896,-0.00410370,-0.00370371,-0.00288585,-0.00339396,-0.00410370,0.00340840
2010-01-04,0.01116128,0.01277767,0.01554855,0.01565116,0.01487009,0.01277767,0.02851353
2010-01-05,0.00333877,0.00339188,0.00319271,0.00319221,0.00325184,0.00339188,0.00651647
2010-01-06,-0.00117714,0.00132043,0.00372485,0.00371487,0.00302753,0.00132043,0.00339198
2010-01-07,0.00255003,0.00041271,-0.00121519,-0.00120638,-0.00064290,0.00041271,-0.00583578
2010-01-08,0.00250287,0.00275464,0.00286420,0.00286447,0.00293444,0.00275464,0.00766117
2010-01-11,0.00111148,0.00076453,-0.00007917,-0.00007123,0.00025435,0.00076453,-0.00068213
2010-01-12,-0.00281616,-0.00558613,-0.00901521,-0.00899889,-0.00818069,-0.00558613,-0.01646024
2010-01-13,0.00317465,0.00262687,0.00294923,0.00294893,0.00302194,0.00262687,0.00365676
2010-01-14,0.00349492,0.00205238,0.00059203,0.00060063,0.00102281,0.00205238,-0.00194108
2010-01-15,-0.00502164,-0.00535477,-0.00705858,-0.00704885,-0.00668344,-0.00535477,-0.01145781
2010-01-19,0.00679826,0.00659569,0.00792676,0.00791715,0.00768204,0.00659569,0.01894709
2010-01-20,-0.00477864,-0.00732673,-0.01041412,-0.01039936,-0.00970427,-0.00732673,-0.02398102
2010-01-21,-0.01009525,-0.01164887,-0.01400106,-0.01398752,-0.01366705,-0.01164887,-0.02877060
2010-01-22,-0.01291458,-0.01132252,-0.01267414,-0.01266120,-0.01241934,-0.01132252,-0.02026167
2010-01-25,0.00211845,0.00231043,0.00308154,0.00307634,0.00291723,0.00231043,0.00690058
2010-01-26,-0.00166557,-0.00316886,-0.00517261,-0.00515790,-0.00461683,-0.00316886,-0.01875969
2010-01-27,0.00185658,-0.00046597,-0.00203270,-0.00202575,-0.00145886,-0.00046597,-0.00324042
2010-01-28,-0.00692406,-0.00529586,-0.00523929,-0.00523617,-0.00528662,-0.00529586,-0.00630737
2010-01-29,-0.00480945,-0.00487773,-0.00642359,-0.00641285,-0.00604652,-0.00487773,-0.01027399
2010-02-01,0.00794880,0.01005817,0.01369718,0.01357283,0.01280337,0.01005817,0.02685618
2010-02-02,0.00797623,0.00733257,0.00913630,0.00904417,0.00841921,0.00733257,0.00814024
2010-02-03,-0.00489763,-0.00402240,-0.00476253,-0.00471049,-0.00426398,-0.00402240,-0.00580200
2010-02-04,-0.01549585,-0.01847173,-0.02384284,-0.02367718,-0.02289722,-0.01847173,-0.04517970
2010-02-05,0.00252453,-0.00074923,-0.00351828,-0.00341372,-0.00266340,-0.00074923,-0.01116169
2010-02-08,-0.00466634,-0.00451372,-0.00458655,-0.00459409,-0.00481233,-0.00451372,-0.00994859
2010-02-09,0.00529919,0.00775252,0.01128409,0.01115760,0.01053727,0.00775252,0.03258332
2010-02-10,-0.00228337,-0.00306423,-0.00244022,-0.00248133,-0.00288030,-0.00306423,-0.00263083
2010-02-11,0.00579305,0.00782496,0.00981348,0.00975549,0.00953344,0.00782496,0.02636656
2010-02-12,0.00042584,-0.00137494,-0.00300038,-0.00294251,-0.00260268,-0.00137494,-0.01258616
2010-02-16,0.01035812,0.01254657,0.01596166,0.01583281,0.01496608,0.01254657,0.02575310
2010-02-17,0.00077157,0.00091398,0.00118904,0.00119411,0.00147965,0.00091398,0.00355096
2010-02-18,0.00218587,0.00331223,0.00471316,0.00467246,0.00444447,0.00331223,0.00379088
2010-02-19,0.00148335,0.00062728,0.00041231,0.00040293,0.00034522,0.00062728,-0.00855927
2010-02-22,-0.00019437,-0.00043797,-0.00103049,-0.00100684,-0.00071414,-0.00043797,0.00126853
2010-02-23,-0.00445799,-0.00680050,-0.01016897,-0.01005599,-0.00949669,-0.00680050,-0.02307945
2010-02-24,0.00579139,0.00482689,0.00536247,0.00531758,0.00524958,0.00482689,0.00960769
2010-02-25,0.00061148,-0.00082076,-0.00361097,-0.00347983,-0.00257125,-0.00082076,-0.00823175
2010-02-26,0.00099116,0.00378798,0.00593409,0.00585424,0.00516135,0.00378798,0.01011332
2010-03-01,0.00664174,0.00513862,0.00425732,0.00424701,0.00454580,0.00513862,0.01693960
2010-03-02,0.00188763,0.00419295,0.00564717,0.00562607,0.00544392,0.00419295,0.01125886
2010-03-03,0.00014261,0.00103513,0.00218129,0.00216183,0.00194173,0.00103513,0.00134515
2010-03-04,0.00252745,0.00029881,-0.00124225,-0.00122327,-0.00096182,0.00029881,-0.00523309
2010-03-05,0.00674592,0.00756228,0.01005586,0.00996045,0.00969481,0.00756228,0.02605979
2010-03-08,-0.00093558,-0.00101283,-0.00067108,-0.00069054,-0.00073114,-0.00101283,0.00073194
2010-03-09,0.00201249,0.00169880,0.00049189,0.00051009,0.00081379,0.00169880,0.00561086
2010-03-10,0.00205927,0.00148308,0.00213118,0.00208770,0.00198413,0.00148308,0.00703761
2010-03-11,0.00220107,0.00118492,0.00102018,0.00101978,0.00108427,0.00118492,0.00024075
2010-03-12,0.00065757,-0.00037330,-0.00117942,-0.00116690,-0.00103776,-0.00037330,-0.00337303
2010-03-15,0.00015838,-0.00118039,-0.00274540,-0.00270239,-0.00238700,-0.00118039,-0.00725190
2010-03-16,0.00637785,0.00720852,0.00836429,0.00834577,0.00817470,0.00720852,0.01290687
2010-03-17,0.00409785,0.00372153,0.00480959,0.00475923,0.00454496,0.00372153,0.01081769
2010-03-18,-0.00133924,-0.00144389,-0.00189456,-0.00187341,-0.00177140,-0.00144389,-0.00760981
2010-03-19,-0.00361691,-0.00558223,-0.00710484,-0.00708396,-0.00688957,-0.00558223,-0.01294212
2010-03-22,0.00456286,0.00346773,0.00295872,0.00294960,0.00303689,0.00346773,0.00364179
2010-03-23,0.00349990,0.00274454,0.00266829,0.00266167,0.00279032,0.00274454,0.00701548
2010-03-24,-0.00681929,-0.00760160,-0.00804781,-0.00805077,-0.00794296,-0.00760160,-0.01489319
2010-03-25,-0.00241818,-0.00161971,-0.00163115,-0.00161777,-0.00152502,-0.00161971,-0.00268328
2010-03-26,0.00053251,0.00177401,0.00189183,0.00191289,0.00193113,0.00177401,0.00489245
2010-03-29,0.00335333,0.00499096,0.00790756,0.00782309,0.00730106,0.00499096,0.01800229
2010-03-30,0.00080666,0.00058558,0.00084501,0.00082587,0.00075045,0.00058558,0.00382401
2010-03-31,-0.00120687,-0.00005258,0.00016376,0.00018297,0.00015738,-0.00005258,0.00291823
2010-04-01,0.00326478,0.00580010,0.00911357,0.00907288,0.00822074,0.00580010,0.02605399
2010-04-05,0.00133250,0.00222037,0.00494406,0.00490773,0.00416572,0.00222037,0.00902523
2010-04-06,0.00258995,0.00272288,0.00247299,0.00247753,0.00256451,0.00272288,0.00298150
2010-04-07,-0.00101475,-0.00041152,-0.00146187,-0.00144193,-0.00102476,-0.00041152,-0.00868950
2010-04-08,0.00164447,0.00140474,0.00136151,0.00136368,0.00140022,0.00140474,0.00351795
2010-04-09,0.00441374,0.00396412,0.00402353,0.00402482,0.00404543,0.00396412,0.00614777
2010-04-12,0.00202482,0.00023720,-0.00058616,-0.00058074,-0.00047060,0.00023720,-0.00799373
2010-04-13,0.00120584,0.00087892,0.00082016,0.00081692,0.00075199,0.00087892,-0.00207367
2010-04-14,0.00580860,0.00577964,0.00750205,0.00747737,0.00696644,0.00577964,0.01476662
2010-04-15,0.00116001,0.00102109,0.00102428,0.00102442,0.00103093,0.00102109,-0.00545530
2010-04-16,-0.00731167,-0.00983285,-0.01326134,-0.01322471,-0.01246572,-0.00983285,-0.02926633
2010-04-19,0.00130184,-0.00066871,-0.00210521,-0.00208325,-0.00165133,-0.00066871,-0.00400347
2010-04-20,0.00557486,0.00615897,0.00723608,0.00722200,0.00692414,0.00615897,0.01182577
2010-04-21,0.00016814,0.00062119,0.00071554,0.00071470,0.00070802,0.00062119,-0.00327212
2010-04-22,0.00088479,0.00037860,0.00086309,0.00085364,0.00065858,0.00037860,0.00421988
2010-04-23,0.00286454,0.00375837,0.00490876,0.00489898,0.00469352,0.00375837,0.00536850
2010-04-26,-0.00203681,-0.00157268,-0.00191880,-0.00191297,-0.00179396,-0.00157268,0.00000000
2010-04-27,-0.01069561,-0.01058924,-0.01394257,-0.01389085,-0.01280063,-0.01058924,-0.03587885
2010-04-28,0.00252000,0.00222102,0.00341282,0.00339676,0.00305950,0.00222102,0.00855188
2010-04-29,0.00813511,0.00772907,0.00889479,0.00887710,0.00850512,0.00772907,0.01647812
2010-04-30,-0.00785977,-0.00432444,-0.00414518,-0.00414509,-0.00411260,-0.00432444,-0.01198219
2010-05-03,0.00673032,0.00474491,0.00520711,0.00514841,0.00513732,0.00474491,0.00546808
2010-05-04,-0.01151660,-0.01388170,-0.01886308,-0.01859993,-0.01817632,-0.01388170,-0.04588313
2010-05-05,-0.00199737,-0.00520591,-0.00878852,-0.00862557,-0.00820488,-0.00520591,-0.01809727
2010-05-06,-0.01527641,-0.01438368,-0.01852656,-0.01815872,-0.01793365,-0.01438368,-0.04089738
2010-05-07,-0.00980527,-0.00578318,-0.00503197,-0.00501385,-0.00507999,-0.00578318,0.00526349
2010-05-10,0.02235662,0.02202748,0.02676158,0.02637172,0.02622953,0.02202748,0.07200970
2010-05-11,-0.00119154,-0.00120602,-0.00219358,-0.00207183,-0.00198758,-0.00120602,-0.01807608
2010-05-12,0.00724426,0.00738484,0.00879621,0.00870300,0.00865688,0.00738484,0.01243708
2010-05-13,-0.00629264,-0.00590343,-0.00708142,-0.00700540,-0.00694285,-0.00590343,-0.00933510
2010-05-14,-0.00807854,-0.00833049,-0.01199853,-0.01179678,-0.01138796,-0.00833049,-0.02058765
2010-05-17,-0.00059245,-0.00305635,-0.00602245,-0.00594489,-0.00540473,-0.00305635,-0.00607557
2010-05-18,-0.00495783,-0.00474239,-0.00627810,-0.00615580,-0.00615452,-0.00474239,-0.02095530
2010-05-19,-0.00294793,-0.00520878,-0.00718063,-0.00715727,-0.00698804,-0.00520878,-0.00956489
2010-05-20,-0.01780388,-0.01922477,-0.02412431,-0.02379725,-0.02360788,-0.01922477,-0.04978741
2010-05-21,0.00852349,0.01017209,0.01212834,0.01196142,0.01190623,0.01017209,0.03248977
2010-05-24,-0.00733219,-0.00448657,-0.00464667,-0.00455786,-0.00458092,-0.00448657,-0.01044642
2010-05-25,0.00205848,-0.00015040,-0.00257075,-0.00248380,-0.00219253,-0.00015040,-0.01082709
2010-05-26,-0.00429767,-0.00269449,-0.00082569,-0.00082936,-0.00118119,-0.00269449,-0.00054670
2010-05-27,0.01486141,0.01667016,0.02273117,0.02236023,0.02190821,0.01667016,0.06050147
2010-05-28,-0.00532609,-0.00446506,-0.00592951,-0.00581325,-0.00570813,-0.00446506,-0.01652361
2010-06-01,-0.00958888,-0.00845734,-0.01083720,-0.01081974,-0.00218315,-0.00845734,-0.00336660
2010-06-02,0.01320354,0.01206846,0.01478062,0.01475194,0.00326968,0.01206846,0.01322098
2010-06-03,0.00151930,0.00004383,0.00055799,0.00055078,-0.00256778,0.00004383,-0.00916074
2010-06-04,-0.01574737,-0.01380035,-0.01900526,-0.01896041,0.00001309,-0.01380035,-0.00912170
2010-06-07,-0.00572069,-0.00440089,-0.00513522,-0.00511631,0.00205270,-0.00440089,0.00340340
2010-06-08,0.00503294,0.00533791,0.00712938,0.00711281,0.00050718,0.00533791,0.00659525
2010-06-09,-0.00311961,-0.00202816,-0.00149231,-0.00149122,-0.00140840,-0.00202816,-0.00371623
2010-06-10,0.01345479,0.01191707,0.01505989,0.01502188,-0.00011429,0.01191707,0.00734681
2010-06-11,0.00545598,0.00474051,0.00420418,0.00420678,0.00539956,0.00474051,0.00660899
2010-06-14,-0.00127216,-0.00065398,-0.00012040,-0.00012244,-0.00112553,-0.00065398,-0.00152020
2010-06-15,0.01237551,0.01253924,0.01509895,0.01507663,0.00587220,0.01253924,0.01865222
2010-06-16,0.00088764,0.00063758,0.00063450,0.00063410,0.00040320,0.00063758,-0.00269193
2010-06-17,0.00283758,0.00287220,0.00211543,0.00212169,0.00471152,0.00287220,0.00537843
2010-06-18,-0.00014729,0.00099635,0.00122653,0.00122543,0.00086044,0.00099635,0.00609027
2010-06-21,-0.00202717,-0.00024499,0.00058602,0.00057579,-0.00337292,-0.00024499,-0.00306767
2010-06-22,-0.00760210,-0.00659220,-0.00791540,-0.00789492,0.00023406,-0.00659220,-0.00392390
2010-06-23,-0.00036283,-0.00098160,-0.00307453,-0.00306870,0.00015658,-0.00098160,-0.00115695
2010-06-24,-0.01023190,-0.00835370,-0.00833506,-0.00832215,-0.00364204,-0.00835370,-0.00614758
2010-06-25,0.00313172,0.00520352,0.00744488,0.00743894,0.00431777,0.00520352,0.01120672
2010-06-28,0.00101069,-0.00089744,-0.00336521,-0.00335903,-0.00016933,-0.00089744,-0.00942148
2010-06-29,-0.01649141,-0.01591451,-0.02003959,-0.02000335,-0.00496320,-0.01591451,-0.01606571
2010-06-30,-0.00492257,-0.00331574,-0.00321929,-0.00321203,-0.00065068,-0.00331574,-0.00092475
2010-07-01,-0.00285925,-0.00344328,-0.00487079,-0.00600916,-0.00542729,-0.00344328,-0.03837178
2010-07-02,-0.00397933,-0.00148777,-0.00101842,-0.00057892,-0.00074791,-0.00148777,0.01238893
2010-07-06,0.00489166,0.00493987,0.00546946,0.00385782,0.00445622,0.00493987,-0.01671027
2010-07-07,0.01761057,0.01510754,0.01712576,0.01412629,0.01510007,0.01510754,0.01047120
2010-07-08,0.00506077,0.00421436,0.00549164,0.00417668,0.00449014,0.00421436,-0.00441689
2010-07-09,0.00352875,0.00364088,0.00465461,0.00399013,0.00419486,0.00364088,0.00981145
2010-07-12,0.00105236,-0.00128791,-0.00325866,-0.00282862,-0.00265534,-0.00128791,-0.00861778
2010-07-13,0.00731836,0.00733773,0.00959237,0.00780413,0.00821098,0.00733773,0.00869269
2010-07-14,0.00185065,0.00088486,-0.00007866,0.00042047,0.00033427,0.00088486,-0.00050693
2010-07-15,0.00215400,0.00150473,0.00130604,0.00155181,0.00133171,0.00150473,-0.00059172
2010-07-16,-0.01470405,-0.01359248,-0.01627457,-0.01347509,-0.01438463,-0.01359248,-0.01319462
2010-07-19,0.00255876,0.00251173,0.00292849,0.00167683,0.00221073,0.00251173,-0.00805691
2010-07-20,0.00716036,0.00827578,0.00963549,0.00824342,0.00870389,0.00827578,0.00794954
2010-07-21,-0.00546468,-0.00441161,-0.00528310,-0.00398756,-0.00450355,-0.00441161,-0.00685812
2010-07-22,0.01137315,0.01195635,0.01536382,0.01239140,0.01316743,0.01195635,0.00874407
2010-07-23,0.00406865,0.00293150,0.00290591,0.00179891,0.00236696,0.00293150,-0.00661458
2010-07-26,0.00629429,0.00417019,0.00398494,0.00308571,0.00353464,0.00417019,-0.00490998
2010-07-27,-0.00137402,-0.00256765,-0.00317738,-0.00363621,-0.00328972,-0.00256765,-0.01739958
2010-07-28,-0.00235576,-0.00164719,-0.00171120,-0.00087663,-0.00132676,-0.00164719,0.00237865
2010-07-29,-0.00220144,0.00019429,0.00167103,0.00168805,0.00130878,0.00019429,0.00446476
2010-07-30,0.00214022,0.00292514,0.00372558,0.00404460,0.00364610,0.00292514,0.01051729
2010-08-02,0.01230588,0.01130299,0.01419355,0.00650715,0.01111170,0.01130299,0.00388783
2010-08-03,-0.00105149,-0.00040049,-0.00046175,0.00130677,-0.00015524,-0.00040049,0.00266450
2010-08-04,0.00238819,0.00198895,0.00306864,0.00111411,0.00212945,0.00198895,0.00561124
2010-08-05,0.00124564,0.00036349,-0.00086339,0.00133256,0.00015881,0.00036349,0.00129140
2010-08-06,0.00011960,-0.00002670,-0.00199464,0.00163721,-0.00019530,-0.00002670,0.00613553
2010-08-09,0.00313404,0.00213476,0.00246685,0.00082867,0.00184746,0.00213476,-0.00250100
2010-08-10,-0.00125540,-0.00214425,-0.00402637,0.00008792,-0.00221376,-0.00214425,0.00052056
2010-08-11,-0.01422663,-0.01397662,-0.01758094,-0.00803541,-0.01391372,-0.01397662,-0.00721618
2010-08-12,-0.00467537,-0.00303867,-0.00355730,-0.00139471,-0.00251890,-0.00303867,0.01079347
2010-08-13,0.00000810,0.00112053,0.00083604,0.00143330,0.00112550,0.00112053,0.00049894
2010-08-16,0.00269111,0.00317110,0.00220704,0.00401723,0.00315140,0.00317110,0.00847105
2010-08-17,0.00515129,0.00493691,0.00711016,0.00218085,0.00496662,0.00493691,0.00153587
2010-08-18,0.00066840,0.00043796,0.00007158,0.00042081,0.00046383,0.00043796,0.00330179
2010-08-19,-0.00850665,-0.00628268,-0.00774111,-0.00296910,-0.00594303,-0.00628268,0.00019520
2010-08-20,-0.00324440,-0.00253499,-0.00260480,-0.00249401,-0.00239357,-0.00253499,-0.00341321
2010-08-23,-0.00169863,-0.00228428,-0.00349599,-0.00144251,-0.00249158,-0.00228428,-0.00256855
2010-08-24,-0.00544121,-0.00494700,-0.00729728,-0.00105864,-0.00485312,-0.00494700,0.00252098
2010-08-25,0.00036114,0.00005499,0.00099190,0.00039087,0.00049628,0.00005499,0.00639169
2010-08-26,-0.00201384,-0.00120423,-0.00047930,0.00016215,-0.00103074,-0.00120423,-0.00367641
2010-08-27,0.00418053,0.00490267,0.00875901,0.00100633,0.00535678,0.00490267,0.00316284
2010-08-30,-0.00536468,-0.00433143,-0.00575584,-0.00118357,-0.00429796,-0.00433143,-0.00287043
2010-08-31,0.00186160,0.00169594,0.00002318,0.00275632,0.00172489,0.00169594,0.00920871
2010-09-01,0.01505746,0.01388018,0.01728393,0.01299612,0.01450532,0.01388018,-0.00325854
2010-09-02,0.00403810,0.00313987,0.00381855,0.00303344,0.00339488,0.00313987,0.00493056
2010-09-03,0.00571820,0.00476297,0.00643862,0.00450946,0.00509016,0.00476297,-0.00351623
2010-09-07,-0.00391324,-0.00293754,-0.00533124,-0.00290156,-0.00312955,-0.00293754,0.00689316
2010-09-08,0.00322803,0.00293205,0.00399443,0.00284478,0.00310406,0.00293205,0.00008150
2010-09-09,-0.00020021,-0.00010861,0.00166446,0.00001178,0.00024516,-0.00010861,-0.00937169
2010-09-10,0.00201100,0.00239877,0.00270053,0.00227111,0.00287400,0.00239877,0.00139849
2010-09-13,0.00869619,0.00879174,0.00996141,0.00853813,0.00901612,0.00879174,-0.00090364
2010-09-14,0.00152713,0.00197396,0.00126766,0.00232007,0.00192918,0.00197396,0.01976649
2010-09-15,0.00103838,0.00038329,0.00101986,0.00039679,0.00044563,0.00038329,-0.00067729
2010-09-16,-0.00148800,-0.00137385,-0.00096918,-0.00096756,-0.00122185,-0.00137385,0.00556721
2010-09-17,0.00109051,0.00067316,0.00030609,0.00033344,0.00029288,0.00067316,-0.00070208
2010-09-20,0.01066632,0.00881249,0.00972285,0.00836525,0.00872975,0.00881249,0.00262962
2010-09-21,0.00224951,0.00150580,0.00081427,0.00201904,0.00124944,0.00150580,0.00912949
2010-09-22,-0.00247633,-0.00131127,-0.00215946,-0.00130741,-0.00104683,-0.00131127,0.00150782
2010-09-23,-0.00448803,-0.00348224,-0.00451154,-0.00340806,-0.00348496,-0.00348224,0.00079239
2010-09-24,0.01083920,0.00926705,0.01111481,0.00868704,0.00953863,0.00926705,0.00308789
2010-09-27,-0.00007593,-0.00014394,-0.00079100,-0.00011667,-0.00071753,-0.00014394,0.00023680
2010-09-28,0.00343660,0.00374047,0.00403072,0.00409658,0.00404117,0.00374047,0.00891730
2010-09-29,-0.00199892,-0.00013715,-0.00036435,-0.00031549,0.00031249,-0.00013715,0.00078217
2010-09-30,-0.00230254,-0.00007746,0.00013782,-0.00000069,0.00034911,-0.00007746,-0.00031262
2010-10-01,0.00272839,0.00383233,0.00468807,0.00351683,0.00428329,0.00383233,0.00807192
2010-10-04,-0.00309463,-0.00265432,-0.00354313,-0.00166375,-0.00289181,-0.00265432,-0.00347447
2010-10-05,0.01212456,0.01156644,0.01262780,0.01028239,0.01176383,0.01156644,0.01963160
2010-10-06,0.00250940,0.00221261,0.00147994,0.00335298,0.00209845,0.00221261,0.00599383
2010-10-07,-0.00032666,-0.00205537,-0.00205563,-0.00269634,-0.00221645,-0.00205537,-0.01084456
2010-10-08,0.00352984,0.00610000,0.00545383,0.00604016,0.00550957,0.00610000,0.00997976
2010-10-11,0.00096651,0.00072111,0.00098546,0.00096700,0.00099477,0.00072111,0.00458411
2010-10-12,0.00070498,-0.00017760,-0.00023128,-0.00083620,-0.00045375,-0.00017760,-0.00257281
2010-10-13,0.00469365,0.00627293,0.00751156,0.00630156,0.00707272,0.00627293,0.01608331
2010-10-14,-0.00461577,-0.00308010,-0.00295202,-0.00173247,-0.00260515,-0.00308010,0.00480439
2010-10-15,-0.00047021,-0.00152261,-0.00036012,-0.00287847,-0.00115067,-0.00152261,-0.00767538
2010-10-18,0.00486054,0.00367826,0.00290241,0.00356464,0.00311320,0.00367826,0.00432804
2010-10-19,-0.00661429,-0.01010445,-0.01120544,-0.00987625,-0.01065562,-0.01010445,-0.03107849
2010-10-20,0.00565420,0.00682859,0.00713920,0.00564979,0.00657489,0.00682859,0.00955958
2010-10-21,-0.00084124,-0.00207319,-0.00086373,-0.00341427,-0.00168315,-0.00207319,-0.01353060
2010-10-22,0.00125075,0.00183780,0.00176250,0.00159171,0.00167303,0.00183780,0.00197119
2010-10-25,0.00167968,0.00329957,0.00393652,0.00334128,0.00370544,0.00329957,0.00872263
2010-10-26,-0.00250514,-0.00149190,-0.00105846,-0.00188149,-0.00137512,-0.00149190,0.00018558
2010-10-27,-0.00400686,-0.00525481,-0.00557456,-0.00556759,-0.00558576,-0.00525481,-0.01065587
2010-10-28,0.00237046,0.00326435,0.00277951,0.00431958,0.00328650,0.00326435,0.01300349
2010-10-29,0.00220958,0.00227270,0.00215627,0.00317166,0.00250857,0.00227270,0.01021080
2010-11-01,-0.00047275,0.00074625,0.00107312,-0.00038309,-0.00090136,0.00074625,-0.00315349
2010-11-02,0.00610161,0.00611469,0.00658486,0.00445825,0.00427277,0.00611469,0.00540109
2010-11-03,0.00370916,0.00299433,0.00311648,0.00095943,0.00106948,0.00299433,-0.00515300
2010-11-04,0.01480613,0.01536621,0.01612105,0.01401173,0.01360171,0.01536621,0.03236583
2010-11-05,0.00060958,0.00016272,0.00040474,-0.00052337,-0.00079170,0.00016272,0.00197088
2010-11-08,-0.00101776,-0.00057688,-0.00118677,0.00146919,0.00130790,-0.00057688,0.00832939
2010-11-09,-0.00768274,-0.00779467,-0.00775758,-0.00844390,-0.00842463,-0.00779467,-0.01547209
2010-11-10,0.00392104,0.00355216,0.00279979,0.00463631,0.00439266,0.00355216,0.01152107
2010-11-11,-0.00272171,-0.00327382,-0.00361927,-0.00152196,-0.00127605,-0.00327382,0.00134331
2010-11-12,-0.01044098,-0.01303624,-0.01207125,-0.01368286,-0.01223600,-0.01303624,-0.02822312
2010-11-15,-0.00593631,-0.00493022,-0.00391794,-0.00715894,-0.00756176,-0.00493022,-0.00829586
2010-11-16,-0.00654165,-0.00940182,-0.01128366,-0.00517977,-0.00370447,-0.00940182,-0.01302408
2010-11-17,-0.00083818,-0.00012099,0.00107959,-0.00147504,-0.00134301,-0.00012099,-0.00321742
2010-11-18,0.00793068,0.01028308,0.01173546,0.00698707,0.00580533,0.01028308,0.01452233
2010-11-19,0.00247981,0.00098100,0.00164333,0.00075202,0.00140626,0.00098100,0.00082089
2010-11-22,0.00159893,0.00083289,-0.00039487,0.00319629,0.00326558,0.00083289,0.00797779
2010-11-23,-0.00795751,-0.00893097,-0.01198181,-0.00263270,-0.00255617,-0.00893097,0.00183183
2010-11-24,0.00461151,0.00596867,0.00828866,0.00053688,-0.00053552,0.00596867,0.00146758
2010-11-26,-0.00537347,-0.00606677,-0.00822970,-0.00279249,-0.00264884,-0.00606677,-0.00979801
2010-11-29,0.00268493,0.00308756,0.00294417,0.00262354,0.00234236,0.00308756,0.00323706
2010-11-30,-0.00270533,-0.00195578,-0.00222751,0.00092871,0.00139924,-0.00195578,0.01139971
2010-12-01,0.00750110,0.00907519,0.01187478,-0.00042701,-0.00360509,0.00907519,0.00861229
2010-12-02,0.00681214,0.00633662,0.00780192,0.00158527,0.00035646,0.00633662,0.00493789
2010-12-03,0.00168751,0.00322378,0.00296060,0.00472691,0.00454957,0.00322378,0.01453411
2010-12-06,0.00177684,0.00140209,0.00068281,0.00364833,0.00432669,0.00140209,0.00422170
2010-12-07,-0.00610622,-0.00557241,-0.00355442,-0.01034893,-0.01163162,-0.00557241,-0.01288030
2010-12-08,-0.00103520,-0.00242512,-0.00229133,-0.00569987,-0.00661269,-0.00242512,-0.01002570
2010-12-09,0.00321685,0.00137881,0.00123021,0.00167463,0.00205448,0.00137881,0.00156313
2010-12-10,0.00035660,0.00026994,0.00169809,-0.00247776,-0.00325025,0.00026994,0.00150733
2010-12-13,0.00161403,0.00218544,0.00147280,0.00314648,0.00298351,0.00218544,0.00449975
2010-12-14,-0.00345348,-0.00208678,-0.00057773,-0.00433397,-0.00502113,-0.00208678,0.00141388
2010-12-15,-0.00439265,-0.00522633,-0.00592892,-0.00429622,-0.00430658,-0.00522633,-0.01191182
2010-12-16,0.00585787,0.00387577,0.00409633,0.00228839,0.00238680,0.00387577,-0.00305849
2010-12-17,0.00390740,0.00360086,0.00258837,0.00477569,0.00504172,0.00360086,0.00242076
2010-12-20,0.00145970,0.00134316,0.00084959,0.00174402,0.00155075,0.00134316,0.00300013
2010-12-21,0.00475085,0.00500272,0.00561709,0.00285193,0.00230583,0.00500272,0.00544792
2010-12-22,0.00089663,0.00123900,0.00170056,-0.00055889,-0.00119415,0.00123900,-0.00000950
2010-12-23,-0.00221627,-0.00148531,-0.00142751,-0.00220190,-0.00256449,-0.00148531,-0.00206927
2010-12-27,0.00169425,0.00093157,0.00055842,0.00193136,0.00235905,0.00093157,0.00078015
2010-12-28,-0.00305037,-0.00078264,-0.00020910,-0.00090807,-0.00172198,-0.00078264,0.01053407
2010-12-29,0.00464117,0.00501864,0.00477905,0.00569773,0.00619896,0.00501864,0.00625611
2010-12-30,-0.00175466,-0.00133594,-0.00026748,-0.00216950,-0.00205818,-0.00133594,-0.00152387
2010-12-31,0.00203785,0.00409072,0.00307000,0.00565963,0.00532839,0.00409072,0.00995715
2011-01-03,0.00495425,0.00363427,-0.00208865,0.00106673,0.00263449,0.00363427,-0.00217737
2011-01-04,0.00060101,-0.00040859,-0.00344113,-0.00273001,-0.00187198,-0.00040859,-0.01760418
2011-01-05,-0.00115003,-0.00065052,-0.00527614,-0.00159010,-0.00009401,-0.00065052,-0.00274751
2011-01-06,0.00084927,-0.00109534,0.00163011,-0.00098824,-0.00211302,-0.00109534,-0.00546042
2011-01-07,0.00144326,-0.00046786,0.00272236,0.00020249,-0.00096164,-0.00046786,-0.00342815
2011-01-10,0.00059657,0.00023128,0.00252259,0.00158809,0.00080662,0.00023128,0.00095932
2011-01-11,0.00056590,0.00254737,-0.00024100,0.00235445,0.00343280,0.00254737,0.00688353
2011-01-12,0.00430216,0.00518106,0.00035296,0.00360784,0.00532860,0.00518106,0.00750058
2011-01-13,0.00166373,-0.00022998,0.00113279,-0.00040073,-0.00101478,-0.00022998,-0.01004383
2011-01-14,0.00328338,0.00187111,-0.00291223,-0.00038683,0.00104232,0.00187111,-0.00733135
2011-01-18,0.00006729,0.00005746,0.00015768,0.00031072,0.00026569,0.00005746,0.00404660
2011-01-19,-0.00495063,-0.00386126,0.00063258,-0.00187093,-0.00323352,-0.00386126,0.00003153
2011-01-20,-0.00387587,-0.00556205,-0.00825569,-0.00737200,-0.00670452,-0.00556205,-0.01715114
2011-01-21,0.00268345,0.00154175,0.00164698,0.00160897,0.00139087,0.00154175,-0.00326886
2011-01-24,0.00348691,0.00224743,-0.00040742,0.00042796,0.00119244,0.00224743,-0.00234509
2011-01-25,0.00230428,0.00046928,0.00238597,0.00032011,-0.00050926,0.00046928,-0.00289180
2011-01-26,-0.00004401,0.00234044,-0.00101751,0.00250782,0.00383069,0.00234044,0.00831334
2011-01-27,0.00296936,-0.00000247,-0.00279158,-0.00255418,-0.00192427,-0.00000247,-0.02007306
2011-01-28,-0.00882217,-0.00716797,0.00405392,-0.00136177,-0.00490612,-0.00716797,0.00742050
2011-01-31,0.00297063,0.00389822,-0.00158891,0.00245564,0.00431663,0.00389822,-0.00024705
2011-02-01,0.00774360,0.00773718,0.00084767,0.00555651,0.00681644,0.00773718,0.01738783
2011-02-02,-0.00208991,-0.00168776,-0.00205968,-0.00155410,-0.00148561,-0.00168776,-0.00332153
2011-02-03,-0.00090855,-0.00067428,-0.00015022,-0.00028880,-0.00044632,-0.00067428,0.00060294
2011-02-04,-0.00070790,-0.00085732,-0.00381650,-0.00206017,-0.00163112,-0.00085732,-0.00201441
2011-02-07,0.00363796,0.00228305,0.00042652,0.00132949,0.00156287,0.00228305,0.00033583
2011-02-08,0.00010287,0.00073583,-0.00083206,0.00071123,0.00097598,0.00073583,0.00369727
2011-02-09,0.00081841,-0.00194887,0.00248619,-0.00070823,-0.00160423,-0.00194887,-0.01330438
2011-02-10,-0.00104078,-0.00217861,-0.00238839,-0.00261961,-0.00271907,-0.00217861,-0.00719418
2011-02-11,0.00543821,0.00457046,0.00233736,0.00335906,0.00374287,0.00457046,0.00586561
2011-02-14,0.00159963,0.00105213,0.00143874,0.00129504,0.00117956,0.00105213,-0.00113588
2011-02-15,-0.00104541,-0.00075980,0.00241203,0.00021186,-0.00034856,-0.00075980,0.00032369
2011-02-16,0.00331594,0.00312237,0.00008823,0.00212860,0.00269499,0.00312237,0.00666767
2011-02-17,0.00326364,0.00324506,0.00376344,0.00348562,0.00338891,0.00324506,0.00413765
2011-02-18,0.00119576,0.00193303,0.00116549,0.00195483,0.00211046,0.00193303,0.00407106
2011-02-22,-0.00859972,-0.00823304,0.00429498,-0.00353311,-0.00572151,-0.00823304,-0.01846405
2011-02-23,-0.00470105,-0.00083895,0.00053333,0.00112973,0.00111611,-0.00083895,0.00664229
2011-02-24,0.00060202,0.00004036,-0.00013715,-0.00041259,-0.00040701,0.00004036,-0.00181425
2011-02-25,0.00774388,0.00767481,0.00421438,0.00679056,0.00747308,0.00767481,0.01280282
2011-02-28,0.00359379,0.00321694,0.00056049,0.00206041,0.00246753,0.00321694,0.00430718
2011-03-01,-0.00955071,-0.00483125,0.00286229,-0.00255923,-0.00285220,-0.00483125,0.00464617
2011-03-02,-0.00085021,0.00089386,-0.00257723,0.00139264,0.00117209,0.00089386,0.00711692
2011-03-03,0.00755687,0.00579871,-0.00430085,0.00496960,0.00477336,0.00579871,0.00566431
2011-03-04,-0.00167691,0.00008347,0.00498813,0.00082876,0.00085787,0.00008347,0.00403127
2011-03-07,-0.00570055,-0.00490407,-0.00146830,-0.00445264,-0.00442461,-0.00490407,-0.00717800
2011-03-08,0.00428212,0.00317316,-0.00065860,0.00270975,0.00279011,0.00317316,0.00187066
2011-03-09,0.00147126,0.00115299,0.00268079,0.00092284,0.00101736,0.00115299,0.00240297
2011-03-10,-0.00768316,-0.00899867,0.00016790,-0.00961530,-0.00910802,-0.00899867,-0.02107964
2011-03-11,0.00314904,0.00260474,0.00013225,0.00236379,0.00243031,0.00260474,0.00281957
2011-03-14,-0.00268257,-0.00088917,0.00149665,-0.00027248,-0.00027341,-0.00088917,0.00443229
2011-03-15,-0.00531637,-0.00800543,-0.00322369,-0.00972752,-0.00889404,-0.00800543,-0.02453034
2011-03-16,-0.00741571,-0.00619924,0.00275650,-0.00548360,-0.00541169,-0.00619924,-0.00661008
2011-03-17,0.00643697,0.00789093,0.00111478,0.00884615,0.00807980,0.00789093,0.01801307
2011-03-18,0.00187296,0.00249288,0.00201165,0.00283136,0.00271012,0.00249288,0.00494849
2011-03-21,0.00696940,0.00677973,-0.00018990,0.00662137,0.00641479,0.00677973,0.01096411
2011-03-22,-0.00183865,-0.00049901,-0.00054071,-0.00025640,-0.00035558,-0.00049901,0.00398421
2011-03-23,0.00117230,0.00237288,0.00143187,0.00279693,0.00274886,0.00237288,0.00815796
2011-03-24,0.00358652,0.00305246,-0.00293118,0.00301621,0.00275243,0.00305246,0.00460653
2011-03-25,0.00074141,0.00022084,-0.00131600,0.00004308,-0.00001190,0.00022084,0.00060503
2011-03-28,-0.00132705,-0.00217500,-0.00105167,-0.00270887,-0.00244561,-0.00217500,-0.00834095
2011-03-29,0.00284279,0.00289685,-0.00135493,0.00287729,0.00269576,0.00289685,0.00665290
2011-03-30,0.00551579,0.00501874,0.00328551,0.00472077,0.00479728,0.00501874,0.00565922
2011-03-31,-0.00184214,0.00096723,0.00043733,0.00228700,0.00189034,0.00096723,0.01128046
2011-04-01,0.00338861,0.00372879,0.00124559,0.00401958,0.00453398,0.00372879,0.00284522
2011-04-04,0.00139812,0.00323324,0.00414349,0.00371262,0.00434234,0.00323324,0.00750890
2011-04-05,-0.00210686,-0.00088108,0.00200611,-0.00024088,-0.00006799,-0.00088108,0.00607744
2011-04-06,0.00017533,0.00079332,-0.00065955,0.00129896,0.00140097,0.00079332,0.00277320
2011-04-07,-0.00149104,-0.00062729,0.00074384,-0.00051739,-0.00024554,-0.00062729,0.00147879
2011-04-08,-0.00324169,-0.00011954,0.00496887,0.00066054,0.00277405,-0.00011954,0.01750228
2011-04-11,-0.00129472,-0.00339057,-0.00464108,-0.00419760,-0.00562213,-0.00339057,-0.01429387
2011-04-12,-0.00224537,-0.00458075,-0.00336939,-0.00587444,-0.00728603,-0.00458075,-0.01571773
2011-04-13,0.00151583,0.00286025,0.00294933,0.00297882,0.00338587,0.00286025,0.00577761
2011-04-14,-0.00088814,0.00006996,0.00213569,0.00062846,0.00092894,0.00006996,0.00645702
2011-04-15,0.00512960,0.00444507,0.00589401,0.00410806,0.00416293,0.00444507,0.00628242
2011-04-18,-0.00570422,-0.00613652,-0.00054427,-0.00717446,-0.00755611,-0.00613652,-0.00232849
2011-04-19,0.00393210,0.00427098,0.00185850,0.00478265,0.00473581,0.00427098,0.00063566
2011-04-20,0.00651461,0.00727994,0.00323799,0.00847951,0.00934406,0.00727994,0.01174878
2011-04-21,0.00336259,0.00345137,0.00172473,0.00364682,0.00389557,0.00345137,0.00531894
2011-04-25,0.00078260,-0.00037965,0.00078971,-0.00096796,-0.00128613,-0.00037965,-0.00166691
2011-04-26,0.00686542,0.00513837,0.00171537,0.00498391,0.00460242,0.00513837,-0.00112846
2011-04-27,0.00277347,0.00262084,0.00449394,0.00302630,0.00311262,0.00262084,0.01050466
2011-04-28,0.00347756,0.00131187,0.00141620,0.00069266,-0.00017757,0.00131187,-0.00316122
2011-04-29,0.00221746,0.00368651,0.00627486,0.00409871,0.00462369,0.00368651,0.01270360
2011-05-02,-0.00104615,-0.00170809,-0.00388742,-0.00230141,-0.00290479,-0.00170809,-0.01021889
2011-05-03,-0.00109457,-0.00341868,-0.00180286,-0.00398881,-0.00235970,-0.00341868,-0.00906219
2011-05-04,-0.00294558,-0.00476141,-0.00522706,-0.00572210,-0.00468183,-0.00476141,-0.01548252
2011-05-05,-0.00338745,-0.00797851,-0.01609872,-0.01114816,-0.01057963,-0.00797851,-0.04995396
2011-05-06,0.00283098,0.00394284,0.00291396,0.00421537,0.00360851,0.00394284,0.00354697
2011-05-09,0.00289762,0.00451055,0.00907410,0.00579972,0.00612426,0.00451055,0.02625330
2011-05-10,0.00311362,0.00357882,0.00151582,0.00388859,0.00204442,0.00357882,0.00741519
2011-05-11,-0.00484424,-0.00723041,-0.00777943,-0.00864369,-0.00658426,-0.00723041,-0.02355131
2011-05-12,0.00193132,0.00148593,0.00009821,0.00142565,0.00057156,0.00148593,0.00094181
2011-05-13,-0.00301020,-0.00450670,-0.00150292,-0.00493146,-0.00288508,-0.00450670,-0.00295044
2011-05-16,-0.00277737,-0.00221848,-0.00227121,-0.00249892,-0.00174437,-0.00221848,-0.00833304
2011-05-17,0.00110999,0.00112933,0.00022931,0.00078765,0.00060755,0.00112933,0.00016432
2011-05-18,0.00291996,0.00446281,0.00385003,0.00544178,0.00343501,0.00446281,0.01498969
2011-05-19,0.00183964,-0.00003120,-0.00128307,-0.00074223,-0.00053047,-0.00003120,-0.00495724
2011-05-20,-0.00373898,-0.00199827,0.00318716,-0.00114230,0.00090392,-0.00199827,0.00910259
2011-05-23,-0.00630429,-0.00678902,-0.00296518,-0.00675612,-0.00408674,-0.00678902,-0.01008973
2011-05-24,-0.00005975,0.00189537,0.00418733,0.00286104,0.00293959,0.00189537,0.01033634
2011-05-25,0.00200245,0.00224007,0.00293702,0.00253174,0.00207141,0.00224007,0.01063013
2011-05-26,0.00498535,0.00433619,0.00193164,0.00370828,0.00304403,0.00433619,0.00227858
2011-05-27,0.00221317,0.00346422,0.00370750,0.00403778,0.00352790,0.00346422,0.00751636
2011-05-31,0.00677261,0.00596843,0.00147173,0.00523737,0.00332179,0.00596843,0.00438702
2011-06-01,-0.01018229,-0.00836803,-0.00105298,-0.00694050,-0.01019969,-0.00836803,-0.01581029
2011-06-02,-0.00306211,-0.00090335,-0.00121028,-0.00062191,0.00121402,-0.00090335,0.00911620
2011-06-03,-0.00430518,-0.00281675,0.00134785,-0.00198992,-0.00273380,-0.00281675,-0.00110339
2011-06-06,-0.00650101,-0.00609680,-0.00248833,-0.00525340,-0.00720609,-0.00609680,-0.01401160
2011-06-07,0.00040104,0.00149921,0.00188338,0.00157783,0.00257858,0.00149921,0.00852584
2011-06-08,-0.00156613,-0.00185061,0.00009460,-0.00181969,-0.00159622,-0.00185061,-0.00029270
2011-06-09,0.00280966,0.00287287,0.00168194,0.00290268,0.00407435,0.00287287,0.00683469
2011-06-10,-0.00687176,-0.00772845,-0.00459195,-0.00756231,-0.00970076,-0.00772845,-0.01665411
2011-06-13,-0.00044016,-0.00169752,-0.00345423,-0.00218824,-0.00208478,-0.00169752,-0.00392331
2011-06-14,0.00413012,0.00490155,0.00190462,0.00486066,0.00692642,0.00490155,0.01144415
2011-06-15,-0.00606604,-0.00683004,-0.00242421,-0.00624194,-0.01106241,-0.00683004,-0.02381843
2011-06-16,0.00244255,-0.00134668,-0.00122587,-0.00188952,-0.00281868,-0.00134668,-0.00602368
2011-06-17,0.00143938,0.00212480,0.00122760,0.00221293,0.00171197,0.00212480,-0.00125423
2011-06-20,0.00234677,0.00150439,-0.00077402,0.00102678,0.00067182,0.00150439,-0.00328612
2011-06-21,0.00747142,0.00717531,0.00312407,0.00668539,0.00790782,0.00717531,0.01050634
2011-06-22,-0.00371933,-0.00367653,-0.00059636,-0.00318617,-0.00353378,-0.00367653,-0.00360295
2011-06-23,0.00047365,-0.00080701,-0.00404310,-0.00176291,-0.00312689,-0.00080701,-0.01015268
2011-06-24,-0.00506486,-0.00462924,-0.00425814,-0.00477324,-0.00573571,-0.00462924,-0.00620353
2011-06-27,0.00356649,0.00284170,-0.00094227,0.00219295,0.00348895,0.00284170,0.00640910
2011-06-28,0.00381419,0.00462827,0.00223283,0.00458459,0.00769222,0.00462827,0.01542642
2011-06-29,0.00260251,0.00454306,0.00441649,0.00502919,0.00746687,0.00454306,0.01307098
2011-06-30,0.00428738,0.00315507,-0.00295984,0.00198305,0.00254026,0.00315507,0.00147515
2011-07-01,0.00786282,0.00599893,0.00036588,0.00281081,0.00342605,0.00599893,0.00794776
2011-07-05,0.00199347,0.00300124,0.00691267,0.00505306,0.00452277,0.00300124,0.00460212
2011-07-06,0.00142460,0.00081125,0.00284113,0.00178099,0.00145773,0.00081125,-0.00434274
2011-07-07,0.00471947,0.00557147,0.00405731,0.00474663,0.00484414,0.00557147,0.01647664
2011-07-08,-0.00009734,-0.00074664,0.00317872,0.00124511,0.00077760,-0.00074664,-0.00753392
2011-07-11,-0.00782757,-0.00786857,0.00084132,-0.00329673,-0.00440086,-0.00786857,-0.02043769
2011-07-12,-0.00198962,-0.00133121,0.00359263,0.00123502,0.00052294,-0.00133121,-0.00301787
2011-07-13,0.00265349,0.00518827,0.00535297,0.00542786,0.00540208,0.00518827,0.01527843
2011-07-14,-0.00642367,-0.00539156,-0.00336054,-0.00429649,-0.00459155,-0.00539156,-0.00877029
2011-07-15,0.00511716,0.00447040,0.00418543,0.00428295,0.00431358,0.00447040,0.00730047
2011-07-18,-0.00512383,-0.00407198,0.00021675,-0.00173308,-0.00230569,-0.00407198,-0.00928650
2011-07-19,0.01116189,0.00836651,0.00209808,0.00481066,0.00559417,0.00836651,0.01161771
2011-07-20,-0.00234018,-0.00073811,0.00012994,-0.00016464,-0.00029271,-0.00073811,0.00310008
2011-07-21,0.00604048,0.00469563,-0.00207707,0.00107690,0.00194650,0.00469563,0.00802774
2011-07-22,0.00192354,0.00228654,0.00451119,0.00343061,0.00310587,0.00228654,0.00268957
2011-07-25,-0.00461830,-0.00326965,-0.00015212,-0.00139631,-0.00176883,-0.00326965,-0.00314835
2011-07-26,-0.00055049,0.00085648,0.00221870,0.00164491,0.00150262,0.00085648,0.00505392
2011-07-27,-0.01290278,-0.01049515,-0.00397963,-0.00683773,-0.00763398,-0.01049515,-0.01351756
2011-07-28,-0.00093254,-0.00019052,0.00076920,0.00040010,0.00029951,-0.00019052,-0.00071752
2011-07-29,0.00088977,0.00172868,0.00410892,0.00320367,0.00303343,0.00172868,-0.00046897
2011-08-01,-0.00110172,-0.00049074,0.00019113,-0.00023145,-0.00018032,-0.00049074,-0.00137543
2011-08-02,-0.01157737,-0.00938157,0.00467525,-0.00334259,-0.00244200,-0.00938157,0.00710097
2011-08-03,0.00352411,0.00059091,-0.00319443,-0.00139925,-0.00043453,0.00059091,-0.01046446
2011-08-04,-0.02225836,-0.02291993,-0.00843995,-0.01696707,-0.01446379,-0.02291993,-0.02800298
2011-08-05,-0.00576988,-0.00431860,-0.00287818,-0.00357107,-0.00387023,-0.00431860,0.00502530
2011-08-08,-0.03095787,-0.02927498,-0.00118025,-0.01712961,-0.01380573,-0.02927498,-0.01529356
2011-08-09,0.02851578,0.02632745,0.01180088,0.01983181,0.01921513,0.02632745,0.00946744
2011-08-10,-0.01936687,-0.01441429,0.01008199,-0.00348317,-0.00244654,-0.01441429,0.01441500
2011-08-11,0.01827604,0.01560944,-0.00475423,0.00654575,0.00453095,0.01560944,0.00718213
2011-08-12,0.00683381,0.00356947,0.00173035,0.00248619,0.00269231,0.00356947,-0.00241603
2011-08-15,0.01041670,0.01064713,0.00483130,0.00809833,0.00753966,0.01064713,0.01173214
2011-08-16,-0.00294114,-0.00223770,0.00283075,0.00003780,0.00045200,-0.00223770,0.00396996
2011-08-17,0.00339112,0.00469508,0.00480011,0.00471117,0.00455800,0.00469508,0.00674585
2011-08-18,-0.02228770,-0.01897978,-0.00504842,-0.01295986,-0.01069488,-0.01897978,-0.01051239
2011-08-19,-0.00862636,-0.00514359,0.00448405,-0.00053593,-0.00111830,-0.00514359,0.01607586
2011-08-22,-0.00037513,0.00136247,0.00572230,0.00347949,0.00378562,0.00136247,0.00969969
2011-08-23,0.01640256,0.01114626,-0.00606043,0.00318548,0.00170750,0.01114626,-0.00580590
2011-08-24,0.00322374,-0.00290730,-0.01321987,-0.00810082,-0.00820713,-0.00290730,-0.01792192
2011-08-25,-0.00600708,-0.00508875,0.00263270,-0.00170629,-0.00158116,-0.00508875,0.00436326
2011-08-26,0.00958305,0.01057128,0.01104718,0.01090700,0.01087906,0.01057128,0.01705033
2011-08-29,0.01340171,0.01025056,-0.00339198,0.00412262,0.00318954,0.01025056,-0.00427142
2011-08-30,0.00445841,0.00570828,0.01129694,0.00824433,0.00832198,0.00570828,0.01885174
2011-08-31,0.00101660,0.00305180,-0.00210951,0.00098877,0.00052023,0.00305180,-0.00136431
2011-09-01,-0.00310771,-0.00213842,0.00150464,0.00109936,0.00316558,-0.00213842,-0.00042203
2011-09-02,-0.01150757,-0.00747243,0.00661438,0.00370694,0.00821831,-0.00747243,0.02570453
2011-09-06,-0.00373089,-0.00492583,-0.00346838,-0.00322991,-0.00139746,-0.00492583,-0.00202960
2011-09-07,0.01428104,0.01023338,-0.00376622,-0.00102940,-0.00594264,0.01023338,-0.02682915
2011-09-08,-0.00416920,-0.00294093,0.00570844,0.00374909,0.00676584,-0.00294093,0.02248769
2011-09-09,-0.01344424,-0.01297482,-0.00547696,-0.00638925,-0.00202092,-0.01297482,-0.00729553
2011-09-12,0.00249065,-0.00111124,-0.00602831,-0.00477812,-0.00557203,-0.00111124,-0.01987618
2011-09-13,0.00412553,0.00341346,0.00134278,0.00166591,0.00120988,0.00341346,0.00889006
2011-09-14,0.00836303,0.00462358,-0.00075512,0.00048818,-0.00001065,0.00462358,-0.00712560
2011-09-15,0.00712625,0.00540133,-0.00219938,-0.00108894,-0.00458788,0.00540133,-0.01340058
2011-09-16,0.00430643,0.00293561,0.00214091,0.00257108,0.00321129,0.00293561,0.00761970
2011-09-19,-0.00265080,-0.00584076,-0.00469207,-0.00411797,-0.00061977,-0.00584076,-0.01563196
2011-09-20,-0.00014555,0.00025272,0.00382855,0.00284881,0.00364302,0.00025272,0.01227731
2011-09-21,-0.01569179,-0.01472704,-0.00683533,-0.00793868,-0.00378416,-0.01472704,-0.01273922
2011-09-22,-0.01500174,-0.01952248,-0.01314355,-0.01290304,-0.00533978,-0.01952248,-0.02726783
2011-09-23,-0.00007149,-0.00149111,-0.01521641,-0.01150929,-0.01408484,-0.00149111,-0.05026813
2011-09-26,0.01195770,0.00797978,-0.00155404,0.00035665,-0.00241082,0.00797978,-0.01174058
2011-09-27,0.00375538,0.00681134,0.00648076,0.00563481,0.00218705,0.00681134,0.01904358
2011-09-28,-0.01192823,-0.01348837,-0.01158276,-0.01098824,-0.00753054,-0.01348837,-0.02739059
2011-09-29,0.00460752,0.00458365,0.00322688,0.00337618,0.00229739,0.00458365,0.00976245
2011-09-30,-0.01199252,-0.01512668,-0.00732946,-0.00746414,-0.00033444,-0.01512668,-0.00236788
2011-10-03,-0.01338051,-0.00979961,0.00329838,0.00373391,0.00351464,-0.00979961,0.01755051
2011-10-04,0.01086438,0.00632403,-0.00309628,-0.00289722,-0.00281867,0.00632403,-0.01935625
2011-10-05,0.00937579,0.01016998,0.00602883,0.00338643,0.00399632,0.01016998,0.01024002
2011-10-06,0.00813767,0.01085574,0.00592491,0.00163491,0.00261078,0.01085574,0.00538095
2011-10-07,-0.00610474,-0.00557794,-0.00455234,-0.00503288,-0.00494861,-0.00557794,-0.00792627
2011-10-10,0.01622189,0.01805833,0.00972930,0.00550261,0.00650969,0.01805833,0.02278892
2011-10-11,0.00188623,0.00023851,0.00031893,0.00025341,0.00027116,0.00023851,-0.00633650
2011-10-12,0.00412137,0.00784790,0.00226320,0.00163762,0.00184987,0.00784790,0.00633520
2011-10-13,0.00028290,-0.00129497,-0.00052323,0.00007841,-0.00006351,-0.00129497,-0.00511954
2011-10-14,0.00870349,0.00923150,0.00594845,0.00211121,0.00297312,0.00923150,0.00586594
2011-10-17,-0.00946934,-0.01041560,-0.00369370,-0.00143816,-0.00202127,-0.01041560,-0.00390376
2011-10-18,0.01168413,0.01039688,0.00324172,0.00248107,0.00274359,0.01039688,-0.00450680
2011-10-19,-0.00678887,-0.00796115,-0.00707747,-0.00399162,-0.00466690,-0.00796115,-0.01110284
2011-10-20,0.00193988,-0.00075105,-0.00217866,-0.00281863,-0.00268388,-0.00075105,-0.01225977
2011-10-21,0.01110700,0.01136793,0.00507422,0.00455190,0.00475029,0.01136793,0.01006032
2011-10-24,0.00750051,0.01265479,0.00770518,0.00484999,0.00553424,0.01265479,0.00862391
2011-10-25,-0.00906478,-0.00714373,0.00652835,0.00608519,0.00599855,-0.00714373,0.02683469
2011-10-26,0.00356083,0.00456437,0.00134086,0.00085421,0.00100656,0.00456437,0.00952928
2011-10-27,0.01734331,0.01975097,0.00853404,0.00402124,0.00515379,0.01975097,0.01311892
2011-10-28,0.00202701,-0.00014021,0.00043462,0.00201815,0.00166502,-0.00014021,-0.00130274
2011-10-31,-0.01046340,-0.01200825,-0.00425009,-0.00100785,-0.00181814,-0.01200825,-0.01145231
2011-11-01,-0.01194833,-0.01094658,-0.00052763,-0.00296800,0.00037695,-0.01094658,0.00020106
2011-11-02,0.00864865,0.00979075,0.00468509,0.00605941,0.00426120,0.00979075,0.01003704
2011-11-03,0.00893833,0.00817545,0.00477526,0.00503134,0.00397219,0.00817545,0.01573406
2011-11-04,-0.00246735,-0.00195667,0.00062178,-0.00076748,0.00023681,-0.00195667,-0.00506639
2011-11-07,0.00418078,0.00519782,0.00898682,0.00639679,0.00770707,0.00519782,0.02417325
2011-11-08,0.00588288,0.00424681,-0.00189787,-0.00003930,-0.00191258,0.00424681,-0.00828666
2011-11-09,-0.01875710,-0.02038013,-0.00855983,-0.01056097,-0.00673820,-0.02038013,-0.00841353
2011-11-10,0.00359262,0.00253316,-0.00051826,0.00004420,-0.00092743,0.00253316,-0.00540478
2011-11-11,0.00934975,0.01020137,0.00580669,0.00651152,0.00498265,0.01020137,0.01647774
2011-11-14,-0.00319802,-0.00445809,-0.00247787,-0.00173754,-0.00119192,-0.00445809,-0.00436882
2011-11-15,0.00241314,0.00194402,0.00043965,0.00058708,0.00022387,0.00194402,0.00092379
2011-11-16,-0.00804012,-0.00905777,-0.00474392,-0.00580863,-0.00420075,-0.00905777,-0.01067144
2011-11-17,-0.00862149,-0.01046612,-0.01024611,-0.00844786,-0.00850511,-0.01046612,-0.02571279
2011-11-18,-0.00215401,-0.00091963,-0.00023477,-0.00076244,-0.00063115,-0.00091963,0.00311191
2011-11-21,-0.01009510,-0.01177535,-0.00846690,-0.00901395,-0.00768348,-0.01177535,-0.02457941
2011-11-22,-0.00103123,0.00006116,0.00366038,0.00208392,0.00329166,0.00006116,0.01107034
2011-11-23,-0.01144930,-0.01214167,-0.00418189,-0.00585492,-0.00338454,-0.01214167,-0.00290364
2011-11-25,-0.00377758,-0.00365848,-0.00490831,-0.00438212,-0.00487496,-0.00365848,-0.00867561
2011-11-28,0.01679503,0.01826089,0.01039193,0.01239569,0.00968435,0.01826089,0.01976744
2011-11-29,0.00087033,0.00137205,0.00239335,0.00052602,0.00113703,0.00137205,0.00150033
2011-11-30,0.02171935,0.02163731,0.00881934,0.01273623,0.00834133,0.02163731,0.01947507
2011-12-01,-0.00021162,-0.00036035,-0.00110460,-0.00082016,-0.00083967,-0.00036035,-0.00281339
2011-12-02,0.00124634,0.00181483,0.00357858,0.00257700,0.00265776,0.00181483,0.00132556
2011-12-05,0.00629100,0.00483625,-0.00250403,-0.00100515,-0.00082145,0.00483625,-0.01384720
2011-12-06,-0.00084336,-0.00104317,0.00109313,-0.00026313,-0.00013766,-0.00104317,0.00467571
2011-12-07,0.00404309,0.00233944,0.00057331,0.00296378,0.00255032,0.00233944,0.00671166
2011-12-08,-0.01118316,-0.01229387,-0.00759449,-0.00605971,-0.00680167,-0.01229387,-0.01897448
2011-12-09,0.00730917,0.00702843,0.00076854,0.00036794,0.00092118,0.00702843,0.00207296
2011-12-12,-0.00739595,-0.01020477,-0.00718697,-0.00616470,-0.00668810,-0.01020477,-0.02461057
2011-12-13,-0.00372009,-0.00408614,-0.00334484,-0.00324160,-0.00335486,-0.00408614,-0.02031483
2011-12-14,-0.00461202,-0.00748285,-0.01191584,-0.00687238,-0.00772129,-0.00748285,-0.03271790
2011-12-15,0.00178078,0.00148115,-0.00165132,-0.00065048,-0.00064806,0.00148115,-0.00358426
2011-12-16,0.00285885,0.00433377,0.00643612,0.00590963,0.00589315,0.00433377,0.01792192
2011-12-19,-0.00491423,-0.00554522,-0.00067123,-0.00076844,-0.00113131,-0.00554522,-0.00190499
2011-12-20,0.01401483,0.01507609,0.00825577,0.00483661,0.00613392,0.01507609,0.01276785
2011-12-21,-0.00015179,0.00063924,0.00010357,-0.00087313,-0.00061302,0.00063924,0.00081791
2011-12-22,0.00579074,0.00477495,-0.00001129,0.00084235,0.00098734,0.00477495,-0.00669896
2011-12-23,0.00371483,0.00322580,0.00125978,0.00024439,0.00061040,0.00322580,0.00153997
2011-12-27,0.00070215,-0.00042237,-0.00134805,-0.00148579,-0.00143273,-0.00042237,-0.00855326
2011-12-28,-0.00538991,-0.00675249,-0.00637374,-0.00417134,-0.00473682,-0.00675249,-0.02324460
2011-12-29,0.00667385,0.00556987,0.00096675,0.00155991,0.00174528,0.00556987,-0.00431993
2011-12-30,-0.00154156,-0.00032383,0.00173824,0.00231177,0.00204873,-0.00032383,0.01021449
2012-01-03,0.00702208,0.01012228,0.01032925,0.00607835,0.00674043,0.01012228,-0.00521633
2012-01-04,-0.00029205,-0.00026500,0.00203418,-0.00000118,0.00003346,-0.00026500,-0.00205351
2012-01-05,0.00168943,-0.00015412,-0.00016074,0.00137571,0.00112863,-0.00015412,0.00064442
2012-01-06,-0.00002344,-0.00132807,0.00089475,0.00024635,0.00007223,-0.00132807,0.00376324
2012-01-09,0.00154480,0.00194593,-0.00012986,0.00019469,0.00039430,0.00194593,0.00041333
2012-01-10,0.00446686,0.00602721,0.00387135,0.00365088,0.00396129,0.00602721,-0.00228525
2012-01-11,0.00260785,0.00189925,0.00236085,0.00346172,0.00325455,0.00189925,0.00494591
2012-01-12,0.00063754,0.00005998,-0.00172998,0.00013252,0.00005561,0.00005998,-0.00193808
2012-01-13,-0.00139722,-0.00211576,-0.00100603,-0.00056223,-0.00076017,-0.00211576,0.00402528
2012-01-17,0.00272448,0.00454826,0.00353304,0.00320533,0.00342950,0.00454826,0.00096617
2012-01-18,0.00548189,0.00635777,0.00207949,0.00271587,0.00312837,0.00635777,-0.00249031
2012-01-19,0.00088950,0.00140218,-0.00100165,-0.00163138,-0.00127456,0.00140218,-0.00535436
2012-01-20,0.00095430,0.00023274,-0.00062136,-0.00000655,-0.00003091,0.00023274,-0.00306300
2012-01-23,-0.00243275,0.00073824,0.00223831,0.00040129,0.00057326,0.00073824,-0.00216188
2012-01-24,-0.00025587,-0.00001231,-0.00100943,-0.00087644,-0.00078926,-0.00001231,0.00086556
2012-01-25,0.00698694,0.00840170,0.01080895,0.00948285,0.00942093,0.00840170,0.00557553
2012-01-26,-0.00109544,-0.00010827,0.00300033,0.00239939,0.00216325,-0.00010827,0.00513990
2012-01-27,0.00089867,0.00159285,0.00343055,0.00314230,0.00303727,0.00159285,0.00278812
2012-01-30,-0.00076373,-0.00289033,-0.00193298,-0.00076394,-0.00108562,-0.00289033,0.00337562
2012-01-31,0.00123962,0.00244731,0.00303530,0.00343621,0.00335553,0.00244731,0.00404645
2012-02-01,0.00386036,0.00480176,-0.00062992,0.00319039,0.00099396,0.00480176,0.00056982
2012-02-02,0.00151856,0.00180942,0.00255654,0.00216858,0.00240064,0.00180942,0.00762301
2012-02-03,0.00530783,0.00411882,-0.00699161,-0.00009724,-0.00424003,0.00411882,-0.01826961
2012-02-06,0.00067318,-0.00007643,0.00109826,0.00009004,0.00071891,-0.00007643,-0.00181906
2012-02-07,-0.00099472,0.00024174,-0.00004507,0.00076264,0.00024413,0.00024174,0.01219600
2012-02-08,0.00199566,0.00186655,-0.00089665,0.00070888,-0.00023802,0.00186655,-0.00606075
2012-02-09,-0.00012531,-0.00018422,-0.00187267,-0.00088843,-0.00146678,-0.00018422,-0.00288923
2012-02-10,-0.00231985,-0.00491000,0.00119868,-0.00324853,-0.00057634,-0.00491000,-0.00376642
2012-02-13,0.00426317,0.00473945,0.00107641,0.00368670,0.00210817,0.00473945,0.00201567
2012-02-14,0.00005030,-0.00088999,0.00037533,-0.00068192,-0.00004850,-0.00088999,-0.00186163
2012-02-15,-0.00254074,-0.00096343,0.00118271,-0.00009068,0.00071349,-0.00096343,0.00525851
2012-02-16,0.00494353,0.00440814,-0.00124736,0.00259034,0.00025836,0.00440814,-0.00104045
2012-02-17,0.00121047,0.00045253,-0.00123184,-0.00021622,-0.00083977,0.00045253,-0.00357055
2012-02-21,-0.00113552,0.00106193,0.00272808,0.00209927,0.00250716,0.00106193,0.01851281
2012-02-22,-0.00045994,0.00159692,0.00424052,0.00267407,0.00365517,0.00159692,0.01033831
2012-02-23,0.00325279,0.00230027,0.00121823,0.00180042,0.00143744,0.00230027,0.00051233
2012-02-24,0.00163951,0.00240715,-0.00030644,0.00137209,0.00038660,0.00240715,-0.00385696
2012-02-27,0.00231829,-0.00010355,0.00115304,0.00010228,0.00068880,-0.00010355,-0.00231966
2012-02-28,0.00196979,0.00327639,0.00263823,0.00340645,0.00293175,0.00327639,0.00899918
2012-02-29,-0.00394684,-0.00536075,-0.01339627,-0.00909581,-0.01164553,-0.00536075,-0.04624074
2012-03-01,0.00180550,0.00347814,0.00354727,0.00314417,0.00249401,0.00347814,0.00335653
2012-03-02,-0.00023781,-0.00132011,-0.00169155,-0.00065938,0.00013893,-0.00132011,0.00026891
2012-03-05,-0.00324777,-0.00489047,-0.00580088,-0.00433079,-0.00351979,-0.00489047,-0.00386261
2012-03-06,-0.00709234,-0.01028742,-0.01295018,-0.00839863,-0.00579000,-0.01028742,-0.00464713
2012-03-07,0.00338375,0.00400308,0.00505265,0.00332460,0.00231364,0.00400308,0.00263188
2012-03-08,0.00475568,0.00646411,0.00827757,0.00525441,0.00354222,0.00646411,0.00296377
2012-03-09,0.00201687,0.00179177,0.00195898,0.00189168,0.00174440,0.00179177,0.00307255
2012-03-12,-0.00007057,-0.00153390,-0.00197649,-0.00176961,-0.00168574,-0.00153390,-0.00251341
2012-03-13,0.00799137,0.00720475,0.01031221,0.00292591,-0.00091673,0.00720475,-0.00882665
2012-03-14,-0.00514469,-0.00666237,-0.00614725,-0.00773314,-0.00862288,-0.00666237,-0.01255214
2012-03-15,0.00341840,0.00301503,0.00352255,0.00302303,0.00275314,0.00301503,0.00401656
2012-03-16,0.00073282,0.00066258,-0.00008684,0.00039748,0.00047597,0.00066258,0.00069511
2012-03-19,0.00001819,-0.00021793,0.00065968,-0.00059181,-0.00138092,-0.00021793,-0.00171998
2012-03-20,-0.00160010,-0.00382277,-0.00428762,-0.00344164,-0.00283801,-0.00382277,-0.00367068
2012-03-21,0.00096427,0.00050019,-0.00003503,0.00093283,0.00160222,0.00050019,0.00204325
2012-03-22,-0.00391662,-0.00405817,-0.00476961,-0.00298651,-0.00201020,-0.00405817,-0.00075655
2012-03-23,0.00341469,0.00383141,0.00340663,0.00418347,0.00450857,0.00383141,0.00669408
2012-03-26,0.00810548,0.00801347,0.00976976,0.00705985,0.00561942,0.00801347,0.00517130
2012-03-27,0.00023357,-0.00051499,-0.00118532,-0.00029687,0.00030622,-0.00051499,-0.00002674
2012-03-28,-0.00370716,-0.00522690,-0.00580596,-0.00482763,-0.00423557,-0.00522690,-0.00486578
2012-03-29,0.00057702,-0.00039347,-0.00027070,0.00020509,0.00072705,-0.00039347,0.00105644
2012-03-30,0.00059955,0.00140033,0.00179535,0.00070741,-0.00006272,0.00140033,-0.00048220
2012-04-02,0.00534269,0.00586242,0.00613095,0.00576271,0.00579245,0.00586242,0.00349933
2012-04-03,-0.00539167,-0.00546156,-0.00504705,-0.00574950,-0.00620565,-0.00546156,-0.01100211
2012-04-04,-0.00394826,-0.00600887,-0.00731471,-0.00679241,-0.00671923,-0.00600887,-0.00262982
2012-04-05,0.00149259,0.00191722,0.00139888,0.00186625,0.00229500,0.00191722,0.00497781
2012-04-09,-0.00258424,-0.00297839,-0.00534169,-0.00333056,-0.00202651,-0.00297839,0.00825561
2012-04-10,-0.00802539,-0.00684630,-0.00872154,-0.00628282,-0.00481046,-0.00684630,0.00678661
2012-04-11,0.00313778,0.00360415,0.00513064,0.00401969,0.00326340,0.00360415,-0.00189811
2012-04-12,0.00688125,0.00845632,0.01040780,0.00886501,0.00794287,0.00845632,0.00185502
2012-04-13,-0.00460149,-0.00528929,-0.00691629,-0.00581605,-0.00515920,-0.00528929,0.00021412
2012-04-16,-0.00050374,-0.00127592,-0.00096680,-0.00118654,-0.00162149,-0.00127592,-0.00100459
2012-04-17,0.00829203,0.00667332,0.00809400,0.00659736,0.00553515,0.00667332,-0.00059307
2012-04-18,-0.00118822,-0.00198554,-0.00214095,-0.00222395,-0.00250725,-0.00198554,-0.00099715
2012-04-19,-0.00333119,-0.00261682,-0.00338601,-0.00273845,-0.00224180,-0.00261682,0.00044302
2012-04-20,0.00102405,0.00175595,0.00204798,0.00188052,0.00188640,0.00175595,0.00065430
2012-04-23,-0.00414299,-0.00464504,-0.00623878,-0.00492267,-0.00401876,-0.00464504,0.00031121
2012-04-24,0.00117742,0.00117446,0.00185575,0.00144299,0.00111635,0.00117446,-0.00087839
2012-04-25,0.00755575,0.00635732,0.00771274,0.00634020,0.00531171,0.00635732,-0.00009662
2012-04-26,0.00548551,0.00469193,0.00494521,0.00477596,0.00459705,0.00469193,0.00511961
2012-04-27,0.00139732,0.00113189,0.00100047,0.00098328,0.00100648,0.00113189,0.00108272
2012-04-30,-0.00185199,-0.00079197,-0.00126619,-0.00076132,-0.00033474,-0.00079197,0.00126020
2012-05-01,0.00300131,0.00231710,0.00318596,0.00294732,0.00189611,0.00231710,-0.00205119
2012-05-02,-0.00103996,-0.00121188,-0.00080852,-0.00081760,-0.00126529,-0.00121188,0.00189892
2012-05-03,-0.00461905,-0.00462844,-0.00485554,-0.00479443,-0.00472724,-0.00462844,-0.00009502
2012-05-04,-0.00808090,-0.00721475,-0.00852621,-0.00812990,-0.00618671,-0.00721475,0.00398108
2012-05-07,0.00031817,0.00048573,0.00092093,0.00084903,0.00034893,0.00048573,-0.00028397
2012-05-08,-0.00146501,-0.00346915,-0.00451474,-0.00445650,-0.00426154,-0.00346915,0.00226598
2012-05-09,-0.00317024,-0.00437682,-0.00520745,-0.00509067,-0.00465144,-0.00437682,0.00084894
2012-05-10,0.00064183,0.00075288,0.00113230,0.00107995,0.00081440,0.00075288,-0.00141199
2012-05-11,-0.00043848,-0.00192037,-0.00255573,-0.00247582,-0.00229743,-0.00192037,0.00329803
2012-05-14,-0.00472260,-0.00672057,-0.00857996,-0.00827703,-0.00684913,-0.00672057,0.00441645
2012-05-15,-0.00325289,-0.00358310,-0.00466526,-0.00454588,-0.00376664,-0.00358310,0.00028012
2012-05-16,-0.00192790,-0.00370788,-0.00511558,-0.00491243,-0.00382779,-0.00370788,0.00074889
2012-05-17,-0.00710880,-0.00566616,-0.00806612,-0.00746212,-0.00386743,-0.00566616,0.00373661
2012-05-18,-0.00523419,-0.00333136,-0.00412425,-0.00385105,-0.00200279,-0.00333136,-0.00065094
2012-05-21,0.00882680,0.00912655,0.01132626,0.01085172,0.00845687,0.00912655,-0.00260796
2012-05-22,0.00011808,-0.00260237,-0.00211161,-0.00224926,-0.00345184,-0.00260237,-0.00214903
2012-05-23,0.00140080,-0.00054403,-0.00063922,-0.00061411,-0.00089558,-0.00054403,0.00262168
2012-05-24,0.00024971,-0.00043501,-0.00035531,-0.00038786,-0.00050544,-0.00043501,-0.00214803
2012-05-25,-0.00068737,-0.00049364,-0.00151399,-0.00131174,-0.00008229,-0.00049364,0.00290063
2012-05-29,0.00670318,0.00674191,0.00954680,0.00899413,0.00539477,0.00674191,-0.00083936
2012-05-30,-0.00454860,-0.00486555,-0.00677455,-0.00629289,-0.00407347,-0.00486555,0.00952281
2012-05-31,0.00035716,-0.00064342,-0.00111036,-0.00100187,-0.00071622,-0.00064342,0.00388373
2012-06-01,-0.01168221,-0.00910553,-0.01196534,-0.01083201,0.00067766,-0.00910553,0.00858754
2012-06-04,-0.00262925,-0.00099458,-0.00045774,-0.00056147,-0.00099794,-0.00099458,-0.00576293
2012-06-05,0.00314267,0.00237914,0.00372202,0.00342343,0.00043596,0.00237914,-0.00331272
2012-06-06,0.01073420,0.01078336,0.01363123,0.01283817,0.00524413,0.01078336,-0.00655503
2012-06-07,0.00132568,0.00057444,0.00119863,0.00095643,-0.00247383,0.00057444,0.00241652
2012-06-08,0.00508300,0.00275578,0.00267386,0.00259896,0.00208976,0.00275578,0.00074127
2012-06-11,-0.00660344,-0.00660648,-0.00763642,-0.00723363,-0.00373410,-0.00660648,0.00268715
2012-06-12,0.00475436,0.00595376,0.00819863,0.00774877,0.00343029,0.00595376,-0.00535865
2012-06-13,-0.00176805,-0.00165420,-0.00244817,-0.00218947,-0.00003195,-0.00165420,0.00529452
2012-06-14,0.00530683,0.00521248,0.00614708,0.00586393,0.00356783,0.00521248,-0.00268020
2012-06-15,0.00801637,0.00703179,0.00815495,0.00788792,0.00454156,0.00703179,0.00463276
2012-06-18,0.00106553,0.00091385,0.00111605,0.00106289,0.00048812,0.00091385,-0.00027698
2012-06-19,0.00452260,0.00501861,0.00657743,0.00614429,0.00186761,0.00501861,-0.00341208
2012-06-20,-0.00178325,-0.00226073,-0.00131405,-0.00145873,-0.00355790,-0.00226073,-0.00203622
2012-06-21,-0.01284675,-0.01454939,-0.01703958,-0.01654516,-0.01237893,-0.01454939,0.00213324
2012-06-22,0.00292589,0.00308104,0.00391622,0.00367439,0.00175039,0.00308104,-0.00435005
2012-06-25,-0.00757001,-0.00527171,-0.00808541,-0.00742305,0.00038649,-0.00527171,0.00548333
2012-06-26,0.00213881,0.00185814,0.00234830,0.00213470,-0.00000707,0.00185814,-0.00221764
2012-06-27,0.00598972,0.00515470,0.00580249,0.00558355,0.00337976,0.00515470,0.00138895
2012-06-28,-0.00044691,-0.00177676,-0.00194767,-0.00195247,-0.00286304,-0.00177676,0.00323848
2012-06-29,0.01321578,0.01637223,0.01861489,0.01803907,0.01376381,0.01637223,-0.00461057
2012-07-02,0.00365846,0.00226883,0.00209444,0.00209657,0.00172760,0.00226883,0.00464070
2012-07-03,0.00295431,0.00629283,0.00666081,0.00657787,0.00698874,0.00629283,-0.00249430
2012-07-05,-0.00164553,-0.00223520,-0.00344633,-0.00336455,-0.00271759,-0.00223520,0.00268567
2012-07-06,-0.00429979,-0.00613884,-0.00677351,-0.00664033,-0.00646759,-0.00613884,0.00350810
2012-07-09,0.00036389,0.00102993,-0.00036687,-0.00026407,0.00094279,0.00102993,0.00276111
2012-07-10,-0.00501134,-0.00559093,-0.00619855,-0.00609463,-0.00567654,-0.00559093,0.00045871
2012-07-11,-0.00028418,0.00144010,0.00139735,0.00138866,0.00171051,0.00144010,-0.00091700
2012-07-12,-0.00194601,-0.00286792,-0.00440381,-0.00423676,-0.00297486,-0.00286792,0.00229461
2012-07-13,0.00960104,0.00892206,0.01034981,0.01011694,0.00878311,0.00892206,-0.00082417
2012-07-16,-0.00051832,-0.00017023,-0.00146088,-0.00135436,-0.00030295,-0.00017023,0.00220083
2012-07-17,0.00305179,0.00327485,0.00473322,0.00451476,0.00301851,0.00327485,-0.00256180
2012-07-18,0.00483282,0.00333871,0.00323597,0.00315580,0.00279804,0.00333871,0.00100852
2012-07-19,0.00098288,0.00249540,0.00272361,0.00265947,0.00266571,0.00249540,-0.00146546
2012-07-20,-0.00391326,-0.00390987,-0.00574815,-0.00549449,-0.00371073,-0.00390987,0.00394544
2012-07-23,-0.00537367,-0.00718048,-0.00813131,-0.00792831,-0.00712603,-0.00718048,0.00164457
2012-07-24,-0.00432410,-0.00364436,-0.00450201,-0.00432547,-0.00331259,-0.00364436,0.00191675
2012-07-25,0.00035565,0.00152151,0.00122816,0.00129930,0.00198582,0.00152151,0.00054624
2012-07-26,0.00849422,0.00847142,0.01118717,0.01083768,0.00846386,0.00847142,-0.00309492
2012-07-27,0.00807834,0.00855896,0.01137626,0.01097119,0.00856005,0.00855896,-0.00721182
2012-07-30,0.00127953,0.00064425,-0.00026488,-0.00019306,0.00043387,0.00064425,0.00321777
2012-07-31,-0.00351369,-0.00353337,-0.00378362,-0.00370125,-0.00347846,-0.00353337,0.00174243
2012-08-01,-0.00198101,-0.00082267,-0.00021394,-0.00059280,-0.00132048,-0.00082267,-0.00364568
2012-08-02,-0.00319283,-0.00415733,-0.00510692,-0.00464084,-0.00372214,-0.00415733,0.00239096
2012-08-03,0.00976884,0.01032507,0.01274603,0.01143682,0.00858422,0.01032507,-0.00522974
2012-08-06,0.00142643,0.00198622,0.00200869,0.00197089,0.00196836,0.00198622,0.00064580
2012-08-07,0.00095465,0.00081210,0.00123946,0.00087897,0.00024297,0.00081210,-0.00525508
2012-08-08,0.00018958,0.00040704,0.00059175,0.00046214,0.00018372,0.00040704,-0.00139009
2012-08-09,0.00022762,0.00104836,0.00096420,0.00090169,0.00089461,0.00104836,-0.00074233
2012-08-10,0.00212302,0.00149677,0.00176311,0.00173781,0.00146074,0.00149677,0.00287882
2012-08-13,-0.00055664,-0.00204386,-0.00203479,-0.00205641,-0.00226412,-0.00204386,-0.00064831
2012-08-14,-0.00183890,-0.00144720,-0.00094073,-0.00125372,-0.00193109,-0.00144720,-0.00491111
2012-08-15,-0.00127344,-0.00122331,-0.00142220,-0.00148744,-0.00146617,-0.00122331,-0.00502831
2012-08-16,0.00355758,0.00372223,0.00477358,0.00429888,0.00320872,0.00372223,-0.00243280
2012-08-17,0.00129234,0.00045522,0.00007944,0.00018776,0.00047748,0.00045522,0.00122000
2012-08-20,0.00026054,0.00061204,0.00035826,0.00043118,0.00068993,0.00061204,0.00056122
2012-08-21,-0.00152680,0.00018871,-0.00048488,-0.00015329,0.00088974,0.00018871,0.00084389
2012-08-22,0.00327288,0.00319106,0.00215866,0.00266620,0.00394212,0.00319106,0.00776533
2012-08-23,-0.00430272,-0.00303112,-0.00383446,-0.00314850,-0.00144286,-0.00303112,0.00176480
2012-08-24,0.00349129,0.00227393,0.00309180,0.00276362,0.00186183,0.00227393,-0.00046387
2012-08-27,0.00114321,-0.00067085,-0.00123043,-0.00102164,-0.00061309,-0.00067085,0.00259685
2012-08-28,-0.00045714,-0.00029885,-0.00056490,-0.00041342,0.00002300,-0.00029885,0.00036931
2012-08-29,0.00022035,-0.00062791,-0.00078436,-0.00091255,-0.00123917,-0.00062791,-0.00064605
2012-08-30,-0.00366442,-0.00331823,-0.00451776,-0.00399678,-0.00270947,-0.00331823,0.00184953
2012-08-31,0.00543540,0.00642180,0.00608239,0.00638138,0.00721825,0.00642180,0.00646391
2012-09-04,-0.00146943,-0.00141250,-0.00151993,-0.00137509,-0.00089694,-0.00141250,-0.00101688
2012-09-05,-0.00065825,-0.00110377,-0.00112203,-0.00093151,-0.00065912,-0.00110377,0.00072010
2012-09-06,0.00945747,0.00808951,0.01120413,0.00777392,0.00258937,0.00808951,0.00138895
2012-09-07,0.00287328,0.00596676,0.00670850,0.00656865,0.00680318,0.00596676,0.00232496
2012-09-10,-0.00326775,-0.00351705,-0.00463617,-0.00369718,-0.00203305,-0.00351705,0.00002894
2012-09-11,0.00095813,0.00265952,0.00381554,0.00282053,0.00147631,0.00265952,0.00373277
2012-09-12,0.00009161,0.00075061,0.00151479,0.00055035,-0.00059246,0.00075061,-0.00009027
2012-09-13,0.01040779,0.01127579,0.01306355,0.01167144,0.00986219,0.01127579,0.00719492
2012-09-14,-0.00093176,0.00136667,0.00256726,0.00145899,0.00092793,0.00136667,0.00125855
2012-09-17,-0.00129421,-0.00379663,-0.00336548,-0.00325092,-0.00427481,-0.00379663,-0.00087251
2012-09-18,0.00047469,0.00036843,0.00047726,0.00085533,0.00099978,0.00036843,-0.00025633
2012-09-19,0.00123772,-0.00000716,0.00044884,0.00040760,-0.00034904,-0.00000716,-0.00029416
2012-09-20,0.00025886,-0.00090759,-0.00176181,-0.00135092,-0.00074620,-0.00090759,-0.00417201
2012-09-21,0.00057571,0.00097894,0.00047261,0.00085446,0.00153899,0.00097894,-0.00052163
2012-09-24,-0.00005667,-0.00102691,-0.00091048,-0.00094774,-0.00166477,-0.00102691,-0.00104112
2012-09-25,-0.00505894,-0.00530231,-0.00742473,-0.00525945,-0.00203108,-0.00530231,-0.00488745
2012-09-26,-0.00178324,-0.00245897,-0.00327733,-0.00239150,-0.00157230,-0.00245897,-0.00209930
2012-09-27,0.00486615,0.00689249,0.00830263,0.00701299,0.00575516,0.00689249,0.00649595
2012-09-28,-0.00281615,-0.00263460,-0.00369165,-0.00286258,-0.00140431,-0.00263460,-0.00312837
2012-10-01,0.00232338,0.00250895,0.00146634,0.00193684,0.00222360,0.00250895,0.00840766
2012-10-02,0.00036602,0.00049257,0.00003000,0.00033011,0.00057651,0.00049257,0.00183464
2012-10-03,0.00285787,0.00053830,0.00129936,-0.00019739,0.00020832,0.00053830,-0.00554070
2012-10-04,0.00273129,0.00445966,0.00047878,0.00420654,0.00457723,0.00445966,0.00891820
2012-10-05,-0.00175365,-0.00178720,-0.00337436,-0.00262650,-0.00210967,-0.00178720,-0.00020269
2012-10-08,-0.00078602,-0.00162050,0.00068184,-0.00078150,-0.00138287,-0.00162050,-0.00715545
2012-10-09,-0.00677448,-0.00508241,-0.00339895,-0.00350782,-0.00437864,-0.00508241,-0.00671336
2012-10-10,-0.00287777,-0.00266157,0.00019261,-0.00148440,-0.00221115,-0.00266157,-0.00530435
2012-10-11,0.00070610,0.00256740,0.00094183,0.00230488,0.00247406,0.00256740,0.00772294
2012-10-12,-0.00192839,-0.00237705,-0.00186863,-0.00302557,-0.00272681,-0.00237705,-0.00278952
2012-10-15,0.00509656,0.00327554,-0.00101732,0.00020564,0.00158880,0.00327554,0.00492661
2012-10-16,0.00420141,0.00390363,-0.00032087,0.00182152,0.00309217,0.00390363,0.00817154
2012-10-17,0.00023836,0.00097336,-0.00250168,-0.00035156,0.00058639,0.00097336,0.00626615
2012-10-18,-0.00227517,-0.00193556,-0.00198174,-0.00175867,-0.00183588,-0.00193556,-0.00233398
2012-10-19,-0.00844791,-0.00804635,-0.00161280,-0.00551232,-0.00696509,-0.00804635,-0.01275828
2012-10-22,-0.00125419,0.00007209,-0.00094634,-0.00033314,0.00015956,0.00007209,0.00795349
2012-10-23,-0.00645920,-0.00725818,-0.00154145,-0.00524649,-0.00660538,-0.00725818,-0.01717314
2012-10-24,-0.00255281,-0.00189969,-0.00207490,-0.00197933,-0.00187987,-0.00189969,0.00059039
2012-10-25,0.00027383,0.00159962,-0.00031865,0.00105791,0.00159818,0.00159962,0.00824280
2012-10-26,0.00221325,0.00076766,0.00320667,0.00170334,0.00094772,0.00076766,-0.00521338
2012-10-31,0.00164834,0.00153551,0.00352643,0.00260205,0.00210298,0.00153551,-0.00037468
2012-11-01,0.00548329,0.00509610,-0.00087702,0.00114325,0.00287701,0.00509610,0.00134086
2012-11-02,-0.00502897,-0.00550485,-0.00474381,-0.00596869,-0.00622264,-0.00550485,-0.00134237
2012-11-05,0.00219533,0.00230725,0.00215707,0.00239198,0.00237696,0.00230725,0.00188334
2012-11-06,0.00288494,0.00423815,0.00216444,0.00407051,0.00473412,0.00423815,-0.00089552
2012-11-07,-0.01035491,-0.00874716,0.00230289,-0.00239286,-0.00544422,-0.00874716,0.00208631
2012-11-08,-0.00537563,-0.00385461,0.00315145,0.00100541,-0.00096633,-0.00385461,0.00247342
2012-11-09,0.00055211,0.00050848,-0.00044368,-0.00006284,0.00010660,0.00050848,-0.00275532
2012-11-12,0.00073411,0.00063639,0.00019596,0.00020469,0.00037461,0.00063639,0.00286414
2012-11-13,-0.00156889,-0.00229164,-0.00032933,-0.00126883,-0.00189957,-0.00229164,-0.00242017
2012-11-14,-0.00786708,-0.00654020,-0.00123665,-0.00281273,-0.00437756,-0.00654020,-0.00326783
2012-11-15,-0.00118334,-0.00096591,-0.00169986,-0.00166778,-0.00145235,-0.00096591,-0.00008643
2012-11-16,0.00316560,0.00262297,0.00057973,0.00134381,0.00187160,0.00262297,0.00102019
2012-11-19,0.01108059,0.01086802,0.00322765,0.00664375,0.00881791,0.01086802,0.00119165
2012-11-20,-0.00142420,-0.00172522,-0.00271977,-0.00246086,-0.00211475,-0.00172522,-0.00270823
2012-11-21,0.00051287,0.00020821,-0.00051704,-0.00010973,0.00005494,0.00020821,-0.00228466
2012-11-23,0.00789303,0.00731374,0.00347382,0.00490976,0.00610187,0.00731374,0.00202114
2012-11-26,-0.00060430,-0.00027735,0.00059878,0.00026494,0.00002588,-0.00027735,0.00235336
2012-11-27,-0.00212612,-0.00224438,-0.00032654,-0.00123838,-0.00185957,-0.00224438,-0.00138714
2012-11-28,0.00532283,0.00300358,-0.00096343,-0.00008736,0.00093259,0.00300358,0.00288534
2012-11-29,0.00319723,0.00368354,0.00185652,0.00279324,0.00331833,0.00368354,0.00269917
2012-11-30,0.00005255,-0.00011715,-0.00125633,-0.00081326,-0.00053702,-0.00011715,0.00117842
2012-12-03,-0.00311417,-0.00105639,-0.00028188,0.00036695,0.00052721,-0.00105639,-0.00015635
2012-12-04,-0.00014513,-0.00071107,-0.00137719,-0.00250150,-0.00278339,-0.00071107,0.00254415
2012-12-05,0.00139096,0.00200904,0.00036761,0.00070348,0.00045248,0.00200904,0.00967197
2012-12-06,0.00225117,0.00204261,0.00124963,0.00071712,0.00044550,0.00204261,0.00692416
2012-12-07,0.00067348,0.00057751,-0.00030272,0.00022015,0.00012480,0.00057751,0.00242657
2012-12-10,0.00062094,0.00119500,0.00134404,0.00111060,0.00105562,0.00119500,0.00519689
2012-12-11,0.00331542,0.00223675,-0.00066138,-0.00013236,-0.00052073,0.00223675,0.00462784
2012-12-12,-0.00139051,-0.00015989,-0.00202083,-0.00047301,-0.00055632,-0.00015989,0.00300232
2012-12-13,-0.00447132,-0.00443802,-0.00345844,-0.00458023,-0.00460824,-0.00443802,-0.00428232
2012-12-14,-0.00135510,-0.00009062,0.00044013,0.00058670,0.00069759,-0.00009062,0.00382083
2012-12-17,0.00496149,0.00332915,-0.00119381,0.00048198,0.00001123,0.00332915,0.00278619
2012-12-18,0.00519328,0.00300935,-0.00373137,-0.00165713,-0.00237413,0.00300935,0.00616131
2012-12-19,-0.00397481,-0.00236076,-0.00056474,-0.00078686,-0.00053064,-0.00236076,-0.00052487
2012-12-20,0.00374669,0.00237703,-0.00145244,-0.00115201,-0.00170517,0.00237703,0.00570339
2012-12-21,-0.00445902,-0.00382329,0.00128935,-0.00031826,0.00027441,-0.00382329,-0.01057814
2012-12-24,-0.00226864,-0.00203801,-0.00053802,-0.00118479,-0.00106518,-0.00203801,-0.00215216
2012-12-26,-0.00173538,0.00017676,0.00082132,0.00152465,0.00174748,0.00017676,0.00284224
2012-12-27,0.00000379,0.00101917,0.00136357,0.00109835,0.00108154,0.00101917,0.00540347
2012-12-28,-0.00558750,-0.00343559,-0.00080133,-0.00220031,-0.00203413,-0.00343559,0.00290377
2012-12-31,0.00806751,0.00698933,0.00047261,0.00301853,0.00232612,0.00698933,0.01370577
2013-01-02,0.01355321,0.01124929,0.00187202,0.00539633,0.00449727,0.01124929,0.01967604
2013-01-03,-0.00339160,-0.00444359,-0.00563943,-0.00616552,-0.00643919,-0.00444359,-0.00713449
2013-01-04,0.00285380,0.00148187,-0.00028894,-0.00067051,-0.00101857,0.00148187,0.00195029
2013-01-07,-0.00144328,-0.00158571,-0.00100818,-0.00060795,-0.00038975,-0.00158571,-0.00755454
2013-01-08,-0.00079307,-0.00085446,0.00234001,0.00157174,0.00200094,-0.00085446,-0.00896044
2013-01-09,0.00176341,0.00165764,0.00060764,0.00079530,0.00064362,0.00165764,0.00429296
2013-01-10,0.00368748,0.00373616,0.00126792,0.00285509,0.00270749,0.00373616,0.00866337
2013-01-11,0.00120364,-0.00030340,0.00037190,-0.00095267,-0.00101565,-0.00030340,-0.00791888
2013-01-14,-0.00056052,0.00043415,0.00038772,0.00130442,0.00143802,0.00043415,0.00427172
2013-01-15,0.00136598,0.00056828,0.00248183,0.00106802,0.00114561,0.00056828,-0.00425355
2013-01-16,0.00042908,0.00008430,0.00065951,0.00025836,0.00029033,0.00008430,-0.00089757
2013-01-17,0.00213860,0.00244526,-0.00065860,0.00148856,0.00135614,0.00244526,0.00557956
2013-01-18,0.00245577,0.00215085,0.00129576,0.00179680,0.00177691,0.00215085,0.00217223
2013-01-22,0.00362014,0.00235730,0.00163168,0.00186139,0.00182812,0.00235730,-0.00156229
2013-01-23,0.00116563,-0.00002115,-0.00017272,-0.00020945,-0.00019120,-0.00002115,-0.00525857
2013-01-24,-0.00048758,-0.00104254,-0.00294471,-0.00230393,-0.00246215,-0.00104254,-0.00359629
2013-01-25,0.00087260,-0.00051476,-0.00377780,-0.00238568,-0.00263792,-0.00051476,-0.00338633
2013-01-28,-0.00153256,-0.00186839,-0.00162571,-0.00142540,-0.00131598,-0.00186839,-0.00701937
2013-01-29,0.00184026,0.00238720,0.00042834,0.00162051,0.00146455,0.00238720,0.01117278
2013-01-30,-0.00219886,-0.00152233,0.00135501,0.00184930,0.00242749,-0.00152233,-0.00473585
2013-01-31,-0.00119197,-0.00096737,-0.00077685,-0.00079950,-0.00079362,-0.00096737,0.00192695
2013-02-01,0.00480588,0.00374810,-0.00071397,0.00067009,0.00042371,0.00374810,0.00856578
2013-02-04,-0.00448896,-0.00394394,0.00278551,0.00070706,0.00112712,-0.00394394,-0.01195871
2013-02-05,0.00461640,0.00302002,-0.00091002,0.00063336,0.00048423,0.00302002,0.00672199
2013-02-06,0.00164076,0.00086701,0.00207926,0.00107310,0.00104450,0.00086701,0.00002870
2013-02-07,-0.00060900,-0.00182748,-0.00069228,-0.00165780,-0.00166603,-0.00182748,-0.00415178
2013-02-08,0.00364716,0.00298541,0.00053153,0.00108867,0.00090936,0.00298541,0.00623008
2013-02-11,-0.00053046,-0.00117294,-0.00287299,-0.00295530,-0.00315417,-0.00117294,-0.00029432
2013-02-12,0.00058175,0.00107868,-0.00007267,0.00068507,0.00068040,0.00107868,0.00205435
2013-02-13,-0.00086737,-0.00031436,-0.00284051,-0.00187961,-0.00201687,-0.00031436,0.00240405
2013-02-14,0.00223996,0.00109459,0.00134398,0.00024025,0.00009771,0.00109459,0.00036407
2013-02-15,-0.00108722,-0.00214574,-0.00406778,-0.00448616,-0.00475193,-0.00214574,-0.00205246
2013-02-19,0.00388913,0.00220558,-0.00054639,-0.00032912,-0.00059859,0.00220558,0.00546091
2013-02-20,-0.00669396,-0.00662109,-0.00509823,-0.00728787,-0.00748117,-0.00662109,-0.01116056
2013-02-21,-0.00287444,-0.00304204,0.00185315,-0.00046933,-0.00030642,-0.00304204,-0.00889050
2013-02-22,0.00635566,0.00466639,0.00223657,0.00258335,0.00237919,0.00466639,0.00778244
2013-02-25,-0.00839881,-0.00600796,0.00374213,0.00055441,0.00110459,-0.00600796,-0.01694706
2013-02-26,0.00332646,0.00334299,0.00193103,0.00229485,0.00217371,0.00334299,0.00639120
2013-02-27,0.00734641,0.00474665,-0.00096575,-0.00085366,-0.00148771,0.00474665,0.01198582
2013-02-28,-0.00062829,-0.00143686,-0.00129075,-0.00196763,-0.00204844,-0.00143686,-0.00299339
2013-03-01,0.00297567,0.00189345,-0.00010487,0.00092746,0.00092950,0.00189345,0.00199459
2013-03-04,0.00226426,-0.00003899,-0.00135398,-0.00082612,-0.00074057,-0.00003899,0.00156624
2013-03-05,0.00498474,0.00476612,0.00230107,0.00322121,0.00373158,0.00476612,0.00397429
2013-03-06,-0.00043519,0.00000286,-0.00066742,-0.00012426,-0.00002937,0.00000286,-0.00007596
2013-03-07,-0.00041991,0.00009607,-0.00093299,-0.00065291,-0.00030741,0.00009607,0.00158328
2013-03-08,0.00058853,0.00123294,-0.00062216,0.00019374,0.00064971,0.00123294,0.00204431
2013-03-11,0.00249660,0.00096574,0.00080233,0.00078977,0.00076758,0.00096574,0.00061818
2013-03-12,-0.00029717,-0.00074091,0.00248830,0.00098036,0.00060181,-0.00074091,-0.00094157
2013-03-13,0.00052726,-0.00102957,-0.00135044,-0.00122749,-0.00126958,-0.00102957,0.00055319
2013-03-14,0.00335475,0.00322663,0.00234622,0.00255501,0.00285676,0.00322663,0.00425237
2013-03-15,0.00055355,-0.00024343,0.00145368,0.00058330,0.00029473,-0.00024343,-0.00045174
2013-03-18,-0.00207642,-0.00200550,0.00135834,0.00004186,-0.00051118,-0.00200550,-0.00141616
2013-03-19,-0.00019492,-0.00099996,0.00019439,-0.00015536,-0.00056735,-0.00099996,-0.00187214
2013-03-20,0.00272198,0.00239677,-0.00027124,0.00069364,0.00125208,0.00239677,0.00433521
2013-03-21,-0.00416880,-0.00348640,0.00002560,-0.00138844,-0.00196435,-0.00348640,-0.00371121
2013-03-22,0.00501400,0.00320760,0.00065884,0.00165184,0.00194514,0.00320760,0.00173441
2013-03-25,-0.00224465,-0.00161909,-0.00068493,-0.00112043,-0.00125771,-0.00161909,-0.00224881
2013-03-26,0.00525790,0.00499568,0.00192475,0.00309384,0.00356427,0.00499568,0.00356099
2013-03-27,0.00168338,0.00185891,0.00288949,0.00237625,0.00222302,0.00185891,-0.00121281
2013-03-28,0.00113513,0.00025290,-0.00252677,-0.00112310,-0.00093446,0.00025290,0.00216601
2013-04-01,-0.00131748,-0.00154571,0.00043204,-0.00065909,-0.00040179,-0.00154571,0.00108258
2013-04-02,0.00216782,0.00021407,-0.00355420,-0.00167503,-0.00193134,0.00021407,-0.00011557
2013-04-03,-0.00440571,-0.00494157,-0.00450899,-0.00426033,-0.00359149,-0.00494157,-0.00112867
2013-04-04,0.00403127,0.00214663,0.00143971,0.00174586,0.00183682,0.00214663,0.00016524
2013-04-05,-0.00141152,0.00009409,0.00433049,0.00240930,0.00280736,0.00009409,0.00035373
2013-04-08,0.00271780,0.00151949,-0.00128428,-0.00002962,-0.00040112,0.00151949,0.00169269
2013-04-09,0.00221334,0.00323362,0.00280374,0.00299707,0.00278598,0.00323362,0.00321675
2013-04-10,0.00565172,0.00327553,-0.00433157,-0.00050723,-0.00118306,0.00327553,0.00418196
2013-04-11,0.00241565,0.00153141,0.00096888,0.00141609,0.00145157,0.00153141,0.00037550
2013-04-12,0.00073681,-0.00362569,-0.00938096,-0.00670115,-0.00654531,-0.00362569,-0.00000228
2013-04-15,-0.01303067,-0.01618944,-0.02338471,-0.01977455,-0.01923635,-0.01618944,-0.00821336
2013-04-16,0.00761547,0.00805436,0.00451578,0.00623713,0.00542739,0.00805436,0.00776896
2013-04-17,-0.00800341,-0.00711281,-0.00341379,-0.00483554,-0.00400877,-0.00711281,-0.00302775
2013-04-18,-0.00349388,-0.00158945,0.00097804,-0.00050927,-0.00031602,-0.00158945,-0.00209590
2013-04-19,0.00492926,0.00473661,0.00302481,0.00417469,0.00389971,0.00473661,0.00047752
2013-04-22,0.00286437,0.00348431,0.00504473,0.00435163,0.00429277,0.00348431,0.00256105
2013-04-23,0.00588417,0.00372283,-0.00097403,0.00160128,0.00127395,0.00372283,0.00461316
2013-04-24,0.00056410,0.00219343,0.00417635,0.00292184,0.00275423,0.00219343,0.00166140
2013-04-25,0.00198341,0.00401199,0.00678911,0.00519776,0.00492918,0.00401199,0.00287693
2013-04-26,0.00037865,-0.00114669,-0.00052265,-0.00079600,-0.00045339,-0.00114669,-0.00112757
2013-04-29,0.00386242,0.00444167,0.00382309,0.00386262,0.00348576,0.00444167,0.00242030
2013-04-30,0.00135854,0.00229097,-0.00026347,0.00156832,0.00147398,0.00229097,0.00305537
2013-05-01,-0.00395450,-0.00501955,-0.00193452,-0.00382148,-0.00319378,-0.00501955,-0.00673462
2013-05-02,0.00554555,0.00554463,0.00198479,0.00409509,0.00322914,0.00554463,0.00831427
2013-05-03,0.00266037,0.00265894,-0.00331071,0.00041973,-0.00114518,0.00265894,0.00724675
2013-05-06,0.00102120,0.00077973,-0.00038766,0.00035494,0.00001393,0.00077973,0.00189811
2013-05-07,0.00251615,0.00129485,-0.00260413,-0.00021294,-0.00145527,0.00129485,0.00312656
2013-05-08,0.00323375,0.00390342,0.00375743,0.00405044,0.00391987,0.00390342,0.00421439
2013-05-09,-0.00178250,-0.00267992,-0.00272971,-0.00300680,-0.00288892,-0.00267992,-0.00284661
2013-05-10,-0.00025096,-0.00233829,-0.00422177,-0.00312067,-0.00364700,-0.00233829,0.00043170
2013-05-13,-0.00020905,-0.00225077,-0.00263129,-0.00257757,-0.00269190,-0.00225077,-0.00082283
2013-05-14,0.00472592,0.00266823,-0.00206649,0.00098816,-0.00056020,0.00266823,0.00726497
2013-05-15,0.00431670,0.00142253,-0.00274302,-0.00059279,-0.00180786,0.00142253,0.00365116
2013-05-16,-0.00103584,-0.00075635,0.00116451,-0.00019023,0.00038791,-0.00075635,-0.00236754
2013-05-17,0.00381382,0.00155905,-0.00618478,-0.00171764,-0.00382986,0.00155905,0.00649402
2013-05-20,-0.00032568,0.00185900,0.00539441,0.00359029,0.00464420,0.00185900,0.00030261
2013-05-21,0.00189375,0.00019291,-0.00161640,-0.00069512,-0.00129850,0.00019291,0.00158320
2013-05-22,-0.00761740,-0.00733284,-0.00660882,-0.00707741,-0.00683456,-0.00733284,-0.00700758
2013-05-23,-0.00137849,-0.00063384,0.00401755,0.00117449,0.00265611,-0.00063384,-0.00283968
2013-05-24,-0.00037413,-0.00171559,-0.00105227,-0.00161849,-0.00139926,-0.00171559,-0.00119027
2013-05-28,-0.00086893,-0.00061774,-0.00597221,-0.00260863,-0.00396622,-0.00061774,0.00281881
2013-05-29,-0.00244683,-0.00290465,0.00303058,-0.00067583,0.00094673,-0.00290465,-0.00569173
2013-05-30,0.00230747,0.00203603,0.00272371,0.00248635,0.00256209,0.00203603,0.00314856
2013-05-31,-0.00989398,-0.01049464,-0.00660573,-0.00930126,-0.00808994,-0.01049464,-0.01400196
2013-06-03,0.00387366,0.00522592,0.00497014,0.00526371,0.00513748,0.00522592,0.00534392
2013-06-04,-0.00391172,-0.00392995,-0.00372058,-0.00363250,-0.00368081,-0.00392995,-0.00480699
2013-06-05,-0.00646658,-0.00640835,0.00133295,-0.00087841,0.00005260,-0.00640835,-0.01400058
2013-06-06,0.00589158,0.00557168,0.00280581,0.00349445,0.00321473,0.00557168,0.00905246
2013-06-07,0.00448356,0.00066019,-0.00760568,-0.00562964,-0.00646551,0.00066019,0.01272112
2013-06-10,-0.00098509,-0.00245737,-0.00084845,-0.00144005,-0.00117197,-0.00245737,0.00000000
2013-06-11,-0.00523713,-0.00621014,-0.00098001,-0.00268954,-0.00195971,-0.00621014,-0.01031615
2013-06-12,-0.00675924,-0.00457956,-0.00214050,-0.00252010,-0.00235987,-0.00457956,-0.00827700
2013-06-13,0.01214609,0.01095179,0.00493400,0.00625973,0.00570066,0.01095179,0.01520863
2013-06-14,-0.00323949,-0.00287058,0.00088162,0.00004839,0.00039918,-0.00287058,-0.00627239
2013-06-17,0.00367655,0.00268927,-0.00160235,-0.00057970,-0.00101477,0.00268927,0.00772197
2013-06-18,0.00452867,0.00291224,-0.00164793,-0.00053277,-0.00100711,0.00291224,0.00790537
2013-06-19,-0.01377484,-0.01393483,-0.01120864,-0.01154521,-0.01142537,-0.01393483,-0.01381718
2013-06-20,-0.01675523,-0.01997535,-0.01614639,-0.01837220,-0.01740865,-0.01997535,-0.02477782
2013-06-21,-0.00231914,-0.00120503,-0.00338118,-0.00268537,-0.00296994,-0.00120503,0.00321083
2013-06-24,-0.00858238,-0.00908140,-0.00449217,-0.00577999,-0.00524726,-0.00908140,-0.01263565
2013-06-25,0.00529169,0.00645312,-0.00011329,0.00167178,0.00092605,0.00645312,0.00961366
2013-06-26,0.00756670,0.00491685,-0.00478552,-0.00298205,-0.00375042,0.00491685,0.00990099
2013-06-27,0.00567889,0.00531637,0.00020268,0.00124677,0.00079534,0.00531637,0.00586977
2013-06-28,-0.00293668,-0.00076042,0.00432703,0.00338893,0.00379073,-0.00076042,-0.00409729
2013-07-01,0.00366750,0.00424451,0.00431747,0.00441069,0.00460981,0.00424451,0.00585952
2013-07-02,-0.00040320,-0.00242558,-0.00143577,-0.00167122,-0.00151500,-0.00242558,-0.00092966
2013-07-03,-0.00051780,-0.00034739,0.00016773,0.00016571,0.00043891,-0.00034739,0.00043440
2013-07-05,-0.00021284,-0.00401065,-0.01225710,-0.01076802,-0.01064765,-0.00401065,0.01078891
2013-07-08,0.00576967,0.00613318,0.00617558,0.00621194,0.00631540,0.00613318,0.00570503
2013-07-09,0.00503525,0.00506139,0.00331203,0.00366544,0.00367541,0.00506139,0.00719686
2013-07-10,-0.00116611,-0.00114690,-0.00133015,-0.00123324,-0.00105442,-0.00114690,0.00036383
2013-07-11,0.01221242,0.01528292,0.01206889,0.01278116,0.01258867,0.01528292,0.01362003
2013-07-12,-0.00004912,-0.00102588,-0.00045166,-0.00055381,-0.00041262,-0.00102588,0.00041824
2013-07-15,0.00355688,0.00369084,0.00234746,0.00258560,0.00248827,0.00369084,0.00382121
2013-07-16,-0.00210182,-0.00051905,0.00140353,0.00116824,0.00127305,-0.00051905,-0.00374674
2013-07-17,0.00328164,0.00308699,-0.00011096,0.00035788,0.00019359,0.00308699,0.00256687
2013-07-18,0.00152056,0.00055406,-0.00070189,-0.00039505,-0.00015592,0.00055406,0.00547757
2013-07-19,0.00321114,0.00245023,0.00515105,0.00463678,0.00463193,0.00245023,0.00177663
2013-07-22,0.00115570,0.00320671,0.00627236,0.00589405,0.00592871,0.00320671,0.00195068
2013-07-23,-0.00175338,0.00010846,0.00046456,0.00049152,0.00050073,0.00010846,-0.00212373
2013-07-24,-0.00485246,-0.00650519,-0.00775642,-0.00765138,-0.00779246,-0.00650519,-0.00366598
2013-07-25,0.00206049,0.00201427,0.00285113,0.00270470,0.00262759,0.00201427,0.00243280
2013-07-26,0.00099436,0.00015960,0.00070503,0.00053542,0.00038955,0.00015960,0.00106545
2013-07-29,-0.00267992,-0.00324384,-0.00176890,-0.00203853,-0.00194931,-0.00324384,-0.00307453
2013-07-30,-0.00011411,-0.00050900,-0.00078203,-0.00077179,-0.00083498,-0.00050900,0.00000000
2013-07-31,0.00070247,0.00073433,0.00076730,0.00085758,0.00113731,0.00073433,0.00071198
2013-08-01,0.00339715,0.00191924,-0.00566702,-0.00269747,-0.00404941,0.00191924,0.01155829
2013-08-02,0.00439325,0.00327148,0.00414183,0.00306507,0.00377073,0.00327148,0.00169895
2013-08-05,-0.00212908,-0.00294172,-0.00258855,-0.00273117,-0.00266409,-0.00294172,-0.00146251
2013-08-06,-0.00331296,-0.00426940,-0.00291906,-0.00379537,-0.00332170,-0.00426940,-0.00568226
2013-08-07,-0.00050185,-0.00177501,0.00180940,-0.00005674,0.00092044,-0.00177501,-0.00324065
2013-08-08,0.00278874,0.00514958,0.00540016,0.00576425,0.00554785,0.00514958,0.00366512
2013-08-09,-0.00146087,-0.00022174,0.00014951,0.00037133,0.00011231,-0.00022174,-0.00288622
2013-08-12,-0.00149235,0.00129353,0.00227878,0.00277449,0.00229252,0.00129353,-0.00118134
2013-08-13,-0.00183137,-0.00159020,-0.00680063,-0.00461759,-0.00562697,-0.00159020,0.00295684
2013-08-14,-0.00274088,-0.00065346,0.00164557,0.00115860,0.00122289,-0.00065346,-0.00512915
2013-08-15,-0.01062320,-0.00677800,-0.00037865,-0.00173016,-0.00148129,-0.00677800,-0.01398586
2013-08-16,-0.00353522,-0.00318918,-0.00112205,-0.00166381,-0.00148952,-0.00318918,-0.00330589
2013-08-19,-0.00555300,-0.00644727,-0.00405367,-0.00497883,-0.00462052,-0.00644727,-0.00639219
2013-08-20,0.00511606,0.00417857,0.00422337,0.00393645,0.00418206,0.00417857,0.00491595
2013-08-21,-0.00620977,-0.00696196,-0.00469181,-0.00540554,-0.00517208,-0.00696196,-0.00615995
2013-08-22,0.00530244,0.00553124,0.00189717,0.00334427,0.00275827,0.00553124,0.00911504
2013-08-23,0.00426921,0.00575250,0.00683410,0.00684222,0.00673032,0.00575250,0.00337219
2013-08-26,-0.00143996,-0.00120472,0.00168863,0.00093799,0.00110788,-0.00120472,-0.00372068
2013-08-27,-0.00737254,-0.00576252,0.00356406,0.00059811,0.00160541,-0.00576252,-0.01608475
2013-08-28,0.00046329,0.00064630,-0.00188359,-0.00070651,-0.00127263,0.00064630,0.00355117
2013-08-29,0.00134735,0.00103127,-0.00081467,-0.00080921,-0.00052309,0.00103127,0.00158603
2013-08-30,-0.00265112,-0.00169053,-0.00339388,-0.00289446,-0.00306879,-0.00169053,-0.00316704
2013-09-03,0.00044519,0.00094227,0.00005088,0.00148949,0.00064112,0.00094227,0.00452167
2013-09-04,0.00366774,0.00289454,-0.00377127,-0.00037321,-0.00270455,0.00289454,0.00827323
2013-09-05,-0.00225268,-0.00210405,-0.00767977,-0.00395382,-0.00644936,-0.00210405,0.00126675
2013-09-06,0.00268161,0.00470978,0.00611468,0.00549555,0.00587420,0.00470978,0.00048192
2013-09-09,0.00659778,0.00655892,0.00163704,0.00412269,0.00236990,0.00655892,0.00957616
2013-09-10,0.00268101,0.00132877,-0.00467821,-0.00130308,-0.00353260,0.00132877,0.00739727
2013-09-11,0.00388436,0.00287733,0.00309511,0.00264178,0.00291282,0.00287733,0.00313856
2013-09-12,-0.00158211,-0.00349123,-0.00620517,-0.00469082,-0.00570938,-0.00349123,-0.00265660
2013-09-13,0.00188159,0.00164616,0.00107482,0.00098693,0.00097426,0.00164616,0.00224918
2013-09-16,0.00439108,0.00336283,-0.00021316,0.00084850,0.00003049,0.00336283,0.00578774
2013-09-17,0.00350538,0.00188866,0.00184479,0.00097364,0.00151065,0.00188866,0.00446244
2013-09-18,0.01189492,0.01631761,0.01646729,0.01820594,0.01716170,0.01631761,0.01157407
2013-09-19,-0.00236847,-0.00275167,-0.00244136,-0.00273225,-0.00253782,-0.00275167,-0.00167549
2013-09-20,-0.00388959,-0.00649702,-0.00564332,-0.00736117,-0.00631591,-0.00649702,-0.00699185
2013-09-23,-0.00135193,-0.00068086,0.00096420,-0.00076933,0.00024589,-0.00068086,-0.00462807
2013-09-24,0.00000265,-0.00103143,0.00159596,-0.00079284,0.00070194,-0.00103143,-0.00235357
2013-09-25,-0.00066803,-0.00081134,0.00271965,0.00029957,0.00187902,-0.00081134,-0.00289067
2013-09-26,0.00147373,0.00114325,-0.00220788,0.00051650,-0.00122123,0.00114325,0.00384588
2013-09-27,-0.00224511,-0.00244074,0.00192477,-0.00131312,0.00079715,-0.00244074,-0.00459708
2013-09-30,-0.00256345,-0.00338295,-0.00077027,-0.00298589,-0.00158348,-0.00338295,-0.00532842
2013-10-01,0.00385926,0.00286040,-0.00590953,0.00159303,-0.00252091,0.00286040,0.00791646
2013-10-02,0.00009487,0.00203097,0.00469662,0.00291629,0.00410892,0.00203097,-0.00094515
2013-10-03,-0.00500154,-0.00320065,-0.00005211,-0.00280960,-0.00147238,-0.00320065,-0.00922041
2013-10-04,0.00344026,0.00324927,-0.00171004,0.00295760,0.00068954,0.00324927,0.00757672
2013-10-07,-0.00484940,-0.00311659,0.00137097,-0.00238344,-0.00025719,-0.00311659,-0.00864477
2013-10-08,-0.00717831,-0.00525288,-0.00202587,-0.00490070,-0.00336307,-0.00525288,-0.01164709
2013-10-09,-0.00027967,-0.00023403,-0.00276931,-0.00048681,-0.00180530,-0.00023403,0.00072558
2013-10-10,0.01200536,0.00968292,-0.00184164,0.00854388,0.00355978,0.00968292,0.02155806
2013-10-11,0.00447192,0.00232175,-0.00135663,0.00133529,-0.00032965,0.00232175,0.00644267
2013-10-14,0.00108750,0.00120455,-0.00118405,0.00117801,0.00003207,0.00120455,0.00399426
2013-10-15,-0.00431756,-0.00329208,0.00096025,-0.00268451,-0.00079722,-0.00329208,-0.00725433
2013-10-16,0.01035359,0.00787689,0.00354895,0.00696727,0.00522443,0.00787689,0.01396622
2013-10-17,0.00629691,0.00632230,0.00975095,0.00691251,0.00816168,0.00632230,0.00668298
2013-10-18,0.00413475,0.00286995,0.00002559,0.00249795,0.00143157,0.00286995,0.00675438
2013-10-21,-0.00023328,-0.00064099,-0.00017954,-0.00064516,-0.00047065,-0.00064099,0.00005749
2013-10-22,0.00624341,0.00614609,0.00789827,0.00634049,0.00691551,0.00614609,0.00579167
2013-10-23,-0.00222600,-0.00462879,-0.00075559,-0.00515670,-0.00333765,-0.00462879,-0.00478872
2013-10-24,0.00121337,0.00097069,0.00129592,0.00133500,0.00151825,0.00097069,0.00332200
2013-10-25,0.00346142,0.00304714,0.00237102,0.00303303,0.00274519,0.00304714,0.00456756
2013-10-28,0.00058851,0.00112095,-0.00016058,0.00122877,0.00063846,0.00112095,0.00159134
2013-10-29,0.00377997,0.00224509,-0.00014791,0.00158294,0.00050944,0.00224509,0.00533397
2013-10-30,-0.00405067,-0.00335956,-0.00208537,-0.00304704,-0.00239528,-0.00335956,-0.00496682
2013-10-31,-0.00218450,-0.00352325,-0.00387990,-0.00413056,-0.00422334,-0.00352325,-0.00283670
2013-11-01,-0.00078743,-0.00194672,-0.00100769,-0.00266266,-0.00299466,-0.00194672,0.00238989
2013-11-04,0.00289829,0.00228077,0.00287139,0.00177725,0.00164194,0.00228077,0.00351798
2013-11-05,-0.00369734,-0.00495785,-0.00566942,-0.00512041,-0.00433292,-0.00495785,-0.00316684
2013-11-06,0.00428768,0.00374546,0.00395535,0.00374871,0.00369934,0.00374546,0.00510594
2013-11-07,-0.00657492,-0.00623418,-0.00763898,-0.00663572,-0.00471969,-0.00623418,-0.01264306
2013-11-08,0.00358493,0.00062422,0.00196103,0.00034233,-0.00264574,0.00062422,0.01349134
2013-11-11,-0.00009258,-0.00096559,-0.00155818,-0.00106573,-0.00113632,-0.00096559,0.00016896
2013-11-12,-0.00158020,-0.00247200,-0.00248421,-0.00292910,-0.00281905,-0.00247200,-0.00203000
2013-11-13,0.00649709,0.00489523,0.00494429,0.00434555,0.00409660,0.00489523,0.00802391
2013-11-14,0.00492591,0.00585764,0.00633432,0.00622749,0.00591581,0.00585764,0.00498933
2013-11-15,0.00232882,0.00333089,0.00470772,0.00354646,0.00233017,0.00333089,0.00435142
2013-11-18,-0.00073807,-0.00052331,-0.00042049,-0.00096401,-0.00086457,-0.00052331,-0.00349933
2013-11-19,-0.00278211,-0.00258991,-0.00256790,-0.00248676,-0.00236433,-0.00258991,-0.00217389
2013-11-20,-0.00406136,-0.00531216,-0.00568042,-0.00581580,-0.00666518,-0.00531216,-0.00312793
2013-11-21,0.00524456,0.00399969,0.00381569,0.00403605,0.00283114,0.00399969,0.00806907
2013-11-22,0.00416302,0.00355594,0.00375701,0.00339872,0.00287320,0.00355594,0.00500194
2013-11-25,-0.00029848,-0.00109738,-0.00172292,-0.00129281,-0.00030394,-0.00109738,-0.00099541
2013-11-26,0.00101519,0.00076530,0.00078563,0.00038356,0.00024982,0.00076530,0.00027685
2013-11-27,0.00059676,0.00065763,0.00128859,0.00069953,-0.00012609,0.00065763,0.00243551
2013-11-29,-0.00063430,0.00113520,0.00173310,0.00166374,0.00160621,0.00113520,-0.00066293
2013-12-02,-0.00328020,-0.00561590,-0.00629201,-0.00658436,-0.00719777,-0.00561590,-0.00259670
2013-12-03,-0.00188255,-0.00100888,-0.00191600,-0.00085726,0.00046026,-0.00100888,-0.00432036
2013-12-04,-0.00188846,-0.00090510,-0.00074355,-0.00026585,0.00060710,-0.00090510,-0.00011156
2013-12-05,-0.00362939,-0.00361724,-0.00385889,-0.00382381,-0.00408453,-0.00361724,-0.00439538
2013-12-06,0.00705973,0.00686933,0.00840186,0.00677236,0.00392497,0.00686933,0.01117738
2013-12-09,0.00200518,0.00204997,0.00249117,0.00221201,0.00240559,0.00204997,0.00254215
2013-12-10,-0.00050073,0.00097261,0.00024457,0.00149917,0.00366170,0.00097261,-0.00358315
2013-12-11,-0.00828396,-0.00786074,-0.00929180,-0.00774793,-0.00552092,-0.00786074,-0.01123118
2013-12-12,-0.00313092,-0.00431823,-0.00410571,-0.00494520,-0.00609616,-0.00431823,-0.00330096
2013-12-13,0.00053180,0.00114277,0.00138977,0.00149001,0.00210961,0.00114277,-0.00011257
2013-12-16,0.00352823,0.00308285,0.00364992,0.00310759,0.00206896,0.00308285,0.00623187
2013-12-17,-0.00063451,-0.00167525,-0.00233436,-0.00212570,-0.00145901,-0.00167525,-0.00317987
2013-12-18,0.00870110,0.00658459,0.00878676,0.00600330,0.00128873,0.00658459,0.01707182
2013-12-19,-0.00235425,-0.00460082,-0.00532146,-0.00543851,-0.00606559,-0.00460082,-0.00115540
2013-12-20,0.00474058,0.00377216,0.00332345,0.00375680,0.00431638,0.00377216,0.00581845
2013-12-23,0.00197064,0.00165819,0.00264424,0.00163995,-0.00012914,0.00165819,0.00534267
2013-12-24,-0.00020300,0.00054777,0.00114668,0.00088281,0.00014881,0.00054777,0.00219141
2013-12-26,0.00275244,0.00118080,0.00107453,0.00104885,0.00131913,0.00118080,0.00508393
2013-12-27,-0.00026926,0.00160411,0.00226745,0.00202253,0.00115133,0.00160411,-0.00005491
2013-12-30,0.00096111,0.00025159,0.00052798,-0.00026703,-0.00143579,0.00025159,-0.00016272
2013-12-31,0.00111674,0.00152713,0.00269356,0.00194912,0.00079929,0.00152713,0.00473248
2014-01-02,-0.00418413,-0.00579205,-0.00777689,-0.00651629,-0.00274173,-0.00579205,-0.00958369
2014-01-03,-0.00034020,-0.00017651,0.00008953,-0.00004742,0.00062183,-0.00017651,-0.00016355
2014-01-06,-0.00059621,-0.00069080,-0.00152947,-0.00080166,0.00017035,-0.00069080,-0.00289795
2014-01-07,0.00430556,0.00263822,0.00303285,0.00210664,0.00118528,0.00263822,0.00614153
2014-01-08,-0.00184674,-0.00234498,-0.00156089,-0.00230149,-0.00262899,-0.00234498,0.00021807
2014-01-09,0.00144195,0.00047080,0.00045573,0.00012492,0.00069278,0.00047080,0.00065408
2014-01-10,0.00501588,0.00644399,0.00641815,0.00667351,0.00679415,0.00644399,0.00272253
2014-01-13,-0.00676446,-0.00483538,-0.00640778,-0.00470212,-0.00267772,-0.00483538,-0.01330493
2014-01-14,0.00491512,0.00332933,0.00485932,0.00309452,0.00098520,0.00332933,0.01089724
2014-01-15,0.00284845,0.00182376,0.00213973,0.00167728,0.00111964,0.00182376,0.00539056
2014-01-16,0.00034727,-0.00029964,-0.00085424,-0.00067452,-0.00012676,-0.00029964,-0.00130008
2014-01-17,-0.00155892,-0.00069610,-0.00143804,-0.00049878,0.00072048,-0.00069610,-0.00422908
2014-01-21,0.00130626,0.00023416,0.00036794,-0.00012123,-0.00093275,0.00023416,0.00294042
2014-01-22,-0.00073520,0.00056731,0.00120974,0.00107060,-0.00001539,0.00056731,0.00065106
2014-01-23,-0.00215581,-0.00234598,-0.00465647,-0.00253163,0.00090789,-0.00234598,-0.00819313
2014-01-24,-0.01099632,-0.00913638,-0.01224530,-0.00904910,-0.00563840,-0.00913638,-0.02133601
2014-01-27,-0.00414556,-0.00396402,-0.00377903,-0.00419876,-0.00448067,-0.00396402,-0.00491865
2014-01-28,0.00410256,0.00378804,0.00423357,0.00379619,0.00310120,0.00378804,0.00595479
2014-01-29,-0.00368724,-0.00288226,-0.00465070,-0.00282062,-0.00038914,-0.00288226,-0.00960533
2014-01-30,0.00577834,0.00297260,0.00433624,0.00208307,-0.00045937,0.00297260,0.01060024
2014-01-31,-0.00181156,-0.00071016,-0.00129875,-0.00075253,-0.00009172,-0.00071016,-0.00585862
2014-02-03,-0.01133589,-0.00884748,-0.01208050,-0.00952157,-0.00970812,-0.00884748,-0.02250505
2014-02-04,0.00292727,0.00379033,0.00512402,0.00439023,0.00414910,0.00379033,0.00700500
2014-02-05,-0.00220921,-0.00171729,-0.00170363,-0.00156811,-0.00160876,-0.00171729,-0.00125437
2014-02-06,0.00710971,0.00673133,0.00860619,0.00740423,0.00735426,0.00673133,0.01318713
2014-02-07,0.00849617,0.00718884,0.00750050,0.00723837,0.00715586,0.00718884,0.01239534
2014-02-10,0.00130141,-0.00022364,-0.00042781,-0.00048932,-0.00018923,-0.00022364,0.00183698
2014-02-11,0.00484067,0.00577431,0.00766621,0.00682547,0.00676529,0.00577431,0.01094355
2014-02-12,-0.00063020,-0.00052425,-0.00043240,-0.00040164,-0.00047311,-0.00052425,0.00049454
2014-02-13,0.00499367,0.00425772,0.00396327,0.00407144,0.00409842,0.00425772,0.00516272
2014-02-14,0.00307895,0.00393580,0.00479378,0.00448838,0.00450888,0.00393580,0.00551898
2014-02-18,0.00168882,0.00112288,-0.00019075,0.00070683,0.00040188,0.00112288,0.00119555
2014-02-19,-0.00479372,-0.00417810,-0.00492575,-0.00436565,-0.00459444,-0.00417810,-0.00662146
2014-02-20,0.00315675,0.00298179,0.00361893,0.00323284,0.00336688,0.00298179,0.00590076
2014-02-21,-0.00019412,0.00061619,0.00095898,0.00080114,0.00082765,0.00061619,-0.00114086
2014-02-24,0.00298762,0.00274629,0.00301247,0.00300725,0.00304457,0.00274629,0.00554680
2014-02-25,0.00111208,-0.00029110,-0.00092541,-0.00077556,-0.00054432,-0.00029110,-0.00037818
2014-02-26,0.00118200,0.00051010,0.00048531,0.00018673,0.00024349,0.00051010,0.00005395
2014-02-27,0.00364936,0.00416763,0.00551038,0.00463409,0.00471352,0.00416763,0.00524758
2014-02-28,0.00115895,0.00009815,-0.00014524,-0.00006748,-0.00014219,0.00009815,0.00252893
2014-03-03,-0.00224648,-0.00112915,-0.00359562,0.00040627,-0.00077472,-0.00112915,-0.00703169
2014-03-04,0.00529684,0.00383362,0.00652998,0.00240933,0.00365249,0.00383362,0.01405516
2014-03-05,0.00097482,0.00022669,0.00053271,0.00010777,0.00027573,0.00022669,0.00090639
2014-03-06,-0.00033384,0.00183432,0.00255234,0.00254134,0.00249227,0.00183432,0.00229048
2014-03-07,-0.00145713,-0.00335183,-0.00350224,-0.00367057,-0.00358825,-0.00335183,0.00042525
2014-03-10,0.00010757,-0.00097409,-0.00102290,-0.00114960,-0.00104725,-0.00097409,-0.00053167
2014-03-11,-0.00259862,-0.00243093,-0.00340358,-0.00192667,-0.00234360,-0.00243093,-0.00494262
2014-03-12,0.00172604,0.00216511,0.00210734,0.00261427,0.00251784,0.00216511,0.00026763
2014-03-13,-0.00441149,-0.00436558,-0.00630481,-0.00372972,-0.00447374,-0.00436558,-0.01121358
2014-03-14,-0.00164037,0.00011327,-0.00007590,0.00073453,0.00045430,0.00011327,-0.00280760
2014-03-17,0.00379271,0.00223086,0.00431654,0.00105780,0.00206504,0.00223086,0.00904321
2014-03-18,0.00526542,0.00472943,0.00542702,0.00387834,0.00428017,0.00472943,0.00713788
2014-03-19,-0.00690404,-0.00827328,-0.00890440,-0.00871320,-0.00878798,-0.00827328,-0.00532843
2014-03-20,0.00359745,0.00239316,0.00328527,0.00156898,0.00212427,0.00239316,0.00583911
2014-03-21,-0.00160207,0.00011454,-0.00003324,0.00076060,0.00049400,0.00011454,-0.00388064
2014-03-24,-0.00233559,-0.00121894,-0.00094781,-0.00169676,-0.00157101,-0.00121894,-0.00413537
2014-03-25,0.00261991,0.00327098,0.00391092,0.00319122,0.00336929,0.00327098,0.00474614
2014-03-26,-0.00265460,-0.00149836,-0.00211424,-0.00148276,-0.00173365,-0.00149836,-0.00719282
2014-03-27,-0.00087321,0.00081588,0.00075639,0.00080055,0.00065999,0.00081588,-0.00210794
2014-03-28,0.00154250,0.00170362,0.00277075,0.00149590,0.00188378,0.00170362,0.00493003
2014-03-31,0.00496696,0.00332256,0.00416818,0.00239114,0.00292055,0.00332256,0.00819402
2014-04-01,0.00314788,0.00228180,0.00411145,-0.00011749,0.00120044,0.00228180,0.00663106
2014-04-02,0.00028742,0.00033383,0.00109098,0.00041071,0.00060217,0.00033383,0.00334676
2014-04-03,-0.00052478,-0.00033335,-0.00104024,0.00008922,-0.00027476,-0.00033335,-0.00132385
2014-04-04,-0.00469858,-0.00156385,-0.00300862,0.00169425,0.00025678,-0.00156385,-0.01182197
2014-04-07,-0.00567414,-0.00335452,-0.00391760,-0.00240307,-0.00283871,-0.00335452,-0.01105133
2014-04-08,0.00301259,0.00427414,0.00447467,0.00437492,0.00438291,0.00427414,0.00412257
2014-04-09,0.00629456,0.00484486,0.00574069,0.00329077,0.00402605,0.00484486,0.01075083
2014-04-10,-0.01089546,-0.00716243,-0.00932524,-0.00297148,-0.00489790,-0.00716243,-0.02100565
2014-04-11,-0.00450820,-0.00313223,-0.00376830,-0.00178841,-0.00236629,-0.00313223,-0.00900897
2014-04-14,0.00401239,0.00313041,0.00326839,0.00287690,0.00295900,0.00313041,0.00787871
2014-04-15,0.00455915,0.00043027,-0.00010603,-0.00144945,-0.00104490,0.00043027,0.00688713
2014-04-16,0.00559058,0.00468770,0.00594014,0.00291375,0.00382175,0.00468770,0.01047796
2014-04-17,-0.00145016,-0.00038626,0.00054075,-0.00120252,-0.00069672,-0.00038626,0.00139676
2014-04-21,0.00200902,0.00014342,0.00019197,-0.00059403,-0.00035021,0.00014342,0.00348735
2014-04-22,0.00256725,0.00110995,0.00131421,0.00019676,0.00053383,0.00110995,0.00454473
2014-04-23,-0.00038620,-0.00075815,-0.00143953,0.00001585,-0.00042494,-0.00075815,-0.00234200
2014-04-24,0.00109740,0.00141093,0.00129632,0.00195049,0.00172951,0.00141093,0.00202709
2014-04-25,-0.00437087,-0.00374956,-0.00478437,-0.00155258,-0.00253149,-0.00374956,-0.00819897
2014-04-28,0.00130220,0.00065356,0.00136541,-0.00075106,-0.00009391,0.00065356,0.00316747
2014-04-29,0.00314228,0.00303632,0.00359820,0.00189550,0.00241805,0.00303632,0.00465553
2014-04-30,0.00284753,0.00115878,0.00120276,0.00041917,0.00067564,0.00115878,0.00298224
2014-05-01,0.00121628,0.00039665,0.00050160,-0.00018532,-0.00021231,0.00039665,0.00010675
2014-05-02,-0.00027287,0.00143825,0.00148235,0.00265044,0.00213146,0.00143825,-0.00143381
2014-05-05,0.00091152,0.00017066,0.00013901,0.00064790,0.00005806,0.00017066,0.00191427
2014-05-06,-0.00474688,-0.00235626,-0.00270551,-0.00152168,-0.00193805,-0.00235626,-0.00870413
2014-05-07,0.00382945,0.00235771,0.00278038,0.00001584,0.00165001,0.00235771,0.00588914
2014-05-08,-0.00020590,-0.00044563,-0.00058609,-0.00025591,-0.00058732,-0.00044563,-0.00106407
2014-05-09,0.00057803,-0.00004346,0.00031794,-0.00053817,-0.00036805,-0.00004346,0.00149167
2014-05-12,0.00476720,0.00483706,0.00636894,0.00324689,0.00494345,0.00483706,0.00973622
2014-05-13,0.00209579,0.00205855,0.00175672,0.00170267,0.00189052,0.00205855,0.00089578
2014-05-14,-0.00101854,0.00124736,0.00071370,0.00310586,0.00209379,0.00124736,-0.00473813
2014-05-15,-0.00381246,-0.00369497,-0.00471186,-0.00275707,-0.00394283,-0.00369497,-0.00878034
2014-05-16,0.00120529,0.00210900,0.00321209,0.00088420,0.00228864,0.00210900,0.00346855
2014-05-19,0.00168151,0.00094991,0.00136785,0.00011533,0.00061582,0.00094991,0.00366905
2014-05-20,-0.00259994,-0.00219576,-0.00337154,-0.00068990,-0.00203481,-0.00219576,-0.00630467
2014-05-21,0.00439127,0.00324250,0.00411037,0.00157477,0.00299552,0.00324250,0.00842426
2014-05-22,0.00102662,0.00159961,0.00218298,0.00144812,0.00195284,0.00159961,0.00243228
2014-05-23,0.00321522,0.00192217,0.00172311,0.00151977,0.00163054,0.00192217,0.00400841
2014-05-27,0.00379887,-0.00001850,0.00027511,-0.00295117,-0.00166161,-0.00001850,0.00614702
2014-05-28,0.00175854,0.00179439,0.00149954,0.00141595,0.00151759,0.00179439,-0.00073088
2014-05-29,0.00259825,0.00176146,0.00231338,0.00071042,0.00155452,0.00176146,0.00517244
2014-05-30,0.00066144,-0.00160461,-0.00171991,-0.00229076,-0.00253485,-0.00160461,0.00161205
2014-06-02,-0.00114489,-0.00133251,-0.00096627,-0.00224030,-0.00162604,-0.00133251,0.00114125
2014-06-03,-0.00231739,-0.00106163,-0.00041050,-0.00129099,-0.00082963,-0.00106163,-0.00051787
2014-06-04,0.00090885,-0.00041843,-0.00117796,-0.00090730,-0.00067224,-0.00041843,0.00202233
2014-06-05,0.00451345,0.00452111,0.00480058,0.00407669,0.00462105,0.00452111,0.00652236
2014-06-06,0.00258240,0.00297767,0.00381407,0.00202368,0.00277824,0.00297767,0.00478254
2014-06-09,0.00004506,0.00072577,0.00155833,0.00059603,0.00075799,0.00072577,0.00102385
2014-06-10,-0.00062879,0.00017979,0.00035618,0.00039301,0.00054701,0.00017979,0.00010215
2014-06-11,-0.00157200,-0.00132205,-0.00175795,-0.00076710,-0.00116601,-0.00132205,-0.00347667
2014-06-12,-0.00274880,-0.00071669,0.00033580,0.00156351,-0.00021443,-0.00071669,-0.00707947
2014-06-13,0.00106661,0.00078950,0.00087687,0.00049646,0.00082548,0.00078950,0.00304818
2014-06-16,0.00049777,-0.00024314,-0.00011693,-0.00041298,-0.00050119,-0.00024314,0.00082397
2014-06-17,0.00002473,-0.00018530,0.00048667,-0.00057863,-0.00018472,-0.00018530,0.00277965
2014-06-18,0.00652596,0.00608483,0.00612253,0.00521738,0.00578142,0.00608483,0.00734006
2014-06-19,-0.00031464,0.00135341,0.00234348,0.00445660,0.00290921,0.00135341,0.00112043
2014-06-20,0.00169113,0.00098170,0.00109213,0.00076265,0.00078957,0.00098170,0.00202875
2014-06-23,-0.00045336,-0.00058321,-0.00099959,-0.00034280,-0.00038420,-0.00058321,-0.00030631
2014-06-24,-0.00205554,-0.00090574,-0.00082140,0.00025616,-0.00064320,-0.00090574,-0.00602410
2014-06-25,0.00311788,0.00227714,0.00215085,0.00160439,0.00200652,0.00227714,0.00451992
2014-06-26,0.00059659,0.00018158,-0.00046341,0.00008053,0.00007951,0.00018158,-0.00071604
2014-06-27,0.00117718,0.00082290,0.00068384,0.00045383,0.00075284,0.00082290,0.00194493
2014-06-30,-0.00000448,-0.00009812,-0.00095837,0.00088758,0.00047166,-0.00009812,-0.00051083
2014-07-01,0.00270591,0.00202674,0.00212282,-0.00013105,0.00144766,0.00202674,0.00836888
2014-07-02,-0.00100922,-0.00032150,0.00008212,-0.00112325,-0.00036164,-0.00032150,0.00463656
2014-07-03,0.00215739,0.00140156,0.00174970,0.00017278,0.00105967,0.00140156,0.00565524
2014-07-07,-0.00114357,-0.00111244,-0.00204887,-0.00103122,-0.00104977,-0.00111244,-0.00142632
2014-07-08,-0.00206939,-0.00151864,-0.00227228,-0.00040305,-0.00127099,-0.00151864,-0.00499395
2014-07-09,0.00277321,0.00219252,0.00178370,0.00170003,0.00235412,0.00219252,0.00532802
2014-07-10,-0.00153472,-0.00131103,-0.00154405,0.00021339,-0.00088813,-0.00131103,-0.00504026
2014-07-11,0.00148290,0.00068103,-0.00049178,0.00016333,0.00067002,0.00068103,-0.00047118
2014-07-14,0.00213793,0.00086059,0.00162525,-0.00230499,-0.00071165,0.00086059,0.00702521
2014-07-15,-0.00147409,-0.00212527,-0.00301488,-0.00336176,-0.00260777,-0.00212527,-0.00099396
2014-07-16,0.00280647,0.00199653,0.00177676,0.00160449,0.00178822,0.00199653,0.00281007
2014-07-17,-0.00454477,-0.00392456,-0.00463110,0.00088093,-0.00241992,-0.00392456,-0.01677842
2014-07-18,0.00530686,0.00425737,0.00412361,0.00069050,0.00325073,0.00425737,0.01419411
2014-07-21,-0.00101061,-0.00000105,0.00084346,0.00084535,0.00027517,-0.00000105,0.00199709
2014-07-22,0.00311841,0.00243423,0.00194390,0.00039738,0.00171513,0.00243423,0.00795564
2014-07-23,0.00129750,0.00113021,0.00134173,0.00075972,0.00097111,0.00113021,0.00124471
2014-07-24,-0.00157673,-0.00099267,-0.00025284,-0.00212557,-0.00130016,-0.00099267,0.00330232
2014-07-25,-0.00129101,-0.00031096,-0.00024529,0.00216301,0.00053828,-0.00031096,-0.00418334
2014-07-28,-0.00021772,0.00004123,0.00030974,-0.00054525,-0.00010875,0.00004123,0.00520843
2014-07-29,-0.00204770,-0.00215651,-0.00267859,-0.00155459,-0.00206882,-0.00215651,-0.00554524
2014-07-30,-0.00271609,-0.00330271,-0.00323660,-0.00376522,-0.00332143,-0.00330271,-0.00358169
2014-07-31,-0.01200483,-0.01047155,-0.01087451,-0.00771283,-0.00990926,-0.01047155,-0.01808253
2014-08-01,0.00051805,0.00114321,-0.00001719,0.00182839,0.00151117,0.00114321,0.00250657
2014-08-04,0.00455018,0.00434734,0.00494552,0.00218907,0.00343893,0.00434734,0.00859449
2014-08-05,-0.00561918,-0.00524456,-0.00599029,-0.00286078,-0.00441947,-0.00524456,-0.01338447
2014-08-06,0.00053653,0.00091961,0.00102290,0.00305079,0.00182872,0.00091961,-0.00447436
2014-08-07,-0.00140562,-0.00052003,-0.00071866,0.00143855,0.00015126,-0.00052003,-0.00435234
2014-08-08,0.00652683,0.00470210,0.00419503,0.00171422,0.00368845,0.00470210,0.00988564
2014-08-11,0.00153791,0.00262567,0.00338599,0.00117129,0.00224197,0.00262567,0.00940023
2014-08-12,-0.00141261,-0.00120847,-0.00172561,-0.00167165,-0.00126831,-0.00120847,0.00026710
2014-08-13,0.00536397,0.00421332,0.00370616,0.00289182,0.00368158,0.00421332,0.00587640
2014-08-14,0.00363609,0.00200467,0.00037725,0.00038713,0.00146498,0.00200467,0.00264860
2014-08-15,0.00148636,0.00086389,0.00056650,0.00054183,0.00040532,0.00086389,-0.00183991
2014-08-18,0.00375476,0.00257639,0.00207704,-0.00079429,0.00147815,0.00257639,0.00922155
2014-08-19,0.00271962,0.00191901,0.00212603,0.00045200,0.00131383,0.00191901,0.00486007
2014-08-20,0.00043351,-0.00012584,0.00021074,-0.00093538,-0.00048330,-0.00012584,-0.00039349
2014-08-21,0.00259745,0.00081916,0.00046257,-0.00035859,-0.00000805,0.00081916,-0.00176604
2014-08-22,-0.00090134,-0.00101710,-0.00129569,-0.00040045,-0.00078695,-0.00101710,-0.00228698
2014-08-25,0.00336600,0.00290025,0.00315115,0.00132428,0.00227416,0.00290025,0.00657784
2014-08-26,0.00031786,0.00108430,0.00135842,0.00105876,0.00123238,0.00108430,0.00414673
2014-08-27,0.00085367,0.00110900,0.00117365,0.00102606,0.00099530,0.00110900,0.00318981
2014-08-28,0.00019652,-0.00061937,-0.00113294,0.00084788,-0.00014769,-0.00061937,-0.00667739
2014-08-29,0.00175823,0.00094642,0.00080811,0.00035989,0.00061567,0.00094642,-0.00003402
2014-09-02,-0.00285168,-0.00369752,-0.00444907,-0.00524839,-0.00354683,-0.00369752,-0.00172838
2014-09-03,0.00024557,0.00173064,0.00271403,0.00212892,0.00202365,0.00173064,0.01311428
2014-09-04,-0.00228692,-0.00265964,-0.00278679,-0.00294909,-0.00265612,-0.00265964,-0.00263211
2014-09-05,0.00281891,0.00251389,0.00240036,0.00208779,0.00274390,0.00251389,0.00857836
2014-09-08,-0.00197888,-0.00337998,-0.00436431,-0.00394587,-0.00387688,-0.00337998,-0.01177757
2014-09-09,-0.00473215,-0.00500243,-0.00594598,-0.00445576,-0.00516308,-0.00500243,-0.01235828
2014-09-10,0.00125994,-0.00045857,-0.00142546,-0.00148306,-0.00052534,-0.00045857,-0.00424721
2014-09-11,0.00019230,-0.00113451,-0.00172398,-0.00161196,-0.00128442,-0.00113451,-0.00673090
2014-09-12,-0.00502406,-0.00521018,-0.00587381,-0.00534516,-0.00535436,-0.00521018,-0.01061996
2014-09-15,0.00028064,-0.00026084,-0.00060631,0.00000780,-0.00054707,-0.00026084,-0.00502377
2014-09-16,0.00442303,0.00459533,0.00581136,0.00409495,0.00488405,0.00459533,0.01308375
2014-09-17,-0.00018753,-0.00181430,-0.00292370,-0.00308828,-0.00219158,-0.00181430,-0.00928983
2014-09-18,0.00295437,0.00140657,0.00015115,0.00043643,0.00152455,0.00140657,0.00137173
2014-09-19,0.00095135,-0.00024686,-0.00132687,-0.00061836,-0.00076527,-0.00024686,-0.00753566
2014-09-22,-0.00382995,-0.00442730,-0.00612418,-0.00414154,-0.00499958,-0.00442730,-0.01518575
2014-09-23,-0.00260387,-0.00205759,-0.00211224,-0.00081938,-0.00221939,-0.00205759,-0.00560917
2014-09-24,0.00358453,0.00307420,0.00428942,0.00221949,0.00342548,0.00307420,0.01433490
2014-09-25,-0.00781427,-0.00711065,-0.00822414,-0.00515122,-0.00797991,-0.00711065,-0.02177619
2014-09-26,0.00390191,0.00215216,0.00173312,0.00079099,0.00216784,0.00215216,0.00450066
2014-09-29,0.00018118,-0.00169975,-0.00260738,-0.00131811,-0.00266222,-0.00169975,-0.02027372
2014-09-30,-0.00192601,-0.00172887,-0.00323519,-0.00260204,-0.00145132,-0.00172887,0.00000000
2014-10-01,-0.00477055,-0.00415709,-0.00581537,0.00064564,0.00045841,-0.00415709,-0.01405159
2014-10-02,-0.00111312,-0.00030325,-0.00008342,-0.00113385,-0.00117140,-0.00030325,0.00015431
2014-10-03,0.00643931,0.00343331,0.00225924,-0.00159660,-0.00214475,0.00343331,0.01100962
2014-10-06,-0.00004348,0.00269338,0.00442445,0.00378233,0.00411431,0.00269338,-0.00117084
2014-10-07,-0.00686485,-0.00500356,-0.00583153,-0.00069557,-0.00091557,-0.00500356,-0.01543608
2014-10-08,0.01179952,0.00946307,0.00881429,0.00665516,0.00643520,0.00946307,0.01748942
2014-10-09,-0.01250622,-0.01051933,-0.01126739,-0.00557378,-0.00575303,-0.01051933,-0.01983347
2014-10-10,-0.00515118,-0.00597346,-0.00738843,-0.00197063,-0.00211105,-0.00597346,-0.01141388
2014-10-13,-0.00749806,-0.00313220,-0.00243856,0.00095813,0.00081093,-0.00313220,-0.01642699
2014-10-14,0.00172931,0.00110943,-0.00081570,-0.00011907,-0.00080198,0.00110943,0.00154716
2014-10-15,-0.00157571,-0.00243828,-0.00505282,-0.00016854,-0.00072239,-0.00243828,-0.00676647
2014-10-16,-0.00164060,-0.00080900,0.00018610,-0.00020405,0.00037334,-0.00080900,-0.00085776
2014-10-17,0.00561965,0.00521929,0.00617024,0.00175034,0.00198565,0.00521929,0.01181034
2014-10-20,0.00625201,0.00469502,0.00344002,0.00301824,0.00279060,0.00469502,0.00971010
2014-10-21,0.01045918,0.00763763,0.00808054,0.00343407,0.00375913,0.00763763,0.01981088
2014-10-22,-0.00431485,-0.00467390,-0.00575190,-0.00348517,-0.00385688,-0.00467390,-0.00711060
2014-10-23,0.00513822,0.00287012,0.00393050,-0.00017741,0.00018971,0.00287012,0.01162479
2014-10-24,0.00490788,0.00346255,0.00261908,0.00117720,0.00084511,0.00346255,0.00769465
2014-10-27,-0.00039383,-0.00167360,-0.00253241,-0.00109906,-0.00127383,-0.00167360,-0.00137413
2014-10-28,0.00581072,0.00587768,0.00759137,0.00264282,0.00284858,0.00587768,0.01146991
2014-10-29,-0.00224045,-0.00152258,0.00027729,-0.00277641,-0.00238511,-0.00152258,-0.00151218
2014-10-30,0.00425172,0.00243888,0.00153276,-0.00056262,-0.00108251,0.00243888,0.00641092
2014-10-31,0.00619929,0.00303254,0.00297024,-0.00167157,-0.00182454,0.00303254,0.01143509
2014-11-03,0.00017576,-0.00121094,-0.00247591,-0.00133913,-0.00139929,-0.00121094,0.00054551
2014-11-04,-0.00212034,-0.00215377,-0.00338890,-0.00129538,-0.00169019,-0.00215377,-0.00346927
2014-11-05,0.00390047,0.00047148,0.00002572,-0.00186027,-0.00078848,0.00047148,0.00631654
2014-11-06,0.00118719,-0.00029556,-0.00057199,-0.00060673,-0.00043574,-0.00029556,0.00400317
2014-11-07,0.00311165,0.00453262,0.00456218,0.00689045,0.00543074,0.00453262,0.00093539
2014-11-10,0.00026193,-0.00135885,-0.00186642,-0.00384647,-0.00204388,-0.00135885,0.00314750
2014-11-11,0.00062892,0.00144275,0.00180845,0.00234848,0.00185578,0.00144275,0.00098039
2014-11-12,-0.00080144,-0.00145799,-0.00188303,-0.00156762,-0.00161347,-0.00145799,-0.00107756
2014-11-13,0.00132459,-0.00075797,-0.00318915,-0.00020347,-0.00054449,-0.00075797,0.00112753
2014-11-14,0.00098065,0.00280739,0.00409223,0.00475569,0.00358392,0.00280739,0.00024500
2014-11-17,-0.00007052,-0.00166176,-0.00274660,-0.00181596,-0.00190850,-0.00166176,0.00063612
2014-11-18,0.00393499,0.00289081,0.00223961,0.00294143,0.00311509,0.00289081,0.00577430
2014-11-19,-0.00202490,-0.00236894,-0.00271096,-0.00335356,-0.00269289,-0.00236894,-0.00160556
2014-11-20,0.00177774,0.00197654,0.00252180,0.00270500,0.00212354,0.00197654,0.00175428
2014-11-21,0.00402398,0.00694114,0.00920588,0.00539077,0.00703086,0.00694114,0.00535050
2014-11-24,0.00214873,-0.00004667,-0.00159779,-0.00007635,-0.00018659,-0.00004667,0.00280641
2014-11-25,0.00053579,-0.00017637,-0.00131186,0.00048969,-0.00010407,-0.00017637,-0.00072351
2014-11-26,0.00222088,0.00251631,0.00251593,0.00166037,0.00243621,0.00251631,0.00255846
2014-11-28,0.00024992,-0.00624027,-0.01236748,-0.00622617,-0.00676457,-0.00624027,-0.00211862
2014-12-01,-0.00515300,-0.00287609,-0.00107703,0.00237176,0.00092010,-0.00287609,-0.00695008
2014-12-02,0.00208891,-0.00034902,-0.00251725,-0.00263343,-0.00195061,-0.00034902,0.00646408
2014-12-03,0.00247510,0.00218192,0.00158079,0.00275170,0.00268103,0.00218192,0.00386269
2014-12-04,0.00073056,0.00033658,-0.00032243,0.00054988,0.00034931,0.00033658,-0.00110622
2014-12-05,-0.00124153,-0.00213370,-0.00202103,-0.00414385,-0.00353091,-0.00213370,0.00163719
2014-12-08,-0.00270736,-0.00370100,-0.00640047,0.00053157,-0.00094581,-0.00370100,-0.00668226
2014-12-09,0.00107030,0.00133962,0.00129416,0.00429199,0.00341845,0.00133962,-0.00067760
2014-12-10,-0.00779525,-0.00781704,-0.01000360,-0.00315503,-0.00491904,-0.00781704,-0.01603170
2014-12-11,0.00232768,-0.00046595,-0.00181495,-0.00073872,-0.00075071,-0.00046595,0.00506998
2014-12-12,-0.00632500,-0.00692903,-0.00931802,-0.00212450,-0.00412152,-0.00692903,-0.01616136
2014-12-15,-0.00554806,-0.00709715,-0.00871769,-0.00786106,-0.00786548,-0.00709715,-0.00686920
2014-12-16,-0.00264881,-0.00167165,-0.00234205,0.00123067,0.00026509,-0.00167165,-0.00802010
2014-12-17,0.00863836,0.00883586,0.01058989,0.00207864,0.00457611,0.00883586,0.01960497
2014-12-18,0.01236027,0.00919847,0.00892970,0.00448218,0.00618817,0.00919847,0.02472894
2014-12-19,0.00402678,0.00481610,0.00613659,0.00293269,0.00355664,0.00481610,0.00425427
2014-12-22,0.00276033,0.00089825,-0.00029979,-0.00162197,-0.00095514,0.00089825,0.00459994
2014-12-23,-0.00249304,-0.00194577,-0.00057734,-0.00309650,-0.00253918,-0.00194577,0.00134974
2014-12-24,0.00034321,0.00013192,-0.00125810,0.00038424,0.00029554,0.00013192,0.00009649
2014-12-26,0.00247294,0.00281347,0.00273176,0.00407985,0.00380376,0.00281347,0.00322447
2014-12-29,0.00216466,-0.00008881,-0.00189068,-0.00035964,-0.00052744,-0.00008881,0.00134346
2014-12-30,-0.00278734,-0.00100745,-0.00100185,0.00132807,0.00068464,-0.00100745,-0.00536605
2014-12-31,-0.00551918,-0.00435424,-0.00452385,-0.00364835,-0.00397155,-0.00435424,-0.00992273
2015-01-02,0.00171625,-0.00030668,-0.00102663,0.00123500,-0.00007139,-0.00030668,0.00405152
2015-01-05,-0.00836277,-0.00736553,-0.00952440,-0.00279408,-0.00663011,-0.00736553,0.00355660
2015-01-06,-0.00284826,-0.00222699,-0.00331865,0.00043713,-0.00172715,-0.00222699,0.00505393
2015-01-07,0.00726201,0.00639553,0.00872522,0.00409918,0.00664488,0.00639553,0.00109933
2015-01-08,0.00883959,0.00742281,0.00975866,0.00420374,0.00732720,0.00742281,-0.00183659
2015-01-09,-0.00279796,-0.00073397,-0.00146447,0.00130586,-0.00025336,-0.00073397,0.00357720
2015-01-12,-0.00322450,-0.00325307,-0.00341196,-0.00041231,-0.00217347,-0.00325307,0.00234418
2015-01-13,-0.00128626,-0.00031584,0.00007366,-0.00040802,-0.00017047,-0.00031584,0.00053980
2015-01-14,-0.00167576,-0.00096270,-0.00264330,-0.00024011,-0.00155213,-0.00096270,0.00352272
2015-01-15,-0.00186571,-0.00026564,-0.00113555,0.00383955,0.00100366,-0.00026564,0.00674614
2015-01-16,0.00458164,0.00506574,0.00619646,0.00328295,0.00499773,0.00506574,-0.00533259
2015-01-20,0.00219825,0.00119627,0.00155038,0.00280498,0.00206088,0.00119627,0.00227588
2015-01-21,0.00101275,0.00335769,0.00516941,0.00157412,0.00360517,0.00335769,-0.00376227
2015-01-22,0.00777016,0.00693257,0.00899752,0.00538367,0.00740259,0.00693257,-0.00070633
2015-01-23,-0.00061236,-0.00143651,-0.00245487,-0.00063560,-0.00169154,-0.00143651,0.00529256
2015-01-26,0.00045293,-0.00005622,0.00070156,-0.00126939,-0.00017384,-0.00005622,-0.00181256
2015-01-27,-0.00726431,-0.00382238,-0.00515387,-0.00132111,-0.00342662,-0.00382238,-0.00012699
2015-01-28,-0.00440315,-0.00465686,-0.00604815,-0.00270053,-0.00464685,-0.00465686,0.00560641
2015-01-29,0.00393142,0.00113622,0.00234347,-0.00168832,0.00054793,0.00113622,-0.00226683
2015-01-30,-0.00377938,-0.00245886,-0.00659977,0.00123528,-0.00305938,-0.00245886,0.00660182
2015-02-02,0.00692112,0.00642927,0.00757405,0.00398978,0.00538586,0.00642927,-0.00130048
2015-02-03,0.00537638,0.00610295,0.00749684,0.00263409,0.00479004,0.00610295,-0.00843757
2015-02-04,-0.00167352,-0.00270458,-0.00237953,-0.00115061,-0.00187879,-0.00270458,0.00164720
2015-02-05,0.00469755,0.00442880,0.00519794,0.00285157,0.00388553,0.00442880,-0.00365364
2015-02-06,-0.00604336,-0.00687737,-0.00687882,-0.00852819,-0.00773740,-0.00687737,-0.01118413
2015-02-09,-0.00292185,-0.00148046,-0.00236696,-0.00115861,-0.00145524,-0.00148046,-0.00046446
2015-02-10,0.00554471,0.00219175,0.00366946,0.00116647,0.00188477,0.00219175,-0.00250376
2015-02-11,0.00021303,-0.00171407,-0.00162779,-0.00221606,-0.00213812,-0.00171407,-0.00037243
2015-02-12,0.00605839,0.00649084,0.00721300,0.00495753,0.00585436,0.00649084,0.00037257
2015-02-13,0.00125919,0.00272765,0.00333193,0.00206080,0.00269648,0.00272765,-0.00334832
2015-02-17,-0.00172771,-0.00241774,-0.00182308,-0.00382267,-0.00303217,-0.00241774,-0.00709042
2015-02-18,0.00187494,0.00119852,0.00151958,0.00191668,0.00157394,0.00119852,0.00479216
2015-02-19,-0.00140189,-0.00189033,-0.00183400,-0.00189346,-0.00186882,-0.00189033,-0.00252436
2015-02-20,0.00350915,0.00253907,0.00355884,0.00164811,0.00226401,0.00253907,-0.00056266
2015-02-23,0.00164906,-0.00009723,-0.00067626,0.00046715,-0.00008759,-0.00009723,0.00459561
2015-02-24,0.00427815,0.00442540,0.00466017,0.00413803,0.00420767,0.00442540,0.00663098
2015-02-25,-0.00017457,0.00106518,0.00023260,0.00093780,0.00091389,0.00106518,0.00092705
2015-02-26,-0.00298843,-0.00216685,-0.00122817,-0.00170568,-0.00149236,-0.00216685,-0.00593072
2015-02-27,-0.00077029,0.00044187,-0.00065977,0.00068626,0.00035735,0.00044187,0.00354196
2015-03-02,0.00080175,-0.00116533,0.00052829,-0.00366390,-0.00259838,-0.00116533,0.00245720
2015-03-03,-0.00333150,-0.00274788,-0.00356666,-0.00179141,-0.00210796,-0.00274788,-0.00361602
2015-03-04,-0.00224277,-0.00310541,-0.00357618,-0.00143583,-0.00224278,-0.00310541,-0.00296884
2015-03-05,0.00088254,0.00023406,0.00044595,-0.00003355,-0.00000918,0.00023406,0.00096014
2015-03-06,-0.01253600,-0.01220909,-0.01235119,-0.01264672,-0.01266226,-0.01220909,-0.01309783
2015-03-09,0.00434444,0.00187494,0.00146417,0.00209722,0.00164794,0.00187494,0.00427106
2015-03-10,-0.00804988,-0.00803738,-0.00991579,-0.00291010,-0.00534184,-0.00803738,-0.01105112
2015-03-11,-0.00067331,0.00068934,0.00064340,-0.00008931,0.00019975,0.00068934,-0.00128281
2015-03-12,0.00794202,0.00510887,0.00628593,0.00223409,0.00325819,0.00510887,0.00968343
2015-03-13,-0.00426816,-0.00511431,-0.00505213,-0.00251281,-0.00364313,-0.00511431,-0.00495046
2015-03-16,0.00937036,0.00660578,0.00751123,0.00377353,0.00472923,0.00660578,0.01082908
2015-03-17,-0.00095449,-0.00045431,-0.00016433,-0.00043380,-0.00056841,-0.00045431,-0.00169404
2015-03-18,0.01180328,0.01343110,0.01321607,0.01246494,0.01309059,0.01343110,0.01188315
2015-03-19,-0.00461926,-0.00612639,-0.00630580,-0.00376745,-0.00469237,-0.00612639,-0.00459810
2015-03-20,0.00691652,0.00772846,0.00823595,0.00606773,0.00689279,0.00772846,0.00761552
2015-03-23,-0.00064882,0.00084292,0.00024790,0.00145778,0.00126453,0.00084292,-0.00112515
2015-03-24,-0.00213773,-0.00067052,-0.00060055,0.00115538,0.00048839,-0.00067052,-0.00341265
2015-03-25,-0.01047965,-0.00787748,-0.00922739,-0.00428975,-0.00553135,-0.00787748,-0.01200509
2015-03-26,-0.00370311,-0.00255153,-0.00314854,-0.00197214,-0.00198733,-0.00255153,-0.00322143
2015-03-27,0.00294291,0.00099976,0.00187274,0.00093011,0.00070766,0.00099976,0.00270451
2015-03-30,0.00720837,0.00590362,0.00735855,0.00049807,0.00253783,0.00590362,0.00902840
2015-03-31,-0.00417213,-0.00320231,-0.00351729,-0.00064102,-0.00174511,-0.00320231,-0.00584266
2015-04-01,-0.00022184,0.00352712,0.00561133,0.00513587,0.00603628,0.00352712,0.00296274
2015-04-02,0.00100497,0.00155212,-0.00182007,-0.00038059,-0.00123700,0.00155212,-0.00168165
2015-04-06,0.00455447,0.00569015,0.00411626,0.00487136,0.00497018,0.00569015,0.00228404
2015-04-07,-0.00125959,-0.00058027,-0.00065466,-0.00068754,-0.00042345,-0.00058027,0.00019233
2015-04-08,0.00165828,0.00168411,-0.00143848,-0.00003747,-0.00144709,0.00168411,-0.00013553
2015-04-09,0.00104200,0.00093566,-0.00316583,-0.00153705,-0.00225140,0.00093566,-0.00249933
2015-04-10,0.00318093,0.00317903,0.00260340,0.00286922,0.00308872,0.00317903,0.00078052
2015-04-13,-0.00192889,-0.00246983,-0.00099959,-0.00171862,-0.00163894,-0.00246983,0.00081971
2015-04-14,0.00232663,0.00197780,0.00058659,0.00099052,0.00082375,0.00197780,0.00276200
2015-04-15,0.00292382,0.00441421,0.00270878,0.00342229,0.00382839,0.00441421,0.00127797
2015-04-16,0.00011966,0.00114556,-0.00025121,0.00022201,0.00029624,0.00114556,0.00054716
2015-04-17,-0.00613789,-0.00524344,0.00134530,-0.00120259,0.00010179,-0.00524344,-0.00047522
2015-04-20,0.00474857,0.00208976,-0.00171728,-0.00033583,-0.00115250,0.00208976,0.00016883
2015-04-21,-0.00155803,-0.00051619,-0.00024276,-0.00015271,-0.00042097,-0.00051619,-0.00194452
2015-04-22,0.00065773,0.00057653,-0.00531094,-0.00303470,-0.00388880,0.00057653,-0.00382750
2015-04-23,0.00273021,0.00349935,0.00333962,0.00337584,0.00365055,0.00349935,0.00295745
2015-04-24,0.00279007,0.00170246,-0.00058124,0.00012066,-0.00033876,0.00170246,0.00328899
2015-04-27,-0.00313366,-0.00038357,0.00291658,0.00198271,0.00257891,-0.00038357,-0.00204642
2015-04-28,0.00009779,0.00023203,-0.00057200,-0.00012278,-0.00020240,0.00023203,-0.00316606
2015-04-29,-0.00395349,-0.00396793,-0.00368778,-0.00391279,-0.00339644,-0.00396793,-0.00378158
2015-04-30,-0.00618429,-0.00564228,-0.00455567,-0.00525491,-0.00454408,-0.00564228,-0.00209612
2015-05-01,0.00431721,0.00281107,-0.00250696,-0.00144399,-0.00172745,0.00281107,0.00417015
2015-05-04,0.00090316,0.00129290,0.00081322,0.00096308,0.00079032,0.00129290,0.00092126
2015-05-05,-0.00759611,-0.00516038,-0.00139714,-0.00197221,-0.00037313,-0.00516038,-0.00763208
2015-05-06,-0.00442342,-0.00461813,-0.00350446,-0.00373561,-0.00345923,-0.00461813,-0.00442058
2015-05-07,0.00409345,0.00120621,0.00085392,0.00058871,-0.00146428,0.00120621,0.00409249
2015-05-08,0.00946890,0.00838498,0.00447671,0.00527213,0.00507738,0.00838498,0.00950327
2015-05-11,-0.00677356,-0.00657480,-0.00660285,-0.00651089,-0.00615452,-0.00657480,-0.00675489
2015-05-12,-0.00151536,-0.00020353,0.00188657,0.00161598,0.00286817,-0.00020353,-0.00152915
2015-05-13,-0.00040726,0.00066996,0.00291457,0.00260691,0.00304118,0.00066996,-0.00040168
2015-05-14,0.00766007,0.00665281,0.00383236,0.00438400,0.00421087,0.00665281,0.00768592
2015-05-15,0.00347428,0.00360022,0.00459164,0.00431023,0.00379384,0.00360022,0.00345189
2015-05-18,-0.00077608,-0.00214633,-0.00322658,-0.00295914,-0.00267470,-0.00214633,-0.00073981
2015-05-19,-0.00193595,-0.00320517,-0.00533728,-0.00512078,-0.00714656,-0.00320517,-0.00192087
2015-05-20,0.00042218,0.00019727,0.00149395,0.00119216,0.00100014,0.00019727,0.00041160
2015-05-21,0.00410404,0.00292220,0.00266415,0.00263338,0.00312887,0.00292220,0.00409286
2015-05-22,-0.00233662,-0.00150617,-0.00124190,-0.00125190,-0.00171921,-0.00150617,-0.00233711
2015-05-26,-0.00409715,-0.00574154,-0.00123281,-0.00260186,-0.00472967,-0.00574154,-0.00415951
2015-05-27,0.00550858,0.00275792,0.00058626,0.00084999,-0.00064617,0.00275792,0.00554567
2015-05-28,-0.00031505,-0.00123360,0.00043954,0.00006999,0.00063064,-0.00123360,-0.00032264
2015-05-29,-0.00354171,-0.00207181,0.00007402,-0.00018422,0.00155940,-0.00207181,-0.00356665
2015-06-01,-0.00054469,-0.00108048,-0.00257646,-0.00230328,-0.00247371,-0.00108048,0.00005998
2015-06-02,-0.00337128,-0.00127900,-0.00279314,-0.00188565,-0.00134843,-0.00127900,-0.00277154
2015-06-03,-0.00178821,-0.00355328,-0.00560569,-0.00531776,-0.00571988,-0.00355328,-0.00066732
2015-06-04,-0.00319409,-0.00430330,0.00014222,-0.00120746,-0.00123242,-0.00430330,-0.00452528
2015-06-05,-0.00390490,-0.00332003,-0.00475058,-0.00406616,-0.00369571,-0.00332003,-0.00335157
2015-06-08,-0.00314404,-0.00160476,0.00071042,0.00029786,0.00052573,-0.00160476,-0.00390406
2015-06-09,-0.00138105,-0.00081814,-0.00124873,-0.00067671,0.00001420,-0.00081814,-0.00106887
2015-06-10,0.00570323,0.00528677,0.00087387,0.00196044,0.00169087,0.00528677,0.00729145
2015-06-11,0.00506412,0.00235966,0.00343826,0.00262467,0.00211593,0.00235966,0.00459727
2015-06-12,-0.00486070,-0.00372764,-0.00106515,-0.00174282,-0.00181994,-0.00372764,-0.00556865
2015-06-15,-0.00163914,-0.00232922,0.00187917,0.00088675,0.00113054,-0.00232922,-0.00230811
2015-06-16,0.00480077,0.00368718,0.00204697,0.00237173,0.00232857,0.00368718,0.00496504
2015-06-17,0.00120099,0.00166985,0.00153727,0.00165982,0.00170817,0.00166985,0.00130601
2015-06-18,0.00596614,0.00525811,0.00299490,0.00345882,0.00317746,0.00525811,0.00708558
2015-06-19,-0.00058645,-0.00148040,0.00180047,0.00069290,0.00050131,-0.00148040,-0.00156248
2015-06-22,-0.00025170,0.00063796,-0.00625772,-0.00451356,-0.00479829,0.00063796,0.00110598
2015-06-23,-0.00077198,0.00055295,-0.00287118,-0.00181458,-0.00167531,0.00055295,-0.00039662
2015-06-24,-0.00324507,-0.00320516,0.00022721,-0.00073495,-0.00073665,-0.00320516,-0.00426513
2015-06-25,-0.00281911,-0.00238259,-0.00175724,-0.00175512,-0.00154217,-0.00238259,-0.00287518
2015-06-26,-0.00200533,-0.00243293,-0.00242290,-0.00221729,-0.00187629,-0.00243293,-0.00154598
2015-06-29,-0.00811826,-0.00706438,0.00473164,0.00190626,0.00255672,-0.00706438,-0.01137549
2015-06-30,0.00014391,0.00264604,-0.00245727,-0.00080174,-0.00045213,0.00264604,0.00063313
2015-07-01,0.00272007,0.00047164,-0.00260961,-0.00255178,-0.00276037,0.00047164,-0.00054955
2015-07-02,0.00085566,0.00144880,0.00154571,0.00139060,0.00142526,0.00144880,0.00190234
2015-07-06,0.00109921,-0.00364231,0.00381990,0.00063939,0.00185398,-0.00364231,0.00342415
2015-07-07,0.00483499,0.00079247,-0.00018223,-0.00054372,-0.00046499,0.00079247,0.00398380
2015-07-08,-0.00848889,-0.00875740,0.00081743,-0.00104862,-0.00001214,-0.00875740,-0.00362439
2015-07-09,-0.00174357,0.00124432,-0.00315691,-0.00158468,-0.00224441,0.00124432,-0.00380095
2015-07-10,0.00473899,0.00571258,-0.00212090,-0.00034388,-0.00124915,0.00571258,0.00016506
2015-07-13,0.00558447,0.00361429,-0.00132958,-0.00062466,-0.00107128,0.00361429,0.00236918
2015-07-14,0.00387389,0.00221995,0.00161171,0.00124197,0.00129885,0.00221995,0.00359793
2015-07-15,0.00130471,-0.00095875,0.00089615,-0.00018465,0.00019999,-0.00095875,0.00227904
2015-07-16,0.00470368,0.00380247,0.00006235,0.00043678,0.00011542,0.00380247,0.00273235
2015-07-17,0.00055203,-0.00081416,-0.00184953,-0.00207587,-0.00207860,-0.00081416,0.00037532
2015-07-20,-0.00047098,-0.00359697,-0.00641481,-0.00690868,-0.00694361,-0.00359697,-0.00106115
2015-07-21,-0.00131633,-0.00071770,0.00051840,0.00037680,0.00048252,-0.00071770,0.00025936
2015-07-22,-0.00060026,-0.00327524,-0.00063426,-0.00189113,-0.00142281,-0.00327524,0.00011088
2015-07-23,-0.00179645,-0.00250772,0.00060583,-0.00053442,-0.00007184,-0.00250772,0.00048217
2015-07-24,-0.00587917,-0.00508945,0.00112092,-0.00019086,0.00048103,-0.00508945,-0.00322495
2015-07-27,-0.00217016,-0.00444035,0.00021626,-0.00157375,-0.00086132,-0.00444035,-0.00003105
2015-07-28,0.00621097,0.00545965,-0.00001006,0.00125835,0.00064720,0.00545965,0.00267025
2015-07-29,0.00357518,0.00382341,0.00034902,0.00115667,0.00075742,0.00382341,0.00162995
2015-07-30,0.00059307,-0.00076892,-0.00092603,-0.00113590,-0.00106893,-0.00076892,0.00080363
2015-07-31,0.00140684,0.00166345,0.00410433,0.00284196,0.00324722,0.00166345,0.00313678
2015-08-03,-0.00080460,-0.00354940,-0.00064167,-0.00235525,-0.00166912,-0.00354940,0.00036120
2015-08-04,-0.00324131,-0.00147753,-0.00271710,-0.00198214,-0.00226614,-0.00147753,-0.00383451
2015-08-05,0.00042581,-0.00045669,-0.00245112,-0.00137413,-0.00219584,-0.00045669,-0.00089949
2015-08-06,-0.00352286,-0.00300301,0.00181437,-0.00073794,0.00103553,-0.00300301,-0.00135958
2015-08-07,0.00044360,0.00003194,0.00236844,0.00114808,0.00182768,0.00003194,0.00153225
2015-08-10,0.00585102,0.00680586,0.00131393,0.00417342,0.00273177,0.00680586,0.00275371
2015-08-11,-0.00278353,-0.00437556,0.00346732,-0.00062994,0.00188284,-0.00437556,0.00010853
2015-08-12,0.00056399,-0.00089378,0.00255032,0.00087208,0.00200952,-0.00089378,0.00027270
2015-08-13,-0.00180010,-0.00217284,-0.00325285,-0.00273117,-0.00319167,-0.00217284,-0.00205557
2015-08-14,0.00176028,0.00081707,-0.00026283,0.00039522,-0.00024888,0.00081707,0.00089463
2015-08-17,0.00406327,0.00129071,0.00188144,0.00146739,0.00158121,0.00129071,0.00336032
2015-08-18,-0.00237671,-0.00295728,-0.00124987,-0.00211158,-0.00158216,-0.00295728,-0.00213628
2015-08-19,-0.00228828,-0.00217653,0.00506442,0.00153435,0.00371993,-0.00217653,0.00030667
2015-08-20,-0.01135011,-0.00742046,0.00298273,-0.00214071,0.00175862,-0.00742046,-0.00698307
2015-08-21,-0.01612526,-0.01305489,0.00025200,-0.00633013,-0.00191333,-0.01305489,-0.00981076
2015-08-24,-0.02380303,-0.02037052,-0.00463372,-0.01250033,-0.00730808,-0.02037052,-0.01570319
2015-08-25,-0.00906639,-0.00464725,-0.00636719,-0.00539477,-0.00580771,-0.00464725,-0.00790298
2015-08-26,0.01921256,0.01352171,-0.00278064,0.00543149,-0.00083351,0.01352171,0.01098437
2015-08-27,0.01411308,0.01505966,0.00259870,0.00870695,0.00512178,0.01505966,0.00943305
2015-08-28,0.00010737,0.00084941,0.00225557,0.00122575,0.00274163,0.00084941,0.00013284
2015-08-31,-0.00543522,-0.00194192,-0.00138419,-0.00190661,-0.00082069,-0.00194192,-0.00425263
2015-09-01,-0.01611895,-0.01509855,-0.00044984,-0.00646568,-0.00342817,-0.01509855,0.00429358
2015-09-02,0.01011942,0.00765388,-0.00080130,0.00147216,0.00006433,0.00765388,-0.00271907
2015-09-03,0.00141285,0.00136940,-0.00021955,0.00018078,-0.00008012,0.00136940,0.00244389
2015-09-04,-0.00777859,-0.00824167,-0.00061406,-0.00329118,-0.00177652,-0.00824167,0.00309490
2015-09-08,0.01308416,0.01132753,0.00006263,0.00298310,0.00106287,0.01132753,-0.00439403
2015-09-09,-0.00785938,-0.00639504,-0.00350307,-0.00484355,-0.00425808,-0.00639504,0.00037556
2015-09-10,0.00233080,0.00312281,-0.00002719,0.00160907,0.00087142,0.00312281,-0.00225251
2015-09-11,0.00377570,0.00258652,0.00155238,0.00141339,0.00133584,0.00258652,0.00263387
2015-09-14,-0.00184175,-0.00205979,-0.00002418,-0.00160809,-0.00104313,-0.00205979,0.00093820
2015-09-15,0.00428665,0.00296518,-0.00362937,-0.00159588,-0.00278236,0.00296518,-0.00787345
2015-09-16,0.00510181,0.00648720,0.00333259,0.00515199,0.00430907,0.00648720,-0.00028403
2015-09-17,0.00193723,0.00168787,0.00632360,0.00440402,0.00535435,0.00168787,0.00831740
2015-09-18,-0.00795784,-0.00694481,0.00224815,-0.00096066,0.00078465,-0.00694481,0.00468614
2015-09-21,0.00078374,-0.00007690,-0.00390096,-0.00215432,-0.00294005,-0.00007690,-0.00569101
2015-09-22,-0.00577868,-0.00639203,-0.00016806,-0.00246291,-0.00122873,-0.00639203,0.00497303
2015-09-23,-0.00140483,-0.00283026,0.00001941,-0.00103470,-0.00043012,-0.00283026,-0.00112026
2015-09-24,-0.00154270,-0.00044295,0.00450235,0.00382520,0.00450485,-0.00044295,0.00149536
2015-09-25,-0.00121702,-0.00176706,-0.00297803,-0.00250026,-0.00273399,-0.00176706,-0.00261297
2015-09-28,-0.01258336,-0.01216501,-0.00236720,-0.00626360,-0.00433285,-0.01216501,0.00570805
2015-09-29,0.00176738,0.00179987,0.00109468,0.00138513,0.00123801,0.00179987,0.00344284
2015-09-30,0.01100263,0.00977298,-0.00002376,0.00244492,0.00079401,0.00977298,0.00018543
2015-10-01,0.00187318,0.00081302,-0.00042557,0.00056956,0.00066289,0.00081302,0.00078173
2015-10-02,0.01089697,0.01089851,0.00893923,0.00917765,0.00863796,0.01089851,0.00482476
2015-10-05,0.00852691,0.00865716,0.00233041,0.00138964,-0.00074902,0.00865716,-0.00554021
2015-10-06,-0.00128426,0.00125913,0.00589696,0.00307164,0.00294821,0.00125913,0.00204281
2015-10-07,0.00398906,0.00586556,0.00034021,0.00108027,-0.00020059,0.00586556,-0.00250176
2015-10-08,0.00448774,0.00405790,0.00031024,0.00012551,-0.00095758,0.00405790,-0.00260018
2015-10-09,0.00058137,0.00161555,0.00332379,0.00297403,0.00318249,0.00161555,0.00055787
2015-10-12,0.00187717,-0.00035112,-0.00068166,0.00136873,0.00227000,-0.00035112,0.00335128
2015-10-13,-0.00349578,-0.00406282,-0.00072521,-0.00057011,0.00041241,-0.00406282,0.00092734
2015-10-14,-0.00079261,0.00153894,0.00508893,0.00491306,0.00563909,0.00153894,0.00546815
2015-10-15,0.00799213,0.00691333,-0.00062577,0.00074031,-0.00066639,0.00691333,-0.00341029
2015-10-16,0.00245980,0.00149932,-0.00145207,-0.00099456,-0.00148331,0.00149932,-0.00083285
2015-10-19,0.00012277,-0.00193815,-0.00387183,-0.00183597,-0.00135687,-0.00193815,-0.00046268
2015-10-20,-0.00210863,-0.00087349,0.00069478,-0.00028531,-0.00043190,-0.00087349,-0.00342640
2015-10-21,-0.00248245,-0.00385156,-0.00311443,-0.00201001,-0.00115625,-0.00385156,0.00343818
2015-10-22,0.01073099,0.00878032,0.00317836,0.00393447,0.00280971,0.00878032,0.00101885
2015-10-23,0.00457765,0.00310924,-0.00108184,-0.00059410,-0.00154187,0.00310924,-0.00564327
2015-10-26,-0.00053120,-0.00151877,-0.00053850,-0.00006243,0.00051320,-0.00151877,0.00260453
2015-10-27,-0.00023817,-0.00162322,0.00033335,0.00063151,0.00135587,-0.00162322,0.00250570
2015-10-28,0.00503608,0.00208327,0.00010766,-0.00169419,-0.00285083,0.00208327,-0.00518372
2015-10-29,-0.00268380,-0.00378677,-0.00458365,-0.00468031,-0.00491767,-0.00378677,-0.00614092
2015-10-30,-0.00193974,-0.00038499,0.00133330,0.00008383,-0.00002433,-0.00038499,0.00196595
2015-11-02,0.00593902,0.00509171,-0.00129966,-0.00001503,-0.00113373,0.00509171,-0.00287243
2015-11-03,0.00070770,0.00189251,-0.00073497,-0.00067832,-0.00221703,0.00189251,-0.00262803
2015-11-04,-0.00224338,-0.00382887,-0.00539365,-0.00470749,-0.00404662,-0.00382887,-0.00103486
2015-11-05,-0.00086429,-0.00143135,-0.00299221,-0.00239877,-0.00209112,-0.00143135,-0.00065912
2015-11-06,-0.00300207,-0.00498432,-0.00611041,-0.00599614,-0.00620804,-0.00498432,-0.00678709
2015-11-09,-0.00632646,-0.00697531,-0.00223970,-0.00312647,-0.00194726,-0.00697531,-0.00170897
2015-11-10,0.00214625,0.00039825,-0.00041778,-0.00016264,0.00011456,0.00039825,0.00190143
2015-11-11,-0.00256250,-0.00220009,-0.00275648,-0.00235627,-0.00196731,-0.00220009,-0.00047355
2015-11-12,-0.00819479,-0.00711160,-0.00375623,-0.00399736,-0.00259544,-0.00711160,0.00056901
2015-11-13,-0.00521440,-0.00510072,-0.00203750,-0.00238248,-0.00110186,-0.00510072,0.00379529
2015-11-16,0.00959888,0.00831693,0.00283677,0.00390081,0.00285804,0.00831693,0.00132273
2015-11-17,-0.00055082,-0.00183948,-0.00443766,-0.00364082,-0.00340813,-0.00183948,-0.00028290
2015-11-18,0.00931892,0.00705259,0.00278914,0.00347863,0.00243842,0.00705259,-0.00047243
2015-11-19,0.00034259,0.00096002,0.00283914,0.00263567,0.00304934,0.00096002,0.00217371
2015-11-20,0.00167065,0.00169772,-0.00073651,-0.00023076,-0.00076872,0.00169772,-0.00132031
2015-11-23,-0.00016828,-0.00106197,-0.00008012,-0.00051694,-0.00056157,-0.00106197,0.00132206
2015-11-24,0.00118172,0.00248440,0.00420442,0.00350854,0.00298360,0.00248440,0.00094205
2015-11-25,0.00013761,-0.00089766,-0.00111151,-0.00107928,-0.00091576,-0.00089766,0.00056446
2015-11-27,0.00110259,-0.00262490,-0.00396642,-0.00349994,-0.00275317,-0.00262490,0.00103625
2015-11-30,-0.00235407,-0.00131125,-0.00016974,-0.00017039,0.00034686,-0.00131125,0.00037610
2015-12-01,0.00784772,0.00705348,0.00539955,0.00515767,0.00476787,0.00705348,0.00439825
2015-12-02,-0.00725384,-0.00767777,-0.00865808,-0.00750990,-0.00652448,-0.00767777,-0.00238293
2015-12-03,-0.01260535,-0.00757355,-0.00085928,-0.00288868,-0.00402724,-0.00757355,-0.00888399
2015-12-04,0.01315576,0.00932964,0.00724171,0.00786955,0.00818413,0.00932964,0.00313223
2015-12-07,-0.00236884,-0.00580714,-0.00753020,-0.00535970,-0.00342666,-0.00580714,0.00272338
2015-12-08,-0.00380481,-0.00470425,-0.00157151,-0.00142012,-0.00081439,-0.00470425,0.00044543
2015-12-09,-0.00404747,-0.00280454,-0.00107977,-0.00116405,-0.00098052,-0.00280454,0.00124408
2015-12-10,0.00066388,-0.00104392,-0.00151220,-0.00132178,-0.00117997,-0.00104392,-0.00180059
2015-12-11,-0.00834270,-0.00949715,-0.00124849,-0.00068280,0.00108905,-0.00949715,0.00682329
2015-12-14,-0.00004296,-0.00082314,-0.00643193,-0.00567030,-0.00574436,-0.00082314,-0.00626791
2015-12-15,0.00519527,0.00579893,0.00042184,0.00066348,0.00009907,0.00579893,-0.00218867
2015-12-16,0.00766189,0.00738404,0.00253110,0.00312546,0.00293399,0.00738404,-0.00220637
2015-12-17,-0.00748929,-0.00815807,-0.00659033,-0.00583521,-0.00480341,-0.00815807,0.00349436
2015-12-18,-0.00917068,-0.00489154,0.00302197,0.00223539,0.00251197,-0.00489154,0.00307011
2015-12-21,0.00506542,0.00366633,0.00181488,0.00246917,0.00281559,0.00366633,0.00036450
2015-12-22,0.00422989,0.00385226,-0.00100783,-0.00063804,-0.00097849,0.00385226,-0.00238900
2015-12-23,0.00646003,0.00652687,0.00341297,0.00242833,0.00105317,0.00652687,-0.00191598
2015-12-24,-0.00025482,0.00018456,0.00213964,0.00198950,0.00210790,0.00018456,0.00158414
2015-12-28,-0.00129119,-0.00309546,-0.00402585,-0.00309665,-0.00230598,-0.00309546,0.00012642
2015-12-29,0.00425150,0.00362085,0.00181059,0.00068545,-0.00062225,0.00362085,-0.00447763
2015-12-30,-0.00411138,-0.00465371,-0.00326931,-0.00297710,-0.00246618,-0.00465371,0.00035504
2015-12-31,-0.00554220,-0.00313699,0.00041517,-0.00023237,-0.00037398,-0.00313699,0.00092999
2016-01-04,-0.00668495,-0.00662201,0.00163873,0.00165252,0.00226706,-0.00662201,0.00275036
2016-01-05,0.00089304,0.00054462,-0.00082880,-0.00045968,0.00005299,0.00054462,-0.00018431
2016-01-06,-0.00508071,-0.00465418,0.00099611,0.00151296,0.00270876,-0.00465418,0.00377891
2016-01-07,-0.01331113,-0.01088064,-0.00027541,-0.00039655,0.00005176,-0.01088064,0.00148394
2016-01-08,-0.00537481,-0.00478970,-0.00218295,-0.00199622,-0.00153411,-0.00478970,0.00165039
2016-01-11,-0.00075093,-0.00276872,-0.00757367,-0.00650267,-0.00505445,-0.00276872,-0.00207485
2016-01-12,0.00657729,0.00377924,0.00025721,0.00079620,0.00148031,0.00377924,0.00301164
2016-01-13,-0.01292914,-0.00950907,-0.00160995,-0.00147835,-0.00083288,-0.00950907,0.00248377
2016-01-14,0.00860189,0.00583484,-0.00185737,-0.00173488,-0.00197371,0.00583484,-0.00141267
2016-01-15,-0.01052534,-0.01163430,-0.00287396,-0.00220054,-0.00056292,-0.01163430,0.00304439
2016-01-19,0.00021348,0.00066531,-0.00176141,-0.00139803,-0.00099165,0.00066531,-0.00077471
2016-01-20,-0.00528555,-0.00531951,0.00113251,0.00141667,0.00226881,-0.00531951,0.00322057
2016-01-21,0.00212942,0.00274237,0.00161681,0.00114791,0.00033779,0.00274237,-0.00155977
2016-01-22,0.01080594,0.01216412,0.00574859,0.00478545,0.00284741,0.01216412,-0.00160698
2016-01-25,-0.00733691,-0.00721852,-0.00180005,-0.00111498,0.00030130,-0.00721852,0.00226285
2016-01-26,0.00814475,0.00870914,0.00757071,0.00687616,0.00569244,0.00870914,0.00040978
2016-01-27,-0.00596766,-0.00301399,0.00216065,0.00154347,0.00083601,-0.00301399,0.00056000
2016-01-28,0.00354106,0.00413278,0.00075584,0.00053698,-0.00002302,0.00413278,0.00084793
2016-01-29,0.01629094,0.01384521,0.00644219,0.00666831,0.00658760,0.01384521,0.00358469
2016-02-01,-0.00114788,-0.00278991,-0.00193704,-0.00099018,0.00044927,-0.00278991,-0.00140706
2016-02-02,-0.00799162,-0.00916891,-0.00284627,-0.00171768,0.00121862,-0.00916891,0.00331914
2016-02-03,0.00311871,0.00689219,0.00684053,0.00513339,0.00278983,0.00689219,-0.00039954
2016-02-04,0.00189496,0.00214360,0.00264960,0.00307140,0.00363692,0.00214360,0.00123375
2016-02-05,-0.01083558,-0.00782339,-0.00042604,-0.00030755,0.00133951,-0.00782339,0.00060128
2016-02-08,-0.00489903,-0.00473894,0.00151715,0.00223624,0.00446940,-0.00473894,0.00340121
2016-02-09,0.00010706,-0.00316355,-0.00488470,-0.00298230,-0.00087487,-0.00316355,0.00020198
2016-02-10,0.00072988,0.00141006,0.00307755,0.00298258,0.00316853,0.00141006,0.00129442
2016-02-11,-0.00569989,-0.00255433,0.01035253,0.00874291,0.00943872,-0.00255433,0.00229301
2016-02-12,0.00877095,0.00826977,0.00131391,0.00016192,-0.00267344,0.00826977,-0.00373623
2016-02-16,0.00868370,0.00477181,-0.00804715,-0.00616076,-0.00651921,0.00477181,-0.00141066
2016-02-17,0.00867478,0.00903557,0.00553874,0.00431154,0.00201438,0.00903557,-0.00115610
2016-02-18,-0.00057339,0.00043212,0.00541855,0.00559516,0.00688044,0.00043212,0.00230279
2016-02-19,-0.00027870,-0.00114928,-0.00232500,-0.00178761,-0.00132111,-0.00114928,0.00000000
2016-02-22,0.00820350,0.00794952,0.00062632,0.00008584,-0.00218988,0.00794952,-0.00047089
2016-02-23,-0.00675353,-0.00596027,0.00089806,0.00104011,0.00274322,-0.00596027,0.00082556
2016-02-24,0.00272059,0.00244842,0.00366076,0.00258308,0.00155369,0.00244842,0.00011602
2016-02-25,0.00842150,0.00611072,0.00333033,0.00362300,0.00348789,0.00611072,0.00129437
2016-02-26,-0.00333283,-0.00291386,-0.00296609,-0.00346182,-0.00401911,-0.00291386,-0.00230495
2016-02-29,-0.00403997,0.00108927,0.00548957,0.00411431,0.00321130,0.00108927,0.00088586
2016-03-01,0.01097737,0.01094806,-0.00007497,0.00130624,-0.00102738,0.01094806,-0.00807579
2016-03-02,0.00204831,0.00259943,0.00272486,0.00226146,0.00173406,0.00259943,-0.00173421
2016-03-03,0.00285144,0.00442149,0.00554430,0.00502653,0.00476155,0.00442149,0.00118893
2016-03-04,0.00066349,0.00342045,0.00180800,0.00077010,-0.00078143,0.00342045,-0.00338039
2016-03-07,-0.00029553,0.00073114,0.00265726,0.00100745,0.00018983,0.00073114,-0.00201521
2016-03-08,-0.00443455,-0.00573093,-0.00272935,-0.00202013,-0.00032890,-0.00573093,0.00578429
2016-03-09,0.00146326,0.00201911,0.00057616,-0.00057624,-0.00202774,0.00201911,-0.00392545
2016-03-10,-0.00090479,0.00081670,0.00201992,0.00159242,0.00144192,0.00081670,-0.00357413
2016-03-11,0.00875006,0.00773107,-0.00117312,-0.00001556,-0.00174577,0.00773107,-0.00285191
2016-03-14,-0.00050545,-0.00235079,-0.00441619,-0.00325552,-0.00275024,-0.00235079,0.00073831
2016-03-15,-0.00107335,-0.00354933,-0.00228924,-0.00183643,-0.00092147,-0.00354933,-0.00018502
2016-03-16,0.00558254,0.00859559,0.01146534,0.00974591,0.00890070,0.00859559,0.00525608
2016-03-17,0.00432370,0.00597947,0.00263472,0.00261136,0.00143951,0.00597947,0.00109990
2016-03-18,0.00308776,0.00260670,0.00094275,0.00132878,0.00115137,0.00260670,0.00174056
2016-03-21,-0.00021206,-0.00021575,-0.00115975,-0.00147321,-0.00206018,-0.00021575,-0.00283433
2016-03-22,-0.00113899,-0.00081856,0.00060369,-0.00024706,-0.00054858,-0.00081856,-0.00211066
2016-03-23,-0.00232198,-0.00572870,-0.00782950,-0.00560285,-0.00402439,-0.00572870,0.00459572
2016-03-24,-0.00065932,-0.00161275,-0.00236249,-0.00171133,-0.00135031,-0.00161275,-0.00100595
2016-03-28,0.00092677,0.00078720,0.00127173,0.00118204,0.00124096,0.00078720,0.00146478
2016-03-29,0.00829508,0.00806994,0.00802155,0.00840674,0.00860685,0.00806994,0.00676829
2016-03-30,0.00217779,0.00187652,-0.00273530,-0.00172303,-0.00229707,0.00187652,-0.00136336
2016-03-31,-0.00010451,0.00022921,0.00127445,0.00148516,0.00201152,0.00022921,0.00363868
2016-04-01,0.00396450,0.00095674,-0.00293734,-0.00046307,-0.00102488,0.00095674,-0.00028716
2016-04-04,-0.00147830,-0.00323393,-0.00333436,-0.00319333,-0.00377589,-0.00323393,0.00117985
2016-04-05,-0.00440546,-0.00422279,0.00193714,-0.00171724,-0.00251318,-0.00422279,0.00399031
2016-04-06,0.00565011,0.00538185,0.00088143,0.00330131,0.00405191,0.00538185,-0.00216768
2016-04-07,-0.00512283,-0.00464373,0.00257538,-0.00166960,-0.00253877,-0.00464373,0.00515941
2016-04-08,0.00099036,0.00369213,0.00297989,0.00304056,0.00415637,0.00369213,-0.00153012
2016-04-11,-0.00147476,0.00144963,0.00299429,0.00230070,0.00249602,0.00144963,-0.00018076
2016-04-12,0.00395700,0.00523947,0.00286667,0.00391312,0.00503103,0.00523947,-0.00396943
2016-04-13,0.00635006,0.00591611,0.00030490,0.00351025,0.00415707,0.00591611,0.00072490
2016-04-14,-0.00090724,-0.00231903,-0.00497880,-0.00344781,-0.00350201,-0.00231903,-0.00235337
2016-04-15,0.00052267,-0.00006230,0.00193569,0.00082846,0.00042229,-0.00006230,0.00299353
2016-04-18,0.00383193,0.00340593,0.00119374,0.00240576,0.00272432,0.00340593,-0.00099525
2016-04-19,0.00125869,0.00460024,0.00708234,0.00553251,0.00634908,0.00460024,-0.00162958
2016-04-20,-0.00143056,-0.00064248,0.00039220,-0.00081527,0.00001945,-0.00064248,-0.00507847
2016-04-21,-0.00390669,-0.00372313,-0.00117749,-0.00260748,-0.00293472,-0.00372313,-0.00164058
2016-04-22,-0.00043231,-0.00152916,-0.00341193,-0.00243674,-0.00243382,-0.00152916,-0.00109551
2016-04-25,-0.00147605,-0.00186575,-0.00037282,-0.00128283,-0.00142524,-0.00186575,-0.00109672
2016-04-26,0.00006958,0.00228027,0.00272966,0.00237493,0.00300929,0.00228027,-0.00210473
2016-04-27,0.00341392,0.00419965,0.00482110,0.00428813,0.00450348,0.00419965,0.00550234
2016-04-28,-0.00412920,-0.00204774,0.00545250,0.00104574,0.00066047,-0.00204774,0.00346425
2016-04-29,-0.00339724,-0.00073540,0.00488488,0.00160824,0.00155110,-0.00073540,-0.00036310
2016-05-02,0.00360746,0.00078645,-0.00319886,-0.00139630,-0.00248048,0.00078645,-0.00314191
2016-05-03,-0.00288609,-0.00587443,-0.00290811,-0.00401511,-0.00446217,-0.00587443,0.00378312
2016-05-04,-0.00261353,-0.00367871,-0.00132632,-0.00249608,-0.00215840,-0.00367871,-0.00024615
2016-05-05,0.00097769,0.00012699,-0.00051773,-0.00004849,-0.00055083,0.00012699,0.00171675
2016-05-06,0.00123528,0.00137198,0.00186610,0.00160536,0.00184995,0.00137198,0.00060603
2016-05-09,0.00125883,-0.00270971,-0.00689169,-0.00501935,-0.00635465,-0.00270971,-0.00394312
2016-05-10,0.00735999,0.00847449,0.00650954,0.00687657,0.00761054,0.00847449,0.00056603
2016-05-11,-0.00500671,-0.00166597,0.00443170,0.00153461,0.00315060,-0.00166597,0.00356160
2016-05-12,-0.00091455,-0.00104494,-0.00182790,-0.00164827,-0.00154134,-0.00104494,-0.00403904
2016-05-13,-0.00369383,-0.00399777,0.00077609,-0.00122188,-0.00077974,-0.00399777,0.00399153
2016-05-16,0.00442066,0.00476952,0.00222435,0.00306015,0.00326279,0.00476952,-0.00248841
2016-05-17,-0.00613623,-0.00368651,0.00074374,-0.00119127,-0.00022517,-0.00368651,-0.00011696
2016-05-18,-0.00307393,-0.00453344,-0.00789685,-0.00660369,-0.00708793,-0.00453344,-0.01046993
2016-05-19,-0.00167337,-0.00239310,-0.00125589,-0.00174353,-0.00173720,-0.00239310,0.00025368
2016-05-20,0.00403539,0.00380517,0.00115477,0.00218749,0.00196191,0.00380517,0.00013203
2016-05-23,-0.00056126,-0.00084983,-0.00125858,-0.00099616,-0.00126327,-0.00084983,-0.00025347
2016-05-24,0.00710631,0.00480818,-0.00230988,0.00043534,-0.00035221,0.00480818,-0.00565524
2016-05-25,0.00390534,0.00409752,0.00216695,0.00272774,0.00299521,0.00409752,-0.00103030
2016-05-26,0.00140238,0.00117823,0.00032183,0.00071530,0.00055597,0.00117823,0.00145935
2016-05-27,0.00183628,0.00095145,-0.00101669,-0.00041374,-0.00041436,0.00095145,-0.00349991
2016-05-31,-0.00068247,-0.00056696,-0.00065549,-0.00040388,-0.00076842,-0.00056696,0.00184066
2016-06-01,0.00109381,0.00110974,0.00117042,0.00060205,0.00101281,0.00110974,-0.00045894
2016-06-02,0.00306800,0.00282531,0.00145458,0.00224116,0.00183371,0.00282531,0.00310474
2016-06-03,0.00191473,0.00503491,0.00935574,0.00729718,0.00840840,0.00503491,0.00928424
2016-06-06,0.00198835,0.00332168,0.00251629,0.00247685,0.00267520,0.00332168,-0.00261561
2016-06-07,0.00151549,0.00286329,0.00259711,0.00240159,0.00263340,0.00286329,0.00144645
2016-06-08,0.00242445,0.00428208,0.00685683,0.00484928,0.00611123,0.00428208,0.00117432
2016-06-09,-0.00020651,-0.00148886,0.00077083,-0.00052063,0.00011974,-0.00148886,0.00153220
2016-06-10,-0.00427238,-0.00590992,-0.00172106,-0.00375131,-0.00285300,-0.00590992,0.00351232
2016-06-13,-0.00380058,-0.00392318,0.00040535,-0.00206251,-0.00075663,-0.00392318,0.00197328
2016-06-14,-0.00127670,-0.00181660,-0.00179274,-0.00148203,-0.00174026,-0.00181660,-0.00026784
2016-06-15,0.00041074,0.00174189,0.00223718,0.00246775,0.00228458,0.00174189,0.00304493
2016-06-16,0.00220456,-0.00052962,-0.00477180,-0.00170683,-0.00360435,-0.00052962,0.00107175
2016-06-17,-0.00358688,-0.00009414,0.00467083,0.00106798,0.00331853,-0.00009414,-0.00339005
2016-06-20,0.00206757,0.00350270,-0.00026739,0.00155823,0.00071880,0.00350270,-0.00429585
2016-06-21,0.00078020,0.00000597,-0.00580518,-0.00226658,-0.00424264,0.00000597,-0.00224813
2016-06-22,-0.00017329,0.00014454,0.00005143,0.00043979,0.00016147,0.00014454,0.00198259
2016-06-23,0.00582984,0.00658645,0.00087876,0.00386385,0.00239923,0.00658645,-0.00476642
2016-06-24,-0.01601221,-0.01525973,0.00608109,-0.00512813,0.00052498,-0.01525973,0.01382389
2016-06-27,-0.00696378,-0.00622948,0.00044661,-0.00306329,-0.00120922,-0.00622948,0.00864489
2016-06-28,0.01041086,0.01056696,0.00321475,0.00674668,0.00502916,0.01056696,-0.00017655
2016-06-29,0.00828866,0.00944902,0.00451547,0.00687495,0.00576700,0.00944902,-0.00406571
2016-06-30,0.00896943,0.00696867,0.00259908,0.00550017,0.00378629,0.00696867,0.00221901
2016-07-01,0.00231193,0.00434455,0.00760769,0.00514384,0.00651559,0.00434455,0.00747996
2016-07-05,-0.00212104,-0.00478330,-0.00237736,-0.00423592,-0.00203823,-0.00478330,0.00659143
2016-07-06,0.00365007,0.00291645,0.00319458,0.00287679,0.00287465,0.00291645,0.00245653
2016-07-07,-0.00090066,-0.00236197,-0.00562000,-0.00251333,-0.00413905,-0.00236197,-0.00230091
2016-07-08,0.00968831,0.01005091,0.00566765,0.00939602,0.00641833,0.01005091,0.00357239
2016-07-11,0.00002019,0.00002656,-0.00411168,-0.00053036,-0.00310280,0.00002656,-0.00694252
2016-07-12,0.00203737,0.00266425,-0.00153350,0.00163699,-0.00120832,0.00266425,-0.01018600
2016-07-13,0.00092895,0.00008293,0.00077478,0.00048287,0.00104827,0.00008293,0.00521861
2016-07-14,0.00174310,0.00230507,-0.00154923,0.00176413,-0.00079808,0.00230507,-0.00558656
2016-07-15,-0.00231521,-0.00222908,-0.00227389,-0.00215924,-0.00232657,-0.00222908,-0.00383606
2016-07-18,0.00153172,0.00195478,-0.00013129,0.00186461,0.00052735,0.00195478,0.00046890
2016-07-19,0.00042679,-0.00122989,-0.00040972,-0.00128544,-0.00039325,-0.00122989,0.00214444
2016-07-20,0.00173248,0.00063435,-0.00405608,-0.00023792,-0.00284865,0.00063435,-0.00694772
2016-07-21,-0.00143519,-0.00076624,0.00222603,0.00004463,0.00178525,-0.00076624,0.00738854
2016-07-22,0.00241729,0.00209860,-0.00144492,0.00149280,-0.00058730,0.00209860,-0.00346416
2016-07-25,-0.00197006,-0.00364949,-0.00417710,-0.00388204,-0.00379335,-0.00364949,-0.00325565
2016-07-26,0.00052539,0.00083585,0.00063314,0.00110098,0.00089843,0.00083585,0.00205248
2016-07-27,0.00102432,0.00186409,0.00354162,0.00262657,0.00352947,0.00186409,0.00898303
2016-07-28,0.00091155,-0.00006453,-0.00067037,-0.00022063,-0.00043473,-0.00006453,-0.00083655
2016-07-29,0.00247684,0.00315968,0.00464966,0.00343780,0.00423510,0.00315968,0.00642260
2016-08-01,-0.00188915,-0.00299137,-0.00488562,-0.00288818,-0.00289024,-0.00299137,0.00156126
2016-08-02,-0.00480671,-0.00360572,-0.00380332,-0.00314816,-0.00296513,-0.00360572,0.00812568
2016-08-03,0.00196705,0.00264013,0.00446862,0.00239094,0.00219239,0.00264013,-0.00475935
2016-08-04,0.00159937,0.00266841,0.00324917,0.00277683,0.00274695,0.00266841,0.00169688
2016-08-05,0.00241877,0.00187938,0.00347154,0.00127594,0.00084555,0.00187938,-0.01786402
2016-08-08,-0.00057181,0.00105862,0.00217715,0.00120635,0.00109366,0.00105862,-0.00086241
2016-08-09,0.00177859,0.00231654,0.00187850,0.00242408,0.00244497,0.00231654,0.00408035
2016-08-10,-0.00042950,-0.00071368,-0.00225889,-0.00053423,-0.00038186,-0.00071368,0.00468897
2016-08-11,0.00087795,0.00229011,0.00493685,0.00212821,0.00174370,0.00229011,-0.00692284
2016-08-12,0.00089108,0.00068046,0.00084603,0.00044383,0.00043545,0.00068046,-0.00211483
2016-08-15,0.00057129,0.00252862,0.00489500,0.00266728,0.00243554,0.00252862,0.00345369
2016-08-16,-0.00378665,-0.00230218,-0.00123913,-0.00193323,-0.00188218,-0.00230218,0.00492804
2016-08-17,0.00177290,0.00090438,0.00087490,0.00074291,0.00080495,0.00090438,0.00023352
2016-08-18,0.00206171,0.00357130,0.00504098,0.00367831,0.00354231,0.00357130,0.00474708
2016-08-19,-0.00222472,-0.00292061,-0.00295054,-0.00309377,-0.00312561,-0.00292061,-0.00882968
2016-08-22,0.00085769,-0.00145727,-0.00331761,-0.00171022,-0.00148838,-0.00145727,-0.00148472
2016-08-23,0.00117930,0.00087908,0.00113604,0.00077435,0.00079838,0.00087908,-0.00015652
2016-08-24,-0.00322956,-0.00312388,-0.00403587,-0.00322254,-0.00327992,-0.00312388,-0.01111459
2016-08-25,-0.00105354,-0.00023773,0.00051915,-0.00016114,-0.00020811,-0.00023773,-0.00087067
2016-08-26,-0.00266156,-0.00304010,-0.00333711,-0.00302944,-0.00294456,-0.00304010,-0.00142597
2016-08-29,0.00460844,0.00409659,0.00333995,0.00396307,0.00395476,0.00409659,0.00198334
2016-08-30,-0.00103069,-0.00183625,-0.00291643,-0.00213527,-0.00213765,-0.00183625,-0.01005542
2016-08-31,-0.00217631,-0.00387584,-0.00597670,-0.00380310,-0.00355335,-0.00387584,-0.00199952
2016-09-01,0.00065521,0.00106311,0.00010343,0.00047668,0.00113410,0.00106311,0.00570422
2016-09-02,0.00166422,0.00405270,0.00617079,0.00508266,0.00482747,0.00405270,0.01341632
2016-09-06,0.00367696,0.00594596,0.00711410,0.00685302,0.00661372,0.00594596,0.01926967
2016-09-07,0.00015860,-0.00017324,0.00058308,0.00025632,-0.00029535,-0.00017324,-0.00327185
2016-09-08,-0.00333065,-0.00202026,0.00036829,-0.00073063,-0.00175382,-0.00202026,-0.00388586
2016-09-09,-0.01628882,-0.01540691,-0.01718542,-0.01491561,-0.01537385,-0.01540691,-0.02093464
2016-09-12,0.00892501,0.00615502,0.00562483,0.00486790,0.00561938,0.00615502,0.00295475
2016-09-13,-0.01010089,-0.01044858,-0.01199710,-0.01043352,-0.01057980,-0.01044858,-0.01635378
2016-09-14,0.00068545,0.00058377,-0.00031330,0.00020385,0.00056697,0.00058377,0.00323060
2016-09-15,0.00607187,0.00573828,0.00650779,0.00504442,0.00547160,0.00573828,0.00583158
2016-09-16,-0.00188218,-0.00171303,-0.00177341,-0.00147564,-0.00175951,-0.00171303,-0.00474669
2016-09-19,-0.00057536,0.00050349,0.00104349,0.00072115,0.00080536,0.00050349,0.00515392
2016-09-20,0.00064363,0.00055213,0.00060146,0.00060179,0.00043617,0.00055213,0.00074071
2016-09-21,0.00737616,0.00957312,0.01181267,0.01039855,0.01037866,0.00957312,0.02162727
2016-09-22,0.00496837,0.00465124,0.00514084,0.00467100,0.00466103,0.00465124,0.00488274
2016-09-23,-0.00311495,-0.00365940,-0.00501421,-0.00381427,-0.00362306,-0.00365940,-0.00652160
2016-09-26,-0.00371063,-0.00371243,-0.00388156,-0.00311709,-0.00393213,-0.00371243,-0.00807093
2016-09-27,0.00438985,0.00348638,0.00266999,0.00215195,0.00307139,0.00348638,0.00400664
2016-09-28,0.00278968,0.00428315,0.00704503,0.00531544,0.00449401,0.00428315,0.00329166
2016-09-29,-0.00517271,-0.00491541,-0.00485937,-0.00412159,-0.00496595,-0.00491541,-0.00980607
2016-09-30,0.00349968,0.00287315,0.00354592,0.00263102,0.00286704,0.00287315,0.00065399
2016-10-03,-0.00237375,-0.00054608,0.00115731,0.00015495,0.00055298,-0.00054608,0.00316049
2016-10-04,-0.00488907,-0.00631682,-0.00645509,-0.00749707,-0.00709712,-0.00631682,-0.02038493
2016-10-05,0.00175313,0.00284680,0.00423512,0.00284845,0.00344480,0.00284680,0.00827706
2016-10-06,-0.00040970,-0.00045613,0.00021475,-0.00054526,-0.00021120,-0.00045613,-0.00306027
2016-10-07,-0.00148899,-0.00118292,-0.00181418,-0.00121534,-0.00147595,-0.00118292,-0.00252692
2016-10-10,0.00208419,0.00322924,0.00502768,0.00366722,0.00428891,0.00322924,0.00806526
2016-10-11,-0.00772145,-0.00801033,-0.00913655,-0.00755196,-0.00822888,-0.00801033,-0.01625212
2016-10-12,0.00078718,-0.00006591,-0.00099735,-0.00048833,-0.00071926,-0.00006591,-0.00054728
2016-10-13,-0.00113230,-0.00125079,-0.00111634,-0.00068098,-0.00084830,-0.00125079,-0.00452991
2016-10-14,-0.00092424,-0.00047846,0.00016426,-0.00048635,-0.00018923,-0.00047846,-0.00116714
2016-10-17,-0.00121110,-0.00049434,-0.00022258,0.00014122,-0.00000596,-0.00049434,0.00036871
2016-10-18,0.00454771,0.00527446,0.00568451,0.00499317,0.00526830,0.00527446,0.01321034
2016-10-19,0.00177954,0.00264331,0.00352515,0.00305485,0.00328327,0.00264331,0.00597949
2016-10-20,-0.00148155,-0.00186440,-0.00281760,-0.00232864,-0.00255933,-0.00186440,-0.00296935
2016-10-21,0.00071491,0.00072334,0.00098144,0.00087741,0.00092996,0.00072334,0.00012197
2016-10-24,0.00200709,0.00147889,0.00165642,0.00108401,0.00132481,0.00147889,0.00176172
2016-10-25,-0.00208555,-0.00095878,-0.00101079,-0.00040259,-0.00065390,-0.00095878,0.00354310
2016-10-26,-0.00207279,-0.00336645,-0.00412625,-0.00361698,-0.00383821,-0.00336645,-0.00866782
2016-10-27,-0.00297772,-0.00285867,-0.00228989,-0.00229311,-0.00225826,-0.00285867,-0.00455467
2016-10-28,-0.00170150,-0.00192074,-0.00256282,-0.00167209,-0.00206345,-0.00192074,-0.00064845
2016-10-31,0.00035602,0.00006201,-0.00097561,-0.00029655,-0.00063216,0.00006201,0.00462248
2016-11-01,-0.00433404,-0.00317526,-0.00274702,-0.00139212,-0.00144707,-0.00317526,0.00114898
2016-11-02,-0.00239420,-0.00317503,-0.00523370,-0.00214206,-0.00254916,-0.00317503,0.00056011
2016-11-03,-0.00298491,-0.00204869,-0.00245531,-0.00139551,-0.00152875,-0.00204869,0.00250996
2016-11-04,0.00059380,-0.00071801,-0.00220749,-0.00053059,-0.00077847,-0.00071801,-0.00307315
2016-11-07,0.01141478,0.01076149,0.01267836,0.00595037,0.00651380,0.01076149,0.00070789
2016-11-08,0.00128778,0.00076577,0.00126782,-0.00015301,-0.00002792,0.00076577,-0.00037637
2016-11-09,0.00032877,-0.00420201,-0.00360678,-0.00413867,-0.00410719,-0.00420201,-0.01204902
2016-11-10,-0.00083792,-0.00593753,-0.00726248,-0.00646131,-0.00658520,-0.00593753,-0.01975318
2016-11-11,-0.00220543,-0.00628179,-0.00885013,-0.00784421,-0.00808625,-0.00628179,-0.02104475
2016-11-14,-0.00177529,-0.00197141,-0.00219270,-0.00309410,-0.00308977,-0.00197141,-0.00802713
2016-11-15,0.00477527,0.00758270,0.01040619,0.00740445,0.00783200,0.00758270,0.01270050
2016-11-16,-0.00079055,-0.00228604,-0.00377698,-0.00232568,-0.00256816,-0.00228604,-0.00485891
2016-11-17,0.00144673,0.00042847,0.00113492,-0.00033135,-0.00017136,0.00042847,-0.00282448
2016-11-18,-0.00308021,-0.00243336,-0.00101038,-0.00219700,-0.00195821,-0.00243336,-0.00730507
2016-11-21,0.00497899,0.00636483,0.00929274,0.00652284,0.00702080,0.00636483,0.00589362
2016-11-22,0.00156783,0.00307844,0.00345841,0.00228587,0.00235638,0.00307844,0.00517486
2016-11-23,-0.00103613,-0.00297634,-0.00274528,-0.00404228,-0.00384386,-0.00297634,-0.01654988
2016-11-25,0.00197369,0.00103690,0.00033196,-0.00034826,-0.00038819,0.00103690,-0.00185882
2016-11-28,-0.00117834,0.00046466,0.00050486,0.00166906,0.00160925,0.00046466,0.00816773
2016-11-29,0.00160182,-0.00020896,-0.00235974,-0.00155010,-0.00185160,-0.00020896,-0.00245799
2016-11-30,-0.00404264,-0.00138021,0.00320172,-0.00034123,0.00041169,-0.00138021,-0.00792413
2016-12-01,-0.00373924,-0.00319359,-0.00128538,-0.00068510,-0.00111304,-0.00319359,-0.00759129
2016-12-02,0.00209570,0.00265696,0.00256507,0.00303933,0.00280601,0.00265696,0.00314809
2016-12-05,0.00344734,0.00314363,0.00398971,0.00150878,0.00263597,0.00314363,0.00256629
2016-12-06,0.00205430,0.00206957,0.00183189,0.00084806,0.00135602,0.00206957,0.00290760
2016-12-07,0.00919225,0.00742639,0.00623678,0.00352883,0.00491422,0.00742639,0.01087137
2016-12-08,-0.00002454,0.00029150,0.00124052,-0.00031560,0.00038818,0.00029150,0.00151545
2016-12-09,0.00162649,-0.00010175,0.00040879,-0.00187809,-0.00082876,-0.00010175,-0.00676930
2016-12-12,-0.00062249,-0.00067667,-0.00035666,0.00079704,0.00021406,-0.00067667,-0.00230466
2016-12-13,0.00427885,0.00382819,0.00414605,0.00158329,0.00278531,0.00382819,0.00498452
2016-12-14,-0.00827680,-0.01031043,-0.01146495,-0.00944469,-0.01036283,-0.01031043,-0.02235322
2016-12-15,0.00141419,-0.00003839,-0.00036050,-0.00315008,-0.00182238,-0.00003839,-0.00421210
2016-12-16,-0.00070521,-0.00024082,-0.00020586,0.00118258,0.00051228,-0.00024082,0.00007469
2016-12-19,0.00313539,0.00165867,0.00011769,0.00188459,0.00113451,0.00165867,-0.00162868
2016-12-20,0.00152383,0.00124681,0.00218609,0.00016468,0.00107365,0.00124681,-0.00082211
2016-12-21,-0.00106154,-0.00096343,-0.00168530,-0.00039034,-0.00095762,-0.00096343,-0.00191095
2016-12-22,-0.00122312,-0.00170754,-0.00193591,-0.00061117,-0.00122385,-0.00170754,-0.00718215
2016-12-23,0.00126794,0.00182250,0.00215168,0.00171465,0.00191283,0.00182250,0.00451515
2016-12-27,0.00094855,0.00191727,0.00380720,0.00305091,0.00329503,0.00191727,0.00450144
2016-12-28,-0.00361735,-0.00117773,-0.00078404,0.00033634,-0.00023443,-0.00117773,0.00501622
2016-12-29,0.00107028,0.00320189,0.00365631,0.00363531,0.00364215,0.00320189,0.01398355
2016-12-30,-0.00105070,-0.00129904,-0.00152755,-0.00055503,-0.00103841,-0.00129904,-0.00615497
2017-01-03,0.00439641,0.00403389,0.00324418,0.00343652,0.00309679,0.00403389,0.00368882
2017-01-04,0.00403726,0.00434863,0.00518495,0.00427749,0.00412247,0.00434863,0.00763789
2017-01-05,0.00209407,0.00347258,0.00362024,0.00413665,0.00437133,0.00347258,0.00898220
2017-01-06,0.00033868,-0.00095489,-0.00097523,-0.00159307,-0.00182977,-0.00095489,-0.00319831
2017-01-09,-0.00048128,-0.00058092,-0.00255333,-0.00049620,-0.00036688,-0.00058092,-0.00557430
2017-01-10,-0.00018891,0.00051308,0.00054634,0.00070209,0.00064676,0.00051308,0.00245832
2017-01-11,0.00215374,0.00340374,0.00502843,0.00371968,0.00366523,0.00340374,0.01159614
2017-01-12,-0.00128514,0.00067815,0.00243565,0.00151543,0.00171420,0.00067815,0.00772071
2017-01-13,0.00051247,0.00016580,0.00008014,0.00015211,0.00008323,0.00016580,-0.00116757
2017-01-17,-0.00012321,0.00071525,0.00011785,0.00163650,0.00202598,0.00071525,-0.00057316
2017-01-18,-0.00150280,-0.00259060,-0.00292708,-0.00320289,-0.00350798,-0.00259060,-0.00655304
2017-01-19,-0.00374386,-0.00310903,-0.00271400,-0.00257528,-0.00248170,-0.00310903,-0.00306921
2017-01-20,0.00240390,0.00250543,0.00346525,0.00262038,0.00262290,0.00250543,0.00504057
2017-01-23,0.00051059,0.00242961,0.00268160,0.00271235,0.00275007,0.00242961,0.00995779
2017-01-24,0.00234468,0.00182035,0.00265351,0.00125095,0.00089566,0.00182035,0.00501801
2017-01-25,0.00326550,0.00243067,0.00259915,0.00111355,0.00044035,0.00243067,0.00540988
2017-01-26,-0.00010794,-0.00070758,-0.00055914,-0.00101020,-0.00098038,-0.00070758,-0.00147194
2017-01-27,-0.00046375,-0.00031365,-0.00107322,-0.00029076,-0.00028385,-0.00031365,-0.00209956
2017-01-30,-0.00387103,-0.00307386,-0.00356032,-0.00237841,-0.00211233,-0.00307386,-0.00545579
2017-01-31,0.00130690,0.00199285,0.00218234,0.00281609,0.00310392,0.00199285,0.00311681
2017-02-01,-0.00053017,0.00036668,0.00162535,0.00089615,0.00060195,0.00036668,0.00037391
2017-02-02,0.00054839,0.00109314,0.00120541,0.00126003,0.00128424,0.00109314,0.00428412
2017-02-03,0.00444521,0.00341932,0.00305705,0.00292900,0.00291325,0.00341932,0.00612950
2017-02-06,0.00082160,0.00075359,-0.00061221,0.00046664,0.00088515,0.00075359,-0.00238431
2017-02-07,0.00074751,-0.00053497,-0.00163685,-0.00123469,-0.00106928,-0.00053497,-0.00504666
2017-02-08,0.00241625,0.00278183,0.00282524,0.00283923,0.00283332,0.00278183,0.00614096
2017-02-09,0.00117361,0.00094414,0.00238123,0.00135550,0.00097712,0.00094414,0.00450859
2017-02-10,0.00211220,0.00291582,0.00446314,0.00365097,0.00331981,0.00291582,0.00924186
2017-02-13,0.00268116,0.00101944,-0.00007945,-0.00002248,0.00006477,0.00101944,0.00313999
2017-02-14,0.00098900,0.00070453,0.00116249,0.00088024,0.00078834,0.00070453,0.00104445
2017-02-15,0.00241689,0.00257285,0.00334580,0.00297733,0.00285005,0.00257285,0.00807568
2017-02-16,0.00105542,0.00019033,-0.00136127,-0.00055028,-0.00022523,0.00019033,-0.00361776
2017-02-17,0.00200484,0.00075512,-0.00002444,0.00019614,0.00029037,0.00075512,-0.00415187
2017-02-21,0.00342906,0.00338657,0.00359963,0.00321620,0.00310443,0.00338657,0.01094130
2017-02-22,0.00009212,0.00034964,-0.00008250,0.00017436,0.00028409,0.00034964,0.00309225
2017-02-23,0.00145414,0.00171869,0.00171772,0.00196755,0.00205114,0.00171869,0.00025480
2017-02-24,0.00259187,0.00083727,-0.00064674,0.00025368,0.00060232,0.00083727,-0.01181199
2017-02-27,-0.00046047,-0.00102126,-0.00106551,-0.00119612,-0.00122352,-0.00102126,-0.00311877
2017-02-28,-0.00182622,-0.00187273,-0.00175836,-0.00156838,-0.00152154,-0.00187273,-0.00964418
2017-03-01,0.00560723,0.00490617,0.00622028,0.00577699,0.00477215,0.00490617,0.01553066
2017-03-02,-0.00494107,-0.00659496,-0.00848619,-0.00770487,-0.00755737,-0.00659496,-0.01762617
2017-03-03,0.00075922,0.00161988,0.00251869,0.00210252,0.00199400,0.00161988,0.00765130
2017-03-06,-0.00187464,-0.00180082,-0.00181777,-0.00192392,-0.00197911,-0.00180082,0.00052267
2017-03-07,-0.00237106,-0.00268028,-0.00281259,-0.00285362,-0.00297028,-0.00268028,0.00104801
2017-03-08,-0.00245039,-0.00473869,-0.00711964,-0.00595745,-0.00604472,-0.00473869,-0.00941258
2017-03-09,-0.00033990,-0.00210553,-0.00311907,-0.00267279,-0.00276812,-0.00210553,-0.00791835
2017-03-10,0.00295662,0.00261329,0.00186414,0.00234405,0.00202599,0.00261329,0.01117417
2017-03-13,-0.00068328,0.00086420,0.00168928,0.00150190,0.00110258,0.00086420,0.01394384
2017-03-14,-0.00189825,-0.00246655,-0.00324054,-0.00303520,-0.00290390,-0.00246655,-0.00570673
2017-03-15,0.00869751,0.01105392,0.01198463,0.01185886,0.01159193,0.01105392,0.02609613
2017-03-16,-0.00228460,-0.00092162,-0.00015440,-0.00030329,-0.00030594,-0.00092162,0.00610117
2017-03-17,-0.00000076,0.00027119,0.00027379,0.00020142,0.00043402,0.00027119,-0.00176756
2017-03-20,0.00028508,0.00169959,0.00203262,0.00198017,0.00189694,0.00169959,0.01253434
2017-03-21,-0.00641108,-0.00554769,-0.00665212,-0.00619536,-0.00525145,-0.00554769,-0.01187997
2017-03-22,0.00217074,0.00221222,0.00207472,0.00218495,0.00207547,0.00221222,0.00481036
2017-03-23,-0.00105742,-0.00080385,-0.00083634,-0.00078510,-0.00083540,-0.00080385,0.00024985
2017-03-24,-0.00020634,0.00089006,0.00155685,0.00133609,0.00139373,0.00089006,0.00251951
2017-03-27,0.00037589,0.00018127,-0.00034248,-0.00009802,0.00017853,0.00018127,-0.00276234
2017-03-28,0.00297837,0.00242815,0.00314625,0.00281501,0.00232204,0.00242815,0.00276999
2017-03-29,0.00169917,0.00212224,0.00275664,0.00236518,0.00247298,0.00212224,0.00175645
2017-03-30,0.00077337,0.00002586,0.00029589,0.00009061,-0.00013919,0.00002586,-0.00526319
2017-03-31,-0.00060419,-0.00075113,-0.00091425,-0.00090373,-0.00053375,-0.00075113,-0.00705986
2017-04-03,0.00092408,0.00131708,0.00054444,0.00084533,0.00098822,0.00131708,0.00558670
2017-04-04,-0.00018713,0.00050124,0.00165162,0.00120381,0.00095248,0.00050124,0.00050394
2017-04-05,-0.00102234,-0.00075384,-0.00074709,-0.00079606,-0.00082671,-0.00075384,-0.00302827
2017-04-06,0.00141468,0.00068119,0.00079507,0.00067509,0.00060904,0.00068119,-0.00177289
2017-04-07,-0.00182278,-0.00128327,-0.00084467,-0.00096585,-0.00102936,-0.00128327,-0.00177293
2017-04-10,0.00107807,0.00080951,0.00105601,0.00083797,0.00071471,0.00080951,-0.00406539
2017-04-11,0.00114575,0.00125607,0.00066150,0.00092236,0.00107397,0.00125607,-0.00229553
2017-04-12,-0.00136727,0.00033001,0.00053832,0.00057593,0.00059487,0.00033001,0.00485832
2017-04-13,-0.00265418,-0.00163684,-0.00165836,-0.00167410,-0.00168770,-0.00163684,-0.00432393
2017-04-17,0.00460954,0.00342416,0.00300068,0.00319305,0.00330037,0.00342416,0.01047507
2017-04-18,0.00053179,-0.00071439,-0.00252436,-0.00195100,-0.00162101,-0.00071439,-0.01264228
2017-04-19,-0.00215108,-0.00342825,-0.00507048,-0.00440959,-0.00403124,-0.00342825,-0.00614649
2017-04-20,0.00392303,0.00364741,0.00382188,0.00390063,0.00395029,0.00364741,0.01236901
2017-04-21,-0.00171135,-0.00148408,-0.00254882,-0.00205219,-0.00177172,-0.00148408,0.00000000
2017-04-24,0.00571630,0.00464879,0.00489350,0.00482604,0.00478548,0.00464879,0.01425005
2017-04-25,0.00141386,0.00143528,0.00292497,0.00235307,0.00202613,0.00143528,0.00878576
2017-04-26,0.00067417,0.00006939,-0.00093085,-0.00052602,-0.00029221,0.00006939,-0.00373166
2017-04-27,0.00076645,-0.00001511,-0.00068851,-0.00046233,-0.00033449,-0.00001511,-0.00125058
2017-04-28,-0.00089600,-0.00026607,-0.00040313,-0.00027486,-0.00020266,-0.00026607,0.00150013
2017-05-01,0.00064882,0.00044008,0.00089734,0.00045448,0.00057637,0.00044008,0.00574087
2017-05-02,0.00105251,0.00084729,-0.00030263,0.00041680,-0.00010638,0.00084729,0.00720048
2017-05-03,-0.00155451,-0.00252582,-0.00301413,-0.00295468,-0.00304753,-0.00252582,-0.00665409
2017-05-04,-0.00019658,-0.00366735,-0.00658769,-0.00503679,-0.00608317,-0.00366735,-0.01116444
2017-05-05,0.00244441,0.00323462,0.00486928,0.00387539,0.00446464,0.00323462,0.00827970
2017-05-08,-0.00107539,-0.00107349,-0.00138174,-0.00116812,-0.00134673,-0.00107349,-0.00024986
2017-05-09,-0.00100412,0.00002962,0.00037966,0.00025630,0.00021956,0.00002962,0.01269399
2017-05-10,0.00093335,0.00245374,0.00438072,0.00323133,0.00393268,0.00245374,0.00663611
2017-05-11,-0.00093346,0.00024470,0.00101205,0.00069585,0.00094778,0.00024470,0.00219745
2017-05-12,0.00102100,0.00127451,0.00071272,0.00093875,0.00081306,0.00127451,0.00414065
2017-05-15,0.00305945,0.00332716,0.00398488,0.00361161,0.00375086,0.00332716,0.01019011
2017-05-16,-0.00002791,0.00056435,0.00060172,0.00064486,0.00064908,0.00056435,0.00095874
2017-05-17,-0.00750889,-0.00493508,-0.00526877,-0.00496718,-0.00475253,-0.00493508,-0.01703505
2017-05-18,0.00228857,-0.00071985,-0.00182462,-0.00146887,-0.00167378,-0.00071985,-0.01659797
2017-05-19,0.00377158,0.00582585,0.00877651,0.00715585,0.00807962,0.00582585,0.02134612
2017-05-22,0.00259101,0.00236967,0.00290199,0.00260201,0.00276903,0.00236967,0.00097313
2017-05-23,0.00028198,-0.00034536,-0.00036608,-0.00038303,-0.00044880,-0.00034536,0.00096921
2017-05-24,0.00222503,0.00200882,0.00153640,0.00183720,0.00162509,0.00200882,0.00388200
2017-05-25,0.00309891,0.00100522,-0.00146026,0.00004456,-0.00103432,0.00100522,0.00483152
2017-05-26,0.00013575,0.00144658,0.00248204,0.00205994,0.00238688,0.00144658,0.00360695
2017-05-30,0.00048011,-0.00059797,-0.00191266,-0.00124171,-0.00165235,-0.00059797,-0.00526923
2017-05-31,0.00003596,-0.00109772,-0.00261876,-0.00164453,-0.00221094,-0.00109772,-0.00770681
2017-06-01,0.00456054,0.00348631,0.00288745,0.00290657,0.00300154,0.00348631,0.00849488
2017-06-02,0.00375016,0.00314479,0.00228117,0.00246067,0.00239745,0.00314479,0.00505164
2017-06-05,-0.00110986,-0.00122891,-0.00172594,-0.00161703,-0.00164819,-0.00122891,-0.00119645
2017-06-06,-0.00066448,0.00050579,0.00085544,0.00087899,0.00079696,0.00050579,0.00047856
2017-06-07,0.00036899,-0.00118372,-0.00256697,-0.00235956,-0.00238486,-0.00118372,-0.00119731
2017-06-08,-0.00033374,0.00006864,0.00055894,0.00042302,0.00051542,0.00006864,0.00599958
2017-06-09,-0.00128438,-0.00167757,-0.00134607,-0.00147639,-0.00143756,-0.00167757,-0.00763145
2017-06-12,-0.00019802,-0.00111576,-0.00243700,-0.00221492,-0.00227961,-0.00111576,-0.00528862
2017-06-13,0.00309100,0.00282858,0.00333791,0.00321587,0.00329015,0.00282858,0.00483152
2017-06-14,0.00130926,-0.00028696,-0.00297228,-0.00255506,-0.00268611,-0.00028696,-0.00023850
2017-06-15,-0.00185954,-0.00278702,-0.00295075,-0.00297774,-0.00299600,-0.00278702,-0.01034338
2017-06-16,0.00035405,0.00049598,0.00096111,0.00087255,0.00089309,0.00049598,0.00170223
2017-06-19,0.00389334,0.00278393,0.00270528,0.00261450,0.00276928,0.00278393,0.00994649
2017-06-20,-0.00307586,-0.00375376,-0.00534890,-0.00502729,-0.00520681,-0.00375376,-0.01105166
2017-06-21,-0.00018560,-0.00075166,-0.00149107,-0.00130287,-0.00137469,-0.00075166,0.00219517
2017-06-22,0.00009804,0.00126355,0.00183011,0.00178367,0.00179679,0.00126355,0.00511382
2017-06-23,0.00082903,0.00187892,0.00253757,0.00244618,0.00249030,0.00187892,0.00532994
2017-06-26,0.00072819,0.00127633,0.00193637,0.00174412,0.00185672,0.00127633,0.00963702
2017-06-27,-0.00680304,-0.00507968,-0.00368377,-0.00383803,-0.00386917,-0.00507968,-0.01169492
2017-06-28,0.00500372,0.00450904,0.00535627,0.00514037,0.00528795,0.00450904,0.00772697
2017-06-29,-0.00677974,-0.00580934,-0.00526775,-0.00532880,-0.00537038,-0.00580934,-0.01270068
2017-06-30,0.00019029,0.00158657,0.00405557,0.00356074,0.00374844,0.00158657,0.00461248
2017-07-03,-0.00045266,-0.00017955,0.00161353,0.00117422,0.00083370,-0.00017955,0.00579877
2017-07-05,0.00169122,0.00021111,-0.00152150,-0.00126463,-0.00069400,0.00021111,-0.00192080
2017-07-06,-0.00625259,-0.00524518,-0.00520167,-0.00506826,-0.00538160,-0.00524518,-0.01203398
2017-07-07,0.00324871,0.00082265,-0.00036786,-0.00041086,0.00018379,0.00082265,0.00194794
2017-07-10,0.00117307,0.00203582,0.00256616,0.00245328,0.00240597,0.00203582,0.00948367
2017-07-11,0.00007948,0.00153231,0.00300986,0.00282907,0.00240963,0.00153231,0.00818796
2017-07-12,0.00568431,0.00603853,0.00585973,0.00576719,0.00626397,0.00603853,0.01934999
2017-07-13,0.00060078,0.00077667,0.00104517,0.00095884,0.00104255,0.00077667,0.00492207
2017-07-14,0.00337279,0.00453736,0.00575773,0.00556162,0.00536898,0.00453736,0.01259313
2017-07-17,0.00041035,-0.00004891,-0.00066357,-0.00051227,-0.00043396,-0.00004891,-0.00460685
2017-07-18,0.00177146,0.00213827,0.00222978,0.00226965,0.00214007,0.00213827,0.00300930
2017-07-19,0.00326326,0.00339917,0.00451619,0.00427448,0.00412221,0.00339917,0.00830346
2017-07-20,0.00037986,0.00003994,-0.00047555,-0.00042148,-0.00028939,0.00003994,-0.00114337
2017-07-21,0.00016569,-0.00020579,-0.00175833,-0.00144847,-0.00100923,-0.00020579,-0.00068681
2017-07-24,-0.00040598,0.00026279,0.00076234,0.00069671,0.00061730,0.00026279,0.00297822
2017-07-25,-0.00075447,-0.00055768,0.00100468,0.00073885,0.00038936,-0.00055768,-0.00251255
2017-07-26,0.00128464,0.00283429,0.00386201,0.00378060,0.00345107,0.00283429,0.00824639
2017-07-27,-0.00119146,-0.00112200,-0.00050221,-0.00055946,-0.00084699,-0.00112200,-0.00545355
2017-07-28,-0.00004247,0.00071990,0.00119575,0.00123035,0.00096003,0.00071990,-0.00045672
2017-07-31,-0.00023156,0.00031956,0.00095912,0.00087878,0.00064991,0.00031956,0.00114233
2017-08-01,0.00232960,0.00124379,-0.00026147,-0.00019639,0.00013868,0.00124379,0.00296945
2017-08-02,-0.00008280,0.00003026,0.00038524,0.00032269,0.00016387,0.00003026,0.00091012
2017-08-03,0.00021959,-0.00056662,-0.00182718,-0.00163960,-0.00116966,-0.00056662,-0.00409458
2017-08-04,0.00000687,-0.00001314,0.00068193,0.00049740,0.00009211,-0.00001314,0.00365490
2017-08-07,0.00134019,0.00153059,0.00198405,0.00188468,0.00164808,0.00153059,0.00682555
2017-08-08,-0.00181393,-0.00126623,-0.00082710,-0.00078560,-0.00078785,-0.00126623,0.00022588
2017-08-09,0.00046232,0.00001838,0.00016952,0.00034860,0.00059005,0.00001838,-0.00903883
2017-08-10,-0.00696851,-0.00727580,-0.00978303,-0.00915933,-0.00781650,-0.00727580,-0.02370921
2017-08-11,0.00133104,0.00158572,0.00167892,0.00167587,0.00166112,0.00158572,0.00233427
2017-08-14,0.00492531,0.00336176,0.00260454,0.00235853,0.00217327,0.00336176,0.01025257
2017-08-15,-0.00127081,-0.00140747,-0.00151568,-0.00160983,-0.00172416,-0.00140747,0.00115260
2017-08-16,0.00179453,0.00243658,0.00240810,0.00241151,0.00247703,0.00243658,0.01036428
2017-08-17,-0.00791859,-0.00588008,-0.00596276,-0.00559143,-0.00510237,-0.00588008,-0.01276757
2017-08-18,-0.00085352,0.00129133,0.00352755,0.00330653,0.00253489,0.00129133,0.00854672
2017-08-21,0.00072910,0.00052334,-0.00063225,-0.00053607,-0.00011513,0.00052334,0.00366214
2017-08-22,0.00542017,0.00451024,0.00510887,0.00479596,0.00425663,0.00451024,0.01117996
2017-08-23,-0.00075270,0.00086900,0.00173507,0.00174545,0.00156653,0.00086900,0.00473883
2017-08-24,-0.00202597,-0.00105763,-0.00078656,-0.00084848,-0.00097676,-0.00105763,0.00314523
2017-08-25,0.00206760,0.00216418,0.00197822,0.00197099,0.00202731,0.00216418,0.00582049
2017-08-28,0.00039961,0.00078430,0.00055952,0.00075739,0.00117975,0.00078430,-0.00356216
2017-08-29,0.00161927,0.00064192,0.00018566,0.00021025,0.00026216,0.00064192,-0.00178608
2017-08-30,0.00248064,0.00145610,0.00071589,0.00068799,0.00083436,0.00145610,0.00156562
2017-08-31,0.00422194,0.00501010,0.00746233,0.00731078,0.00663875,0.00501010,0.00156317
2017-09-01,-0.00032814,0.00064631,0.00123938,0.00124020,0.00033449,0.00064631,0.00736046
2017-09-05,-0.00154013,-0.00136678,-0.00328750,-0.00168730,0.00063834,-0.00136678,-0.01306403
2017-09-06,0.00107643,0.00136552,0.00157054,0.00243974,0.00062115,0.00136552,0.00650635
2017-09-07,0.00166830,0.00249209,0.00246077,0.00250409,0.00321816,0.00249209,0.00735826
2017-09-08,-0.00099844,-0.00220390,-0.00212154,-0.00315583,-0.00201400,-0.00220390,-0.00664095
2017-09-11,0.00408194,0.00313814,0.00497477,0.00358386,0.00068074,0.00313814,0.01336798
2017-09-12,0.00106973,0.00081423,0.00109648,0.00108033,0.00063638,0.00081423,-0.00110131
2017-09-13,-0.00052041,-0.00107242,-0.00132434,-0.00084750,-0.00157877,-0.00107242,-0.00527925
2017-09-14,-0.00011949,0.00065336,0.00078629,0.00099270,0.00100090,0.00065336,0.00265364
2017-09-15,0.00129052,0.00141811,0.00147862,0.00160762,0.00076978,0.00141811,0.00595757
2017-09-18,-0.00026165,-0.00045702,0.00025667,-0.00006273,-0.00127806,-0.00045702,0.00351059
2017-09-19,0.00016404,0.00036968,0.00078975,0.00034024,0.00030423,0.00036968,0.00218478
2017-09-20,-0.00055458,-0.00093893,-0.00139095,-0.00047264,-0.00150705,-0.00093893,-0.00458069
2017-09-21,-0.00213989,-0.00207648,-0.00194386,-0.00232148,-0.00239887,-0.00207648,0.00000000
2017-09-22,0.00082225,0.00057854,-0.00002297,0.00067109,0.00107283,0.00057854,-0.00569680
2017-09-25,-0.00005790,-0.00013131,-0.00221284,0.00064982,0.00125468,-0.00013131,-0.01696805
2017-09-26,0.00003239,-0.00118925,-0.00068529,-0.00214802,-0.00205730,-0.00118925,-0.00268874
2017-09-27,0.00032671,-0.00101573,-0.00026883,-0.00124071,-0.00207767,-0.00101573,-0.00359739
2017-09-28,0.00065412,0.00035824,0.00040401,0.00025008,0.00031386,0.00035824,-0.00067643
2017-09-29,0.00165535,0.00162999,0.00283344,0.00133513,0.00056350,0.00162999,0.01151260
2017-10-02,0.00214344,0.00038128,0.00112028,-0.00064841,-0.00070141,0.00038128,0.00022306
2017-10-03,0.00184969,0.00297489,0.00378830,0.00309372,0.00270793,0.00297489,0.01584198
2017-10-04,0.00060095,0.00045941,0.00041989,0.00065789,0.00066731,0.00045941,-0.00021953
2017-10-05,0.00315416,0.00294564,0.00323130,0.00328927,0.00254645,0.00294564,0.00746846
2017-10-06,-0.00117229,-0.00195199,-0.00143931,-0.00274579,-0.00209064,-0.00195199,-0.00501560
2017-10-09,-0.00054797,0.00009835,-0.00015698,0.00035064,0.00061281,0.00009835,-0.00065716
2017-10-10,0.00174013,0.00290062,0.00294770,0.00386128,0.00332218,0.00290062,0.00986920
2017-10-11,0.00139558,0.00151378,0.00156282,0.00167331,0.00159377,0.00151378,0.00456080
2017-10-12,-0.00052654,-0.00035811,-0.00053894,-0.00027301,-0.00015693,-0.00035811,-0.00043214
2017-10-13,0.00207615,0.00317187,0.00289618,0.00377105,0.00354874,0.00317187,0.00908147
2017-10-16,0.00013366,-0.00030136,-0.00020040,-0.00041786,-0.00071825,-0.00030136,-0.00064265
2017-10-17,0.00027631,-0.00071532,-0.00076922,-0.00127755,-0.00129509,-0.00071532,-0.00514713
2017-10-18,-0.00041361,-0.00021972,0.00028360,-0.00014545,-0.00037395,-0.00021972,0.00237010
2017-10-19,0.00057468,-0.00040815,-0.00071704,-0.00077020,-0.00023764,-0.00040815,-0.00881576
2017-10-20,0.00148105,0.00109853,0.00174016,0.00133237,0.00073730,0.00109853,0.00368937
2017-10-23,-0.00198674,-0.00200227,-0.00274888,-0.00196983,-0.00164984,-0.00200227,-0.00799983
2017-10-24,-0.00012721,0.00015111,0.00002303,0.00088747,0.00038395,0.00015111,0.00000000
2017-10-25,-0.00363365,-0.00262882,-0.00303042,-0.00208028,-0.00205231,-0.00262882,-0.00217812
2017-10-26,0.00025959,-0.00089345,-0.00132672,-0.00092419,-0.00115336,-0.00089345,-0.00676956
2017-10-27,0.00622484,0.00606998,0.00676851,0.00606742,0.00567810,0.00606998,0.01451050
2017-10-30,-0.00085213,-0.00075910,-0.00175700,-0.00066846,-0.00037497,-0.00075910,-0.00628495
2017-10-31,0.00068355,0.00133369,0.00183326,0.00161410,0.00116940,0.00133369,0.00937939
2017-11-01,0.00103307,0.00130400,0.00148994,0.00140978,0.00136272,0.00130400,0.00518606
2017-11-02,0.00076087,0.00094742,0.00055910,0.00121091,0.00100672,0.00094742,0.00128917
2017-11-03,0.00264323,0.00117275,0.00061523,0.00080289,0.00063205,0.00117275,-0.00515266
2017-11-06,0.00141741,0.00346351,0.00302178,0.00460041,0.00386932,0.00346351,0.01122147
2017-11-07,-0.00026711,-0.00149647,-0.00172328,-0.00177251,-0.00149682,-0.00149647,-0.00640169
2017-11-08,0.00053289,0.00037270,0.00069012,0.00044931,0.00044013,0.00037270,0.00472551
2017-11-09,-0.00232996,-0.00219508,-0.00298984,-0.00156057,-0.00145287,-0.00219508,-0.00620157
2017-11-10,-0.00221616,-0.00230774,-0.00183371,-0.00264524,-0.00282456,-0.00230774,-0.00430002
2017-11-13,0.00037052,-0.00016158,-0.00005386,-0.00027375,-0.00012383,-0.00016158,-0.00216193
2017-11-14,-0.00083217,-0.00207218,-0.00219096,-0.00236010,-0.00164119,-0.00207218,-0.00671095
2017-11-15,-0.00157419,-0.00136320,-0.00217331,-0.00116310,-0.00089143,-0.00136320,-0.00523128
2017-11-16,0.00406998,0.00510514,0.00747109,0.00426536,0.00389256,0.00510514,0.02081614
2017-11-17,-0.00124055,0.00121531,0.00034037,0.00274374,0.00231413,0.00121531,0.00493701
2017-11-20,0.00038417,-0.00037139,0.00054799,-0.00136907,-0.00143448,-0.00037139,0.00512624
2017-11-21,0.00400770,0.00433019,0.00507572,0.00413293,0.00365999,0.00433019,0.01338614
2017-11-22,0.00074150,0.00178768,0.00135236,0.00244193,0.00246360,0.00178768,0.00251509
2017-11-24,0.00105254,0.00040785,0.00037930,0.00017302,0.00001577,0.00040785,-0.00209065
2017-11-27,-0.00003904,-0.00170500,-0.00260179,-0.00166806,-0.00123842,-0.00170500,-0.01467286
2017-11-28,0.00618261,0.00445653,0.00569306,0.00334394,0.00333899,0.00445653,0.00744697
2017-11-29,-0.00163236,-0.00352956,-0.00376319,-0.00403587,-0.00373710,-0.00352956,-0.01583653
2017-11-30,0.00406789,0.00060618,0.00103915,-0.00056248,-0.00053257,0.00060618,-0.01094202
2017-12-01,0.00022779,0.00042607,-0.00077810,0.00114338,0.00084796,0.00042607,-0.00563995
2017-12-04,-0.00091397,-0.00114472,-0.00045917,-0.00168574,-0.00130778,-0.00114472,0.00196244
2017-12-05,-0.00184880,-0.00148518,-0.00180263,-0.00142549,-0.00158096,-0.00148518,-0.00065287
2017-12-06,0.00094966,-0.00174363,-0.00182743,-0.00287708,-0.00210441,-0.00174363,-0.01350669
2017-12-07,0.00116063,0.00041658,0.00076476,-0.00020009,-0.00042576,0.00041658,0.00286970
2017-12-08,0.00295824,0.00320326,0.00393420,0.00304867,0.00285538,0.00320326,0.01167142
2017-12-11,0.00154193,0.00129736,0.00165168,0.00100337,0.00087972,0.00129736,0.00500687
2017-12-12,0.00072033,-0.00064027,-0.00039221,-0.00107947,-0.00065675,-0.00064027,-0.00671385
2017-12-13,0.00155452,0.00251626,0.00294213,0.00251072,0.00268497,0.00251626,0.01199279
2017-12-14,-0.00260300,-0.00241010,-0.00319792,-0.00194269,-0.00213000,-0.00241010,-0.00732525
2017-12-15,0.00491497,0.00321029,0.00375921,0.00255706,0.00272363,0.00321029,0.00216960
2017-12-18,0.00291108,0.00325480,0.00419410,0.00321092,0.00310881,0.00325480,0.01126280
2017-12-19,-0.00411548,-0.00296546,-0.00343822,-0.00203120,-0.00239436,-0.00296546,-0.00528411
2017-12-20,-0.00148244,-0.00046319,-0.00036815,-0.00003208,-0.00022636,-0.00046319,0.00131230
2017-12-21,0.00152413,0.00189610,0.00227698,0.00197677,0.00193227,0.00189610,0.00655027
2017-12-22,-0.00000707,0.00146382,0.00166698,0.00199276,0.00179791,0.00146382,0.00845811
2017-12-26,-0.00057238,0.00084921,0.00004400,0.00198113,0.00148783,0.00084921,-0.00086247
2017-12-27,0.00198996,0.00206708,0.00169694,0.00225714,0.00219990,0.00206708,0.00258449
2017-12-28,0.00075187,0.00158620,0.00189099,0.00205709,0.00185871,0.00158620,0.00686990
2017-12-29,-0.00163722,0.00029532,0.00010653,0.00114036,0.00097952,0.00029532,0.00469035
2018-01-02,0.00296692,0.00438524,0.00574814,0.00490605,0.00523444,0.00438524,0.01888788
2018-01-03,0.00422651,0.00415597,0.00480528,0.00391579,0.00425004,0.00415597,0.00958150
2018-01-04,0.00235687,0.00225604,0.00229255,0.00216095,0.00250648,0.00225604,0.00495214
2018-01-05,0.00354280,0.00275432,0.00272305,0.00224426,0.00294104,0.00275432,0.00862292
2018-01-08,0.00092274,0.00036682,0.00020393,0.00016103,0.00030799,0.00036682,0.00000000
2018-01-09,-0.00049363,-0.00090335,0.00016535,-0.00065543,-0.00079959,-0.00090335,-0.00163017
2018-01-10,-0.00104412,-0.00119760,-0.00106325,-0.00088190,-0.00129811,-0.00119760,-0.00631833
2018-01-11,0.00470310,0.00379072,0.00342982,0.00317458,0.00380569,0.00379072,0.00615403
2018-01-12,0.00371756,0.00396870,0.00499116,0.00451131,0.00446064,0.00396870,0.00958348
2018-01-16,-0.00190630,-0.00163959,-0.00205711,-0.00151799,-0.00162281,-0.00163959,-0.00383678
2018-01-17,0.00496904,0.00385854,0.00451202,0.00324662,0.00401286,0.00385854,0.01317856
2018-01-18,-0.00225217,-0.00149749,-0.00081980,-0.00113996,-0.00120789,-0.00149749,0.00120147
2018-01-19,0.00179298,0.00201659,0.00236005,0.00196647,0.00244544,0.00201659,0.00819381
2018-01-22,0.00485952,0.00371192,0.00383362,0.00330409,0.00375860,0.00371192,0.00575142
2018-01-23,0.00241638,0.00291838,0.00333523,0.00312850,0.00295242,0.00291838,0.00472915
2018-01-24,-0.00097482,0.00124785,0.00304632,0.00253660,0.00193335,0.00124785,0.00843612
2018-01-25,0.00110770,0.00001265,-0.00086156,-0.00063490,-0.00033520,0.00001265,-0.00058169
2018-01-26,0.00601224,0.00540173,0.00676149,0.00533548,0.00583904,0.00540173,0.01381903
2018-01-29,-0.00506711,-0.00551140,-0.00597320,-0.00543802,-0.00582904,-0.00551140,-0.01516849
2018-01-30,-0.00724090,-0.00671881,-0.00734309,-0.00649220,-0.00689712,-0.00671881,-0.01364629
2018-01-31,0.00041780,0.00184863,0.00256354,0.00238423,0.00234843,0.00184863,0.00869648
2018-02-01,-0.00275480,-0.00283285,-0.00193623,-0.00191739,-0.00201042,-0.00283285,-0.01352051
2018-02-02,-0.01456062,-0.01326317,-0.01445472,-0.01292959,-0.01365067,-0.01326317,-0.02562745
2018-02-05,-0.02163508,-0.01661853,-0.01848956,-0.01480324,-0.01668295,-0.01661853,-0.03506539
2018-02-06,0.00969585,0.00823707,0.00874022,0.00638602,0.00759912,0.00823707,0.03253672
2018-02-07,-0.00439948,-0.00698848,-0.00905491,-0.00781334,-0.00827465,-0.00698848,-0.03151144
2018-02-08,-0.02174817,-0.01739699,-0.01870467,-0.01561430,-0.01717718,-0.01739699,-0.03465002
2018-02-09,0.00797364,0.00482740,0.00344238,0.00263415,0.00316844,0.00482740,0.01597584
2018-02-12,0.00845350,0.00769021,0.00852795,0.00730794,0.00793953,0.00769021,0.01572722
2018-02-13,0.00214743,0.00210328,0.00227367,0.00222887,0.00221871,0.00210328,0.00763489
2018-02-14,0.00543677,0.00723475,0.01050759,0.00890184,0.00962340,0.00723475,0.02504619
2018-02-15,0.00768085,0.00747853,0.00805134,0.00677329,0.00743754,0.00747853,0.02053607
2018-02-16,0.00112824,0.00079415,0.00048740,0.00051331,0.00050772,0.00079415,-0.00322052
2018-02-20,-0.00416202,-0.00472470,-0.00466962,-0.00451407,-0.00467284,-0.00472470,-0.01372599
2018-02-21,-0.00414947,-0.00344463,-0.00305907,-0.00307193,-0.00312020,-0.00344463,-0.00081836
2018-02-22,0.00132922,0.00168629,0.00236982,0.00230770,0.00228410,0.00168629,0.00061489
2018-02-23,0.01101522,0.00934600,0.00970071,0.00843613,0.00905438,0.00934600,0.01780846
2018-02-26,0.00739727,0.00585688,0.00616746,0.00540153,0.00578077,0.00585688,0.00925197
2018-02-27,-0.00873091,-0.00943651,-0.01089102,-0.00969981,-0.01021086,-0.00943651,-0.02909513
2018-02-28,-0.00509091,-0.00499130,-0.00660302,-0.00532891,-0.00588343,-0.00499130,-0.01436860
2018-03-01,-0.00700549,-0.00473152,-0.00447515,-0.00374998,-0.00419796,-0.00473152,-0.00187289
2018-03-02,0.00156928,0.00206541,0.00268637,0.00231168,0.00255874,0.00206541,0.00417119
2018-03-05,0.00639416,0.00403104,0.00432353,0.00370755,0.00408813,0.00403104,0.00145447
2018-03-06,0.00148349,0.00264520,0.00333599,0.00321573,0.00329940,0.00264520,0.00933697
2018-03-07,-0.00022031,-0.00113107,-0.00213713,-0.00214315,-0.00218402,-0.00113107,0.00102675
2018-03-08,0.00373084,0.00196987,0.00082445,0.00075194,0.00076040,0.00196987,0.00020711
2018-03-09,0.00961561,0.00855631,0.01000016,0.00859166,0.00944341,0.00855631,0.02135023
2018-03-12,0.00016590,0.00017313,-0.00021166,-0.00008527,-0.00018182,0.00017313,0.00241116
2018-03-13,-0.00325815,-0.00312620,-0.00380533,-0.00314124,-0.00354359,-0.00312620,-0.00902189
2018-03-14,-0.00232317,-0.00122368,-0.00110262,-0.00088338,-0.00101878,-0.00122368,0.00161817
2018-03-15,-0.00081098,-0.00112994,-0.00123350,-0.00128470,-0.00125366,-0.00112994,-0.00363621
2018-03-16,0.00018580,0.00005663,0.00031194,0.00014229,0.00025739,0.00005663,-0.00223010
2018-03-19,-0.00853843,-0.00675544,-0.00714528,-0.00624733,-0.00678286,-0.00675544,-0.01077040
2018-03-20,0.00023564,0.00145153,0.00283010,0.00214901,0.00257203,0.00145153,0.01109239
2018-03-21,-0.00087752,0.00202179,0.00429191,0.00444491,0.00442931,0.00202179,0.00589154
2018-03-22,-0.01334111,-0.01212593,-0.01384810,-0.01184853,-0.01304133,-0.01212593,-0.03332565
2018-03-23,-0.01207273,-0.00812713,-0.00739684,-0.00582772,-0.00669584,-0.00812713,-0.02026674
2018-03-26,0.01493200,0.01265124,0.01333672,0.01148403,0.01256076,0.01265124,0.03241435
2018-03-27,-0.00780856,-0.00668191,-0.00791745,-0.00669264,-0.00743470,-0.00668191,-0.01817623
2018-03-28,-0.00181894,-0.00252530,-0.00301431,-0.00309361,-0.00306466,-0.00252530,-0.00505007
2018-03-29,0.00835266,0.00789871,0.00902232,0.00797734,0.00860062,0.00789871,0.02093506
2018-04-02,-0.01254742,-0.00953553,-0.01081530,-0.00958030,-0.00735237,-0.00953553,-0.01802120
2018-04-03,0.00632248,0.00473540,0.00572033,0.00491280,0.00348879,0.00473540,0.00991298
2018-04-04,0.00616687,0.00368492,0.00282333,0.00262516,0.00248964,0.00368492,0.00041881
2018-04-05,0.00373384,0.00230955,0.00273409,0.00226680,0.00143358,0.00230955,0.00250428
2018-04-06,-0.01170895,-0.00886048,-0.00989630,-0.00871651,-0.00668019,-0.00886048,-0.01957411
2018-04-09,0.00302066,0.00303870,0.00404214,0.00377095,0.00320002,0.00303870,0.00106099
2018-04-10,0.00880938,0.00833706,0.01053315,0.00954896,0.00766774,0.00833706,0.01952082
2018-04-11,-0.00277126,-0.00059375,0.00055046,0.00071444,0.00085405,-0.00059375,0.00041733
2018-04-12,0.00350871,0.00142797,0.00113902,0.00066045,-0.00004101,0.00142797,-0.00041715
2018-04-13,-0.00142302,-0.00131836,-0.00163575,-0.00127109,-0.00058245,-0.00131836,-0.00998835
2018-04-16,0.00476233,0.00290674,0.00220724,0.00205472,0.00195338,0.00290674,0.00125956
2018-04-17,0.00670298,0.00433050,0.00398119,0.00373562,0.00340434,0.00433050,0.00209999
2018-04-18,-0.00108194,0.00090392,0.00371526,0.00317362,0.00188068,0.00090392,0.00859117
2018-04-19,-0.00444785,-0.00390102,-0.00391904,-0.00374456,-0.00344077,-0.00390102,-0.00581668
2018-04-20,-0.00646198,-0.00595020,-0.00597883,-0.00578520,-0.00549819,-0.00595020,-0.01253688
2018-04-23,-0.00047812,-0.00179446,-0.00206437,-0.00206810,-0.00209581,-0.00179446,-0.00804142
2018-04-24,-0.00863599,-0.00587793,-0.00597488,-0.00546524,-0.00459220,-0.00587793,-0.00469236
2018-04-25,0.00063225,-0.00071560,-0.00075714,-0.00089619,-0.00113120,-0.00071560,-0.00771507
2018-04-26,0.00728146,0.00627589,0.00666640,0.00613734,0.00516792,0.00627589,0.01447125
2018-04-27,0.00122908,0.00164664,0.00182309,0.00184178,0.00186851,0.00164664,0.00617375
2018-04-30,-0.00423751,-0.00332309,-0.00293721,-0.00279881,-0.00272743,-0.00332309,-0.00719536
2018-05-01,0.00043809,-0.00096586,-0.00184321,-0.00188141,-0.00234361,-0.00096586,-0.00519091
2018-05-02,-0.00395716,-0.00308882,-0.00306376,-0.00285955,-0.00171630,-0.00308882,-0.00615324
2018-05-03,-0.00029212,0.00027756,0.00052104,0.00064530,0.00143998,0.00027756,-0.00025757
2018-05-04,0.00778176,0.00553308,0.00580940,0.00550390,0.00412282,0.00553308,0.00506176
2018-05-07,0.00183721,0.00057711,0.00017903,0.00019200,0.00026309,0.00057711,-0.00462664
2018-05-08,-0.00066621,0.00004963,0.00076720,0.00063390,0.00009529,0.00004963,0.00499406
2018-05-09,0.00492088,0.00351514,0.00442333,0.00405375,0.00259279,0.00351514,0.00354944
2018-05-10,0.00647833,0.00686690,0.00770748,0.00736801,0.00568784,0.00686690,0.01724159
2018-05-11,0.00189115,0.00052535,-0.00035123,-0.00032165,-0.00045988,0.00052535,-0.00268461
2018-05-14,-0.00056202,-0.00017570,0.00077448,0.00056291,-0.00018096,-0.00017570,0.00261737
2018-05-15,-0.00635710,-0.00725176,-0.00703464,-0.00699799,-0.00647503,-0.00725176,-0.01573471
2018-05-16,0.00173856,0.00273890,0.00409339,0.00369883,0.00193459,0.00273890,0.01287510
2018-05-17,-0.00074797,-0.00192024,-0.00258502,-0.00240129,-0.00140177,-0.00192024,-0.01152979
2018-05-18,-0.00000571,-0.00068362,-0.00140552,-0.00115805,0.00000660,-0.00068362,-0.00632726
2018-05-21,0.00484297,0.00402990,0.00462508,0.00436515,0.00325591,0.00402990,0.00645904
2018-05-22,-0.00184965,-0.00067948,-0.00022111,-0.00025544,-0.00035274,-0.00067948,0.00290358
2018-05-23,0.00346016,0.00262517,0.00240502,0.00243334,0.00259205,0.00262517,0.00093807
2018-05-24,-0.00024107,-0.00042111,-0.00164164,-0.00129762,0.00010482,-0.00042111,-0.00564303
2018-05-25,0.00010007,-0.00047295,-0.00230608,-0.00207964,-0.00176001,-0.00047295,-0.00029312
2018-05-29,-0.00271409,-0.00430634,-0.00738011,-0.00650422,-0.00281294,-0.00430634,-0.02008235
2018-05-30,0.00630805,0.00533093,0.00703724,0.00647275,0.00425435,0.00533093,0.00908707
2018-05-31,-0.00389760,-0.00264608,-0.00248173,-0.00238539,-0.00190908,-0.00264608,-0.00097998
2018-06-01,0.00441228,0.00348947,0.00362475,0.00349828,0.00350126,0.00348947,-0.00362386
2018-06-04,0.00146491,0.00130721,0.00091648,0.00129410,0.00158175,0.00130721,-0.00814090
2018-06-05,0.00145064,0.00061002,0.00006316,0.00030987,0.00043883,0.00061002,0.00012870
2018-06-06,0.00346491,0.00381011,0.00506915,0.00442023,0.00417454,0.00381011,0.00532041
2018-06-07,0.00159758,-0.00019993,-0.00112248,-0.00086406,-0.00075788,-0.00019993,0.00072059
2018-06-08,0.00125279,0.00041737,0.00021883,0.00029310,0.00036283,0.00041737,-0.00078378
2018-06-11,0.00042270,0.00048409,0.00055512,0.00057471,0.00062185,0.00048409,-0.00047059
2018-06-12,0.00055488,-0.00009518,-0.00030924,-0.00028983,-0.00026016,-0.00009518,-0.00089183
2018-06-13,-0.00240472,-0.00176103,-0.00138088,-0.00152271,-0.00159825,-0.00176103,0.00217450
2018-06-14,0.00276730,0.00096220,-0.00096745,0.00007504,0.00065550,0.00096220,-0.01045433
2018-06-15,-0.00046875,-0.00308635,-0.00590836,-0.00453178,-0.00380268,-0.00308635,-0.02161140
2018-06-18,-0.00105678,-0.00146730,-0.00115726,-0.00149194,-0.00168607,-0.00146730,0.00522932
2018-06-19,-0.00128488,-0.00245918,-0.00418088,-0.00326949,-0.00283126,-0.00245918,-0.01044891
2018-06-20,-0.00024163,-0.00008999,0.00029110,0.00006595,-0.00000874,-0.00008999,-0.00026607
2018-06-21,-0.00275955,-0.00350751,-0.00496850,-0.00418295,-0.00383175,-0.00350751,-0.00861440
2018-06-22,0.00117949,0.00284335,0.00528055,0.00388626,0.00313433,0.00284335,0.01834610
2018-06-25,-0.00769272,-0.00674232,-0.00807811,-0.00719403,-0.00682750,-0.00674232,-0.01179140
2018-06-26,0.00152634,0.00080013,0.00150292,0.00086744,0.00053183,0.00080013,0.00764372
2018-06-27,-0.00346572,-0.00387570,-0.00433376,-0.00429082,-0.00437018,-0.00387570,0.00128685
2018-06-28,0.00303258,0.00204109,0.00217299,0.00198702,0.00190398,0.00204109,0.00084147
2018-06-29,0.00055297,0.00225844,0.00423158,0.00322755,0.00267540,0.00225844,0.01200045
2018-07-02,0.00100719,-0.00186056,-0.00438352,-0.00283571,-0.00287676,-0.00186056,-0.02100567
2018-07-03,-0.00110583,0.00004043,-0.00015645,0.00058620,0.00082961,0.00004043,-0.00115481
2018-07-05,0.00492746,0.00351544,0.00365347,0.00321689,0.00311464,0.00351544,0.00578754
2018-07-06,0.00543468,0.00504126,0.00572871,0.00465783,0.00429720,0.00504126,0.00459795
2018-07-09,0.00442325,0.00476037,0.00601908,0.00461427,0.00417285,0.00476037,0.00515241
2018-07-10,0.00187136,0.00059315,0.00007859,0.00018757,0.00010544,0.00059315,-0.00227672
2018-07-11,-0.00363048,-0.00639519,-0.01072633,-0.00723329,-0.00688898,-0.00639519,-0.03482288
2018-07-12,0.00532602,0.00521230,0.00596660,0.00497857,0.00464282,0.00521230,0.00532306
2018-07-13,0.00113021,0.00072962,0.00076035,0.00053703,0.00049168,0.00072962,0.00176728
2018-07-16,-0.00119419,-0.00250498,-0.00470383,-0.00290911,-0.00283863,-0.00250498,-0.02114212
2018-07-17,0.00222430,0.00152625,0.00179479,0.00091085,0.00057650,0.00152625,0.00120624
2018-07-18,0.00097248,0.00085117,0.00153236,0.00081935,0.00076181,0.00085117,0.00898628
2018-07-19,-0.00122384,-0.00214313,-0.00309654,-0.00233932,-0.00210649,-0.00214313,-0.00118703
2018-07-20,-0.00207296,0.00071976,0.00263659,0.00145498,0.00129640,0.00071976,0.00713065
2018-07-23,-0.00078996,-0.00154743,-0.00114279,-0.00177793,-0.00189553,-0.00154743,0.00354008
2018-07-24,0.00333388,0.00395503,0.00487465,0.00386538,0.00357766,0.00395503,0.00529487
2018-07-25,0.00493242,0.00562944,0.00747858,0.00573728,0.00539395,0.00562944,0.01346161
2018-07-26,-0.00186385,-0.00265391,-0.00298981,-0.00289566,-0.00282655,-0.00265391,0.00000000
2018-07-27,-0.00353676,-0.00181078,-0.00183364,-0.00138476,-0.00125326,-0.00181078,-0.00404289
2018-07-30,-0.00368460,-0.00213640,-0.00119580,-0.00170245,-0.00163357,-0.00213640,0.00579410
2018-07-31,0.00354097,0.00280375,0.00214894,0.00252830,0.00242580,0.00280375,-0.00576072
2018-08-01,-0.00195300,-0.00319347,-0.00477742,-0.00336114,-0.00352809,-0.00319347,-0.00578184
2018-08-02,0.00374320,0.00100036,0.00046738,0.00029620,0.00033863,0.00100036,0.00557497
2018-08-03,0.00359785,0.00343755,0.00364317,0.00339933,0.00322886,0.00343755,0.00405910
2018-08-06,0.00240170,0.00069150,0.00022235,0.00023881,0.00014179,0.00069150,0.00311078
2018-08-07,0.00116887,0.00212547,0.00349802,0.00232059,0.00202710,0.00212547,0.00453719
2018-08-08,0.00009772,-0.00058925,-0.00201713,-0.00050617,-0.00052860,-0.00058925,-0.00382423
2018-08-09,0.00026817,-0.00030875,-0.00110731,-0.00045328,-0.00030961,-0.00030875,-0.00215031
2018-08-10,-0.00231886,-0.00340170,-0.00466435,-0.00375954,-0.00282537,-0.00340170,-0.00477216
2018-08-13,-0.00236245,-0.00405646,-0.00516359,-0.00464546,-0.00452287,-0.00405646,-0.00418844
2018-08-14,0.00342921,0.00282010,0.00305276,0.00275293,0.00230858,0.00282010,0.00504791
2018-08-15,-0.00350847,-0.00672192,-0.01021570,-0.00746141,-0.00704160,-0.00672192,-0.01159039
2018-08-16,0.00472281,0.00380815,0.00448767,0.00356100,0.00310880,0.00380815,0.00801579
2018-08-17,0.00226932,0.00312873,0.00384794,0.00344910,0.00332327,0.00312873,0.00370901
2018-08-20,0.00253193,0.00244723,0.00230925,0.00243662,0.00246081,0.00244723,0.00203951
2018-08-21,0.00086544,0.00204530,0.00293585,0.00235870,0.00200636,0.00204530,0.00218339
2018-08-22,0.00037967,0.00195373,0.00361492,0.00204544,0.00219693,0.00195373,0.00362692
2018-08-23,-0.00083698,-0.00254773,-0.00334649,-0.00301920,-0.00281387,-0.00254773,-0.00144907
2018-08-24,0.00373221,0.00540698,0.00681174,0.00604876,0.00586397,0.00540698,0.00647644
2018-08-27,0.00386487,0.00393195,0.00488193,0.00410741,0.00349968,0.00393195,0.00662504
2018-08-28,-0.00059405,-0.00147162,-0.00182779,-0.00169319,-0.00193602,-0.00147162,-0.00082004
2018-08-29,0.00314088,0.00314715,0.00433660,0.00314976,0.00302513,0.00314715,0.00700395
2018-08-30,-0.00172549,-0.00385441,-0.00537899,-0.00441292,-0.00371653,-0.00385441,-0.00338167
2018-08-31,0.00009754,0.00061220,0.00081703,0.00060102,0.00043066,0.00061220,0.00035604
2018-09-04,-0.00194708,-0.00393356,-0.00507677,-0.00422774,-0.00414905,-0.00393356,-0.00186626
2018-09-05,-0.00165490,-0.00257720,-0.00363922,-0.00251007,-0.00242416,-0.00257720,-0.00269158
2018-09-06,-0.00098110,-0.00050056,-0.00120813,-0.00042093,-0.00033175,-0.00050056,-0.00300989
2018-09-07,-0.00296751,-0.00256044,-0.00186525,-0.00234832,-0.00241684,-0.00256044,-0.00194345
2018-09-10,0.00127721,0.00014931,-0.00016021,-0.00006552,-0.00007966,0.00014931,0.00173845
2018-09-11,0.00052121,0.00090459,0.00235972,0.00106902,0.00091956,0.00090459,0.00329764
2018-09-12,0.00061714,0.00192135,0.00270785,0.00237295,0.00232427,0.00192135,0.00024204
2018-09-13,0.00351322,0.00273951,0.00187099,0.00200200,0.00205983,0.00273951,0.00591465
2018-09-14,-0.00063998,-0.00113418,-0.00163370,-0.00150705,-0.00148378,-0.00113418,0.00017199
2018-09-17,-0.00311187,-0.00254841,-0.00286581,-0.00206775,-0.00201340,-0.00254841,-0.00529442
2018-09-18,0.00161317,0.00208108,0.00382987,0.00210533,0.00193006,0.00208108,0.00542617
2018-09-19,-0.00002354,0.00158097,0.00306563,0.00198671,0.00189113,0.00158097,0.00106575
2018-09-20,0.00493526,0.00436479,0.00461278,0.00411606,0.00407440,0.00436479,0.00810373
2018-09-21,-0.00039846,0.00003651,0.00047443,-0.00011988,-0.00015659,0.00003651,-0.00091484
2018-09-24,-0.00244154,-0.00192865,-0.00071546,-0.00150060,-0.00161765,-0.00192865,-0.00332201
2018-09-25,-0.00095276,-0.00008247,0.00054980,0.00018716,0.00015088,-0.00008247,-0.00092798
2018-09-26,-0.00051858,-0.00034452,-0.00102139,-0.00057546,-0.00050079,-0.00034452,-0.00299211
2018-09-27,0.00168693,0.00147458,0.00206830,0.00106997,0.00098804,0.00147458,0.00279410
2018-09-28,0.00025801,0.00036487,0.00091401,0.00067209,0.00061458,0.00036487,0.00010340
2018-10-01,0.00106891,0.00160970,0.00354908,0.00161240,0.00226710,0.00160970,0.00520974
2018-10-02,0.00067851,-0.00007020,-0.00068613,0.00151669,0.00092759,-0.00007020,-0.00012841
2018-10-03,-0.00263648,-0.00270939,-0.00119353,-0.00228823,-0.00187959,-0.00270939,0.00157640
2018-10-04,-0.00574088,-0.00685611,-0.00850704,-0.00542893,-0.00632534,-0.00685611,-0.00816919
2018-10-05,-0.00432250,-0.00346299,-0.00337336,-0.00241359,-0.00266185,-0.00346299,-0.00519153
2018-10-08,0.00015983,-0.00071095,-0.00104630,-0.00181926,-0.00162949,-0.00071095,-0.00032547
2018-10-09,-0.00011528,0.00029317,0.00082393,0.00113609,0.00111635,0.00029317,-0.00044010
2018-10-10,-0.01878730,-0.01545949,-0.01750457,-0.01073071,-0.01261793,-0.01545949,-0.03021786
2018-10-11,-0.01136132,-0.00677759,-0.00839028,-0.00212675,-0.00389849,-0.00677759,-0.02117469
2018-10-12,0.00763461,0.00778734,0.00941559,0.00468546,0.00597405,0.00778734,0.01315798
2018-10-15,-0.00306277,-0.00236110,-0.00243168,-0.00052124,-0.00100200,-0.00236110,-0.00466591
2018-10-16,0.01280603,0.01030314,0.01093532,0.00644205,0.00760900,0.01030314,0.01974330
2018-10-17,-0.00107118,-0.00263609,-0.00379955,-0.00270934,-0.00307325,-0.00263609,-0.00090953
2018-10-18,-0.00783990,-0.00802244,-0.01016034,-0.00571523,-0.00697500,-0.00802244,-0.01405551
2018-10-19,-0.00081123,0.00074235,0.00194372,0.00085577,0.00120542,0.00074235,0.00019865
2018-10-22,-0.00256531,-0.00050314,0.00025012,-0.00044145,-0.00022781,-0.00050314,-0.00381389
2018-10-23,-0.00192858,-0.00301643,-0.00604138,-0.00268428,-0.00378081,-0.00301643,-0.00712616
2018-10-24,-0.01555462,-0.01255681,-0.01414526,-0.00734036,-0.00913732,-0.01255681,-0.02751556
2018-10-25,0.00936534,0.00725229,0.00781398,0.00383451,0.00486280,0.00725229,0.01625349
2018-10-26,-0.00838657,-0.00551747,-0.00489850,-0.00172688,-0.00244990,-0.00551747,-0.01457680
2018-10-29,-0.00324138,-0.00438805,-0.00609724,-0.00399682,-0.00463357,-0.00438805,-0.00612462
2018-10-30,0.00761555,0.00577960,0.00567247,0.00231580,0.00311879,0.00577960,0.01237167
2018-10-31,0.00515755,0.00288468,0.00183998,-0.00010332,0.00027647,0.00288468,0.00779167
2018-11-01,0.00671981,0.00820042,0.00845056,0.00522223,0.00455226,0.00820042,0.00236308
2018-11-02,-0.00578264,-0.00311966,-0.00192193,-0.00250978,-0.00297104,-0.00311966,-0.00286820
2018-11-05,0.00356118,0.00238755,0.00225349,0.00122638,0.00090096,0.00238755,0.00206693
2018-11-06,0.00338226,0.00166627,0.00102993,0.00005535,-0.00014837,0.00166627,0.00154090
2018-11-07,0.01295660,0.00999648,0.00972519,0.00520750,0.00382777,0.00999648,0.00795972
2018-11-08,-0.00165380,-0.00439863,-0.00609668,-0.00349994,-0.00239130,-0.00439863,-0.00202445
2018-11-09,-0.00443639,-0.00593698,-0.00796765,-0.00483830,-0.00298103,-0.00593698,-0.00624588
2018-11-12,-0.01016202,-0.00831621,-0.00872001,-0.00496434,-0.00342799,-0.00831621,-0.00803663
2018-11-13,-0.00080847,-0.00082290,-0.00306041,-0.00264903,-0.00101188,-0.00082290,-0.00682559
2018-11-14,-0.00327573,-0.00064108,0.00042871,0.00149954,0.00160935,-0.00064108,-0.00083376
2018-11-15,0.00652908,0.00610314,0.00651715,0.00345378,0.00262679,0.00610314,0.00382941
2018-11-16,0.00278895,0.00245978,0.00282840,0.00342609,0.00344557,0.00245978,0.00244179
2018-11-19,-0.00957496,-0.00728090,-0.00750197,-0.00379078,-0.00244326,-0.00728090,-0.00675586
2018-11-20,-0.01112105,-0.01052822,-0.01377530,-0.00824425,-0.00493991,-0.01052822,-0.01391514
2018-11-21,0.00193768,0.00397393,0.00555828,0.00298207,0.00171033,0.00397393,0.00322827
2018-11-23,-0.00371963,-0.00539617,-0.00873137,-0.00549386,-0.00286320,-0.00539617,-0.00899643
2018-11-26,0.00922291,0.00719863,0.00757560,0.00381507,0.00236493,0.00719863,0.00735280
2018-11-27,0.00240283,0.00147713,0.00085291,-0.00053973,-0.00054906,0.00147713,0.00049520
2018-11-28,0.01368078,0.01140863,0.01146090,0.00645364,0.00487533,0.01140863,0.00848096
2018-11-29,-0.00029126,-0.00027108,0.00003817,0.00169740,0.00186175,-0.00027108,0.00054070
2018-11-30,0.00444580,0.00205784,0.00092286,0.00063867,0.00098655,0.00205784,0.00152334
2018-12-03,0.00882010,0.00950495,0.01188901,0.00671078,0.00701658,0.00950495,0.00326258
2018-12-04,-0.01769200,-0.01251008,-0.01247962,-0.00318153,-0.00502623,-0.01251008,-0.00847196
2018-12-06,0.00013242,-0.00155976,-0.00329821,-0.00054385,-0.00064484,-0.00155976,-0.00022821
2018-12-07,-0.01257808,-0.00822505,-0.00727038,-0.00091620,-0.00249718,-0.00822505,-0.00589621
2018-12-10,0.00135356,-0.00129761,-0.00392788,-0.00201524,-0.00167274,-0.00129761,0.00056182
2018-12-11,-0.00091137,0.00037872,0.00144668,-0.00073744,-0.00058553,0.00037872,-0.00002473
2018-12-12,0.00183039,0.00282740,0.00346352,0.00058838,0.00114320,0.00282740,0.00143816
2018-12-13,0.00004137,0.00081444,0.00203882,0.00081479,0.00060551,0.00081444,-0.00000506
2018-12-14,-0.01023138,-0.00867038,-0.01028348,-0.00461027,-0.00521568,-0.00867038,-0.00460735
2018-12-17,-0.01023961,-0.00758732,-0.00872382,-0.00201990,-0.00289127,-0.00758732,-0.00483163
2018-12-18,0.00040329,-0.00005606,-0.00206353,-0.00004987,0.00030336,-0.00005606,-0.00027045
2018-12-19,-0.00717172,-0.00667096,-0.00695168,-0.00258637,-0.00353718,-0.00667096,-0.00377353
2018-12-20,-0.00986514,-0.00561904,-0.00546130,-0.00119366,-0.00177058,-0.00561904,-0.00380209
2018-12-21,-0.01128800,-0.00833827,-0.00887314,-0.00443653,-0.00508483,-0.00833827,-0.00476497
2018-12-24,-0.01380505,-0.00942292,-0.01021129,-0.00214242,-0.00330296,-0.00942292,-0.00617622
2018-12-26,0.02603390,0.01926982,0.02112197,0.00740391,0.00933980,0.01926982,0.01164117
2018-12-27,0.00546192,0.00292551,0.00100986,0.00236685,0.00265893,0.00292551,0.00209846
2018-12-28,0.00158788,0.00206982,0.00094532,0.00228706,0.00242983,0.00206982,-0.00022925
2018-12-31,0.00660631,0.00373762,0.00266768,0.00271968,0.00286059,0.00373762,0.00220251
2019-01-02,0.00145420,0.00124441,0.00088775,0.00128521,0.00116189,0.00124441,-0.00023045
2019-01-03,-0.01112995,-0.00695276,-0.01023997,0.00112514,-0.00306184,-0.00695276,0.00032857
2019-01-04,0.01653554,0.01453302,0.01881149,0.00297601,0.00910768,0.01453302,0.00010861
2019-01-07,0.00364010,0.00379581,0.00469023,0.00156411,0.00284660,0.00379581,0.00000000
2019-01-08,0.00469113,0.00414372,0.00486191,0.00115787,0.00271136,0.00414372,0.00000000
2019-01-09,0.00306469,0.00509590,0.00520009,0.00383796,0.00462073,0.00509590,0.00000000
2019-01-10,0.00195684,0.00171824,0.00263443,-0.00064998,0.00054425,0.00171824,0.00010992
2019-01-11,0.00140197,0.00009364,-0.00042003,0.00118727,0.00049936,0.00009364,0.00021849
2019-01-14,-0.00393804,-0.00389285,-0.00428319,-0.00182743,-0.00287085,-0.00389285,-0.00010988
2019-01-15,0.00658201,0.00514438,0.00591790,0.00183322,0.00345962,0.00514438,0.00021846
2019-01-16,0.00125210,0.00255253,0.00315495,0.00148692,0.00220086,0.00255253,0.00010987
2019-01-17,0.00392344,0.00291846,0.00379589,0.00056871,0.00180182,0.00291846,0.00021839
2019-01-18,0.00693088,0.00481401,0.00563071,0.00027048,0.00245935,0.00481401,0.00000000
2019-01-22,-0.00700352,-0.00664001,-0.00847970,-0.00157728,-0.00433142,-0.00664001,0.00010851
2019-01-23,0.00109625,0.00168807,0.00252445,0.00014605,0.00103452,0.00168807,0.00000000
2019-01-24,0.00155533,0.00220927,0.00233536,0.00158206,0.00187769,0.00220927,0.00032814
2019-01-25,0.00429381,0.00497403,0.00614108,0.00359252,0.00462117,0.00497403,-0.00010979
2019-01-28,-0.00456716,-0.00448406,-0.00479573,-0.00185047,-0.00316554,-0.00448406,0.00010980
2019-01-29,0.00030177,0.00125328,0.00046046,0.00257604,0.00188391,0.00125328,0.00000000
2019-01-30,0.01059154,0.01017754,0.01186513,0.00625068,0.00845102,0.01017754,0.00021825
2019-01-31,0.00717461,0.00541103,0.00621001,0.00368734,0.00453139,0.00541103,0.00000000
2019-02-01,-0.00185933,-0.00183421,-0.00214452,-0.00259712,-0.00178871,-0.00183421,-0.00584979
2019-02-04,0.00335031,0.00203877,0.00277963,-0.00055517,0.00163088,0.00203877,-0.00220958
2019-02-05,0.00321692,0.00360036,0.00472456,0.00221391,0.00359047,0.00360036,0.00173257
2019-02-06,-0.00049207,-0.00202383,-0.00295512,-0.00150405,-0.00248375,-0.00202383,0.00076857
2019-02-07,-0.00446105,-0.00417835,-0.00516656,-0.00030750,-0.00402639,-0.00417835,0.00326535
2019-02-08,0.00126915,0.00046917,0.00004088,0.00126992,0.00036962,0.00046917,0.00134045
2019-02-11,-0.00027810,-0.00111103,-0.00077902,-0.00177116,-0.00139845,-0.00111103,-0.00153005
2019-02-12,0.00719536,0.00590624,0.00704934,0.00238418,0.00561037,0.00590624,-0.00133956
2019-02-13,0.00097663,-0.00021948,-0.00051379,-0.00117854,-0.00040299,-0.00021948,-0.00249306
2019-02-14,0.00051249,0.00113008,0.00051986,0.00274792,0.00126772,0.00113008,0.00470994
2019-02-15,0.00620566,0.00502944,0.00483645,0.00286490,0.00486797,0.00502944,-0.00095650
2019-02-19,0.00172763,0.00284658,0.00303463,0.00407481,0.00340022,0.00284658,0.00172311
2019-02-20,0.00114810,0.00139262,0.00167153,0.00022818,0.00138267,0.00139262,-0.00019138
2019-02-21,-0.00332344,-0.00278317,-0.00298033,-0.00374771,-0.00283243,-0.00278317,-0.00296355
2019-02-22,0.00493279,0.00466476,0.00519911,0.00335741,0.00456817,0.00466476,0.00297236
2019-02-25,0.00022874,0.00043338,0.00200384,-0.00065589,0.00045747,0.00043338,-0.00152906
2019-02-26,0.00072526,0.00064056,-0.00001720,0.00145722,0.00056192,0.00064056,0.00296809
2019-02-27,-0.00164606,-0.00204061,-0.00237021,-0.00287903,-0.00219342,-0.00204061,-0.00353274
2019-02-28,-0.00214571,-0.00311347,-0.00349331,-0.00274488,-0.00331765,-0.00311347,-0.00258616
2019-03-01,0.00242912,0.00025323,0.00165781,-0.00408913,-0.00287173,0.00025323,-0.00247164
2019-03-04,-0.00096151,-0.00042729,-0.00107857,0.00044827,0.00010293,-0.00042729,0.00248136
2019-03-05,-0.00058648,0.00091228,0.00100638,0.00055515,0.00070844,0.00091228,0.00040271
2019-03-06,-0.00252000,-0.00241470,-0.00307658,-0.00004838,-0.00082066,-0.00241470,0.00199497
2019-03-07,-0.00365377,-0.00402505,-0.00562055,0.00002380,-0.00136772,-0.00402505,0.00231241
2019-03-08,-0.00061003,-0.00064897,-0.00130151,0.00222376,0.00135072,-0.00064897,0.00113134
2019-03-11,0.00831020,0.00682719,0.00866766,0.00100055,0.00284233,0.00682719,0.00057860
2019-03-12,0.00336903,0.00342076,0.00336490,0.00316139,0.00323042,0.00342076,0.00286006
2019-03-13,0.00380689,0.00332556,0.00357674,0.00239770,0.00270339,0.00332556,0.00024259
2019-03-14,-0.00095572,-0.00199411,-0.00196935,-0.00299066,-0.00275539,-0.00199411,-0.00135885
2019-03-15,0.00422521,0.00447735,0.00518270,0.00331303,0.00375881,0.00447735,0.00331175
2019-03-18,0.00164554,0.00230305,0.00291105,0.00040495,0.00105798,0.00230305,-0.00088610
2019-03-19,-0.00011653,0.00024007,0.00024709,0.00027625,0.00028214,0.00024007,-0.00058481
2019-03-20,0.00095819,0.00228641,0.00136374,0.00452606,0.00378757,0.00228641,0.00605843
2019-03-21,0.00658311,0.00351750,0.00443312,0.00040874,0.00133087,0.00351750,0.00058195
2019-03-22,-0.00865699,-0.00843059,-0.01135183,0.00023962,-0.00265244,-0.00843059,0.00497537
2019-03-25,0.00057784,0.00113201,0.00075141,0.00235588,0.00197439,0.00113201,0.00224821
2019-03-26,0.00409481,0.00269011,0.00333387,-0.00034002,0.00054191,0.00269011,-0.00011298
2019-03-27,-0.00195054,-0.00260326,-0.00338558,-0.00079515,-0.00146807,-0.00260326,0.00218713
2019-03-28,0.00229390,0.00139404,0.00215791,-0.00188481,-0.00091725,0.00139404,0.00041948
2019-03-29,0.00311636,0.00324479,0.00433612,0.00081828,0.00168033,0.00324479,-0.00089238
2019-04-01,0.00436365,0.00415665,-0.00334159,-0.00059973,0.00247842,0.00415665,0.00258395
2019-04-02,0.00096932,0.00066712,0.00163374,0.00130724,0.00087384,0.00066712,0.00107051
2019-04-03,-0.00028263,0.00035414,-0.00182649,-0.00104944,-0.00006472,0.00035414,-0.00067407
2019-04-04,0.00201753,0.00217930,0.00136682,0.00164590,0.00201543,0.00217930,0.00188315
2019-04-05,0.00311805,0.00295716,0.00060634,0.00137535,0.00235173,0.00295716,0.00275385
2019-04-08,-0.00016968,0.00017086,0.00013091,0.00024709,0.00034655,0.00017086,-0.00036724
2019-04-09,-0.00240570,-0.00143012,0.00144345,0.00054667,-0.00058402,-0.00143012,-0.00182876
2019-04-10,0.00299812,0.00347782,0.00238851,0.00282022,0.00330808,0.00347782,0.00291081
2019-04-11,-0.00106020,-0.00259491,-0.00380295,-0.00357197,-0.00325713,-0.00259491,-0.00122579
2019-04-12,0.00227878,0.00215566,-0.00176564,-0.00035746,0.00138378,0.00215566,0.00132846
2019-04-15,0.00012103,-0.00066086,0.00021758,-0.00016692,-0.00063262,-0.00066086,0.00028618
2019-04-16,-0.00093776,-0.00064207,-0.00348024,-0.00255981,-0.00135707,-0.00064207,-0.00127660
2019-04-17,-0.00141753,-0.00104370,-0.00053228,-0.00072981,-0.00093478,-0.00104370,-0.00119810
2019-04-18,0.00212972,0.00159564,0.00171701,0.00164239,0.00153486,0.00159564,0.00216385
2019-04-22,-0.00003243,-0.00068168,-0.00064622,-0.00064737,-0.00070492,-0.00068168,-0.00022280
2019-04-23,0.00618529,0.00429098,0.00155623,0.00234350,0.00335295,0.00429098,0.00558736
2019-04-24,0.00012049,-0.00124634,0.00242221,0.00110520,-0.00054455,-0.00124634,0.00062070
2019-04-25,-0.00085516,-0.00065514,-0.00041714,-0.00043619,-0.00047248,-0.00065514,-0.00090620
2019-04-26,0.00387371,0.00279325,0.00318745,0.00299907,0.00285781,0.00279325,0.00370674
2019-04-29,0.00014722,-0.00010748,-0.00191668,-0.00136174,-0.00064907,-0.00010748,-0.00015593
2019-04-30,0.00108473,0.00098009,0.00173317,0.00148179,0.00114805,0.00098009,0.00120746
2019-05-01,-0.00469869,-0.00442014,-0.00249035,-0.00287543,-0.00373666,-0.00442014,-0.00459368
2019-05-02,-0.00243300,-0.00211920,-0.00264740,-0.00277460,-0.00268702,-0.00211920,-0.00244525
2019-05-03,0.00639157,0.00566530,0.00304282,0.00337512,0.00439479,0.00566530,0.00623943
2019-05-06,-0.00144850,-0.00252743,0.00117097,0.00069601,-0.00078390,-0.00252743,-0.00132863
2019-05-07,-0.00863545,-0.00795671,0.00060005,-0.00078280,-0.00420357,-0.00795671,-0.00827397
2019-05-08,-0.00159031,-0.00125515,-0.00173917,-0.00163356,-0.00142332,-0.00125515,-0.00159925
2019-05-09,-0.00072483,-0.00211480,0.00156189,0.00092482,-0.00064089,-0.00211480,-0.00062255
2019-05-10,0.00270896,0.00274440,0.00082503,0.00118104,0.00204353,0.00274440,0.00260634
2019-05-13,-0.01290325,-0.01123534,0.00203545,0.00025428,-0.00474545,-0.01123534,-0.01235972
2019-05-14,0.00491916,0.00502682,0.00017823,0.00105620,0.00305271,0.00502682,0.00473818
2019-05-15,0.00476217,0.00363382,0.00211084,0.00233916,0.00281942,0.00363382,0.00471390
2019-05-16,0.00465625,0.00236843,-0.00158370,-0.00103051,0.00035117,0.00236843,0.00445310
2019-05-17,-0.00363969,-0.00473709,-0.00191359,-0.00251165,-0.00384574,-0.00473709,-0.00351445
2019-05-20,-0.00459649,-0.00305397,-0.00153986,-0.00155470,-0.00193337,-0.00305397,-0.00450742
2019-05-21,0.00485364,0.00426320,-0.00004947,0.00051631,0.00214494,0.00426320,0.00467010
2019-05-22,-0.00059209,-0.00142298,0.00093366,0.00023596,-0.00099332,-0.00142298,-0.00048227
2019-05-23,-0.00472394,-0.00490657,0.00335818,0.00177623,-0.00170981,-0.00490657,-0.00439284
2019-05-24,0.00121411,0.00146562,0.00047053,0.00089582,0.00149170,0.00146562,0.00116791
2019-05-28,-0.00364862,-0.00158297,0.00039861,0.00018425,-0.00060202,-0.00158297,-0.00340062
2019-05-29,-0.00406979,-0.00213536,-0.00056425,-0.00072128,-0.00116263,-0.00213536,-0.00395458
2019-05-30,0.00310185,0.00262440,0.00364168,0.00326246,0.00273628,0.00262440,0.00311798
2019-05-31,-0.00505475,-0.00352617,0.00508887,0.00350641,0.00009177,-0.00352617,-0.00468861
2019-06-03,0.00038534,0.00206026,0.00505421,0.00455939,0.00425494,0.00206026,0.00452772
2019-06-04,0.01151441,0.00809256,0.00040426,0.00147488,0.00246104,0.00809256,-0.00366242
2019-06-05,0.00523429,0.00163478,0.00145482,0.00097897,0.00140820,0.00163478,0.00000000
2019-06-06,0.00387022,0.00352530,0.00123018,0.00184073,0.00184693,0.00352530,-0.00018363
2019-06-07,0.00763336,0.00619464,0.00428196,0.00447425,0.00477214,0.00619464,0.00395260
2019-06-10,0.00086477,0.00072797,-0.00425423,-0.00362682,-0.00285420,0.00072797,-0.00494376
2019-06-11,-0.00014802,0.00137563,-0.00041256,-0.00003895,0.00014216,0.00137563,0.00000000
2019-06-12,-0.00007889,-0.00170490,0.00208052,0.00119409,0.00093742,-0.00170490,0.00257609
2019-06-13,0.00348390,0.00310366,0.00285452,0.00303768,0.00287625,0.00310366,0.00247724
2019-06-14,-0.00038984,-0.00128218,0.00000947,-0.00017019,-0.00045369,-0.00128218,0.00073278
2019-06-17,0.00016098,-0.00002020,-0.00035979,-0.00045176,-0.00027415,-0.00002020,-0.00018279
2019-06-18,0.00714171,0.00835483,0.00337613,0.00429999,0.00489302,0.00835483,0.00192128
2019-06-19,0.00244407,0.00328577,0.00328705,0.00330800,0.00338608,0.00328577,0.00273927
2019-06-20,0.00648728,0.00834855,0.00742525,0.00809991,0.00793549,0.00834855,0.00163886
2019-06-21,-0.00247131,-0.00191630,-0.00103415,-0.00100766,-0.00120171,-0.00191630,-0.00409044
2019-06-24,0.00058209,0.00132442,0.00470752,0.00431936,0.00381450,0.00132442,0.00346822
2019-06-25,-0.00542370,-0.00443745,-0.00009727,-0.00064633,-0.00134654,-0.00443745,0.00154686
2019-06-26,-0.00219894,-0.00070585,-0.00390808,-0.00323115,-0.00292684,-0.00070585,-0.00408780
2019-06-27,0.00333784,0.00302788,0.00167903,0.00176118,0.00201869,0.00302788,0.00300995
2019-06-28,0.00332598,0.00146448,0.00135196,0.00108292,0.00134100,0.00146448,0.00045481
2019-07-01,0.00493879,0.00296915,-0.00375297,-0.00142392,-0.00020885,0.00296915,-0.01866094
2019-07-02,0.00298240,0.00201649,0.00614138,0.00330551,0.00329739,0.00201649,0.02054086
2019-07-03,0.00557415,0.00418852,0.00230495,0.00331156,0.00339188,0.00418852,0.00192123
2019-07-05,-0.00320234,-0.00368974,-0.00551678,-0.00434335,-0.00428717,-0.00368974,-0.01071815
2019-07-08,-0.00372060,-0.00336660,-0.00227129,-0.00264057,-0.00291003,-0.00336660,-0.00639171
2019-07-09,0.00049943,0.00025310,0.00065300,0.00074502,0.00054490,0.00025310,0.00340526
2019-07-10,0.00310437,0.00489101,0.00405406,0.00570763,0.00528607,0.00489101,0.01530842
2019-07-11,-0.00052758,-0.00130412,-0.00394433,-0.00267198,-0.00233742,-0.00130412,-0.00797901
2019-07-12,0.00315047,0.00262063,0.00239113,0.00254186,0.00255896,0.00262063,0.00617737
2019-07-15,0.00102938,0.00066530,0.00122919,0.00038660,0.00065801,0.00066530,0.00001444
2019-07-16,-0.00282173,-0.00306607,-0.00315649,-0.00356433,-0.00329896,-0.00306607,-0.00823497
2019-07-17,-0.00229465,-0.00122024,0.00488504,0.00185142,0.00116897,-0.00122024,0.01544904
2019-07-18,0.00318803,0.00303835,0.00457601,0.00352857,0.00361865,0.00303835,0.01367135
2019-07-19,-0.00407934,-0.00364134,-0.00452685,-0.00379744,-0.00396225,-0.00364134,-0.01433952
2019-07-22,0.00166422,0.00118464,0.00044899,0.00048755,0.00074514,0.00118464,-0.00003757
2019-07-23,0.00367132,0.00242464,-0.00119011,0.00053832,0.00095306,0.00242464,-0.00510504
2019-07-24,0.00342495,0.00233026,0.00221162,0.00180903,0.00206310,0.00233026,0.00506965
2019-07-25,-0.00358097,-0.00375647,-0.00281612,-0.00334943,-0.00350340,-0.00375647,-0.00697078
2019-07-26,0.00399100,0.00287109,0.00084655,0.00156565,0.00194478,0.00287109,0.00186804
2019-07-29,-0.00074885,-0.00027051,0.00150080,0.00091765,0.00053638,-0.00027051,0.00629001
2019-07-30,-0.00131228,-0.00095545,0.00077261,0.00043014,-0.00009965,-0.00095545,0.00309420
2019-07-31,-0.00563334,-0.00553107,-0.00244859,-0.00415634,-0.00463025,-0.00553107,-0.01301963
2019-08-01,-0.00069108,-0.00221302,0.00944085,0.00303411,-0.00296311,-0.00221302,0.02400068
2019-08-02,-0.00364220,-0.00329968,-0.00050909,-0.00148841,-0.00294011,-0.00329968,-0.00381204
2019-08-05,-0.01431261,-0.01240273,0.00412769,-0.00212827,-0.01032919,-0.01240273,0.01398190
2019-08-06,0.00884988,0.00756054,0.00409519,0.00486882,0.00657585,0.00756054,0.00812831
2019-08-07,0.00034640,0.00084656,0.00325398,0.00192506,0.00090965,0.00084656,0.01518969
2019-08-08,0.01154388,0.00898272,0.00321750,0.00526997,0.00799204,0.00898272,0.00503475
2019-08-09,-0.00464550,-0.00367971,-0.00214503,-0.00199471,-0.00278172,-0.00367971,-0.00331616
2019-08-12,-0.00458488,-0.00369495,0.00412834,0.00093000,-0.00291417,-0.00369495,0.00969843
2019-08-13,0.00763507,0.00677987,-0.00152016,0.00254044,0.00657671,0.00677987,-0.00595948
2019-08-14,-0.01471098,-0.01241363,0.00175727,-0.00393194,-0.01088058,-0.01241363,0.00684159
2019-08-15,0.00419982,0.00370485,0.00501983,0.00374334,0.00308131,0.00370485,0.00665499
2019-08-16,0.00745535,0.00540953,-0.00146686,0.00056567,0.00387905,0.00540953,-0.00640223
2019-08-19,0.00506555,0.00295655,-0.00382195,-0.00138144,0.00177825,0.00295655,-0.01169632
2019-08-20,-0.00268926,-0.00061234,0.00301915,0.00182968,0.00018684,-0.00061234,0.00779534
2019-08-21,0.00366902,0.00337268,-0.00119917,0.00061269,0.00288507,0.00337268,-0.00316433
2019-08-22,-0.00109017,-0.00212081,-0.00159043,-0.00193664,-0.00240291,-0.00212081,-0.00253950
2019-08-23,-0.01235374,-0.00801699,0.00518345,0.00068908,-0.00551322,-0.00801699,0.01958982
2019-08-26,0.00601600,0.00442032,0.00052496,0.00160776,0.00339559,0.00442032,0.00013873
2019-08-27,-0.00049478,0.00099716,0.00406716,0.00345074,0.00207180,0.00099716,0.00957071
2019-08-28,0.00424203,0.00334590,0.00039744,0.00178591,0.00314436,0.00334590,-0.00281651
2019-08-29,0.00664617,0.00477936,-0.00109003,0.00095828,0.00380158,0.00477936,-0.00716451
2019-08-30,-0.00015203,-0.00053321,-0.00082223,-0.00188616,-0.00167924,-0.00053321,-0.00256731
2019-09-03,-0.00263576,-0.00203322,0.00309276,-0.00006630,-0.00203726,-0.00203322,0.01391304
2019-09-04,0.00742229,0.00784924,0.00332586,0.00688235,0.00892900,0.00784924,0.00624357
2019-09-05,0.00450070,0.00251310,-0.00762725,-0.00210426,0.00166678,0.00251310,-0.02400109
2019-09-06,0.00071124,0.00072194,-0.00124208,-0.00009428,0.00067036,0.00072194,-0.00852312
2019-09-09,-0.00213118,-0.00089048,-0.00397384,-0.00148305,-0.00008122,-0.00089048,-0.00373450
2019-09-10,-0.00300162,-0.00236083,-0.00552206,-0.00336832,-0.00205660,-0.00236083,-0.00855789
2019-09-11,0.00394384,0.00285345,0.00136217,0.00178050,0.00224581,0.00285345,0.00606363
2019-09-12,0.00124429,0.00135912,-0.00027590,0.00063188,0.00129524,0.00135912,0.00205630
2019-09-13,-0.00395520,-0.00273580,-0.00637640,-0.00374031,-0.00212608,-0.00273580,-0.00827908
2019-09-16,-0.00021998,0.00241916,0.00386044,0.00526077,0.00522513,0.00241916,0.00834820
2019-09-17,0.00256381,0.00075224,0.00196662,0.00004388,-0.00075843,0.00075224,0.00198132
2019-09-18,0.00050551,-0.00095618,-0.00130682,-0.00181905,-0.00193652,-0.00095618,-0.00628531
2019-09-19,0.00013348,0.00011208,0.00119461,0.00090755,0.00056208,0.00011208,0.00405088
2019-09-20,-0.00066399,0.00084710,0.00498540,0.00281394,0.00135893,0.00084710,0.01182050
2019-09-23,0.00041436,0.00080412,0.00190304,0.00144543,0.00109475,0.00080412,0.00559636
2019-09-24,-0.00283024,-0.00301427,0.00270117,-0.00125743,-0.00362947,-0.00301427,0.00528696
2019-09-25,0.00100033,-0.00118502,-0.00658545,-0.00396736,-0.00210941,-0.00118502,-0.01854543
2019-09-26,-0.00043113,-0.00028332,0.00077955,0.00007404,-0.00034590,-0.00028332,-0.00028203
2019-09-27,-0.00271782,-0.00351551,-0.00109451,-0.00293976,-0.00406780,-0.00351551,-0.00514846
2019-09-30,0.00312800,0.00130857,-0.00213817,-0.00101348,0.00004382,0.00130857,-0.01552531
2019-10-01,-0.00603364,-0.00407813,0.00041303,-0.00067827,-0.00183805,-0.00407813,0.00547274
2019-10-02,-0.00913881,-0.00645881,-0.00046781,-0.00139909,-0.00338506,-0.00645881,0.01167371
2019-10-03,0.00697859,0.00582777,0.00316383,0.00453483,0.00459512,0.00582777,0.00453065
2019-10-04,0.00880156,0.00646066,0.00373378,0.00406216,0.00494726,0.00646066,0.00000000
2019-10-07,-0.00391950,-0.00388423,-0.00357073,-0.00384253,-0.00381206,-0.00388423,-0.00852713
2019-10-08,-0.00837256,-0.00555974,0.00003761,-0.00131996,-0.00271306,-0.00555974,0.00874263
2019-10-09,0.00456048,0.00374922,0.00075185,0.00136845,0.00230877,0.00374922,0.00091601
2019-10-10,0.00146445,0.00164112,-0.00177654,-0.00138224,0.00014749,0.00164112,-0.00872932
2019-10-11,0.00342338,0.00407839,0.00010979,0.00033469,0.00238531,0.00407839,-0.00553938
2019-10-14,0.00043789,-0.00002496,0.00084240,0.00089257,0.00028719,-0.00002496,0.00399914
2019-10-15,0.00400820,0.00272454,-0.00225652,-0.00082283,0.00036536,0.00272454,-0.00697062
2019-10-16,-0.00018650,0.00057176,0.00184031,0.00156168,0.00127637,0.00057176,0.00573025
2019-10-17,0.00163380,0.00181538,0.00154983,0.00132874,0.00173239,0.00181538,0.00142440
2019-10-18,-0.00228438,-0.00183501,-0.00022387,-0.00074567,-0.00110303,-0.00183501,-0.00106678
2019-10-21,0.00262075,0.00196295,-0.00179162,-0.00062882,0.00025666,0.00196295,-0.00477004
2019-10-22,-0.00105155,-0.00011530,0.00156766,0.00107310,0.00075792,-0.00011530,0.00293297
2019-10-23,0.00189648,0.00200334,0.00292328,0.00193425,0.00239204,0.00200334,0.00235378
2019-10-24,0.00091530,0.00130410,0.00258825,0.00180953,0.00192368,0.00130410,0.00711592
2019-10-25,0.00162256,0.00213586,0.00153554,0.00127109,0.00197539,0.00213586,0.00233166
2019-10-28,0.00192702,0.00077501,-0.00352694,-0.00201534,-0.00126987,0.00077501,-0.00860003
2019-10-29,0.00017299,-0.00094750,-0.00144131,-0.00100749,-0.00133162,-0.00094750,-0.00277304
2019-10-30,0.00376825,0.00273934,0.00200777,0.00292546,0.00239080,0.00273934,0.00549020
2019-10-31,0.00087974,-0.00018054,0.00240211,0.00228274,0.00089074,-0.00018054,0.00999858
2019-11-01,0.00480149,0.00573147,0.00414193,0.00419307,0.00368415,0.00573147,0.00091273
2019-11-04,0.00040162,0.00151347,-0.00001037,0.00026344,-0.00013492,0.00151347,-0.00287598
2019-11-05,-0.00279429,-0.00200706,-0.00427031,-0.00360794,-0.00413320,-0.00200706,-0.01618009
2019-11-06,0.00127463,0.00016857,0.00037957,0.00056467,0.00074920,0.00016857,0.00429031
2019-11-07,-0.00102891,-0.00109056,-0.00539221,-0.00402398,-0.00480759,-0.00109056,-0.01552154
2019-11-08,0.00096664,-0.00051001,-0.00090263,-0.00107257,-0.00106181,-0.00051001,-0.00636436
2019-11-11,-0.00073673,-0.00160926,-0.00138371,-0.00137040,-0.00122221,-0.00160926,-0.00240192
2019-11-12,0.00145943,0.00038504,0.00088357,0.00058159,0.00074865,0.00038504,0.00269955
2019-11-13,0.00126040,0.00023705,0.00167396,0.00110959,0.00141708,0.00023705,0.00400204
2019-11-14,0.00286790,0.00193535,0.00179415,0.00206251,0.00212522,0.00193535,0.00420351
2019-11-15,0.00407596,0.00353875,0.00074944,0.00155893,0.00108557,0.00353875,-0.00252598
2019-11-18,0.00111743,0.00012790,-0.00020664,0.00015301,0.00022717,0.00012790,0.00296650
2019-11-19,0.00056159,-0.00012992,-0.00076077,-0.00021541,-0.00025937,-0.00012992,0.00050498
2019-11-20,-0.00082279,-0.00020244,0.00310722,0.00175507,0.00215526,-0.00020244,0.00050472
2019-11-21,-0.00195940,-0.00129989,-0.00078476,-0.00123291,-0.00125824,-0.00129989,-0.00547708
2019-11-22,0.00127862,0.00102491,0.00002538,0.00027960,0.00016784,0.00102491,-0.00188406
2019-11-25,0.00488304,0.00396169,0.00034799,0.00158969,0.00101671,0.00396169,-0.00479164
2019-11-26,0.00211449,0.00171491,0.00293135,0.00231768,0.00252574,0.00171491,0.00481471
2019-11-27,0.00170314,0.00060157,-0.00213842,-0.00120581,-0.00156766,0.00060157,-0.00529984
2019-11-29,-0.00257935,-0.00413794,-0.00303713,-0.00311893,-0.00263964,-0.00413794,0.00620393
2019-12-02,-0.00653733,-0.00412512,-0.00287473,-0.00274717,-0.00297126,-0.00412512,-0.00050776
2019-12-03,-0.00043803,0.00005456,0.00586762,0.00281478,0.00165231,0.00005456,0.00957980
2019-12-04,0.00211690,0.00291221,-0.00145269,0.00202005,0.00301613,0.00291221,-0.00136583
2019-12-05,0.00013636,0.00070273,-0.00086770,0.00019999,0.00055757,0.00070273,0.00057587
2019-12-06,0.00423950,0.00292984,-0.00253560,0.00039791,0.00146372,0.00292984,-0.00992806
2019-12-09,-0.00156736,-0.00135787,0.00003296,-0.00071399,-0.00099915,-0.00135787,-0.00029066
2019-12-10,-0.00113724,0.00027035,-0.00009657,0.00068522,0.00084350,0.00027035,0.00283471
2019-12-11,0.00336143,0.00399907,0.00387889,0.00342345,0.00346416,0.00399907,0.00688555
2019-12-12,0.00201322,0.00308914,-0.00385271,0.00051404,0.00202833,0.00308914,-0.00352721
2019-12-13,0.00269090,0.00238421,0.00396406,0.00314571,0.00280862,0.00238421,0.00447880
2019-12-16,0.00228310,0.00256507,-0.00161754,0.00113263,0.00203383,0.00256507,-0.00007192
2019-12-17,0.00016846,0.00163159,0.00014063,0.00134728,0.00172861,0.00163159,-0.00021577
2019-12-18,-0.00103146,0.00009979,-0.00126921,-0.00023201,0.00010819,0.00009979,0.00007194
2019-12-19,0.00279395,0.00206214,0.00146810,0.00196862,0.00208373,0.00206214,0.00258956
2019-12-20,0.00266152,0.00156777,0.00060696,0.00076201,0.00090973,0.00156777,0.00100445
2019-12-23,0.00057377,0.00058602,0.00020358,0.00038765,0.00046466,0.00058602,0.00308200
2019-12-24,0.00069336,0.00103530,0.00281834,0.00230028,0.00197751,0.00103530,0.00943194
2019-12-26,0.00380631,0.00395157,0.00287700,0.00376413,0.00401698,0.00395157,0.00785729
2019-12-27,0.00041472,0.00073117,0.00056261,0.00063182,0.00068239,0.00073117,-0.00035117
2019-12-30,-0.00360413,-0.00283525,-0.00036336,-0.00134178,-0.00179742,-0.00283525,0.00210778
2019-12-31,0.00005755,0.00002081,-0.00107172,-0.00063638,-0.00041500,0.00002081,0.00189301
2020-01-02,0.00745743,0.00756485,0.00502090,0.00593191,0.00586884,0.00756485,0.01221183
2020-01-03,-0.00188629,-0.00148671,0.00536639,0.00278791,0.00295038,-0.00148671,-0.01097725
2020-01-06,0.00184737,0.00120565,0.00174180,0.00159521,0.00161217,0.00120565,0.00188983
2020-01-07,-0.00226019,-0.00148209,-0.00042769,-0.00090378,-0.00087512,-0.00148209,-0.00215570
2020-01-08,0.00225091,0.00076944,-0.00211755,-0.00217199,-0.00217581,0.00076944,0.00547463
2020-01-09,0.00435905,0.00297565,-0.00014252,0.00048258,0.00043874,0.00297565,0.00674339
2020-01-10,-0.00087074,0.00054426,0.00219929,0.00156321,0.00159928,0.00054426,-0.00037321
2020-01-13,0.00366379,0.00292753,-0.00136174,-0.00012333,-0.00020925,0.00292753,0.00955776
2020-01-14,-0.00013183,-0.00038794,0.00069087,0.00036629,0.00038635,-0.00038794,-0.00279333
2020-01-15,0.00236180,0.00074175,0.00262773,0.00072203,0.00083670,0.00074175,-0.00085624
2020-01-16,0.00418377,0.00287505,-0.00053562,0.00092182,0.00083589,0.00287505,0.00771324
2020-01-17,0.00156021,0.00155445,0.00014873,0.00106577,0.00101039,0.00155445,0.00389251
2020-01-21,0.00037672,-0.00254436,0.00213289,-0.00129033,-0.00108221,-0.00254436,-0.00913054
2020-01-22,0.00014391,0.00041378,0.00009396,-0.00112187,-0.00105929,0.00041378,0.00256552
2020-01-23,0.00168506,-0.00048238,0.00191549,-0.00050671,-0.00036489,-0.00048238,-0.00234569
2020-01-24,-0.00394869,-0.00377434,0.00210663,-0.00239247,-0.00213514,-0.00377434,-0.00862566
2020-01-27,-0.00692118,-0.00841714,0.00306699,-0.00507431,-0.00459571,-0.00841714,-0.02160923
2020-01-28,0.00487278,0.00414465,-0.00245840,0.00136017,0.00114005,0.00414465,0.00984846
2020-01-29,0.00142951,0.00158134,0.00355394,0.00173709,0.00183637,0.00158134,0.00085680
2020-01-30,0.00232781,-0.00028990,0.00088258,-0.00080377,-0.00069569,-0.00028990,-0.00216744
2020-01-31,-0.00882312,-0.00732084,0.00206885,-0.00319730,-0.00288465,-0.00732084,-0.01877257
2020-02-03,0.00411340,0.00211680,-0.00423200,0.00085693,0.00103296,0.00211680,-0.00699568
2020-02-04,0.00686611,0.00632852,-0.00249683,0.00412011,0.00336935,0.00632852,-0.01300890
2020-02-05,0.00530712,0.00470332,0.00254894,0.00376305,0.00312820,0.00470332,0.00122926
2020-02-06,0.00233148,0.00210970,0.00265294,0.00219043,0.00211629,0.00210970,0.00538845
2020-02-07,-0.00139662,-0.00225583,0.00079300,-0.00154504,-0.00106671,-0.00225583,0.00264586
2020-02-10,0.00530578,0.00359323,0.00066887,0.00304782,0.00320812,0.00359323,0.00257122
2020-02-11,0.00013050,0.00129806,-0.00103427,0.00082075,0.00050627,0.00129806,-0.00344199
2020-02-12,0.00294249,0.00393187,0.00207875,0.00330728,0.00270288,0.00393187,-0.00081268
2020-02-13,-0.00031222,-0.00108895,0.00179913,-0.00052844,-0.00033968,-0.00108895,0.00569337
2020-02-14,0.00194092,0.00141945,0.00144342,0.00144703,0.00157733,0.00141945,0.00417846
2020-02-18,-0.00096377,-0.00030798,0.00409235,0.00074339,0.00083556,-0.00030798,0.01281879
2020-02-19,0.00285657,0.00319697,0.00298666,0.00306137,0.00279263,0.00319697,0.00583129
2020-02-20,-0.00139195,-0.00210264,0.00077527,-0.00147261,-0.00107078,-0.00210264,0.00408459
2020-02-21,-0.00472363,-0.00272345,0.00238611,-0.00102977,-0.00050520,-0.00272345,0.01502526
2020-02-24,-0.01710338,-0.01497873,-0.00264477,-0.01141726,-0.00995493,-0.01497873,0.00898513
2020-02-25,-0.01699973,-0.01328628,-0.00978213,-0.01188229,-0.01114553,-0.01328628,-0.01787430
2020-02-26,-0.00238221,-0.00077224,-0.00103074,-0.00028028,-0.00008640,-0.00077224,0.00437052
2020-02-27,-0.02446006,-0.01852955,-0.00594653,-0.01454341,-0.01331915,-0.01852955,0.00019484
2020-02-28,0.00232254,-0.00112169,-0.00812215,-0.00340540,-0.00289127,-0.00112169,-0.03649351
2020-03-02,0.02569824,0.01945338,0.00973481,0.00675900,0.00913579,0.01945338,0.00552635
2020-03-03,-0.01294584,-0.00634182,0.00767891,0.00801822,0.00563284,-0.00634182,0.03143432
2020-03-04,0.02436763,0.01738185,0.00467651,0.00477186,0.00683252,0.01738185,0.00175450
2020-03-05,-0.01685117,-0.01238174,0.00082297,0.00336604,0.00047414,-0.01238174,0.02160093
2020-03-06,-0.00587804,-0.00768791,-0.00380822,0.00208332,-0.00017484,-0.00768791,0.00038098
2020-03-09,-0.04277510,-0.04052823,-0.02444140,-0.00966548,-0.01628182,-0.04052823,0.00165027
2020-03-10,0.02176966,0.01756238,-0.00473982,-0.00800677,-0.00351365,0.01756238,-0.02110132
2020-03-11,-0.03282166,-0.02828053,-0.01624376,-0.01380789,-0.01646282,-0.02828053,-0.00356033
2020-03-12,-0.05523017,-0.05001124,-0.02568690,-0.02065794,-0.02616656,-0.05001124,-0.03988826
2020-03-13,0.04451448,0.03451110,0.00412232,0.00194107,0.00738488,0.03451110,-0.03051627
2020-03-16,-0.05188689,-0.05099582,-0.02145715,-0.00681874,-0.01589559,-0.05099582,-0.01144612
2020-03-17,0.01773766,0.01535954,-0.00545238,-0.00523964,-0.00164652,0.01535954,0.01355549
2020-03-18,-0.03448915,-0.03594389,-0.02060391,-0.01807329,-0.02135498,-0.03594389,-0.01992198
2020-03-19,0.00264336,0.00103768,0.00333047,0.00012348,0.00053223,0.00103768,-0.01890547
2020-03-20,-0.01231210,-0.00559137,0.01223969,0.01364418,0.01061736,-0.00559137,0.01499565
2020-03-23,-0.00813483,-0.00417962,0.01460022,0.01249253,0.01010498,-0.00417962,0.04417957
2020-03-24,0.04428963,0.03982823,0.02119029,0.01620352,0.02053373,0.03982823,0.04853042
2020-03-25,0.00846465,0.01125555,0.00433022,0.00094073,0.00296586,0.01125555,-0.01368970
2020-03-26,0.03327758,0.02808563,0.01112162,0.01081919,0.01360738,0.02808563,0.01282221
2020-03-27,-0.01359474,-0.01322868,-0.00244286,-0.00166191,-0.00384017,-0.01322868,-0.00646045
2020-03-30,0.01906738,0.01278322,0.00013666,0.00372684,0.00472773,0.01278322,0.00440066
2020-03-31,-0.00759475,-0.00709357,-0.01072007,-0.00745868,-0.00771698,-0.00709357,-0.03184672
2020-04-01,-0.02539493,-0.02242551,-0.00614248,-0.00041931,-0.00417563,-0.02242551,0.00680977
2020-04-02,0.01363386,0.01459520,0.01264704,0.00728098,0.00890115,0.01459520,0.00911514
2020-04-03,-0.00827659,-0.00685615,0.00458526,0.00080987,-0.00014937,-0.00685615,0.00307141
2020-04-06,0.03775700,0.03127460,0.01316433,0.01017576,0.01369679,0.03127460,0.01342239
2020-04-07,-0.00113271,-0.00018876,-0.00080337,-0.00302129,-0.00240316,-0.00018876,-0.00495982
2020-04-08,0.01991316,0.01421446,0.00050467,0.00039427,0.00242754,0.01421446,-0.00556648
2020-04-09,0.01019875,0.01398663,0.01328130,0.00897921,0.01013969,0.01398663,0.01563157
2020-04-13,-0.00646960,-0.00331748,0.00458100,0.00192411,0.00136906,-0.00331748,0.00880929
2020-04-14,0.01871192,0.01376354,0.00453893,0.00566084,0.00687177,0.01376354,0.00507298
2020-04-15,-0.00989238,-0.01039971,-0.00530548,0.00045134,-0.00174761,-0.01039971,0.00087283
2020-04-16,0.00338347,0.00182270,-0.00213334,-0.00012693,-0.00000343,0.00182270,-0.00003639
2020-04-17,0.01567963,0.01085218,-0.00191268,-0.00278183,-0.00066998,0.01085218,-0.01220340
2020-04-20,-0.01001332,-0.00922964,-0.00401194,0.00028259,-0.00149522,-0.00922964,0.00517569
2020-04-21,-0.01775401,-0.01734793,-0.01073659,-0.00313832,-0.00584187,-0.01734793,-0.00266801
2020-04-22,0.01236962,0.01277940,0.00987702,0.00574063,0.00724533,0.01277940,0.00976460
2020-04-23,0.00020677,0.00008738,0.00164929,0.00231958,0.00193832,0.00008738,0.00596181
2020-04-24,0.00869969,0.00351047,-0.00028438,0.00118586,0.00139937,0.00351047,-0.00235026
2020-04-27,0.00692960,0.00513244,-0.00352950,-0.00238173,-0.00120310,0.00513244,-0.00607567
2020-04-28,-0.00124042,-0.00019280,0.00034156,0.00079720,0.00059955,-0.00019280,-0.00067692
2020-04-29,0.01612811,0.01523897,0.00693148,0.00373392,0.00577775,0.01523897,0.00293857
2020-04-30,-0.00674113,-0.00644952,-0.00435253,-0.00654489,-0.00653476,-0.00644952,-0.01136080
2020-05-01,-0.01534463,-0.01460251,-0.00402495,-0.00236249,-0.00215410,-0.01460251,0.00595470
2020-05-04,0.00170291,0.00274291,0.00297836,0.00170898,0.00140686,0.00274291,0.00350482
2020-05-05,0.00518620,0.00599427,0.00622033,0.00292609,0.00215026,0.00599427,0.00424099
2020-05-06,-0.00553524,-0.00606052,-0.00830326,-0.00615587,-0.00560954,-0.00606052,-0.01285555
2020-05-07,0.00965550,0.00819202,0.00783919,0.00770048,0.00767697,0.00819202,0.01535074
2020-05-08,0.00855416,0.00869104,0.00345934,0.00054426,-0.00004041,0.00869104,-0.00601029
2020-05-11,-0.00099103,-0.00288950,-0.00476674,-0.00332713,-0.00295374,-0.00288950,-0.00623364
2020-05-12,-0.01069338,-0.00686821,-0.00180023,-0.00052208,-0.00031486,-0.00686821,0.00388910
2020-05-13,-0.00972451,-0.00631614,-0.00104418,0.00030800,0.00053365,-0.00631614,0.00962259
2020-05-14,0.00771988,0.00594830,0.00593865,0.00442682,0.00406599,0.00594830,0.00885011
2020-05-15,0.00246690,0.00106263,0.00348285,0.00190177,0.00148494,0.00106263,0.00564383
2020-05-18,0.01565824,0.01569089,0.00571024,0.00129369,0.00045020,0.01569089,-0.00756420
2020-05-19,-0.00509787,-0.00330943,0.00070316,0.00145194,0.00155530,-0.00330943,0.00965026
2020-05-20,0.01031223,0.00955034,0.00616137,0.00382420,0.00333900,0.00955034,0.00237428
2020-05-21,-0.00391868,-0.00445924,-0.00448638,-0.00380520,-0.00365570,-0.00445924,-0.01457637
2020-05-22,0.00189552,-0.00078084,0.00069343,0.00166641,0.00186913,-0.00078084,0.00591680
2020-05-26,0.00639316,0.00623656,-0.00093282,-0.00212728,-0.00227910,0.00623656,-0.01421482
2020-05-27,0.00935395,0.00545366,0.00029445,0.00194347,0.00243681,0.00545366,0.00180247
2020-05-28,-0.00147833,-0.00088711,0.00197642,0.00071939,0.00037222,-0.00088711,0.00335029
2020-05-29,0.00396962,0.00576675,0.00539757,0.00406536,0.00375507,0.00576675,0.00735840
2020-06-01,0.00226292,0.00496807,0.00111010,0.00644185,0.00200146,0.00496807,0.00460377
2020-06-02,0.00432168,0.00602265,-0.00142850,0.00799539,-0.00021146,0.00602265,-0.00647684
2020-06-03,0.00568179,0.00501088,-0.00532479,0.00634920,-0.00406986,0.00501088,-0.01845018
2020-06-04,-0.00315371,-0.00295651,-0.00035955,-0.00231277,-0.00016830,-0.00295651,0.01052632
2020-06-05,0.01363852,0.01154015,-0.00367132,0.01447746,-0.00117680,0.01154015,-0.02027530
2020-06-08,0.00785743,0.00564820,0.00411667,0.00464874,0.00397370,0.00564820,0.01082210
2020-06-09,-0.00323919,-0.00266194,0.00280103,-0.00286529,0.00215110,-0.00266194,0.00964187
2020-06-10,-0.00055884,0.00182198,0.00636875,0.00244989,0.00599241,0.00182198,0.01432469
2020-06-11,-0.03392918,-0.02975603,-0.00588086,-0.03322095,-0.00962018,-0.02975603,-0.00721404
2020-06-12,0.00626039,0.00693821,0.00023033,0.00799503,0.00113894,0.00693821,0.00141634
2020-06-15,0.00527965,0.00345330,0.00024943,0.00361824,0.00097632,0.00345330,-0.00178330
2020-06-16,0.01079147,0.00766720,0.00087215,0.00817398,0.00188010,0.00766720,-0.00049282
2020-06-17,-0.00191163,-0.00074680,0.00058998,-0.00090231,0.00014413,-0.00074680,0.00191063
2020-06-18,0.00110953,0.00110995,0.00107957,0.00169784,0.00130034,0.00110995,-0.00196850
2020-06-19,-0.00333554,-0.00124053,0.00195524,0.00000094,0.00204384,-0.00124053,0.01103304
2020-06-22,0.00352366,0.00423029,0.00179805,0.00601007,0.00258568,0.00423029,0.00646223
2020-06-23,0.00266347,0.00289625,0.00207849,0.00276782,0.00203770,0.00289625,0.00841965
2020-06-24,-0.01476353,-0.01246753,-0.00261168,-0.01479907,-0.00465078,-0.01246753,-0.00348390
2020-06-25,0.00651132,0.00473238,0.00112920,0.00535866,0.00176880,0.00473238,-0.00060277
2020-06-26,-0.01326569,-0.01018205,-0.00012542,-0.01114884,-0.00161688,-0.01018205,0.00446321
2020-06-29,0.00917585,0.00616165,0.00211345,0.00722472,0.00294127,0.00616165,0.00054041
2020-06-30,0.00697416,0.00495143,0.00121012,0.00479758,0.00181795,0.00495143,0.00444098
2020-07-01,0.00357679,0.00370994,-0.00083505,0.00508621,0.00033485,0.00370994,-0.00448109
2020-07-02,0.00380636,0.00572048,0.00183342,0.00699400,0.00278735,0.00572048,0.00216060
2020-07-06,0.00872294,0.01097155,0.00226942,0.01361024,0.00439030,0.01097155,0.00598874
2020-07-07,-0.00500054,-0.00491738,0.00166642,-0.00574354,0.00026100,-0.00491738,0.00631028
2020-07-08,0.00400106,0.00613445,0.00114612,0.00845004,0.00256846,0.00613445,0.00621155
2020-07-09,-0.00218786,-0.00203626,0.00056493,-0.00327853,-0.00040367,-0.00203626,-0.00270445
2020-07-10,0.00538793,0.00288442,-0.00045795,0.00292090,0.00036593,0.00288442,-0.00259388
2020-07-13,-0.00483502,-0.00438953,0.00005872,-0.00528356,-0.00106297,-0.00438953,0.00124121
2020-07-14,0.00780091,0.00600073,0.00223250,0.00589294,0.00309330,0.00600073,0.00466352
2020-07-15,0.00545303,0.00465980,0.00091657,0.00550996,0.00196455,0.00465980,0.00088137
2020-07-16,-0.00172052,-0.00314537,-0.00173178,-0.00442093,-0.00226800,-0.00314537,-0.00945168
2020-07-17,0.00166924,0.00241079,0.00203961,0.00292919,0.00231660,0.00241079,0.00823801
2020-07-20,0.00518266,0.00523165,0.00223533,0.00538024,0.00282697,0.00523165,0.00482013
2020-07-21,0.00171429,0.00386113,0.00335318,0.00562943,0.00402138,0.00386113,0.01205101
2020-07-22,0.00360830,0.00291132,0.00381516,0.00294019,0.00386759,0.00291132,0.01520231
2020-07-23,-0.00693287,-0.00457236,0.00107547,-0.00470737,0.00003998,-0.00457236,0.00882537
2020-07-24,-0.00411850,-0.00190003,0.00086179,-0.00137660,0.00054885,-0.00190003,0.00857885
2020-07-27,0.00382838,0.00554143,0.00418582,0.00716707,0.00496114,0.00554143,0.01975378
2020-07-28,-0.00294737,-0.00253296,0.00236625,-0.00341828,0.00125458,-0.00253296,0.00834111
2020-07-29,0.00799458,0.00767130,0.00365521,0.00833630,0.00458988,0.00767130,0.00751020
2020-07-30,-0.00164080,-0.00298353,-0.00125622,-0.00475147,-0.00201440,-0.00298353,-0.00740021
2020-07-31,0.00491407,0.00321808,0.00315788,0.00322519,0.00341588,0.00321808,0.00908794
2020-08-03,0.00396981,0.00364322,0.00081177,0.00475105,0.00124258,0.00364322,0.00113250
2020-08-04,0.00368812,0.00495567,0.00642313,0.00552903,0.00632619,0.00495567,0.02127774
2020-08-05,0.00241207,0.00353450,0.00104624,0.00518650,0.00157456,0.00353450,0.00928319
2020-08-06,0.00449023,0.00428622,0.00401077,0.00471909,0.00414052,0.00428622,0.01327411
2020-08-07,-0.00040065,-0.00422998,-0.00440134,-0.00643899,-0.00462846,-0.00422998,-0.01588530
2020-08-10,0.00139400,0.00112710,-0.00099364,0.00164212,-0.00069329,0.00112710,-0.00345894
2020-08-11,-0.00635997,-0.00857385,-0.01354676,-0.00953971,-0.01326741,-0.00857385,-0.05369445
2020-08-12,0.00728607,0.00594505,-0.00074643,0.00737747,0.00020649,0.00594505,-0.00466822
2020-08-13,-0.00190445,-0.00043993,0.00324518,0.00028106,0.00296392,-0.00043993,0.02361809
2020-08-14,0.00021085,-0.00052499,-0.00081582,-0.00087494,-0.00085067,-0.00052499,-0.00430917
2020-08-17,0.00257991,0.00540914,0.00557522,0.00738056,0.00584122,0.00540914,0.02169388
2020-08-18,0.00199121,0.00201406,0.00326555,0.00219763,0.00318621,0.00201406,0.00900804
2020-08-19,-0.00305330,-0.00520788,-0.00769878,-0.00598390,-0.00757652,-0.00520788,-0.03156552
2020-08-20,0.00302117,0.00203512,0.00288057,0.00096019,0.00267375,0.00203512,0.00691396
2020-08-21,0.00245068,0.00122083,-0.00054711,0.00045831,-0.00045224,0.00122083,-0.00801090
2020-08-24,0.00564349,0.00494839,-0.00048271,0.00577801,0.00026629,0.00494839,-0.00565841
2020-08-25,0.00122573,0.00225832,-0.00050830,0.00370965,-0.00000423,0.00225832,0.00121547
2020-08-26,0.00600261,0.00455136,0.00338888,0.00460790,0.00359070,0.00455136,0.01180885
2020-08-27,-0.00000476,-0.00200073,-0.00402491,-0.00264884,-0.00385846,-0.00200073,-0.01156195
2020-08-28,0.00462397,0.00548799,0.00517145,0.00641651,0.00534494,0.00548799,0.01738027
2020-08-31,-0.00183654,-0.00316663,0.00101347,-0.00378186,0.00051640,-0.00316663,0.00238625
2020-09-01,0.00695282,0.00651902,0.00270614,0.00759410,0.00416656,0.00651902,0.00183246
2020-09-02,0.00925593,0.00398031,-0.00049847,0.00514004,0.00005971,0.00398031,-0.01180140
2020-09-03,-0.02028701,-0.01542116,-0.00488460,-0.01807184,-0.01111256,-0.01542116,-0.00942338
2020-09-04,-0.00711484,-0.00493323,-0.00308544,-0.00444555,-0.00379479,-0.00493323,0.00227442
2020-09-08,-0.01539690,-0.01248036,-0.00201209,-0.01400283,-0.00908046,-0.01248036,-0.00326947
2020-09-09,0.01140854,0.00986966,0.00363281,0.01158738,0.00764454,0.00986966,0.01020791
2020-09-10,-0.00979226,-0.00837141,-0.00169212,-0.00990484,-0.00586433,-0.00837141,-0.00405383
2020-09-11,0.00094185,0.00204482,0.00067492,0.00215663,0.00166708,0.00204482,0.00017790
2020-09-14,0.00737412,0.00619284,0.00239205,0.00765293,0.00444119,0.00619284,0.00827610
2020-09-15,0.00278728,0.00312096,-0.00017122,0.00382620,0.00206437,0.00312096,-0.00182054
2020-09-16,-0.00258668,-0.00059990,-0.00005080,-0.00169457,0.00119990,-0.00059990,0.00247788
2020-09-17,-0.00507257,-0.00313824,-0.00174783,-0.00441717,-0.00159219,-0.00313824,-0.00558379
2020-09-18,-0.00715955,-0.00496839,-0.00138062,-0.00619103,-0.00264329,-0.00496839,0.00061643
2020-09-21,-0.00578858,-0.00741357,-0.00443260,-0.00779482,-0.00857986,-0.00741357,-0.01950698
2020-09-22,0.00594790,0.00257657,0.00004773,0.00309728,0.00072470,0.00257657,-0.00433114
2020-09-23,-0.01360093,-0.01216707,-0.00654961,-0.01405326,-0.01053236,-0.01216707,-0.02153228
2020-09-24,0.00175427,0.00107470,0.00128174,0.00072411,0.00145177,0.00107470,0.00349026
2020-09-25,0.00974103,0.00549271,0.00147341,0.00616595,0.00304646,0.00549271,-0.00203061
2020-09-28,0.00964868,0.00839768,0.00367329,0.00972375,0.00695465,0.00839768,0.01034331
2020-09-29,-0.00290491,-0.00173395,0.00160524,-0.00150667,-0.00062346,-0.00173395,0.00767869
2020-09-30,0.00333992,0.00402736,-0.00199043,0.00512800,0.00209175,0.00402736,-0.00498274
2020-10-01,0.00407483,0.00348344,0.00265981,0.00472700,0.00168270,0.00348344,0.00888939
2020-10-02,-0.00610255,-0.00537823,-0.00155959,-0.00540979,-0.00424680,-0.00537823,-0.00089536
2020-10-05,0.00809277,0.00807138,-0.00039738,0.00869821,0.00711516,0.00807138,0.00487286
2020-10-06,-0.00768712,-0.00487999,-0.00275567,-0.00575110,-0.00357268,-0.00487999,-0.01176077
2020-10-07,0.00931141,0.00699588,0.00033352,0.00802791,0.00414602,0.00699588,-0.00045121
2020-10-08,0.00608732,0.00550308,0.00282786,0.00558911,0.00510215,0.00550308,0.00355490
2020-10-09,0.00523131,0.00502729,0.00436895,0.00571449,0.00520156,0.00502729,0.01816137
2020-10-12,0.01022990,0.00674776,0.00163055,0.00802052,0.00243786,0.00674776,-0.00287166
2020-10-13,-0.00314126,-0.00334162,-0.00289154,-0.00429530,-0.00347905,-0.00334162,-0.01572884
2020-10-14,-0.00371284,-0.00261345,0.00011146,-0.00341051,-0.00043042,-0.00261345,0.00309476
2020-10-15,-0.00117147,-0.00119248,0.00009273,-0.00153042,-0.00001516,-0.00119248,0.00364615
2020-10-16,-0.00059338,-0.00060295,-0.00096096,-0.00021268,-0.00134817,-0.00060295,-0.00346524
2020-10-19,-0.00991282,-0.00652202,-0.00244402,-0.00704568,-0.00382852,-0.00652202,0.00050477
2020-10-20,0.00158365,0.00312453,0.00031527,0.00348419,0.00334096,0.00312453,0.00482090
2020-10-21,-0.00167026,-0.00077038,0.00070599,-0.00013472,-0.00043512,-0.00077038,0.00753138
2020-10-22,0.00196807,0.00083168,-0.00311758,0.00103495,-0.00061453,0.00083168,-0.00980066
2020-10-23,0.00262234,0.00189949,0.00088324,0.00247568,0.00037091,0.00189949,-0.00106246
2020-10-26,-0.01024323,-0.00884824,-0.00074802,-0.00968020,-0.00633393,-0.00884824,-0.00050381
2020-10-27,-0.00120339,0.00040122,0.00136290,0.00005654,0.00158012,0.00040122,0.00263232
2020-10-28,-0.02067295,-0.01763074,-0.00687627,-0.01871408,-0.01445566,-0.01763074,-0.01614345
2020-10-29,0.00434779,0.00277410,-0.00205619,0.00435030,-0.00075267,0.00277410,-0.00414467
2020-10-30,-0.00754319,-0.00530065,-0.00188305,-0.00559379,-0.00283377,-0.00530065,0.00456100
2020-11-02,0.00741036,0.00744029,0.00419927,0.00600162,0.00752430,0.00744029,0.00965267
2020-11-03,0.00974003,0.00750247,0.00183136,0.00428807,0.00512880,0.00750247,0.00562564
2020-11-04,0.01687544,0.01468148,0.00608932,0.00868133,0.00928531,0.01468148,-0.00054128
2020-11-05,0.01183716,0.01042546,0.00665713,0.00839517,0.00883338,0.01042546,0.02280865
2020-11-06,-0.00144628,-0.00111929,-0.00170719,-0.00156187,-0.00164095,-0.00111929,0.00137522
2020-11-09,0.00489685,0.00247306,-0.01127419,-0.00578973,-0.00328353,0.00247306,-0.04395277
2020-11-10,-0.00198928,-0.00134799,-0.00069265,0.00028957,0.00171549,-0.00134799,0.00329393
2020-11-11,0.00521508,0.00356053,0.00082762,0.00154921,0.00161048,0.00356053,-0.00427783
2020-11-12,-0.00388264,-0.00362505,0.00295669,-0.00017850,-0.00160484,-0.00362505,0.00603437
2020-11-13,0.00805313,0.00659135,0.00224816,0.00374521,0.00382696,0.00659135,0.00676438
2020-11-16,0.00747968,0.00661047,0.00087426,0.00328792,0.00426074,0.00661047,-0.00006680
2020-11-17,-0.00239208,-0.00138703,-0.00000429,-0.00052322,-0.00052070,-0.00138703,-0.00362666
2020-11-18,-0.00762479,-0.00522212,-0.00256272,-0.00332366,-0.00323022,-0.00522212,-0.00567405
2020-11-19,0.00302244,0.00225597,0.00066996,0.00115610,0.00120630,0.00225597,-0.00185698
2020-11-20,-0.00359169,-0.00117836,0.00085462,0.00042437,0.00065893,-0.00117836,0.00301939
2020-11-23,0.00295232,0.00130242,-0.00420943,-0.00221505,-0.00141498,0.00130242,-0.01954137
2020-11-24,0.00940729,0.00759943,-0.00190046,0.00234299,0.00458164,0.00759943,-0.01519974
2020-11-25,-0.00083896,-0.00062484,0.00003918,0.00023450,0.00077791,-0.00062484,-0.00045385
2020-11-27,0.00286465,0.00243507,-0.00002820,0.00048056,0.00044934,0.00243507,-0.01004142
2020-11-30,-0.00301457,-0.00520252,-0.00195941,-0.00340274,-0.00402605,-0.00520252,-0.00660907
2020-12-01,0.00442197,0.00550553,0.00755895,0.00473700,0.00540043,0.00550553,0.01848598
2020-12-02,0.00060857,0.00138422,0.00164763,0.00170560,0.00214337,0.00138422,0.00586684
2020-12-03,0.00089353,0.00239494,0.00264882,0.00289140,0.00288749,0.00239494,0.00799604
2020-12-04,0.00365246,0.00349806,0.00482655,0.00127516,0.00279176,0.00349806,-0.00057651
2020-12-07,-0.00002917,0.00086693,0.00043485,0.00275485,0.00185054,0.00086693,0.01126830
2020-12-08,0.00216823,0.00156987,0.00152239,0.00161826,0.00160945,0.00156987,0.00280577
2020-12-09,-0.00599659,-0.00546098,-0.00630466,-0.00543278,-0.00519264,-0.00546098,-0.01424663
2020-12-10,0.00069495,0.00270796,0.00246865,0.00224078,0.00370249,0.00270796,0.00094990
2020-12-11,0.00008468,-0.00079653,-0.00132358,-0.00014531,-0.00099383,-0.00079653,0.00017266
2020-12-14,-0.00293157,-0.00236785,-0.00292576,-0.00200535,-0.00182031,-0.00236785,-0.00494603
2020-12-15,0.00774374,0.00708970,0.00817003,0.00605307,0.00711701,0.00708970,0.01232505
2020-12-16,0.00062172,0.00125503,0.00130041,0.00143128,0.00193485,0.00125503,0.00487601
2020-12-17,0.00310235,0.00377771,0.00393089,0.00374134,0.00475406,0.00377771,0.00893680
2020-12-18,-0.00275454,-0.00158775,-0.00189834,-0.00115655,-0.00088056,-0.00158775,-0.00149885
2020-12-21,-0.00190705,-0.00367255,-0.00431899,-0.00278236,-0.00421431,-0.00367255,-0.00482919
2020-12-22,-0.00036271,-0.00180094,-0.00182612,-0.00201119,-0.00303515,-0.00180094,-0.00710469
2020-12-23,-0.00027970,0.00229221,0.00264687,0.00231325,0.00375759,0.00229221,0.00667243
2020-12-24,0.00291710,0.00184391,0.00163456,0.00180763,0.00167086,0.00184391,0.00226947
2020-12-28,0.00524266,0.00298229,0.00392039,0.00124189,0.00127600,0.00298229,-0.00217409
2020-12-29,-0.00122609,0.00098618,0.00145971,0.00101557,0.00155750,0.00098618,0.00513515
2020-12-30,0.00112915,0.00299495,0.00346670,0.00296648,0.00364718,0.00299495,0.00797911
2020-12-31,0.00335185,0.00248255,0.00246351,0.00228320,0.00256717,0.00248255,0.00284731
2021-01-04,-0.00807305,-0.00337954,-0.00298502,-0.00014026,-0.00090182,-0.00337954,0.01985317
2021-01-05,0.00316811,0.00579230,0.00989593,0.00572484,0.00753476,0.00579230,0.00488534
2021-01-06,0.00123428,-0.00133971,-0.00106228,-0.00296996,-0.00230279,-0.00133971,-0.01499119
2021-01-07,0.00753396,0.00565722,0.00648002,0.00350755,0.00447469,0.00565722,-0.00109843
2021-01-08,0.00232373,0.00265906,0.00468552,-0.00129725,0.00049925,0.00265906,-0.02700408
2021-01-11,-0.00486172,-0.00537524,-0.00626642,-0.00449542,-0.00510025,-0.00537524,-0.00319364
2021-01-12,0.00006183,0.00253631,0.00513180,0.00364301,0.00453034,0.00253631,0.00663220
2021-01-13,0.00300031,0.00208935,0.00132515,0.00115754,0.00105534,0.00208935,-0.00337872
2021-01-14,-0.00302174,-0.00036074,0.00172704,0.00041701,0.00109344,-0.00036074,0.00056116
2021-01-15,-0.00335782,-0.00484265,-0.00705362,-0.00501699,-0.00594939,-0.00484265,-0.01208555
2021-01-19,0.00497775,0.00561052,0.00648680,0.00498939,0.00546735,0.00561052,0.00910151
2021-01-20,0.00855115,0.00789506,0.00818608,0.00684962,0.00717847,0.00789506,0.01585933
2021-01-21,-0.00000502,0.00016365,0.00065697,0.00026160,0.00044897,0.00016365,-0.00025456
2021-01-22,-0.00156425,-0.00333860,-0.00575500,-0.00412273,-0.00503593,-0.00333860,-0.00772617
2021-01-25,0.00398457,0.00391670,0.00462161,0.00369940,0.00407983,0.00391670,0.00164391
2021-01-26,-0.00108142,-0.00165645,-0.00183207,-0.00143641,-0.00151128,-0.00165645,-0.00295481
2021-01-27,-0.01440171,-0.01204239,-0.01270710,-0.00860535,-0.00971736,-0.01204239,-0.00841700
2021-01-28,0.00414086,0.00329893,0.00344577,0.00211053,0.00246870,0.00329893,0.00160801
2021-01-29,-0.01280239,-0.01033945,-0.01018180,-0.00688274,-0.00761067,-0.01033945,-0.00302826
2021-02-01,0.01048490,0.01047067,0.01242899,0.00977325,0.01101692,0.01047067,0.01362947
2021-02-02,0.00753471,0.00576306,0.00712689,0.00463058,0.00575839,0.00576306,-0.00047950
2021-02-03,-0.00048344,0.00052875,0.00188105,0.00067137,0.00134681,0.00052875,0.00112496
2021-02-04,0.00678205,0.00337052,0.00331202,0.00162310,0.00230777,0.00337052,-0.00967257
2021-02-05,0.00158236,0.00263986,0.00376892,0.00305280,0.00345634,0.00263986,0.00763514
2021-02-08,0.00458821,0.00450268,0.00580915,0.00469306,0.00540852,0.00450268,0.00532804
2021-02-09,-0.00011411,0.00123791,0.00209477,0.00150356,0.00181978,0.00123791,0.00561198
2021-02-10,0.00071452,0.00091871,0.00051902,0.00096056,0.00070059,0.00091871,0.00312664
2021-02-11,0.00069574,0.00098086,0.00128611,0.00046414,0.00074241,0.00098086,0.00000815
2021-02-12,0.00175705,0.00162868,0.00315341,0.00145917,0.00241144,0.00162868,-0.00128946
2021-02-16,-0.00330648,-0.00216472,0.00032607,-0.00230512,-0.00084910,-0.00216472,-0.00623238
2021-02-17,0.00040336,-0.00014747,0.00000922,-0.00070288,-0.00037070,-0.00014747,-0.00491161
2021-02-18,-0.00265910,-0.00354575,-0.00476667,-0.00360808,-0.00417549,-0.00354575,-0.00616807
2021-02-19,-0.00262993,-0.00095141,-0.00022296,-0.00059019,-0.00041245,-0.00095141,0.00361333
2021-02-22,-0.00536804,-0.00466840,-0.00310310,-0.00311347,-0.00251469,-0.00466840,-0.00494573
2021-02-23,0.00104488,0.00147732,0.00200858,0.00132222,0.00167475,0.00147732,0.00072099
2021-02-24,0.00625131,0.00382140,0.00472476,0.00325778,0.00411017,0.00382140,-0.00291230
2021-02-25,-0.01998535,-0.01706940,-0.01627292,-0.01612780,-0.01599378,-0.01706940,-0.01920813
2021-02-26,0.00027899,-0.00307939,-0.00627777,-0.00405095,-0.00538616,-0.00307939,-0.01378023
2021-03-01,0.01408817,0.01132174,0.01050296,0.00764378,0.00879876,0.01132174,0.01587903
2021-03-02,-0.00401308,-0.00278431,-0.00243250,-0.00116418,-0.00163016,-0.00278431,-0.00541689
2021-03-03,-0.01011868,-0.00689811,-0.00493128,-0.00502634,-0.00528696,-0.00689811,-0.00254438
2021-03-04,-0.00941811,-0.00821105,-0.00660709,-0.00584720,-0.00642279,-0.00821105,-0.00968174
2021-03-05,0.01047916,0.00859843,0.01067999,0.00869010,0.00900671,0.00859843,0.01551825
2021-03-08,-0.00456515,-0.00765216,-0.00989923,-0.00877645,-0.00888589,-0.00765216,-0.01775937
2021-03-09,0.01050394,0.00986360,0.00987498,0.00940169,0.00965844,0.00986360,0.01364769
2021-03-10,0.00460076,0.00339788,0.00354215,0.00367432,0.00360714,0.00339788,0.00130645
2021-03-11,0.00602468,0.00777180,0.01047361,0.00805400,0.00847615,0.00777180,0.02144566
2021-03-12,-0.00199871,-0.00399458,-0.00476654,-0.00439141,-0.00438776,-0.00399458,-0.00929778
2021-03-15,0.00412736,0.00287326,0.00237247,0.00231927,0.00243754,0.00287326,0.00160115
2021-03-16,-0.00084130,-0.00036164,-0.00025925,-0.00021097,-0.00020768,-0.00036164,0.00049287
2021-03-17,0.00144574,0.00140211,0.00152199,0.00149587,0.00154413,0.00140211,0.00144741
2021-03-18,-0.01134393,-0.01239574,-0.01680038,-0.01484979,-0.01472869,-0.01239574,-0.02572233
2021-03-19,-0.00137326,0.00216919,0.00533248,0.00459390,0.00439805,0.00216919,0.01142063
2021-03-22,0.00615676,0.00378920,0.00288252,0.00274831,0.00289914,0.00378920,0.00010177
2021-03-23,-0.00291484,-0.00507479,-0.00913838,-0.00734377,-0.00736840,-0.00507479,-0.01877903
2021-03-24,-0.00258811,-0.00210697,-0.00040555,0.00072960,0.00001032,-0.00210697,-0.00462077
2021-03-25,0.00290890,0.00095454,-0.00118984,-0.00155831,-0.00105326,0.00095454,-0.00296795
2021-03-26,0.00853296,0.00908939,0.01254670,0.00991224,0.01029779,0.00908939,0.02284871
2021-03-29,-0.00163315,-0.00230322,-0.00209704,-0.00256637,-0.00248500,-0.00230322,-0.00300816
2021-03-30,-0.00197265,-0.00282282,-0.00412326,-0.00467157,-0.00433605,-0.00282282,-0.00375386
2021-03-31,0.00194861,0.00311609,0.00398788,0.00399727,0.00397236,0.00311609,0.00492361
2021-04-01,0.00824222,0.00768960,0.00872583,0.00854605,0.00855967,0.00768960,0.00986005
2021-04-05,0.00750877,0.00385876,0.00211613,0.00191602,0.00226121,0.00385876,0.00645808
2021-04-06,0.00156132,0.00232405,0.00208234,0.00215843,0.00210979,0.00232405,0.00403493
2021-04-07,0.00045549,-0.00121877,-0.00153620,-0.00142394,-0.00152237,-0.00121877,-0.01081775
2021-04-08,0.00422839,0.00430800,0.00455399,0.00454657,0.00453933,0.00430800,0.00735170
2021-04-09,0.00335845,0.00033963,-0.00049765,-0.00060170,-0.00046861,0.00033963,-0.00460371
2021-04-12,-0.00002039,-0.00098044,-0.00109927,-0.00111455,-0.00111648,-0.00098044,-0.00438635
2021-04-13,0.00342509,0.00362552,0.00429371,0.00429684,0.00421954,0.00362552,0.00383898
2021-04-14,-0.00255625,-0.00013985,0.00283157,0.00261412,0.00250091,-0.00013985,0.00292034
2021-04-15,0.00903944,0.00811002,0.00791390,0.00792133,0.00794219,0.00811002,0.00952669
2021-04-16,0.00097075,0.00078041,0.00106352,0.00104459,0.00107031,0.00078041,0.00277325
2021-04-19,-0.00340357,-0.00271041,-0.00248406,-0.00243408,-0.00250558,-0.00271041,-0.00398944
2021-04-20,-0.00328824,-0.00273149,-0.00345357,-0.00316199,-0.00335534,-0.00273149,-0.00792389
2021-04-21,0.00593991,0.00477076,0.00416498,0.00411914,0.00424873,0.00477076,0.00697481
2021-04-22,-0.00524552,-0.00345325,-0.00237773,-0.00232589,-0.00249542,-0.00345325,-0.00492737
2021-04-23,0.00605086,0.00545245,0.00673256,0.00629961,0.00654716,0.00545245,0.01357418
2021-04-26,0.00086035,0.00107645,0.00198934,0.00193042,0.00190190,0.00107645,0.00148269
2021-04-27,-0.00166839,-0.00091970,0.00070274,0.00058646,0.00054451,-0.00091970,-0.00046545
2021-04-28,0.00033779,0.00154124,0.00214434,0.00210870,0.00210758,0.00154124,0.00555497
2021-04-29,0.00320214,0.00183998,0.00237901,0.00220950,0.00228049,0.00183998,-0.00019137
2021-04-30,-0.00367847,-0.00457791,-0.00618562,-0.00587064,-0.00601466,-0.00457791,-0.01488474
2021-05-03,0.00197188,0.00254704,0.00346305,0.00317195,0.00243005,0.00254704,0.00656433
2021-05-04,-0.00317650,-0.00249620,-0.00122520,-0.00179523,-0.00321531,-0.00249620,0.00523975
2021-05-05,0.00067922,0.00170877,0.00251498,0.00236803,0.00200536,0.00170877,0.00413610
2021-05-06,0.00495195,0.00483058,0.00518552,0.00521747,0.00530708,0.00483058,0.00662092
2021-05-07,0.00450565,0.00478601,0.00605868,0.00585871,0.00542334,0.00478601,0.00994443
2021-05-10,-0.00675709,-0.00616718,-0.00680937,-0.00678123,-0.00687715,-0.00616718,-0.01107901
2021-05-11,-0.00601724,-0.00347574,-0.00198647,-0.00244985,-0.00360886,-0.00347574,0.00567964
2021-05-12,-0.01464099,-0.01245497,-0.01202631,-0.01242278,-0.01356921,-0.01245497,-0.01092831
2021-05-13,0.00849334,0.00395853,-0.00028093,0.00089107,0.00373001,0.00395853,-0.01807430
2021-05-14,0.01003784,0.00902482,0.00988469,0.00987964,0.00998636,0.00902482,0.01187410
2021-05-17,-0.00191065,-0.00005307,0.00169508,0.00123769,0.00006239,-0.00005307,0.00747701
2021-05-18,-0.00515836,-0.00214766,-0.00170736,-0.00172308,-0.00175231,-0.00214766,0.00193156
2021-05-19,-0.00276711,-0.00358729,-0.00579186,-0.00516849,-0.00368921,-0.00358729,-0.01393111
2021-05-20,0.00808651,0.00552853,0.00350268,0.00409570,0.00556697,0.00552853,-0.00429771
2021-05-21,-0.00034888,-0.00060053,-0.00007448,-0.00034868,-0.00107028,-0.00060053,0.00142368
2021-05-24,0.00648333,0.00562062,0.00696051,0.00668387,0.00610969,0.00562062,0.01169759
2021-05-25,0.00013732,0.00158218,0.00139470,0.00148719,0.00167917,0.00158218,0.00168992
2021-05-26,0.00073348,0.00105272,0.00148346,0.00146221,0.00148009,0.00105272,0.00381983
2021-05-27,-0.00038393,0.00054549,0.00246652,0.00196192,0.00076708,0.00054549,0.00984689
2021-05-28,0.00103838,0.00127485,0.00124976,0.00135527,0.00162692,0.00127485,0.00041952
2021-06-01,-0.00060309,0.00289588,0.00607301,0.00340791,0.00476252,0.00289588,0.01892868
2021-06-02,0.00139832,0.00156997,0.00175158,0.00146127,0.00161807,0.00156997,0.00371913
2021-06-03,-0.00324043,-0.00479353,-0.00582141,-0.00509188,-0.00549955,-0.00479353,-0.00937860
2021-06-04,0.00769387,0.00704098,0.00753015,0.00701220,0.00727133,0.00704098,0.01022989
2021-06-07,-0.00089566,-0.00085003,-0.00095473,-0.00108251,-0.00098908,-0.00085003,-0.00121078
2021-06-08,0.00127786,0.00077737,0.00106295,-0.00002451,0.00057238,0.00077737,0.00370879
2021-06-09,0.00035734,-0.00028074,-0.00144569,-0.00064221,-0.00104663,-0.00028074,-0.00392339
2021-06-10,0.00420930,0.00415596,0.00449471,0.00434785,0.00440897,0.00415596,0.00547527
2021-06-11,0.00040112,-0.00093813,-0.00147135,-0.00085756,-0.00122855,-0.00093813,-0.00324285
2021-06-14,0.00009638,-0.00042664,-0.00041893,0.00022040,-0.00017182,-0.00042664,-0.00218654
2021-06-15,-0.00103333,-0.00161600,-0.00216206,-0.00188029,-0.00200714,-0.00161600,-0.00531056
2021-06-16,-0.00609043,-0.00673323,-0.00724796,-0.00687292,-0.00709302,-0.00673323,-0.00908050
2021-06-17,0.00123001,-0.00120946,-0.00388817,-0.00061254,-0.00244364,-0.00120946,-0.01273355
2021-06-18,-0.00582948,-0.00378703,-0.00354050,-0.00549673,-0.00435089,-0.00378703,0.00294294
2021-06-21,0.00722597,0.00589045,0.00712068,0.00663807,0.00681844,0.00589045,0.00892335
2021-06-22,0.00393508,0.00210815,0.00195687,0.00191878,0.00192721,0.00210815,-0.00100843
2021-06-23,-0.00152001,-0.00012477,0.00130480,0.00011093,0.00072567,-0.00012477,0.00624257
2021-06-24,0.00348280,0.00333122,0.00370927,0.00395150,0.00375046,0.00333122,0.00598178
2021-06-25,0.00130860,0.00166190,0.00199032,0.00259003,0.00222506,0.00166190,0.00108154
2021-06-28,0.00245922,0.00161202,0.00102473,0.00140402,0.00120514,0.00161202,0.00007796
2021-06-29,0.00053098,0.00015405,0.00051974,-0.00003371,0.00023015,0.00015405,0.00242653
2021-06-30,0.00112738,0.00081406,0.00122300,0.00012724,0.00074912,0.00081406,0.00271531
2021-07-01,0.00303212,0.00179611,0.00184261,0.00176538,0.00179932,0.00179611,0.00030303
2021-07-02,0.00604860,0.00464541,0.00483800,0.00423043,0.00467470,0.00464541,0.00562499
2021-07-06,0.00099753,-0.00211064,-0.00641036,-0.00228836,-0.00516721,-0.00211064,-0.02378058
2021-07-07,0.00329004,0.00146725,-0.00061403,0.00188753,0.00007296,0.00146725,-0.00822099
2021-07-08,-0.00387041,-0.00414707,-0.00459727,-0.00632794,-0.00491958,-0.00414707,-0.00194751
2021-07-09,0.00436135,0.00504415,0.00755851,0.00645114,0.00710198,0.00504415,0.01361669
2021-07-12,0.00195171,0.00134129,0.00173593,0.00152721,0.00164952,0.00134129,0.00134568
2021-07-13,-0.00328396,-0.00170769,-0.00004634,-0.00206778,-0.00057846,-0.00170769,0.00575059
2021-07-14,0.00261082,0.00236000,0.00091730,0.00276924,0.00145728,0.00236000,-0.00490272
2021-07-15,-0.00038433,-0.00008063,-0.00084692,-0.00033767,-0.00066237,-0.00008063,-0.00253250
2021-07-16,-0.00477802,-0.00419481,-0.00416091,-0.00501393,-0.00434449,-0.00419481,-0.00275793
2021-07-19,-0.00540923,-0.00721463,-0.01295786,-0.00805419,-0.01139507,-0.00721463,-0.03178502
2021-07-20,0.00798067,0.00610931,0.00727498,0.00667532,0.00697460,0.00610931,0.01064750
2021-07-21,0.00250369,0.00286786,0.00565020,0.00335487,0.00488884,0.00286786,0.01515083
2021-07-22,0.00217856,0.00219018,0.00278221,0.00180654,0.00252073,0.00219018,0.00580017
2021-07-23,0.00555965,0.00233733,0.00239812,0.00214549,0.00229365,0.00233733,-0.00180068
2021-07-26,0.00120896,-0.00077470,-0.00050651,-0.00190130,-0.00083529,-0.00077470,-0.00182279
2021-07-27,-0.00105880,-0.00277399,-0.00494842,-0.00417101,-0.00460236,-0.00277399,-0.01064090
2021-07-28,0.00009180,0.00327358,0.00520236,0.00423420,0.00487703,0.00327358,0.01227108
2021-07-29,0.00127426,0.00273357,0.00496948,0.00274946,0.00433727,0.00273357,0.01331824
2021-07-30,-0.00181176,-0.00266335,-0.00384944,-0.00344048,-0.00367926,-0.00266335,-0.00696228
2021-08-02,0.00049577,0.00024488,-0.00121116,0.00028057,-0.00040003,0.00024488,-0.01093684
2021-08-03,0.00497043,0.00322496,0.00261576,0.00392348,0.00313200,0.00322496,-0.00467084
2021-08-04,-0.00305423,-0.00232633,-0.00355158,-0.00179114,-0.00258788,-0.00232633,-0.01614332
2021-08-05,0.00233593,0.00171984,0.00314648,0.00184347,0.00225775,0.00171984,0.01482031
2021-08-06,-0.00134095,-0.00359933,-0.00398600,-0.00314019,-0.00379177,-0.00359933,-0.00834507
2021-08-09,-0.00133818,-0.00235990,-0.00329873,-0.00167049,-0.00262846,-0.00235990,-0.01420082
2021-08-10,0.00000410,0.00080800,0.00303963,0.00043981,0.00163212,0.00080800,0.01814012
2021-08-11,0.00194321,0.00276557,0.00359421,0.00267588,0.00317468,0.00276557,0.00891448
2021-08-12,0.00140622,-0.00012011,-0.00094981,-0.00013792,-0.00051931,-0.00012011,-0.00364175
2021-08-13,0.00336831,0.00257729,0.00091154,0.00223432,0.00179882,0.00257729,-0.00573425
2021-08-16,0.00230074,0.00066743,-0.00050401,0.00019541,-0.00001932,0.00066743,-0.00262151
2021-08-17,-0.00416679,-0.00524424,-0.00708587,-0.00607751,-0.00630640,-0.00524424,-0.01103927
2021-08-18,-0.00680667,-0.00460571,-0.00501361,-0.00459953,-0.00461769,-0.00460571,-0.01169405
2021-08-19,0.00181408,-0.00137243,-0.00406165,-0.00191780,-0.00279790,-0.00137243,-0.01398995
2021-08-20,0.00440680,0.00150359,-0.00129285,0.00269678,0.00065793,0.00150359,-0.02345513
2021-08-23,0.00540443,0.00735271,0.01130161,0.00739908,0.00905994,0.00735271,0.03631344
2021-08-24,-0.00011542,0.00320549,0.00682092,0.00400817,0.00506373,0.00320549,0.02102087
2021-08-25,-0.00027470,0.00006352,0.00162943,0.00035943,0.00079218,0.00006352,0.00897430
2021-08-26,-0.00358532,-0.00342196,-0.00435503,-0.00385670,-0.00390207,-0.00342196,-0.00784807
2021-08-27,0.00669973,0.00721058,0.00872629,0.00758519,0.00806150,0.00721058,0.01265623
2021-08-30,0.00344149,0.00231379,0.00215318,0.00229033,0.00211238,0.00231379,0.00365125
2021-08-31,-0.00163537,0.00011267,0.00049335,0.00105174,0.00067125,0.00011267,-0.00467568
2021-09-01,0.00048714,0.00144416,0.00154513,0.00067703,0.00182716,0.00144416,-0.00376555
2021-09-02,0.00232419,0.00151304,0.00207618,0.00183764,0.00147694,0.00151304,0.00986433
2021-09-03,-0.00109951,0.00036604,0.00108506,0.00122415,0.00097262,0.00036604,0.00078559
2021-09-07,-0.00371767,-0.00358135,-0.00371092,-0.00506717,-0.00336798,-0.00358135,-0.00985953
2021-09-08,0.00036285,-0.00067433,-0.00076867,0.00020447,-0.00124370,-0.00067433,0.00564994
2021-09-09,-0.00143919,-0.00077459,-0.00142107,-0.00030607,-0.00108675,-0.00077459,-0.00669221
2021-09-10,-0.00598612,-0.00353529,-0.00154021,-0.00165604,-0.00283433,-0.00353529,0.00898115
2021-09-13,0.00201104,0.00226781,0.00281385,0.00255875,0.00248254,0.00226781,0.00674823
2021-09-14,-0.00171127,-0.00150409,-0.00240162,-0.00085911,-0.00230013,-0.00150409,-0.00144864
2021-09-15,0.00428416,0.00316134,0.00480202,0.00345179,0.00382519,0.00316134,0.01486979
2021-09-16,-0.00221743,-0.00406647,-0.00479455,-0.00545647,-0.00453523,-0.00406647,-0.00602349
2021-09-17,-0.00699640,-0.00531880,-0.00557146,-0.00479148,-0.00539535,-0.00531880,-0.00843593
2021-09-20,-0.00790319,-0.00773454,-0.01034620,-0.00649706,-0.00975039,-0.00773454,-0.01271209
2021-09-21,-0.00080278,0.00075813,0.00132050,0.00124068,0.00124315,0.00075813,0.00066115
2021-09-22,0.00615089,0.00534249,0.00634491,0.00445043,0.00592093,0.00534249,0.01108161
2021-09-23,0.00352780,0.00276242,0.00559540,0.00263588,0.00449396,0.00276242,0.01475222
2021-09-24,-0.00022541,-0.00146273,-0.00129999,-0.00108501,-0.00158909,-0.00146273,0.00399300
2021-09-27,-0.00278824,-0.00028664,0.00217060,0.00174916,0.00087935,-0.00028664,0.01047037
2021-09-28,-0.01360751,-0.01070601,-0.01056816,-0.00897885,-0.01093864,-0.01070601,-0.01019265
2021-09-29,0.00142477,-0.00002148,-0.00060592,-0.00041049,-0.00052334,-0.00002148,0.00112417
2021-09-30,-0.00678847,-0.00202406,-0.00056254,0.00088260,-0.00138457,-0.00202406,0.00304471
2021-10-01,0.00876031,0.00631478,0.00662382,0.00599925,0.00563291,0.00631478,0.01328695
2021-10-04,-0.00824386,-0.00562267,-0.00384358,-0.00162022,-0.00068797,-0.00562267,0.01614000
2021-10-05,0.00498284,0.00396837,0.00579832,0.00381297,0.00304869,0.00396837,0.01251002
2021-10-06,0.00260688,0.00015860,-0.00215121,-0.00174557,-0.00161458,0.00015860,-0.01663235
2021-10-07,0.00362956,0.00432005,0.00682259,0.00399115,0.00288232,0.00432005,0.01256443
2021-10-08,-0.00196408,-0.00090155,0.00017439,0.00001308,-0.00003973,-0.00090155,0.00334076
2021-10-11,-0.00535246,-0.00345202,-0.00206551,-0.00161434,-0.00141284,-0.00345202,0.00665927
2021-10-12,0.00030883,0.00024200,-0.00059804,0.00056198,0.00102058,0.00024200,0.00000000
2021-10-13,0.00293195,0.00479662,0.00593782,0.00604050,0.00609587,0.00479662,0.00567018
2021-10-14,0.01108849,0.00811921,0.00818559,0.00664701,0.00604230,0.00811921,0.01034213
2021-10-15,0.00268090,0.00208762,0.00396546,0.00100730,-0.00016440,0.00208762,0.00837075
2021-10-18,0.00126279,-0.00013057,-0.00096627,-0.00130002,-0.00144622,-0.00013057,-0.00599536
2021-10-19,0.00332349,0.00345624,0.00440064,0.00271114,0.00203542,0.00345624,0.00231981
2021-10-20,0.00224220,0.00241916,0.00359918,0.00376021,0.00385268,0.00241916,0.01110934
2021-10-21,0.00059111,-0.00133065,-0.00263063,-0.00233406,-0.00222876,-0.00133065,-0.01510750
2021-10-22,0.00034022,0.00043676,0.00057008,0.00143661,0.00179220,0.00043676,0.00464826
2021-10-25,0.00377303,0.00365524,0.00413543,0.00385271,0.00374788,0.00365524,0.00508942
2021-10-26,0.00102531,-0.00001481,-0.00006923,-0.00013266,-0.00015360,-0.00001481,0.00138100
2021-10-27,-0.00058082,-0.00173926,-0.00441582,-0.00258594,-0.00188590,-0.00173926,-0.01839317
2021-10-28,0.00491538,0.00301826,0.00272562,0.00122715,0.00062180,0.00301826,0.00515680
2021-10-29,0.00141906,-0.00167275,-0.00334496,-0.00308244,-0.00299247,-0.00167275,-0.00513035
2021-11-01,0.00099380,0.00169237,0.00236918,0.00182514,0.00164479,0.00169237,0.00749836
2021-11-02,0.00340419,0.00158466,0.00111941,0.00137875,0.00139065,0.00158466,0.00278895
2021-11-03,0.00241663,0.00025508,-0.00189660,-0.00254900,-0.00191409,0.00025508,-0.02549963
2021-11-04,0.00499183,0.00363478,0.00225797,0.00335221,0.00365641,0.00363478,-0.00618361
2021-11-05,0.00426585,0.00435232,0.00473811,0.00532421,0.00516382,0.00435232,0.01388003
2021-11-08,-0.00120366,0.00066232,0.00287934,0.00214278,0.00182245,0.00066232,0.00613690
2021-11-09,-0.00017198,0.00059102,0.00102150,0.00189500,0.00171335,0.00059102,0.00798162
2021-11-10,-0.00824741,-0.00615474,-0.00580534,-0.00461271,-0.00448187,-0.00615474,-0.01257317
2021-11-11,-0.00108888,0.00149185,0.00365781,0.00260122,0.00229638,0.00149185,0.00707102
2021-11-12,0.00538206,0.00349347,0.00267558,0.00233115,0.00249235,0.00349347,-0.00140428
2021-11-15,-0.00134805,-0.00134385,-0.00068678,-0.00085064,-0.00094324,-0.00134385,0.00046875
2021-11-16,0.00204861,0.00083923,0.00059416,-0.00020674,-0.00016277,0.00083923,-0.00140559
2021-11-17,-0.00005682,-0.00047243,-0.00199630,-0.00048832,-0.00018252,-0.00047243,-0.00891461
2021-11-18,0.00229555,0.00007794,-0.00044035,-0.00016583,-0.00017385,0.00007794,0.00331387
2021-11-19,-0.00001488,-0.00147433,-0.00375791,-0.00341866,-0.00298124,-0.00147433,-0.01604278
2021-11-22,-0.00459485,-0.00519556,-0.00412254,-0.00555828,-0.00589338,-0.00519556,0.00719309
2021-11-23,-0.00082393,-0.00053603,0.00155261,0.00021324,-0.00030493,-0.00053603,0.01809237
2021-11-24,0.00283226,0.00147682,0.00059999,0.00081718,0.00096289,0.00147682,-0.00374123
2021-11-26,-0.00845229,-0.01156010,-0.02005910,-0.01422815,-0.01264590,-0.01156010,-0.05962048
2021-11-29,0.00643162,0.00455833,0.00438980,0.00304683,0.00317603,0.00455833,0.00000000
2021-11-30,-0.00931801,-0.00749655,-0.01034783,-0.00824729,-0.00771315,-0.00749655,-0.02746014
2021-12-01,-0.00591396,-0.00342637,-0.00425068,-0.00274554,-0.00250301,-0.00342637,-0.00872551
2021-12-02,0.00827239,0.00705697,0.00852417,0.00499681,0.00409320,0.00705697,0.00880231
2021-12-03,-0.00288425,-0.00244275,-0.00358047,-0.00037083,0.00056227,-0.00244275,0.00102653
2021-12-06,0.00507030,0.00461115,0.00670380,0.00330427,0.00261259,0.00461115,0.01743312
2021-12-07,0.01092910,0.00945145,0.01164026,0.00766500,0.00673010,0.00945145,0.01512440
2021-12-08,0.00034868,0.00116203,0.00304577,0.00152400,0.00140052,0.00116203,0.01340401
2021-12-09,-0.00312323,-0.00400490,-0.00632974,-0.00487170,-0.00481849,-0.00400490,-0.01518624
2021-12-10,0.00598282,0.00460792,0.00517718,0.00413173,0.00395688,0.00460792,0.01144095
2021-12-13,-0.00352499,-0.00365879,-0.00532831,-0.00230608,-0.00154115,-0.00365879,-0.00491806
2021-12-14,-0.00484611,-0.00433625,-0.00497345,-0.00474261,-0.00480374,-0.00433625,-0.00889626
2021-12-15,0.00885765,0.00575325,0.00569701,0.00451538,0.00414422,0.00575325,0.00498673
2021-12-16,-0.00422291,-0.00137891,-0.00062945,0.00107650,0.00176687,-0.00137891,0.00595438
2021-12-17,-0.00555158,-0.00449701,-0.00584461,-0.00386939,-0.00349716,-0.00449701,-0.01183828
2021-12-20,-0.00674720,-0.00621026,-0.00700670,-0.00494439,-0.00438247,-0.00621026,-0.00699413
2021-12-21,0.00906614,0.00857576,0.01167754,0.00722213,0.00633667,0.00857576,0.02111862
2021-12-22,0.00642596,0.00574107,0.00679695,0.00585922,0.00576373,0.00574107,0.01181497
2021-12-23,0.00296281,0.00277529,0.00344260,0.00210681,0.00177424,0.00277529,0.00535196
2021-12-27,0.00875669,0.00661435,0.00765110,0.00573183,0.00534990,0.00661435,0.01258831
2021-12-28,-0.00056755,-0.00105519,-0.00139395,-0.00134723,-0.00137111,-0.00105519,-0.00191174
2021-12-29,-0.00120022,-0.00111444,0.00017575,-0.00029828,-0.00021307,-0.00111444,0.00478851
2021-12-30,-0.00041811,0.00125652,0.00131879,0.00191159,0.00201626,0.00125652,-0.00476569
2021-12-31,-0.00198083,-0.00165449,-0.00215627,-0.00086358,-0.00057217,-0.00165449,-0.00478851
2022-01-03,-0.00025383,-0.00050279,-0.00498544,-0.00253363,-0.00230936,-0.00050279,0.00384924
2022-01-04,-0.00041089,-0.00006929,0.00208935,0.00094562,0.00055610,-0.00006929,0.01198274
2022-01-05,-0.01326218,-0.01098274,-0.00621701,-0.00865115,-0.00915020,-0.01098274,-0.00426271
2022-01-06,-0.00155160,-0.00086648,-0.00266250,-0.00187296,-0.00187327,-0.00086648,0.00856192
2022-01-07,-0.00368081,-0.00127509,-0.00011238,-0.00038578,-0.00055428,-0.00127509,0.00188650
2022-01-10,-0.00085321,-0.00042899,0.00012606,-0.00003433,-0.00002019,-0.00042899,-0.00423662
2022-01-11,0.00642309,0.00851980,0.00860061,0.00889681,0.00862491,0.00851980,0.01938772
2022-01-12,0.00169738,0.00308561,0.00055322,0.00186071,0.00208368,0.00308561,0.00788371
2022-01-13,-0.00703063,-0.00655307,-0.00335282,-0.00515472,-0.00533510,-0.00655307,-0.01058277
2022-01-14,-0.00252048,-0.00139159,-0.00068264,-0.00090975,-0.00127642,-0.00139159,0.01302117
2022-01-18,-0.01364476,-0.01024112,-0.00338827,-0.00666735,-0.00766243,-0.01024112,0.00780409
2022-01-19,-0.00522989,-0.00161537,0.00286839,0.00082800,0.00034991,-0.00161537,0.00546611
2022-01-20,-0.00570892,-0.00308206,-0.00163334,-0.00227866,-0.00237811,-0.00308206,-0.00362426
2022-01-21,-0.00923539,-0.00649502,-0.00000539,-0.00337844,-0.00413506,-0.00649502,0.00090936
2022-01-24,0.00211609,-0.00009353,0.00153366,0.00068635,0.00053808,-0.00009353,-0.00227134
2022-01-25,-0.00770651,-0.00434624,0.00017128,-0.00194751,-0.00261570,-0.00434624,0.00911127
2022-01-26,-0.00442212,-0.00531499,-0.00592086,-0.00579923,-0.00591314,-0.00531499,0.00225595
2022-01-27,-0.00114084,-0.00237652,-0.00083094,-0.00202686,-0.00235624,-0.00237652,0.00495193
2022-01-28,0.01543042,0.00968448,0.00316400,0.00611998,0.00684517,0.00968448,0.00089591
2022-01-31,0.01058656,0.01002726,0.00414645,0.00736385,0.00800885,0.01002726,0.00358045
2022-02-01,0.00351000,0.00294491,-0.00020555,0.00024695,0.00036006,0.00294491,0.00401364
2022-02-02,0.00666219,0.00435475,0.00297887,0.00314416,0.00319181,0.00435475,0.00399759
2022-02-03,-0.01588126,-0.01158341,-0.00498335,-0.00600634,-0.00636595,-0.01158341,0.00221204
2022-02-04,-0.00025978,-0.00024202,-0.00081330,-0.00062406,-0.00076808,-0.00024202,0.00794577
2022-02-07,-0.00182513,-0.00086992,0.00141186,0.00105450,0.00094431,-0.00086992,0.00219479
2022-02-08,0.00365655,0.00258305,-0.00074285,-0.00015150,0.00009232,0.00258305,-0.00874488
2022-02-09,0.00937514,0.00836502,0.00463278,0.00530005,0.00535401,0.00836502,0.01014457
2022-02-10,-0.01451645,-0.01144401,-0.00736791,-0.00793632,-0.00814364,-0.01144401,-0.00524206
2022-02-11,-0.00783612,-0.00410131,0.00774208,0.00577019,0.00514927,-0.00410131,0.01492153
2022-02-14,-0.00474085,-0.00331961,-0.00018541,-0.00060424,-0.00089133,-0.00331961,0.00518724
2022-02-15,0.00845350,0.00563306,-0.00427977,-0.00265975,-0.00201310,0.00563306,-0.01634150
2022-02-16,0.00150555,0.00289669,0.00349139,0.00344497,0.00343923,0.00289669,0.00131155
2022-02-17,-0.01075549,-0.00650458,0.00311325,0.00154784,0.00108345,-0.00650458,0.00829561
2022-02-18,-0.00255181,-0.00195461,0.00118765,0.00062869,0.00045013,-0.00195461,0.00389717
2022-02-22,-0.00641246,-0.00434689,0.00222635,0.00118922,0.00067123,-0.00434689,0.01423415
2022-02-23,-0.01262348,-0.00792257,0.00003541,-0.00111048,-0.00168531,-0.00792257,0.00936114
2022-02-24,0.00982325,0.00440563,0.00239973,0.00252757,0.00255266,0.00440563,0.00421340
2022-02-25,0.01294097,0.00876587,-0.00097975,0.00054250,0.00119696,0.00876587,-0.01510943
2022-02-28,0.00305501,0.00306692,0.01052227,0.00926216,0.00874968,0.00306692,0.01704526
2022-03-01,-0.00524554,-0.00121757,0.01127039,0.01041995,0.00912586,-0.00121757,0.04021627
2022-03-02,0.00482438,0.00380238,0.00098066,0.00129401,0.00108607,0.00380238,0.03262132
2022-03-03,-0.00128209,-0.00153023,0.00263625,0.00230618,0.00189963,-0.00153023,0.01092321
2022-03-04,-0.00090267,0.00049505,0.01215852,0.01135731,0.01007386,0.00049505,0.04205019
2022-03-07,-0.01927127,-0.01342753,0.00402532,0.00289134,0.00121193,-0.01342753,0.02184458
2022-03-08,-0.00713260,-0.00158711,0.00776904,0.00727628,0.00636608,-0.00158711,0.01703045
2022-03-09,0.01325386,0.00411771,-0.02008205,-0.01861978,-0.01599187,0.00411771,-0.07944384
2022-03-10,-0.00454556,-0.00594214,-0.00332668,-0.00354582,-0.00369331,-0.00594214,-0.01199943
2022-03-11,-0.00769860,-0.00625067,0.00140353,0.00090786,0.00006596,-0.00625067,0.01723641
2022-03-14,-0.00948299,-0.01212898,-0.01361708,-0.01357900,-0.01330282,-0.01212898,-0.02926430
2022-03-15,0.01290211,0.00563513,-0.00719940,-0.00645384,-0.00524519,0.00563513,-0.02459405
2022-03-16,0.01276620,0.01580253,0.00116695,0.00231764,0.00372533,0.01580253,-0.00853870
2022-03-17,0.00682373,0.00754502,0.01305220,0.01278394,0.01179334,0.00754502,0.04798718
2022-03-18,0.00782455,0.00595645,-0.00010965,0.00030082,0.00078543,0.00595645,0.00469593
2022-03-21,-0.00523829,-0.00395376,0.00283523,0.00246563,0.00149271,-0.00395376,0.03740083
2022-03-22,0.00507658,0.00439404,-0.00230267,-0.00179790,-0.00125451,0.00439404,-0.00225274
2022-03-23,-0.00539939,-0.00130250,0.00939111,0.00870801,0.00763439,-0.00130250,0.02484040
2022-03-24,0.00710348,0.00425498,-0.00090019,-0.00056224,-0.00006436,0.00425498,-0.00991816
2022-03-25,-0.00089199,-0.00229530,-0.00257304,-0.00252283,-0.00265139,-0.00229530,0.00741723
2022-03-28,0.00528057,0.00059897,-0.00988690,-0.00928839,-0.00804384,0.00059897,-0.04344367
2022-03-29,0.00958930,0.00860999,0.00242847,0.00284299,0.00338001,0.00860999,0.00384850
2022-03-30,-0.00238631,-0.00028969,0.00550244,0.00513043,0.00451921,-0.00028969,0.01802302
2022-03-31,-0.00888149,-0.00814269,-0.00524905,-0.00552133,-0.00556189,-0.00814269,-0.01845712
2022-04-01,-0.00091189,0.00074198,-0.00237639,-0.00105062,-0.00030775,0.00074198,0.00652237
2022-04-04,0.00489857,0.00654804,0.00479958,0.00586907,0.00628528,0.00654804,0.01906352
2022-04-05,-0.01234860,-0.01165415,-0.00801127,-0.00885178,-0.00959083,-0.01165415,-0.00822914
2022-04-06,-0.00743254,-0.00699700,-0.00375116,-0.00478648,-0.00546437,-0.00699700,-0.00792460
2022-04-07,0.00205269,0.00048371,0.00101268,0.00087718,0.00070603,0.00048371,0.00342151
2022-04-08,-0.00361914,-0.00166230,0.00229818,0.00189707,0.00112043,-0.00166230,0.01250713
2022-04-11,-0.01223798,-0.00937431,-0.00343173,-0.00495305,-0.00611861,-0.00937431,-0.00823222
2022-04-12,-0.00031151,0.00228450,0.00685163,0.00615253,0.00506715,0.00228450,0.02981087
2022-04-13,0.00775618,0.00774985,0.00570376,0.00666103,0.00703940,0.00774985,0.02198256
2022-04-14,-0.01108137,-0.00828520,-0.00235519,-0.00328498,-0.00450101,-0.00828520,0.00753252
2022-04-18,-0.00090830,-0.00029476,0.00194283,0.00173540,0.00124294,-0.00029476,0.01138608
2022-04-19,0.00709865,0.00092051,-0.00792042,-0.00634048,-0.00451818,0.00092051,-0.02568613
2022-04-20,0.00261315,0.00205114,0.00419731,0.00338942,0.00286170,0.00205114,0.00108325
2022-04-21,-0.01123294,-0.00923728,-0.00258771,-0.00405212,-0.00544010,-0.00923728,-0.00144277
2022-04-22,-0.01636139,-0.01266959,-0.00890893,-0.01024945,-0.01095664,-0.01266959,-0.01914853
2022-04-25,0.00605049,0.00236321,-0.00306973,-0.00233714,-0.00138756,0.00236321,-0.00736533
2022-04-26,-0.01457805,-0.01010826,0.00088664,-0.00182160,-0.00424644,-0.01010826,0.01373123
2022-04-27,-0.00064544,0.00005867,-0.00160727,-0.00064977,-0.00023287,0.00005867,0.00695350
2022-04-28,0.01430114,0.01119768,0.00628652,0.00784775,0.00888752,0.01119768,0.00835927
2022-04-29,-0.02417751,-0.01578739,-0.00824369,-0.00982604,-0.01115871,-0.01578739,-0.00756910
2022-05-02,0.00062614,-0.00078156,-0.00555256,-0.00387437,-0.00282104,-0.00078156,0.01525784
2022-05-03,0.00323227,0.00275906,0.00017803,0.00060756,0.00118838,0.00275906,-0.01395536
2022-05-04,0.02095601,0.01689651,0.01320017,0.01468675,0.01542665,0.01689651,0.03120387
2022-05-05,-0.02558374,-0.02159457,-0.01022458,-0.01339244,-0.01595599,-0.02159457,-0.00527714
2022-05-06,-0.00586441,-0.00542747,-0.00188664,-0.00273513,-0.00353615,-0.00542747,0.00106103
2022-05-09,-0.01637518,-0.01657500,-0.01349894,-0.01607655,-0.01707406,-0.01657500,-0.04523064
2022-05-10,0.00272812,0.00173961,-0.00267157,-0.00185384,-0.00095038,0.00173961,-0.00592061
2022-05-11,-0.00692282,-0.00298475,0.00737232,0.00519637,0.00298109,-0.00298475,0.02457224
2022-05-12,0.00074809,-0.00091585,-0.00299992,-0.00265905,-0.00233218,-0.00091585,0.00472309
2022-05-13,0.01187494,0.01017528,0.00339141,0.00618101,0.00794133,0.01017528,0.01374520
2022-05-16,-0.00070944,0.00045345,0.00462008,0.00366907,0.00272085,0.00045345,0.01640836
2022-05-17,0.00909221,0.00632958,-0.00336150,-0.00057929,0.00173202,0.00632958,-0.01087930
2022-05-18,-0.02127671,-0.01625856,-0.00490435,-0.00872865,-0.01133218,-0.01625856,-0.02164719
2022-05-19,-0.00211307,0.00225981,0.00422387,0.00402180,0.00374552,0.00225981,0.01269712
2022-05-20,0.00218306,0.00182193,0.00118277,0.00120817,0.00132412,0.00182193,0.00143243
2022-05-23,0.00839829,0.00635011,0.00224042,0.00371198,0.00466947,0.00635011,0.00750953
2022-05-24,-0.00096480,-0.00094128,0.00357227,0.00179600,0.00056156,-0.00094128,-0.00070986
2022-05-25,0.00601126,0.00564630,0.00203195,0.00311035,0.00386859,0.00564630,0.00710366
2022-05-26,0.01154105,0.01033608,0.00493686,0.00685870,0.00812153,0.01033608,0.01093707
2022-05-27,0.01512930,0.01166603,0.00580217,0.00763431,0.00890299,0.01166603,0.01186132
2022-05-31,-0.00755243,-0.00527504,-0.00734754,-0.00628671,-0.00554249,-0.00527504,-0.00689546
2022-06-01,-0.00710499,-0.00495709,-0.00390142,-0.00285443,-0.00405653,-0.00495709,0.00486034
2022-06-02,0.01200055,0.01116473,0.01353118,0.01060822,0.01098783,0.01116473,0.02280615
2022-06-03,-0.01067734,-0.00837868,-0.00642064,-0.00516105,-0.00732342,-0.00837868,0.00945795
2022-06-06,-0.00117529,-0.00133288,0.00007702,-0.00195309,-0.00145968,-0.00133288,0.00435005
2022-06-07,0.00738100,0.00568206,0.00545548,0.00504171,0.00526754,0.00568206,0.00666723
2022-06-08,-0.00803870,-0.00474468,-0.00248826,-0.00296147,-0.00386360,-0.00474468,0.00893601
2022-06-09,-0.01467408,-0.01178321,-0.01135609,-0.00793278,-0.01049319,-0.01178321,0.00164016
2022-06-10,-0.02126469,-0.01533032,-0.01385977,-0.00988304,-0.01255563,-0.01533032,-0.00982485
2022-06-13,-0.02972607,-0.02705077,-0.02604070,-0.02347641,-0.02578754,-0.02705077,-0.01124911
2022-06-14,-0.00506734,-0.00276692,-0.00291279,-0.00495273,-0.00317136,-0.00276692,-0.01103874
2022-06-15,0.01413398,0.01300685,0.01152159,0.01177252,0.01251667,0.01300685,0.00067648
2022-06-16,-0.01677705,-0.01349201,-0.01444877,-0.00792737,-0.01178225,-0.01349201,0.00439416
2022-06-17,0.00137303,-0.00090040,-0.00468820,-0.00377304,-0.00169308,-0.00090040,-0.03567643
2022-06-21,0.01238683,0.00804489,0.00806456,0.00408953,0.00661705,0.00804489,-0.00244690
2022-06-22,0.00416797,0.00036400,-0.00427604,0.00002466,-0.00026761,0.00036400,-0.01784185
2022-06-23,0.00806818,0.00443261,0.00094297,0.00116873,0.00309652,0.00443261,-0.02244440
2022-06-24,0.01708172,0.01332670,0.01477501,0.00929944,0.01188942,0.01332670,0.00947371
2022-06-27,-0.00456003,-0.00375616,-0.00331332,-0.00368807,-0.00357154,-0.00375616,-0.00216572
2022-06-28,-0.01158178,-0.00805062,-0.00678175,-0.00525239,-0.00713160,-0.00805062,0.01194149
2022-06-29,0.00284144,0.00024147,-0.00348811,-0.00144385,-0.00068527,0.00024147,-0.01716260
2022-06-30,-0.00156606,-0.00320203,-0.00783658,-0.00489455,-0.00395701,-0.00320203,-0.03091960
2022-07-01,0.01062590,0.00770904,0.00682381,0.00740647,0.00728340,0.00770904,0.00487910
2022-07-05,0.00260547,-0.00382037,-0.01203296,-0.01094070,-0.00948261,-0.00382037,-0.06724165
2022-07-06,-0.00137632,-0.00385057,-0.00494489,-0.00702908,-0.00695445,-0.00385057,-0.01481546
2022-07-07,0.00658423,0.00925279,0.01452860,0.00807429,0.00683784,0.00925279,0.04146150
2022-07-08,-0.00288352,-0.00091694,0.00190653,0.00073354,0.00016491,-0.00091694,0.01756613
2022-07-11,-0.00386826,-0.00562310,-0.00796260,-0.00322862,-0.00273915,-0.00562310,-0.00191761
2022-07-12,-0.00441644,-0.00493475,-0.00963745,-0.00687529,-0.00592040,-0.00493475,-0.04535135
2022-07-13,-0.00144741,-0.00036148,-0.00002363,0.00186489,0.00189840,-0.00036148,0.00563518
2022-07-14,-0.00367426,-0.00454790,-0.00490110,-0.00542825,-0.00543344,-0.00454790,-0.00920593
2022-07-15,0.01282747,0.01021504,0.01070819,0.00739988,0.00697901,0.01021504,0.01293190
2022-07-18,-0.00614091,-0.00313762,-0.00017069,-0.00042868,-0.00074726,-0.00313762,0.01874450
2022-07-19,0.01444773,0.01162090,0.01231296,0.00648065,0.00595129,0.01162090,0.00391481
2022-07-20,0.00350305,0.00155635,0.00105680,-0.00047347,-0.00056466,0.00155635,-0.00077991
2022-07-21,0.01065037,0.00898667,0.00583077,0.00648996,0.00701833,0.00898667,-0.01678113
2022-07-22,-0.00121780,-0.00165321,-0.00422370,0.00021510,0.00084479,-0.00165321,-0.01191215
2022-07-25,-0.00066110,0.00046395,0.00277947,0.00096143,0.00050815,0.00046395,0.01808133
2022-07-26,-0.00703493,-0.00559979,-0.00531179,-0.00297396,-0.00285649,-0.00559979,0.00197285
2022-07-27,0.01649487,0.01457523,0.01667560,0.01198584,0.01129286,0.01457523,0.02284455
2022-07-28,0.01150984,0.00955581,0.00830423,0.00867891,0.00875833,0.00955581,0.00077000
2022-07-29,0.00905135,0.00582594,0.00574755,0.00467842,0.00443086,0.00582594,0.00461643
2022-08-01,0.00055583,-0.00110816,-0.00454029,-0.00091799,-0.00040848,-0.00110816,-0.01947403
2022-08-02,-0.00950371,-0.00785656,-0.00668247,-0.00743627,-0.00763935,-0.00785656,-0.00486133
2022-08-03,0.01104285,0.00812946,0.00660247,0.00751317,0.00730557,0.00812946,-0.00827950
2022-08-04,0.00160834,0.00231083,0.00063508,0.00295470,0.00325606,0.00231083,-0.01023529
2022-08-05,-0.00678595,-0.00585313,-0.00419175,-0.00588432,-0.00626697,-0.00585313,-0.00343926
2022-08-08,0.00163008,0.00261531,0.00341443,0.00299020,0.00309576,0.00261531,0.01154466
2022-08-09,-0.00357521,-0.00284567,-0.00172443,-0.00254086,-0.00249836,-0.00284567,0.00797793
2022-08-10,0.01287779,0.01073585,0.01139201,0.00924152,0.00857145,0.01073585,0.01320383
2022-08-11,-0.00260903,-0.00115655,0.00192405,-0.00125803,-0.00158982,-0.00115655,0.01861446
2022-08-12,0.01185715,0.00934719,0.00808033,0.00891762,0.00869633,0.00934719,-0.00510659
2022-08-15,0.00375700,0.00029424,-0.00207864,-0.00080644,-0.00067709,0.00029424,-0.01175739
2022-08-16,0.00075059,-0.00068759,-0.00164770,-0.00073486,-0.00066719,-0.00068759,-0.01077747
2022-08-17,-0.00695919,-0.00592553,-0.00438396,-0.00567447,-0.00569556,-0.00592553,0.00375696
2022-08-18,0.00253125,0.00198231,0.00315554,0.00172669,0.00158717,0.00198231,0.01462018
2022-08-19,-0.01156821,-0.00976909,-0.00828779,-0.00892387,-0.00884450,-0.00976909,-0.00036890
2022-08-22,-0.01443993,-0.01050937,-0.00831806,-0.00962149,-0.00936267,-0.01050937,0.00849234
2022-08-23,-0.00243190,0.00056850,0.00325485,0.00119091,0.00096739,0.00056850,0.01572988
2022-08-24,0.00063464,0.00110376,0.00263235,0.00122260,0.00097459,0.00110376,0.01010062
2022-08-25,0.01110440,0.00925204,0.00715852,0.00849386,0.00838464,0.00925204,-0.01354849
2022-08-26,-0.02113904,-0.01594534,-0.01438440,-0.01479879,-0.01413403,-0.01594534,0.00397710
2022-08-29,-0.00624550,-0.00413583,-0.00186007,-0.00370278,-0.00381202,-0.00413583,0.01404476
2022-08-30,-0.00673507,-0.00782900,-0.01082256,-0.00747898,-0.00695397,-0.00782900,-0.02663474
2022-08-31,-0.00622401,-0.00576422,-0.00739544,-0.00580076,-0.00557392,-0.00576422,-0.02006204
2022-09-01,-0.00129734,-0.00329072,-0.00514655,-0.00732318,-0.00711172,-0.00329072,-0.02077913
2022-09-02,-0.00412891,-0.00223491,-0.00202943,0.00345001,0.00329592,-0.00223491,0.00656163
2022-09-06,-0.00672972,-0.00662161,-0.00633795,-0.00664665,-0.00668825,-0.00662161,-0.00574916
2022-09-07,0.01340148,0.00980320,0.00609546,0.00375859,0.00413896,0.00980320,-0.02313094
2022-09-08,0.00247596,0.00092759,0.00090869,-0.00151680,-0.00152129,0.00092759,0.00395268
2022-09-09,0.00944935,0.00904408,0.01178983,0.00709779,0.00690541,0.00904408,0.02751928
2022-09-12,0.00560876,0.00579474,0.00752601,0.00336825,0.00330002,0.00579474,0.01339019
2022-09-13,-0.02881436,-0.02337548,-0.02237677,-0.01163235,-0.01189218,-0.02337548,-0.00490548
2022-09-14,0.00250267,0.00225292,0.00288669,0.00110165,0.00107778,0.00225292,0.00417282
2022-09-15,-0.00821840,-0.00917557,-0.01187739,-0.01099748,-0.01071341,-0.00917557,-0.02832790
2022-09-16,-0.00426978,-0.00315140,-0.00416090,-0.00109945,-0.00108443,-0.00315140,-0.00349906
2022-09-19,0.00351847,0.00267129,0.00287791,0.00022209,0.00023781,0.00267129,0.00312119
2022-09-20,-0.00938074,-0.00759023,-0.00634047,-0.00459975,-0.00471730,-0.00759023,-0.00116999
2022-09-21,-0.00889915,-0.00702249,-0.00817998,-0.00123062,-0.00127116,-0.00702249,-0.00583449
2022-09-22,-0.01109542,-0.00822536,-0.00588243,-0.00611805,-0.00630880,-0.00822536,0.00275452
2022-09-23,-0.00951642,-0.01200124,-0.01645029,-0.01152700,-0.01119150,-0.01200124,-0.03281491
2022-09-26,-0.01263162,-0.01256308,-0.01326309,-0.01362998,-0.01351046,-0.01256308,-0.02262696
2022-09-27,-0.00428359,-0.00255451,-0.00060181,-0.00093784,-0.00111540,-0.00255451,0.01034491
2022-09-28,0.02082712,0.01846039,0.01796025,0.01870034,0.01861646,0.01846039,0.02700016
2022-09-29,-0.01432081,-0.01250985,-0.01367098,-0.00795431,-0.00795761,-0.01250985,-0.00597139
2022-09-30,-0.01020708,-0.00775223,-0.00860635,-0.00567211,-0.00558897,-0.00775223,-0.01201835
2022-10-03,0.02058020,0.01811841,0.01631927,0.01651193,0.01685588,0.01811841,0.00835454
2022-10-04,0.01951598,0.01914487,0.01248815,0.01259678,0.01428675,0.01914487,0.01087176
2022-10-05,-0.00511224,-0.00323922,-0.00215802,-0.00216194,-0.00221086,-0.00323922,0.00719769
2022-10-06,-0.00844987,-0.00581566,-0.00205947,-0.00210950,-0.00280988,-0.00581566,0.00267088
2022-10-07,-0.01894860,-0.01443803,-0.00465813,-0.00479651,-0.00683159,-0.01443803,0.00427815
2022-10-10,-0.00694256,-0.00839799,-0.00844407,-0.00844607,-0.00853293,-0.00839799,-0.00451080
2022-10-11,-0.00282800,-0.00347813,-0.00139642,-0.00144115,-0.00202142,-0.00347813,-0.00586164
2022-10-12,-0.00068971,0.00030437,0.00179523,0.00177308,0.00144547,0.00030437,0.00000000
2022-10-13,0.01418707,0.00901574,0.00263518,0.00272406,0.00408223,0.00901574,0.00577237
2022-10-14,-0.01605259,-0.01287967,-0.00868059,-0.00874134,-0.00960427,-0.01287967,-0.00808055
2022-10-17,0.01594482,0.01338609,0.00420841,0.00434828,0.00641296,0.01338609,-0.00095840
2022-10-18,0.00815843,0.00494961,0.00000635,0.00006709,0.00097629,0.00494961,-0.00431876
2022-10-19,-0.00839622,-0.00878369,-0.00672515,-0.00675698,-0.00717874,-0.00878369,-0.00016058
2022-10-20,-0.00803358,-0.00481438,-0.00261399,-0.00263011,-0.00286551,-0.00481438,0.00058413
2022-10-21,0.01576513,0.01278103,0.00763053,0.00770235,0.00884739,0.01278103,0.00054723
2022-10-24,0.00706811,0.00049431,0.00149447,0.00144450,0.00092074,0.00049431,0.00105731
2022-10-25,0.01464275,0.01118006,0.00629800,0.00635934,0.00719468,0.01118006,0.00224540
2022-10-26,-0.00275776,0.00149198,0.00387398,0.00385412,0.00345600,0.00149198,0.00764596
2022-10-27,-0.00060684,0.00014472,0.00273094,0.00268427,0.00203090,0.00014472,0.00082955
2022-10-28,0.01267936,0.00639142,-0.00203432,-0.00192629,-0.00022658,0.00639142,-0.00482140
2022-10-31,-0.00620874,-0.00636661,-0.00524261,-0.00525227,-0.00547300,-0.00636661,-0.00286774
2022-11-01,-0.00270986,0.00211802,0.00409993,0.00400230,0.00371631,0.00211802,0.00490364
2022-11-02,-0.01571358,-0.01090138,-0.00376240,-0.00410789,-0.00470776,-0.01090138,0.00316418
2022-11-03,-0.00788233,-0.00552974,-0.00562902,-0.00555766,-0.00553458,-0.00552974,-0.00003424
2022-11-04,0.00764622,0.01293600,0.01374792,0.01367871,0.01330267,0.01293600,0.01124878
2022-11-07,0.00427165,0.00182816,-0.00148314,-0.00132363,-0.00106056,0.00182816,-0.00297560
2022-11-08,0.00590266,0.00479070,0.00463074,0.00469844,0.00498365,0.00479070,-0.00397633
2022-11-09,-0.01096282,-0.01079383,-0.00713887,-0.00723655,-0.00718848,-0.01079383,-0.00725773
2022-11-10,0.04171488,0.03416853,0.02197492,0.02255582,0.02349132,0.03416853,0.00301683
2022-11-11,0.00497883,0.00733095,0.00491465,0.00504247,0.00499950,0.00733095,0.00617967
2022-11-14,-0.00608209,-0.00592422,-0.00516827,-0.00515005,-0.00501110,-0.00592422,-0.00494517
2022-11-15,0.00808639,0.00922129,0.00647632,0.00664078,0.00674960,0.00922129,0.00396942
2022-11-16,-0.00166104,-0.00334208,-0.00130954,-0.00139563,-0.00135776,-0.00334208,-0.00360786
2022-11-17,-0.00455995,-0.00449812,-0.00718767,-0.00699336,-0.00668050,-0.00449812,-0.00525844
2022-11-18,0.00130835,-0.00066781,-0.00371067,-0.00356575,-0.00331525,-0.00066781,-0.00230505
2022-11-21,-0.00243468,-0.00302747,-0.00087962,-0.00102898,-0.00118812,-0.00302747,-0.00108139
2022-11-22,0.01036763,0.00785259,0.00535117,0.00543540,0.00552621,0.00785259,0.00348858
2022-11-23,0.00593582,0.00489607,0.00235692,0.00252968,0.00289696,0.00489607,-0.00433586
2022-11-25,-0.00025785,-0.00128030,-0.00149715,-0.00147464,-0.00136135,-0.00128030,-0.00282929
2022-11-28,-0.00945078,-0.00781933,-0.00517635,-0.00524874,-0.00536646,-0.00781933,-0.00185951
2022-11-29,-0.00272203,0.00174899,0.00127958,0.00132804,0.00122443,0.00174899,0.00435757
2022-11-30,0.02247917,0.02024974,0.01484887,0.01506956,0.01523533,0.02024974,0.00720581
2022-12-01,0.00392528,0.00372067,0.00944769,0.00569035,0.00332816,0.00372067,-0.00414106
2022-12-02,0.00012882,0.00008341,0.00086131,-0.00003595,0.00007249,0.00008341,-0.00824165
2022-12-05,-0.01481924,-0.01355572,-0.01081220,-0.01346251,-0.01372417,-0.01355572,-0.02004465
2022-12-06,-0.00607945,-0.00455641,0.00193630,-0.00325258,-0.00503265,-0.00455641,-0.01221387
2022-12-07,0.00258924,0.00205791,0.00604215,0.00279464,0.00138662,0.00205791,-0.00382694
2022-12-08,0.00226561,0.00248932,-0.00157884,0.00114690,0.00304891,0.00248932,-0.00112701
2022-12-09,-0.00744340,-0.00537362,-0.00433392,-0.00410495,-0.00480822,-0.00537362,0.00093573
2022-12-12,0.00792359,0.00476338,-0.00090362,0.00243229,0.00428600,0.00476338,0.00835090
2022-12-13,0.00815319,0.00846991,0.00853021,0.00879940,0.00840674,0.00846991,0.01270551
2022-12-14,-0.00268363,-0.00189696,-0.00008062,-0.00102442,-0.00193956,-0.00189696,0.00603273
2022-12-15,-0.01367540,-0.01200972,-0.00475189,-0.00936295,-0.01242285,-0.01200972,-0.00930064
2022-12-16,-0.00795555,-0.00536823,-0.00107049,-0.00383521,-0.00496826,-0.00536823,-0.00975647
2022-12-19,-0.00832704,-0.00581044,-0.00538128,-0.00445263,-0.00481119,-0.00581044,-0.00141030
2022-12-20,-0.00223188,-0.00062724,0.00018052,0.00169560,0.00074347,-0.00062724,0.00354725
2022-12-21,0.00925738,0.00795015,0.00217622,0.00607688,0.00803956,0.00795015,0.00991514
2022-12-22,-0.00851706,-0.00794506,-0.00441961,-0.00763045,-0.00853537,-0.00794506,-0.00964200
2022-12-23,0.00148334,0.00184224,-0.00111689,0.00234397,0.00255966,0.00184224,0.01403438
2022-12-27,-0.00577185,-0.00240113,-0.00287952,-0.00061369,-0.00073955,-0.00240113,0.00692007
2022-12-28,-0.00829820,-0.00850038,-0.00324360,-0.00645318,-0.00855402,-0.00850038,-0.00867127
2022-12-29,0.01257899,0.01077250,0.00552394,0.00733534,0.01017819,0.01077250,-0.00084625
2022-12-30,-0.00326101,-0.00273195,-0.00146364,-0.00078562,-0.00223368,-0.00273195,0.00691330
2023-01-03,0.00060075,0.00091881,0.00514570,0.00236224,0.00072145,0.00091881,-0.00996443
2023-01-04,0.00769865,0.00843312,0.00616147,0.00559999,0.00531710,0.00843312,-0.00731346
2023-01-05,-0.00739503,-0.00568747,-0.00421267,-0.00466931,-0.00489099,-0.00568747,-0.00184042
2023-01-06,0.01885343,0.01642727,0.01272235,0.01334371,0.01368809,0.01642727,0.00214577
2023-01-09,0.00068549,0.00237313,0.00180882,0.00246771,0.00290217,0.00237313,0.00488457
2023-01-10,0.00164463,0.00145761,-0.00183701,-0.00048772,0.00029928,0.00145761,-0.00006539
2023-01-11,0.01015704,0.00814997,0.00445390,0.00579300,0.00662746,0.00814997,0.00726441
2023-01-12,0.00574780,0.00597216,0.00762031,0.00713586,0.00683173,0.00597216,0.00380796
2023-01-13,0.00019518,0.00140206,-0.00035884,0.00078827,0.00145304,0.00140206,0.00407428
2023-01-17,-0.00234945,-0.00248368,-0.00321580,-0.00263770,-0.00226675,-0.00248368,0.00282874
2023-01-18,-0.00410795,-0.00309548,0.00463193,0.00105230,-0.00101556,-0.00309548,-0.00441714
2023-01-19,-0.00510202,-0.00118497,0.00229352,0.00246766,0.00254802,-0.00118497,0.00442461
2023-01-20,0.00837935,0.00639988,-0.00239559,0.00063718,0.00248775,0.00639988,0.00255328
2023-01-23,0.00590778,0.00429488,0.00004424,0.00155851,0.00244991,0.00429488,0.00099271
2023-01-24,0.00163805,0.00138478,0.00380444,0.00262013,0.00191099,0.00138478,-0.00225190
2023-01-25,0.00066573,0.00069590,0.00169421,0.00130723,0.00105325,0.00069590,-0.00109527
2023-01-26,0.00517355,0.00397953,-0.00231140,-0.00004990,0.00133656,0.00397953,0.00214557
2023-01-27,0.00079352,-0.00107529,-0.00093153,-0.00154897,-0.00194199,-0.00107529,-0.00457218
2023-01-30,-0.00883814,-0.00887707,-0.00369607,-0.00577206,-0.00707066,-0.00887707,-0.00532370
2023-01-31,0.01088538,0.00800722,0.00456455,0.00569318,0.00634348,0.00800722,0.00708828
2023-02-01,0.00925118,0.00782188,0.00749774,0.00762030,0.00686834,0.00782188,-0.00662427
2023-02-02,0.00858587,0.00353565,-0.00296349,-0.00063711,-0.00026724,0.00353565,-0.00227280
2023-02-03,-0.01067116,-0.01215583,-0.01175606,-0.01209477,-0.01258228,-0.01215583,-0.00854651
2023-02-06,-0.00710395,-0.00636912,-0.00449430,-0.00507501,-0.00498629,-0.00636912,0.00107842
2023-02-07,0.00694263,0.00587773,0.00068804,0.00302708,0.00424239,0.00587773,0.00653047
2023-02-08,-0.00521089,-0.00306849,0.00153156,-0.00038192,-0.00078872,-0.00306849,0.00071347
2023-02-09,-0.00702136,-0.00538964,-0.00491812,-0.00503887,-0.00507988,-0.00538964,-0.00249356
2023-02-10,-0.00049988,-0.00148882,-0.00190535,-0.00172374,-0.00123328,-0.00148882,0.00492985
2023-02-13,0.00804764,0.00556447,0.00146556,0.00304392,0.00335087,0.00556447,-0.00056822
2023-02-14,-0.00205390,-0.00139448,-0.00226680,-0.00175444,-0.00144788,-0.00139448,0.00113733
2023-02-15,0.00080585,-0.00156110,-0.00292341,-0.00245846,-0.00256490,-0.00156110,-0.00355081
2023-02-16,-0.00969857,-0.00681341,-0.00323476,-0.00458577,-0.00483313,-0.00681341,-0.00063897
2023-02-17,-0.00041861,-0.00101197,0.00179592,0.00049674,-0.00021649,-0.00101197,-0.00249669
2023-02-21,-0.01645481,-0.01296212,-0.00811101,-0.00983460,-0.00984718,-0.01296212,0.00042969
2023-02-22,-0.00012848,-0.00079714,-0.00045231,-0.00074852,-0.00129113,-0.00079714,-0.00421651
2023-02-23,0.00474630,0.00483969,0.00255023,0.00348943,0.00385846,0.00483969,0.00280136
2023-02-24,-0.00884759,-0.00891327,-0.00583606,-0.00723342,-0.00763153,-0.00891327,-0.00107443
2023-02-27,0.00326143,0.00348614,0.00269355,0.00304821,0.00306548,0.00348614,0.00035861
2023-02-28,-0.00160640,-0.00121655,0.00161225,0.00044117,0.00018822,-0.00121655,0.00107532
2023-03-01,-0.00549932,-0.00051535,-0.00319377,-0.00181843,-0.00092851,-0.00051535,-0.00011294
2023-03-02,0.00303242,0.00201471,-0.00105933,-0.00067395,-0.00037964,0.00201471,0.00032853
2023-03-03,0.01287358,0.01143402,0.00848659,0.00921518,0.00967179,0.01143402,0.00021810
2023-03-06,-0.00028463,-0.00132065,-0.00226980,-0.00253199,-0.00264638,-0.00132065,0.00011030
2023-03-07,-0.00925294,-0.01002831,-0.00567516,-0.00719419,-0.00812951,-0.01002831,0.00000000
2023-03-08,0.00085838,-0.00008216,-0.00051629,-0.00098024,-0.00120200,-0.00008216,0.00021803
2023-03-09,-0.00866133,-0.00772928,0.00318358,0.00158617,0.00039061,-0.00772928,0.00021798
2023-03-10,-0.00119643,0.00146353,0.01269702,0.01165766,0.01076242,0.00146353,0.00021920
2023-03-13,0.00414040,0.00348823,0.01079062,0.00936438,0.00838537,0.00348823,0.00021789
2023-03-14,0.00577671,0.00275583,-0.00442883,-0.00397522,-0.00353921,0.00275583,0.00010892
2023-03-15,0.00218874,-0.00058537,0.00880243,0.00655898,0.00505366,-0.00058537,0.00054581
2023-03-16,0.00659127,0.00553575,-0.00305257,-0.00214132,-0.00139366,0.00553575,0.00043666
2023-03-17,-0.00213505,-0.00074479,0.01041876,0.00876122,0.00753823,-0.00074479,0.00021887
2023-03-20,0.00399289,0.00262273,-0.00071655,-0.00004487,0.00041365,0.00262273,0.00010878
2023-03-21,0.00420677,0.00331526,-0.00681248,-0.00539616,-0.00433741,0.00331526,0.00000000
2023-03-22,-0.00485590,-0.00042647,0.00914724,0.00831046,0.00759300,-0.00042647,0.00021753
2023-03-23,0.00395120,0.00404738,0.00570823,0.00507933,0.00471282,0.00404738,0.00043624
2023-03-24,0.00398516,0.00137743,-0.00181905,-0.00166640,-0.00149593,0.00137743,0.00021739
2023-03-27,-0.00394616,-0.00330162,-0.00810111,-0.00642329,-0.00538351,-0.00330162,-0.00010867
2023-03-28,-0.00157935,0.00126189,0.00154832,0.00195598,0.00219100,0.00126189,0.00021863
2023-03-29,0.00791721,0.00561575,-0.00021299,0.00017399,0.00053309,0.00561575,0.00000000
2023-03-30,0.00410903,0.00489696,0.00327240,0.00365961,0.00391789,0.00489696,0.00021732
2023-03-31,0.01063000,0.00765367,0.00321671,0.00367848,0.00402910,0.00765367,-0.00021727
2023-04-03,0.00417052,0.00391739,0.00415306,0.00409739,0.00395718,0.00391739,0.00024006
2023-04-04,-0.00075043,0.00040052,0.00639009,0.00551351,0.00344148,0.00040052,0.00010990
2023-04-05,0.00012945,-0.00089958,0.00178465,0.00131741,0.00020426,-0.00089958,0.00054690
2023-04-06,0.00244302,0.00144155,-0.00068608,-0.00042898,0.00022776,0.00144155,0.00010856
2023-04-10,-0.00336713,-0.00241387,-0.00653155,-0.00581433,-0.00415539,-0.00241387,0.00010981
2023-04-11,-0.00000074,0.00149499,0.00130399,0.00145013,0.00173807,0.00149499,0.00010854
2023-04-12,-0.00127166,-0.00075027,0.00196125,0.00158237,0.00062511,-0.00075027,0.00021832
2023-04-13,0.00660058,0.00642091,0.00240139,0.00308571,0.00470982,0.00642091,0.00054630
2023-04-14,-0.00343457,-0.00385498,-0.00650932,-0.00615495,-0.00531565,-0.00385498,0.00000000
2023-04-17,-0.00037644,-0.00081009,-0.00381530,-0.00335212,-0.00223206,-0.00081009,0.00021815
2023-04-18,0.00103834,0.00092764,0.00169530,0.00158667,0.00131503,0.00092764,0.00010968
2023-04-19,-0.00094685,-0.00298939,-0.00202326,-0.00226348,-0.00276737,-0.00298939,0.00010841
2023-04-20,-0.00100344,-0.00078033,0.00327010,0.00257442,0.00100392,-0.00078033,0.00076382
2023-04-21,-0.00049969,-0.00155180,-0.00298305,-0.00278197,-0.00233043,-0.00155180,-0.00010831
2023-04-24,0.00256438,0.00238002,0.00329674,0.00315702,0.00278705,0.00238002,0.00010833
2023-04-25,-0.00560766,-0.00528740,0.00444194,0.00286165,-0.00082421,-0.00528740,-0.00010831
2023-04-26,-0.00409917,-0.00349239,-0.00358901,-0.00362404,-0.00360391,-0.00349239,0.00021791
2023-04-27,0.00921098,0.00684416,-0.00126078,-0.00004265,0.00287877,0.00684416,0.00032617
2023-04-28,0.00811301,0.00634204,0.00438460,0.00452436,0.00491014,0.00634204,0.00000000
2023-05-01,-0.00531669,-0.00515226,-0.00712425,-0.00669026,-0.00559259,-0.00515226,0.00003525
2023-05-02,-0.00159901,-0.00158267,0.00929933,0.00623273,0.00215564,-0.00158267,-0.00021904
2023-05-03,-0.00146474,-0.00090407,0.00444595,0.00293256,0.00101466,-0.00090407,0.00010955
2023-05-04,-0.00428513,-0.00144031,0.00067169,0.00066214,-0.00027777,-0.00144031,0.00032860
2023-05-05,0.00875838,0.00706673,-0.00400347,-0.00140490,0.00290559,0.00706673,0.00021774
2023-05-08,-0.00230294,-0.00155826,-0.00283234,-0.00210831,-0.00173166,-0.00155826,0.00010947
2023-05-09,-0.00311273,-0.00225815,0.00033217,0.00021298,-0.00114881,-0.00225815,0.00010946
2023-05-10,0.00579905,0.00399530,0.00385861,0.00322982,0.00347613,0.00399530,0.00010945
2023-05-11,0.00045040,-0.00134157,0.00006394,-0.00117555,-0.00124061,-0.00134157,0.00065537
2023-05-12,-0.00320118,-0.00414640,-0.00349659,-0.00360847,-0.00385898,-0.00414640,0.00021873
2023-05-15,0.00117136,0.00304474,-0.00034988,0.00071689,0.00215166,0.00304474,0.00010934
2023-05-16,-0.00529552,-0.00586181,-0.00492070,-0.00544837,-0.00568309,-0.00586181,-0.00010933
2023-05-17,0.00595951,0.00454720,-0.00095962,0.00044166,0.00253712,0.00454720,0.00021868
2023-05-18,0.00333287,0.00012134,-0.00465432,-0.00421317,-0.00187432,0.00012134,0.00054534
2023-05-19,-0.00237023,-0.00096052,-0.00011017,0.00002793,-0.00026360,-0.00096052,0.00000000
2023-05-22,-0.00048032,0.00079414,-0.00141865,-0.00096857,0.00014901,0.00079414,0.00010926
2023-05-23,-0.00616171,-0.00526086,0.00013447,-0.00035092,-0.00327994,-0.00526086,0.00000000
2023-05-24,-0.00538793,-0.00517769,-0.00380645,-0.00394551,-0.00476613,-0.00517769,0.00000000
2023-05-25,0.00272537,-0.00024011,-0.00420845,-0.00420666,-0.00188647,-0.00024011,0.00065423
2023-05-26,0.00858061,0.00847575,0.00309481,0.00437001,0.00658304,0.00847575,0.00021835
2023-05-30,0.00330072,0.00070605,0.00517963,0.00310232,0.00185252,0.00070605,0.00010915
2023-05-31,-0.00187538,-0.00265647,0.00159458,0.00028759,-0.00135473,-0.00265647,0.00021828
2023-06-01,0.00680883,0.00771661,0.00402041,0.00485232,0.00560967,0.00771661,0.00055436
2023-06-02,0.00553212,0.00502160,-0.00555317,-0.00367169,-0.00178167,0.00502160,0.00010906
2023-06-05,-0.00128412,-0.00063511,0.00099282,0.00082658,0.00063964,-0.00063511,0.00000000
2023-06-06,0.00156310,0.00214658,0.00080659,0.00098854,0.00119089,0.00214658,0.00021934
2023-06-07,-0.00496518,-0.00461505,-0.00646735,-0.00587376,-0.00531100,-0.00461505,0.00010902
2023-06-08,0.00631428,0.00615536,0.00683363,0.00660520,0.00638404,0.00615536,0.00054629
2023-06-09,-0.00032096,-0.00032753,-0.00222343,-0.00208163,-0.00190806,-0.00032753,0.00010895
2023-06-12,0.00616979,0.00303154,0.00159614,0.00113655,0.00077436,0.00303154,0.00011019
2023-06-13,0.00126037,0.00184467,-0.00443634,-0.00303805,-0.00167396,0.00184467,0.00021785
2023-06-14,0.00125171,0.00183946,0.00112020,0.00127525,0.00143953,0.00183946,0.00021905
2023-06-15,0.01061090,0.00950842,0.00685889,0.00754300,0.00819031,0.00950842,0.00043551
2023-06-16,-0.00375626,-0.00242835,-0.00283274,-0.00216512,-0.00158680,-0.00242835,0.00011008
2023-06-20,-0.00204035,-0.00430539,-0.00102974,-0.00189391,-0.00273091,-0.00430539,0.00021764
2023-06-21,-0.00278416,-0.00166602,-0.00040014,-0.00010996,0.00011207,-0.00166602,0.00000000
2023-06-22,0.00001365,-0.00233819,-0.00439528,-0.00463659,-0.00479782,-0.00233819,0.00043643
2023-06-23,-0.00304633,-0.00368871,0.00185128,0.00068777,-0.00045854,-0.00368871,0.00010875
2023-06-26,-0.00153645,-0.00029045,0.00108573,0.00085802,0.00064468,-0.00029045,0.00010998
2023-06-27,0.00532144,0.00325537,-0.00157602,-0.00148551,-0.00128870,0.00325537,0.00021745
2023-06-28,0.00186426,0.00094785,0.00162300,0.00127632,0.00094530,0.00094785,0.00010870
2023-06-29,-0.00156698,-0.00222891,-0.00501433,-0.00426473,-0.00357810,-0.00222891,0.00032731
2023-06-30,0.00810286,0.00704416,0.00401597,0.00464970,0.00525144,0.00704416,0.00032720
2023-07-03,-0.00105448,0.00027527,-0.00169786,-0.00084795,-0.00061629,0.00027527,0.00061329
2023-07-05,-0.00280558,-0.00272956,-0.00346914,-0.00277820,-0.00286747,-0.00272956,-0.00133946
2023-07-06,-0.00796469,-0.00805715,-0.00552139,-0.00568175,-0.00616836,-0.00805715,-0.00707442
2023-07-07,-0.00202446,0.00079068,0.00063899,0.00138512,0.00130560,0.00079068,-0.00227880
2023-07-10,0.00358565,0.00302543,0.00299180,0.00270368,0.00274591,0.00302543,0.00231471
2023-07-11,0.00466804,0.00504239,0.00223747,0.00325477,0.00348215,0.00504239,0.00578385
2023-07-12,0.00872780,0.00987974,0.00904062,0.00935496,0.00950286,0.00987974,0.00731903
2023-07-13,0.00808712,0.00779105,0.00523725,0.00596167,0.00621572,0.00779105,0.00724520
2023-07-14,-0.00234505,-0.00350356,-0.00343869,-0.00372233,-0.00365095,-0.00350356,-0.00055577
2023-07-17,0.00275166,0.00165684,0.00143977,0.00094617,0.00111833,0.00165684,0.00316415
2023-07-18,0.00493390,0.00364470,0.00353022,0.00412009,0.00383842,0.00364470,0.00675153
2023-07-19,0.00269203,0.00197467,0.00215680,0.00220490,0.00210603,0.00197467,0.00204165
2023-07-20,-0.00714560,-0.00556968,-0.00520687,-0.00425173,-0.00457067,-0.00556968,-0.00598395
2023-07-21,0.00032773,0.00043342,-0.00025315,0.00012260,0.00010690,0.00043342,0.00000000
2023-07-24,0.00175813,0.00292884,-0.00141913,0.00081747,0.00104796,0.00292884,0.00406998
2023-07-25,0.00091804,0.00167323,0.00040850,0.00103633,0.00115045,0.00167323,0.00249179
2023-07-26,0.00144303,0.00189300,0.00259233,0.00187852,0.00198880,0.00189300,0.00014967
2023-07-27,-0.00830866,-0.00830635,-0.00938451,-0.00862969,-0.00865347,-0.00830635,-0.00597977
2023-07-28,0.00722443,0.00820694,0.00446244,0.00560577,0.00608302,0.00820694,0.00890726
2023-07-31,0.00165042,0.00163297,0.00134539,0.00154255,0.00151513,0.00163297,0.00174180
2023-08-01,-0.00406081,-0.00529501,-0.00555291,-0.00573850,-0.00577165,-0.00529501,-0.00407708
2023-08-02,-0.00915550,-0.00925579,-0.00340586,-0.00703299,-0.00707411,-0.00925579,-0.01262937
2023-08-03,-0.00468463,-0.00263214,-0.00423556,-0.00204361,-0.00177430,-0.00263214,-0.00095012
2023-08-04,0.00155565,0.00231892,0.00604769,0.00383192,0.00384804,0.00231892,-0.00290253
2023-08-07,0.00421670,0.00240834,-0.00060183,0.00104154,0.00103634,0.00240834,0.00500971
2023-08-08,-0.00056524,-0.00158863,0.00060212,-0.00141101,-0.00150408,-0.00158863,-0.00469706
2023-08-09,-0.00372755,-0.00181662,-0.00134446,-0.00102847,-0.00087888,-0.00181662,-0.00359551
2023-08-10,-0.00289569,-0.00225342,-0.00408059,-0.00284615,-0.00286499,-0.00225342,0.00059870
2023-08-11,-0.00248247,-0.00326511,-0.00256868,-0.00237493,-0.00221797,-0.00326511,-0.00288882
2023-08-14,0.00265336,0.00054516,-0.00096551,-0.00082486,-0.00097497,0.00054516,0.00254002
2023-08-15,-0.00774307,-0.00686162,-0.00284181,-0.00543009,-0.00551417,-0.00686162,-0.00900418
2023-08-16,-0.00592547,-0.00532980,-0.00385483,-0.00447561,-0.00442221,-0.00532980,-0.00592869
2023-08-17,-0.00505701,-0.00311957,-0.00159150,-0.00177164,-0.00163075,-0.00311957,-0.00411420
2023-08-18,0.00150416,0.00081145,0.00162220,0.00139162,0.00151132,0.00081145,-0.00083552
2023-08-21,0.00134109,0.00075166,-0.00187406,-0.00018755,-0.00018998,0.00075166,0.00434957
2023-08-22,-0.00144239,-0.00078023,0.00044171,0.00009707,0.00017569,-0.00078023,-0.00196651
2023-08-23,0.01102307,0.01002455,0.00892417,0.00867923,0.00846759,0.01002455,0.00947547
2023-08-24,-0.00976086,-0.00686501,-0.00348759,-0.00449875,-0.00431082,-0.00686501,-0.00897256
2023-08-25,0.00405267,0.00331472,0.00029926,0.00234632,0.00246268,0.00331472,0.00447244
2023-08-28,0.00489703,0.00431335,0.00252920,0.00279757,0.00260117,0.00431335,0.00554922
2023-08-29,0.01149538,0.00959635,0.00704562,0.00768382,0.00749697,0.00959635,0.01089829
2023-08-30,0.00241924,0.00117650,0.00074061,0.00079111,0.00076806,0.00117650,0.00198407
2023-08-31,-0.00007012,-0.00099964,0.00073236,0.00000258,0.00013415,-0.00099964,-0.00286013
2023-09-01,-0.00132824,0.00084745,-0.00295938,-0.00067822,-0.00140654,0.00084745,0.00140445
2023-09-05,-0.00501575,-0.00474179,-0.00495906,-0.00393466,-0.00422718,-0.00474179,-0.00438544
2023-09-06,-0.00507063,-0.00397747,-0.00288645,-0.00268049,-0.00273618,-0.00397747,-0.00588483
2023-09-07,-0.00047714,-0.00090891,0.00189122,0.00091167,0.00119607,-0.00090891,-0.00226875
2023-09-08,0.00098911,0.00098408,0.00055913,0.00093788,0.00082863,0.00098408,0.00124649
2023-09-11,0.00326216,0.00363068,0.00016257,0.00160047,0.00118209,0.00363068,0.00544659
2023-09-12,-0.00274883,-0.00207630,-0.00086056,-0.00103575,-0.00098046,-0.00207630,-0.00494410
2023-09-13,0.00117040,0.00096069,0.00033527,0.00065886,0.00056533,0.00096069,0.00066505
2023-09-14,0.00428043,0.00362842,-0.00015734,0.00147871,0.00100343,0.00362842,0.00694944
2023-09-15,-0.00849803,-0.00565894,-0.00151161,-0.00223366,-0.00202005,-0.00565894,-0.00881455
2023-09-18,0.00073839,0.00076625,0.00189691,0.00165346,0.00172369,0.00076625,0.00117266
2023-09-19,-0.00270273,-0.00267115,-0.00229869,-0.00205623,-0.00212515,-0.00267115,-0.00174996
2023-09-20,-0.00582714,-0.00437752,-0.00130125,-0.00258065,-0.00220968,-0.00437752,-0.00720155
2023-09-21,-0.01288375,-0.01079953,-0.00686401,-0.00730082,-0.00716783,-0.01079953,-0.01391534
2023-09-22,0.00023345,0.00193896,0.00253432,0.00228226,0.00235703,0.00193896,-0.00138008
2023-09-25,-0.00047206,-0.00186243,-0.00466126,-0.00401293,-0.00420599,-0.00186243,0.00270394
2023-09-26,-0.00891984,-0.00759385,-0.00343698,-0.00459513,-0.00425279,-0.00759385,-0.01256692
2023-09-27,-0.00157418,-0.00135942,-0.00455752,-0.00294257,-0.00340908,-0.00135942,-0.00115192
2023-09-28,0.00456093,0.00338521,0.00136318,0.00170313,0.00160140,0.00338521,0.00401228
2023-09-29,-0.00135975,-0.00202536,-0.00236108,-0.00335506,-0.00307002,-0.00202536,-0.00312924
2023-10-02,-0.00348569,-0.00447890,-0.00637679,-0.00590065,-0.00598265,-0.00447890,-0.00086932
2023-10-03,-0.01135208,-0.00981111,-0.00631664,-0.00693989,-0.00685464,-0.00981111,-0.01337456
2023-10-04,0.00690715,0.00316765,0.00400436,0.00091954,0.00032568,0.00316765,0.00646861
2023-10-05,0.00052387,0.00039268,0.00039530,-0.00042481,-0.00063681,0.00039268,-0.00005018
2023-10-06,0.00478945,0.00453964,-0.00078036,0.00147897,0.00161655,0.00453964,0.01207877
2023-10-09,0.00891919,0.00811583,0.01103941,0.01075457,0.01097099,0.00811583,0.00551831
2023-10-10,0.00235546,0.00255503,-0.00065859,0.00034955,0.00030992,0.00255503,0.00592116
2023-10-11,0.00464806,0.00374824,0.00482045,0.00362974,0.00342048,0.00374824,0.00426916
2023-10-12,-0.00748746,-0.00666794,-0.00611006,-0.00542608,-0.00521166,-0.00666794,-0.00649974
2023-10-13,-0.00048938,0.00260540,0.00953011,0.00945689,0.00995122,0.00260540,-0.00487852
2023-10-16,0.00398695,0.00238660,-0.00285952,-0.00120977,-0.00119378,0.00238660,0.01027462
2023-10-17,-0.00388939,-0.00315843,-0.00444117,-0.00286325,-0.00258168,-0.00315843,-0.00024863
2023-10-18,-0.00994158,-0.00679731,-0.00061300,-0.00091066,-0.00051806,-0.00679731,-0.01347593
2023-10-19,-0.00726673,-0.00410123,-0.00048270,0.00016158,0.00056378,-0.00410123,-0.00855796
2023-10-20,-0.00513952,-0.00395291,0.00224887,-0.00043880,-0.00060587,-0.00395291,-0.01227210
2023-10-23,0.00082834,0.00038608,0.00120659,-0.00013344,-0.00038305,0.00038608,-0.00166117
2023-10-24,0.00523509,0.00432716,0.00160275,0.00132375,0.00105674,0.00432716,0.00795207
2023-10-25,-0.01212734,-0.00863980,-0.00478552,-0.00414746,-0.00372777,-0.00863980,-0.01425806
2023-10-26,-0.00413577,-0.00245281,0.00311131,0.00051018,0.00028783,-0.00245281,-0.01141470
2023-10-27,-0.00206810,0.00002489,0.00292970,0.00318648,0.00343866,0.00002489,-0.00423707
2023-10-30,0.00574550,0.00310356,-0.00167982,-0.00144688,-0.00172688,0.00310356,0.01183143
2023-10-31,0.00289964,0.00073358,-0.00174504,-0.00139793,-0.00143900,0.00073358,0.00532506
2023-11-01,0.01100488,0.00886209,0.00652816,0.00666186,0.00652913,0.00886209,-0.00005863
2023-11-02,0.01397465,0.01208808,0.00589014,0.00928087,0.00874548,0.01208808,0.00743017
2023-11-03,0.00855748,0.00834883,0.00565732,0.00616144,0.00593863,0.00834883,0.00853535
2023-11-06,-0.00090742,-0.00051526,-0.00416640,-0.00127095,-0.00171763,-0.00051526,-0.00311494
2023-11-07,0.00397597,0.00114252,0.00236328,-0.00068525,-0.00042583,0.00114252,-0.00344778
2023-11-08,0.00203991,-0.00026892,0.00020049,-0.00153388,-0.00139349,-0.00026892,-0.00899631
2023-11-09,-0.00862821,-0.00713392,-0.00530635,-0.00558383,-0.00542546,-0.00713392,-0.00001481
2023-11-10,0.00986258,0.00675935,0.00002645,0.00347309,0.00289382,0.00675935,-0.00556872
2023-11-13,-0.00079454,0.00033123,0.00067441,0.00161492,0.00156924,0.00033123,0.00381803
2023-11-14,0.01768684,0.01512430,0.01140368,0.01169596,0.01140635,0.01512430,0.01421224
2023-11-15,-0.00175862,-0.00126154,-0.00422887,-0.00220352,-0.00251766,-0.00126154,0.00070216
2023-11-16,0.00367236,0.00103007,0.00615373,0.00073528,0.00145113,0.00103007,0.00491872
2023-11-17,0.00101117,0.00168488,0.00054064,0.00214816,0.00197921,0.00168488,0.00030658
2023-11-20,0.00524098,0.00515384,0.00142502,0.00432507,0.00388211,0.00515384,0.00260749
2023-11-21,-0.00082807,-0.00028788,0.00229050,0.00099893,0.00127081,-0.00028788,0.00560624
2023-11-22,0.00222991,0.00073238,-0.00041547,-0.00044428,-0.00046309,0.00073238,-0.00358866
2023-11-24,-0.00163613,-0.00136833,-0.00167251,-0.00147491,-0.00146342,-0.00136833,0.00378814
2023-11-27,0.00183578,0.00111627,0.00490123,0.00154131,0.00197063,0.00111627,0.00350291
2023-11-28,0.00232250,0.00414165,0.00514370,0.00539316,0.00542514,0.00414165,0.01185700
2023-11-29,0.00162037,0.00158815,0.00300866,0.00224409,0.00241218,0.00158815,-0.00067761
2023-11-30,0.00047413,-0.00083820,-0.00275439,-0.00242304,-0.00252164,-0.00083820,-0.00234001
2023-12-01,0.00731844,0.00657982,0.00882951,0.00738144,0.00600519,0.00657982,0.00792616
2023-12-04,-0.00480765,-0.00588919,-0.00716537,-0.00703983,-0.00691186,-0.00588919,-0.00874506
2023-12-05,0.00270850,0.00084288,0.00298701,0.00147406,0.00005567,0.00084288,-0.00095252
2023-12-06,-0.00074035,-0.00142648,0.00232258,-0.00007448,-0.00244465,-0.00142648,-0.00240722
2023-12-07,0.00394321,0.00308258,0.00038985,0.00140077,0.00223271,0.00308258,0.00636525
2023-12-08,-0.00002923,-0.00125792,-0.00522758,-0.00344551,-0.00183070,-0.00125792,0.00058525
2023-12-11,0.00237614,0.00110816,-0.00190465,-0.00127249,-0.00071843,0.00110816,0.00078938
2023-12-12,0.00359418,0.00161408,0.00126536,0.00055213,-0.00031261,0.00161408,0.00351849
2023-12-13,0.01421972,0.01345478,0.01391088,0.01370159,0.01339394,0.01345478,0.01558252
2023-12-14,0.00524302,0.00674913,0.00641397,0.00704626,0.00781448,0.00674913,0.00375522
2023-12-15,-0.00132108,-0.00203776,-0.00245986,-0.00239749,-0.00227694,-0.00203776,-0.00319674
2023-12-18,0.00249846,0.00186864,0.00017461,0.00101764,0.00174739,0.00186864,0.00540387
2023-12-19,0.00440726,0.00448121,0.00287045,0.00360588,0.00427061,0.00448121,0.00623101
2023-12-20,-0.00640507,-0.00607060,0.00017688,-0.00257190,-0.00501473,-0.00607060,-0.01213406
2023-12-21,0.00504622,0.00561880,0.00155145,0.00315070,0.00448767,0.00561880,0.00898453
2023-12-22,0.00083429,-0.00007783,0.00046807,0.00017311,-0.00016201,-0.00007783,0.00250899
2023-12-26,0.00278852,0.00350530,0.00230063,0.00311596,0.00389515,0.00350530,0.00492346
2023-12-27,0.00418754,0.00382038,0.00507419,0.00408727,0.00315330,0.00382038,0.00237254
2023-12-28,-0.00129554,-0.00119616,-0.00307546,-0.00259582,-0.00220525,-0.00119616,-0.00090587
2023-12-29,-0.00273095,-0.00247750,-0.00185376,-0.00209980,-0.00231951,-0.00247750,-0.00262100
2024-01-02,-0.00485267,-0.00499052,-0.00283748,-0.00354728,-0.00398260,-0.00499052,-0.00569954
2024-01-03,-0.00393738,-0.00276329,-0.00119805,-0.00180098,-0.00130802,-0.00276329,-0.00816680
2024-01-04,-0.00435130,-0.00379511,-0.00325585,-0.00330139,-0.00333130,-0.00379511,-0.00322098
2024-01-05,-0.00065294,-0.00008455,-0.00168686,-0.00101717,-0.00032542,-0.00008455,0.00136952
2024-01-08,0.00989612,0.00567111,0.00165187,0.00267329,0.00189882,0.00567111,0.01427595
2024-01-09,-0.00107925,-0.00159471,-0.00045787,-0.00087660,-0.00067249,-0.00159471,-0.00151705
2024-01-10,0.00277488,0.00106630,-0.00064175,-0.00012825,-0.00032282,0.00106630,0.00565548
2024-01-11,0.00185527,0.00265828,0.00336416,0.00312000,0.00327859,0.00265828,-0.00044072
2024-01-12,0.00149645,0.00226566,0.00368803,0.00333581,0.00337908,0.00226566,0.00069286
2024-01-16,-0.00544038,-0.00747204,-0.00639729,-0.00679871,-0.00700167,-0.00747204,-0.00367121
2024-01-17,-0.00463907,-0.00539299,-0.00447696,-0.00489487,-0.00494339,-0.00539299,-0.00555881
2024-01-18,0.00447031,0.00434204,0.00161673,0.00272242,0.00353707,0.00434204,0.00889295
2024-01-19,0.00757459,0.00571924,0.00199466,0.00322053,0.00341075,0.00571924,0.01246610
2024-01-22,0.00248378,0.00078596,0.00089645,0.00064931,0.00053307,0.00078596,0.00211437
2024-01-23,0.00077948,0.00143141,-0.00037235,0.00034190,0.00090943,0.00143141,0.00291650
2024-01-24,-0.00044864,0.00062367,-0.00301133,-0.00173163,-0.00066425,0.00062367,0.00109310
2024-01-25,0.00500486,0.00467573,0.00370185,0.00400876,0.00429102,0.00467573,0.00543881
2024-01-26,-0.00147196,-0.00074627,-0.00114493,-0.00093036,-0.00048318,-0.00074627,-0.00127044
2024-01-29,0.00717099,0.00471770,0.00535375,0.00495559,0.00392972,0.00471770,0.00791949
2024-01-30,0.00005895,-0.00044885,0.00077148,0.00029056,0.00036370,-0.00044885,-0.00077347
2024-01-31,-0.00668051,-0.00484833,0.00257717,-0.00007999,-0.00176122,-0.00484833,-0.01631739
2024-02-01,0.01032812,0.00769450,0.00642635,0.00650842,0.00482092,0.00769450,0.01308826
2024-02-02,0.00114942,-0.00177625,-0.00761899,-0.00597980,-0.00648326,-0.00177625,0.01052740
2024-02-05,-0.00603330,-0.00438437,-0.00638995,-0.00556576,-0.00471036,-0.00438437,-0.00364122
2024-02-06,0.00387605,0.00562547,0.00411938,0.00453095,0.00420694,0.00562547,0.00290330
2024-02-07,0.00437215,0.00294602,-0.00016445,0.00070295,0.00080615,0.00294602,0.00834043
2024-02-08,-0.00100174,-0.00105206,-0.00159907,-0.00131557,-0.00065049,-0.00105206,0.00044167
2024-02-09,0.00283599,0.00215336,-0.00110175,-0.00019635,-0.00018403,0.00215336,0.00577937
2024-02-12,0.00009923,0.00057698,-0.00007517,0.00005773,-0.00010117,0.00057698,-0.00043894
2024-02-13,-0.01269789,-0.01161505,-0.00972391,-0.01009786,-0.00941767,-0.01161505,-0.01377300
2024-02-14,0.00701450,0.00573143,0.00294732,0.00357261,0.00243501,0.00573143,0.00908764
2024-02-15,0.00530307,0.00451646,0.00349284,0.00375149,0.00354591,0.00451646,0.00689970
2024-02-16,-0.00473879,-0.00240345,-0.00179997,-0.00170733,-0.00108613,-0.00240345,-0.00497997
2024-02-20,-0.00272356,-0.00114490,0.00145790,0.00076834,0.00049061,-0.00114490,-0.00550538
2024-02-21,-0.00068283,-0.00029657,-0.00140836,-0.00097246,-0.00052007,-0.00029657,0.00090578
2024-02-22,0.01273924,0.00909163,0.00224043,0.00401323,0.00339903,0.00909163,0.02069557
2024-02-23,0.00217953,0.00106276,0.00350789,0.00263437,0.00144380,0.00106276,0.00068961
2024-02-26,-0.00283076,-0.00215141,-0.00153152,-0.00161368,-0.00077554,-0.00215141,-0.00366238
2024-02-27,0.00028949,0.00074136,-0.00109532,-0.00046886,0.00009442,0.00074136,0.00185772
2024-02-28,0.00056948,-0.00092991,0.00216157,0.00117257,0.00097359,-0.00092991,-0.00132179
2024-02-29,0.00299175,0.00237752,0.00268372,0.00261013,0.00248281,0.00237752,0.00359493
2024-03-01,0.00745151,0.00741728,0.00769008,0.00748711,0.00749040,0.00741728,0.00938833
2024-03-04,-0.00153186,-0.00024012,-0.00035441,0.00109779,0.00121972,-0.00024012,-0.00107231
2024-03-05,-0.00355627,-0.00278738,-0.00400067,-0.00120307,-0.00124491,-0.00278738,-0.00999415
2024-03-06,0.00400462,0.00492510,0.00537498,0.00464881,0.00466177,0.00492510,0.00506717
2024-03-07,0.00661422,0.00503501,0.00559404,0.00423447,0.00417429,0.00503501,0.00992642
2024-03-08,-0.00330774,-0.00165747,-0.00190981,-0.00043235,-0.00041050,-0.00165747,-0.00600222
2024-03-11,-0.00102057,0.00003534,-0.00020328,0.00018253,0.00028353,0.00003534,-0.00085983
2024-03-12,0.00479332,0.00312542,0.00480618,0.00112309,0.00101845,0.00312542,0.01075728
2024-03-13,-0.00182582,-0.00039232,-0.00108397,0.00037687,0.00059492,-0.00039232,-0.00156741
2024-03-14,-0.00413624,-0.00385648,-0.00387105,-0.00384809,-0.00375070,-0.00385648,-0.00197673
2024-03-15,-0.00482079,-0.00351966,-0.00421343,-0.00288853,-0.00278069,-0.00351966,-0.00686679
2024-03-18,0.00311310,0.00270900,0.00285088,0.00220534,0.00229085,0.00270900,0.00594322
2024-03-19,0.00449944,0.00256064,0.00252898,0.00194039,0.00188583,0.00256064,0.00555698
2024-03-20,0.00652031,0.00598446,0.00708635,0.00582217,0.00575192,0.00598446,0.00924938
2024-03-21,0.00204571,0.00124551,0.00150260,0.00095029,0.00092848,0.00124551,0.00330462
2024-03-22,0.00077092,-0.00088385,-0.00150688,-0.00113966,-0.00125666,-0.00088385,-0.00189570
2024-03-25,-0.00271669,-0.00126365,-0.00160415,-0.00081483,-0.00069063,-0.00126365,-0.00276287
2024-03-26,-0.00053218,-0.00068852,-0.00061984,-0.00032438,-0.00041804,-0.00068852,-0.00184702
2024-03-27,0.00658957,0.00511564,0.00555139,0.00475693,0.00469179,0.00511564,0.00840395
2024-03-28,-0.00049026,0.00114375,0.00070202,0.00216190,0.00234550,0.00114375,-0.00019129
2024-04-01,-0.00465267,-0.00265751,-0.00219797,-0.00140967,-0.00206892,-0.00265751,-0.00173960
2024-04-02,-0.00467787,-0.00137875,-0.00186744,0.00080015,-0.00106018,-0.00137875,-0.00635826
2024-04-03,0.00113050,0.00189016,0.00129139,0.00267691,0.00171226,0.00189016,0.00109851
2024-04-04,-0.00596488,-0.00380305,-0.00510603,-0.00269541,-0.00433252,-0.00380305,-0.01220601
2024-04-05,0.00357103,0.00303308,0.00401891,0.00347765,0.00379694,0.00303308,0.01044677
2024-04-08,-0.00056342,0.00082094,0.00154162,0.00121745,0.00142467,0.00082094,0.00055937
2024-04-09,0.00228199,0.00241740,0.00281142,0.00220568,0.00263037,0.00241740,0.00115682
2024-04-10,-0.01132093,-0.00973655,-0.01031259,-0.00847209,-0.00975491,-0.00973655,-0.01001314
2024-04-11,0.00397990,0.00371121,0.00457602,0.00413756,0.00440662,0.00371121,0.00754696
2024-04-12,-0.00669967,-0.00664437,-0.00898766,-0.00573443,-0.00796660,-0.00664437,-0.01380325
2024-04-15,-0.01007144,-0.00621947,-0.00689357,-0.00310644,-0.00575399,-0.00621947,-0.01252804
2024-04-16,-0.00266831,-0.00346322,-0.00390770,-0.00301550,-0.00365250,-0.00346322,-0.00182371
2024-04-17,-0.00099501,-0.00143788,-0.00150990,-0.00216045,-0.00168140,-0.00143788,-0.00591831
2024-04-18,-0.00263303,-0.00096965,-0.00046321,-0.00038200,-0.00045068,-0.00096965,-0.00205771
2024-04-19,-0.00467375,-0.00237879,-0.00329704,-0.00100368,-0.00258628,-0.00237879,-0.00872849
2024-04-22,0.00551156,0.00344815,0.00471832,0.00053410,0.00345046,0.00344815,0.00920916
2024-04-23,0.00759900,0.00576461,0.00662345,0.00430893,0.00590337,0.00576461,0.01186680
2024-04-24,-0.00150814,-0.00106498,-0.00065941,-0.00112359,-0.00079860,-0.00106498,-0.00047465
2024-04-25,-0.00380828,-0.00168432,-0.00177732,-0.00044702,-0.00137395,-0.00168432,-0.00379899
2024-04-26,0.00677360,0.00576500,0.00666510,0.00478625,0.00608376,0.00576500,0.00947387
2024-04-29,0.00374241,0.00348849,0.00395538,0.00261540,0.00356090,0.00348849,0.00354148
2024-04-30,-0.01138232,-0.01073466,-0.01147183,-0.01060697,-0.01117167,-0.01073466,-0.01584125
2024-05-01,-0.00036608,0.00028984,0.00316444,-0.00030170,0.00022671,0.00028984,-0.00324704
2024-05-02,0.00748355,0.00786972,0.00286680,0.00575083,0.00511236,0.00786972,0.00935337
2024-05-03,0.00965147,0.00733915,0.00410943,0.00529629,0.00505703,0.00733915,0.01239535
2024-05-06,0.00655147,0.00514618,0.00357124,0.00528456,0.00511486,0.00514618,0.01032687
2024-05-07,0.00169457,0.00019840,0.00035616,-0.00059879,-0.00049111,0.00019840,0.00110333
2024-05-08,-0.00105412,-0.00131497,-0.00192166,-0.00170870,-0.00174574,-0.00131497,0.00009666
2024-05-09,0.00467726,0.00430105,0.00553201,0.00498571,0.00516080,0.00430105,0.00576199
2024-05-10,-0.00050084,-0.00004411,0.00014937,0.00041473,0.00045314,-0.00004411,0.00128790
2024-05-13,0.00055076,0.00085713,-0.00165464,0.00028129,-0.00018688,0.00085713,0.00013452
2024-05-14,0.00392745,0.00336124,0.00368259,0.00268724,0.00285614,0.00336124,0.00458816
2024-05-15,0.01047100,0.00899346,0.00776336,0.00778454,0.00779414,0.00899346,0.01238286
2024-05-16,-0.00200469,-0.00134459,-0.00194009,-0.00104835,-0.00124114,-0.00134459,-0.00205748
2024-05-17,-0.00034979,0.00148603,0.00201435,0.00352330,0.00343451,0.00148603,0.00143765
2024-05-20,0.00011041,0.00034474,0.00026723,0.00144196,0.00135007,0.00034474,0.00115214
2024-05-21,0.00250310,0.00061236,0.00130217,-0.00011744,0.00010864,0.00061236,0.00245256
2024-05-22,-0.00225613,-0.00352464,-0.00463430,-0.00541222,-0.00541188,-0.00352464,-0.00287954
2024-05-23,-0.00583023,-0.00598594,-0.00666890,-0.00662886,-0.00675813,-0.00598594,-0.00730424
2024-05-24,0.00452490,0.00375372,0.00158615,0.00329638,0.00305546,0.00375372,0.00661653
2024-05-28,-0.00176826,-0.00043197,-0.00065924,0.00216565,0.00185297,-0.00043197,0.00069884
2024-05-29,-0.00617100,-0.00659513,-0.00498612,-0.00642675,-0.00613714,-0.00659513,-0.00700251
2024-05-30,-0.00208595,-0.00138170,0.00235320,-0.00153400,-0.00092680,-0.00138170,-0.00663366
2024-05-31,0.00735551,0.00344661,0.00226767,0.00138884,0.00156653,0.00344661,0.00910805
2024-06-03,0.00310745,0.00323897,0.00372035,0.00237951,0.00336559,0.00323897,0.00081541
2024-06-04,0.00286708,-0.00047337,-0.00120324,-0.00194465,-0.00121674,-0.00047337,0.00111790
2024-06-05,0.00856358,0.00789058,0.00890811,0.00739932,0.00774355,0.00789058,0.01188515
2024-06-06,-0.00018173,0.00118724,0.00075506,0.00224490,0.00148499,0.00118724,-0.00001878
2024-06-07,-0.00494795,-0.00734868,-0.00634365,-0.00920306,-0.00855222,-0.00734868,-0.00121564
2024-06-10,0.00100291,0.00233320,0.00233752,0.00339630,0.00264230,0.00233320,0.00308969
2024-06-11,0.00354925,0.00217801,0.00173201,0.00162354,0.00192602,0.00217801,0.00240837
2024-06-12,0.00716506,0.00608362,0.00646442,0.00513179,0.00551234,0.00608362,0.00821294
2024-06-13,0.00383876,0.00195489,0.00122731,0.00102158,0.00121394,0.00195489,0.00201347
2024-06-14,0.00129399,0.00106150,0.00091487,0.00126990,0.00148877,0.00106150,0.00060844
2024-06-17,0.00293501,0.00220038,0.00324999,0.00188274,0.00184409,0.00220038,0.00795903
2024-06-18,0.00325773,0.00402230,0.00392388,0.00429746,0.00401489,0.00402230,0.00254057
2024-06-20,-0.00264603,-0.00109190,-0.00119344,0.00016531,-0.00023696,-0.00109190,-0.00271659
2024-06-21,-0.00072574,-0.00188505,-0.00169204,-0.00310494,-0.00256106,-0.00188505,-0.00134065
2024-06-24,-0.00162653,-0.00041265,-0.00111086,0.00046979,-0.00012199,-0.00041265,-0.00325064
2024-06-25,0.00265777,0.00081987,0.00133736,-0.00027465,0.00041888,0.00081987,0.00385084
2024-06-26,-0.00163833,-0.00200124,-0.00163122,-0.00198871,-0.00221629,-0.00200124,0.00124814
2024-06-27,0.00183653,0.00220837,0.00190248,0.00276607,0.00254166,0.00220837,0.00157657
2024-06-28,-0.00447813,-0.00311781,-0.00260142,-0.00261035,-0.00266227,-0.00311781,-0.00393514
2024-07-01,-0.00174525,-0.00033354,0.00194066,0.00009581,0.00006262,-0.00033354,0.00205799
2024-07-02,0.00555555,0.00403939,0.00341360,0.00303264,0.00335660,0.00403939,0.00672973
2024-07-03,0.00533669,0.00610282,0.00623240,0.00602630,0.00609523,0.00610282,0.00446263
2024-07-05,0.00568181,0.00522831,0.00486676,0.00559752,0.00547658,0.00522831,0.00576648
2024-07-08,0.00082186,-0.00083197,-0.00233221,-0.00243515,-0.00180561,-0.00083197,0.00115390
2024-07-09,0.00003792,-0.00002881,-0.00042249,-0.00036066,-0.00008284,-0.00002881,0.00097255
2024-07-10,0.00634907,0.00482208,0.00461029,0.00384804,0.00433379,0.00482208,0.00989516
2024-07-11,-0.00270526,0.00068887,0.00079716,0.00283653,0.00204839,0.00068887,-0.00862239
2024-07-12,0.00463629,0.00328651,0.00253537,0.00221697,0.00268110,0.00328651,0.00630749
2024-07-15,0.00040297,-0.00109852,-0.00192991,-0.00085912,-0.00083073,-0.00109852,0.00274998
2024-07-16,0.00533911,0.00519280,0.00436036,0.00577695,0.00575594,0.00519280,0.00593019
2024-07-17,-0.00814375,-0.00671456,-0.00697953,-0.00491927,-0.00585315,-0.00671456,-0.01402107
2024-07-18,-0.00575116,-0.00534756,-0.00582320,-0.00484616,-0.00506113,-0.00534756,-0.00768498
2024-07-19,-0.00524833,-0.00585475,-0.00695606,-0.00660471,-0.00636372,-0.00585475,-0.00664059
2024-07-22,0.00579400,0.00467494,0.00492745,0.00320123,0.00389308,0.00467494,0.01030990
2024-07-23,-0.00064878,-0.00152905,-0.00299902,-0.00116575,-0.00128606,-0.00152905,-0.00156864
2024-07-24,-0.01450905,-0.01062224,-0.01015776,-0.00784247,-0.00907489,-0.01062224,-0.02266230
2024-07-25,-0.00220705,-0.00221107,-0.00215378,-0.00263139,-0.00274104,-0.00221107,-0.00521047
2024-07-26,0.00858678,0.00665031,0.00499281,0.00549516,0.00615742,0.00665031,0.01119976
2024-07-29,0.00103112,-0.00002109,-0.00088585,-0.00025203,-0.00022197,-0.00002109,0.00058776
2024-07-30,-0.00216813,-0.00122221,-0.00185716,0.00014648,-0.00035257,-0.00122221,-0.00506649
2024-07-31,0.01263436,0.01233088,0.01396437,0.01179526,0.01198432,0.01233088,0.01625461
2024-08-01,-0.00678991,-0.00654776,-0.00818868,-0.00411388,-0.00461047,-0.00654776,-0.01052275
2024-08-02,-0.00482351,-0.00503252,-0.00749032,-0.00160214,-0.00247399,-0.00503252,-0.01262590
2024-08-05,-0.01668150,-0.01369718,-0.01690645,-0.00962234,-0.01022752,-0.01369718,-0.02316827
2024-08-06,0.00160809,0.00061022,0.00288064,-0.00188872,-0.00147044,0.00061022,0.00291140
2024-08-07,-0.00540693,-0.00214161,-0.00215968,-0.00192297,-0.00181502,-0.00214161,-0.00450834
2024-08-08,0.01223869,0.01089212,0.01325515,0.00819138,0.00872931,0.01089212,0.02041504
2024-08-09,0.00426232,0.00363517,0.00341942,0.00321953,0.00324047,0.00363517,0.00370205
2024-08-12,0.00145548,0.00299644,0.00224555,0.00435123,0.00428280,0.00299644,0.00653471
2024-08-13,0.01151393,0.00789437,0.00953397,0.00534482,0.00554430,0.00789437,0.00987656
2024-08-14,0.00241279,0.00032741,0.00048007,-0.00061344,-0.00060720,0.00032741,-0.00093149
2024-08-15,0.00760906,0.00597587,0.00766863,0.00337353,0.00388092,0.00597587,0.01211846
2024-08-16,0.00212935,0.00357145,0.00453378,0.00477495,0.00466567,0.00357145,0.00940341
2024-08-19,0.00625830,0.00449683,0.00566605,0.00279516,0.00296504,0.00449683,0.00552905
2024-08-20,0.00062797,-0.00024014,-0.00096012,0.00094103,0.00071170,-0.00024014,0.00026719
2024-08-21,0.00288023,0.00215148,0.00266389,0.00158352,0.00161598,0.00215148,0.00172549
2024-08-22,-0.00654770,-0.00608180,-0.00663977,-0.00583294,-0.00585705,-0.00608180,-0.00932420
2024-08-23,0.00821549,0.00880769,0.00910439,0.00789632,0.00813038,0.00880769,0.01095628
2024-08-26,-0.00192114,-0.00152194,-0.00253911,-0.00064173,-0.00068866,-0.00152194,-0.00039487
2024-08-27,0.00065940,0.00048723,0.00093663,0.00053299,0.00052872,0.00048723,0.00185065
2024-08-28,-0.00368810,-0.00377860,-0.00376113,-0.00329069,-0.00342871,-0.00377860,-0.00624318
2024-08-29,-0.00064533,0.00047999,0.00018643,0.00067885,0.00075906,0.00047999,0.00191209
2024-08-30,0.00432124,0.00164562,0.00312790,-0.00040611,-0.00019190,0.00164562,0.00355524
2024-09-03,-0.00971573,-0.00898252,-0.01084148,-0.00512062,-0.00857373,-0.00898252,-0.01609826
2024-09-04,0.00116447,0.00093059,0.00077521,0.00127814,0.00090932,0.00093059,-0.00129990
2024-09-05,-0.00047997,0.00081460,0.00058455,0.00191859,0.00116000,0.00081460,0.00060214
2024-09-06,-0.00935188,-0.00833551,-0.00963862,-0.00553216,-0.00793336,-0.00833551,-0.01415206
2024-09-09,0.00714927,0.00571488,0.00653071,0.00408473,0.00546726,0.00571488,0.00919689
2024-09-10,0.00431802,0.00166646,0.00187236,0.00166368,0.00164654,0.00166646,0.00436960
2024-09-11,0.00574366,0.00460164,0.00519521,0.00255877,0.00410663,0.00460164,0.00688638
2024-09-12,0.00431538,0.00527573,0.00541239,0.00555219,0.00559236,0.00527573,0.01100378
2024-09-13,0.00388186,0.00383352,0.00418289,0.00402485,0.00411203,0.00383352,0.00656375
2024-09-16,0.00194473,0.00229379,0.00202929,0.00219296,0.00214304,0.00229379,0.00103209
2024-09-17,-0.00049467,-0.00013957,-0.00020184,-0.00075936,-0.00038033,-0.00013957,-0.00128228
2024-09-18,-0.00352547,-0.00326955,-0.00279420,-0.00382368,-0.00325723,-0.00326955,-0.00431074
2024-09-19,0.00981935,0.00993675,0.01119818,0.00814484,0.00998749,0.00993675,0.01663400
2024-09-20,-0.00115726,-0.00015847,-0.00025416,0.00139351,0.00044552,-0.00015847,0.00234613
2024-09-23,0.00125095,0.00143699,0.00189350,0.00093240,0.00148622,0.00143699,0.00233958
2024-09-24,0.00216296,0.00637073,0.00728497,0.00605447,0.00687701,0.00637073,0.00602702
2024-09-25,-0.00294814,-0.00364346,-0.00352152,-0.00325033,-0.00344894,-0.00364346,-0.00196887
2024-09-26,0.00209450,0.00486061,0.00751211,0.00251290,0.00530523,0.00486061,0.00428722
2024-09-27,0.00071403,0.00049013,-0.00019575,0.00016599,-0.00002117,0.00049013,-0.00331588
2024-09-30,0.00130698,-0.00160166,-0.00189508,-0.00223906,-0.00205324,-0.00160166,0.00056963
2024-10-01,-0.00392041,0.00001683,-0.00133616,0.00349899,0.00242098,0.00001683,0.00456586
2024-10-02,-0.00089745,0.00182467,0.00270731,0.00078005,0.00191992,0.00182467,0.01022357
2024-10-03,-0.00314690,-0.00286162,-0.00391151,-0.00146654,-0.00174033,-0.00286162,-0.00670214
2024-10-04,0.00156495,0.00127690,0.00297155,-0.00170617,0.00014207,0.00127690,0.00600606
2024-10-07,-0.00689167,-0.00312399,-0.00372295,-0.00157963,-0.00151918,-0.00312399,0.00149712
2024-10-08,0.00602210,-0.00035811,0.00010756,-0.00228209,-0.00253185,-0.00035811,-0.01300561
2024-10-09,0.00269952,0.00008875,0.00095065,-0.00197404,-0.00126757,0.00008875,-0.00290143
2024-10-10,-0.00110223,0.00098718,-0.00003106,0.00313891,0.00278220,0.00098718,0.00271373
2024-10-11,0.00375207,0.00379401,0.00451235,0.00336323,0.00366360,0.00379401,0.00798892
2024-10-14,0.00426994,0.00114451,0.00235423,-0.00112101,-0.00055697,0.00114451,-0.00088112
2024-10-15,-0.00273774,-0.00440905,-0.00538623,-0.00186590,-0.00395508,-0.00440905,-0.01142486
2024-10-16,0.00324976,0.00299105,0.00365944,0.00201974,0.00239390,0.00299105,0.00624853
2024-10-17,-0.00198638,-0.00131482,-0.00101719,-0.00063111,-0.00064244,-0.00131482,0.00096760
2024-10-18,0.00278982,0.00323802,0.00419225,0.00295542,0.00312270,0.00323802,0.00885341
2024-10-21,-0.00401473,-0.00376243,-0.00378561,-0.00336640,-0.00329099,-0.00376243,-0.00390822
2024-10-22,-0.00069270,0.00073176,-0.00025628,0.00322768,0.00262837,0.00073176,0.00192974
2024-10-23,-0.00648039,-0.00574506,-0.00612685,-0.00534182,-0.00561729,-0.00574506,-0.00839077
2024-10-24,0.00218208,0.00187468,0.00185635,0.00238188,0.00203334,0.00187468,0.00192035
2024-10-25,-0.00107329,-0.00049105,-0.00074665,-0.00002595,-0.00001582,-0.00049105,0.00009175
2024-10-28,0.00097862,-0.00024763,0.00185270,-0.00252469,-0.00195728,-0.00024763,0.00286057
2024-10-29,0.00115315,0.00096098,0.00094874,0.00224634,0.00164866,0.00096098,0.00199240
2024-10-30,-0.00242363,-0.00155189,-0.00275370,0.00120175,0.00032190,-0.00155189,-0.00383483
2024-10-31,-0.01217761,-0.00854149,-0.01026060,-0.00586125,-0.00683412,-0.00854149,-0.01188254
2024-11-01,0.00015912,-0.00084032,0.00054312,-0.00312254,-0.00224808,-0.00084032,0.00234826
2024-11-04,0.00082467,0.00241966,0.00135796,0.00372886,0.00355859,0.00241966,-0.00016626
2024-11-05,0.00747455,0.00648320,0.00754780,0.00418626,0.00549328,0.00648320,0.01127954
2024-11-06,0.01092073,0.00300686,0.00528371,-0.00440240,-0.00151213,0.00300686,0.01097628
2024-11-07,0.00785275,0.00884188,0.00922991,0.00827605,0.00875314,0.00884188,0.01151396
2024-11-08,0.00347583,-0.00117675,-0.00156196,-0.00248630,-0.00313763,-0.00117675,-0.00274417
2024-11-11,-0.00048730,-0.00327314,-0.00259311,-0.00706255,-0.00602146,-0.00327314,-0.00340093
2024-11-12,-0.00433475,-0.00585119,-0.00623758,-0.00560934,-0.00598388,-0.00585119,-0.00681495
2024-11-13,0.00005036,-0.00128627,-0.00133861,-0.00256609,-0.00227273,-0.00128627,-0.00198605
2024-11-14,-0.00399026,-0.00329479,-0.00393459,-0.00203200,-0.00262653,-0.00329479,-0.00585748
2024-11-15,-0.00767982,-0.00485625,-0.00531034,-0.00296500,-0.00376047,-0.00485625,-0.00915950
2024-11-18,0.00337594,0.00544654,0.00496055,0.00801769,0.00774674,0.00544654,0.00711949
2024-11-19,0.00306370,0.00260071,0.00246008,0.00310718,0.00280097,0.00260071,0.00337633
2024-11-20,-0.00037550,-0.00015465,-0.00003616,0.00047736,0.00024433,-0.00015465,0.00062303
2024-11-21,0.00306999,0.00233268,0.00222410,0.00272626,0.00264394,0.00233268,0.00424141
2024-11-22,0.00214577,0.00199309,0.00204035,0.00286867,0.00243307,0.00199309,0.00361755
2024-11-25,0.00625781,0.00245909,0.00249146,-0.00294403,-0.00169149,0.00245909,-0.00076568
2024-11-26,0.00236746,0.00076030,0.00094412,0.00008999,0.00027525,0.00076030,0.00305458
2024-11-27,-0.00029715,0.00033709,0.00025995,0.00060328,0.00019778,0.00033709,-0.00161664
2024-11-29,0.00543686,0.00425632,0.00428420,0.00388309,0.00378493,0.00425632,0.00558789
2024-12-02,0.00103628,0.00014302,0.00078044,-0.00130208,-0.00144614,0.00014302,0.00164244
2024-12-03,-0.00085865,0.00035748,0.00020459,0.00100841,0.00088068,0.00035748,0.00046375
2024-12-04,0.00525087,0.00364584,0.00409286,0.00282569,0.00276535,0.00364584,0.00620949
2024-12-05,-0.00103248,-0.00051345,-0.00022805,-0.00131723,-0.00136062,-0.00051345,-0.00164552
2024-12-06,0.00239917,0.00115314,0.00131502,0.00060448,0.00066733,0.00115314,0.00189556
2024-12-09,-0.00447719,0.00014514,0.00073246,0.00128882,0.00123301,0.00014514,-0.00514955
2024-12-10,-0.00258259,-0.00237919,-0.00326520,-0.00008459,0.00013978,-0.00237919,-0.00310913
2024-12-11,0.00346104,0.00344837,0.00371365,0.00357270,0.00329851,0.00344837,0.00773061
2024-12-12,-0.00461944,-0.00462621,-0.00468894,-0.00518366,-0.00520165,-0.00462621,-0.00515269
2024-12-13,-0.00197716,-0.00217535,-0.00179535,-0.00313510,-0.00333597,-0.00217535,-0.00019859
2024-12-16,0.00270477,0.00101137,0.00127976,0.00052899,0.00046546,0.00101137,0.00427014
2024-12-17,-0.00249132,-0.00245939,-0.00255106,-0.00239238,-0.00225096,-0.00245939,-0.00412013
2024-12-18,-0.02105688,-0.01750181,-0.01943622,-0.01462408,-0.01390492,-0.01750181,-0.02980346
2024-12-19,-0.00200404,-0.00113101,-0.00057699,-0.00115987,-0.00130165,-0.00113101,-0.00030714
2024-12-20,0.00867433,0.00709734,0.00752044,0.00633061,0.00608850,0.00709734,0.01201029
2024-12-23,0.00183562,0.00103415,0.00188424,-0.00010095,-0.00044244,0.00103415,0.00598828
2024-12-24,0.00692564,0.00517710,0.00569695,0.00411663,0.00377740,0.00517710,0.01111507
2024-12-26,0.00033898,0.00031045,0.00033163,0.00083044,0.00089131,0.00031045,0.00006648
2024-12-27,-0.00740405,-0.00535534,-0.00625296,-0.00426293,-0.00403594,-0.00535534,-0.01052651
2024-12-30,-0.00457444,-0.00278815,-0.00472506,-0.00114385,-0.00064133,-0.00278815,-0.01141156
2024-12-31,-0.00291697,-0.00154379,-0.00198306,-0.00023701,-0.00013807,-0.00154379,-0.00363815
2025-01-02,-0.00125792,0.00062780,0.00259881,0.00318489,0.00316952,0.00062780,0.00173137
2025-01-03,0.00684329,0.00428877,-0.00126347,0.00042313,0.00018526,0.00428877,0.00695142
2025-01-06,0.00308423,0.00235521,-0.00008761,0.00124808,0.00107785,0.00235521,0.00388252
2025-01-07,-0.00863221,-0.00571357,-0.00218454,-0.00228174,-0.00223815,-0.00571357,-0.00677817
2025-01-08,0.00157285,0.00091155,0.00229654,0.00154937,0.00161766,0.00091155,0.00250392
2025-01-10,-0.01209373,-0.00770689,-0.00315774,-0.00127928,-0.00140880,-0.00770689,-0.00853182
2025-01-13,0.00023144,-0.00072440,-0.00265312,-0.00103978,-0.00121168,-0.00072440,-0.00162709
2025-01-14,0.00095857,0.00207108,0.00142419,0.00175998,0.00171833,0.00207108,0.00243712
2025-01-15,0.01513741,0.01271549,0.00874281,0.01050742,0.01029796,0.01271549,0.01525007
2025-01-16,-0.00021412,0.00009492,0.00241389,0.00085061,0.00101915,0.00009492,0.00048526
2025-01-17,0.00634969,0.00411608,0.00037203,0.00115968,0.00103943,0.00411608,0.00582899
2025-01-21,0.00686050,0.00594826,0.00565621,0.00488479,0.00492906,0.00594826,0.01087162
2025-01-22,0.00238731,0.00145587,0.00039818,0.00110629,0.00099910,0.00145587,0.00548906
2025-01-23,0.00230138,0.00144972,-0.00079520,0.00038636,0.00021739,0.00144972,0.00358528
2025-01-24,-0.00097722,0.00068065,0.00214008,0.00154524,0.00162600,0.00068065,-0.00044166
2025-01-27,-0.00607130,-0.00628750,-0.00030011,-0.00503333,-0.00447946,-0.00628750,-0.01312451
2025-01-28,0.00523008,0.00426802,0.00275767,0.00350782,0.00339794,0.00426802,0.00860993
2025-01-29,-0.00318151,-0.00207694,-0.00187755,-0.00167577,-0.00167808,-0.00207694,-0.00430704
2025-01-30,0.00409692,0.00518547,0.00474467,0.00493912,0.00490440,0.00518547,0.00804464
2025-01-31,-0.00385854,-0.00355356,-0.00071854,-0.00162258,-0.00151768,-0.00355356,-0.00330941
2025-02-03,-0.00375375,-0.00224701,0.00098567,-0.00080654,-0.00027350,-0.00224701,0.00370969
2025-02-04,0.00500891,0.00577427,0.00392550,0.00548847,0.00513873,0.00577427,0.00950837
2025-02-05,0.00475621,0.00309548,0.00472457,0.00276526,0.00302771,0.00309548,0.00597681
2025-02-06,0.00160916,0.00099832,-0.00086146,0.00041338,0.00012832,0.00099832,-0.00198994
2025-02-07,-0.00681842,-0.00444760,-0.00227864,-0.00331726,-0.00303539,-0.00444760,0.00059876
2025-02-10,0.00397844,0.00534209,0.00407485,0.00613154,0.00590311,0.00534209,0.01584925
2025-02-11,-0.00057406,-0.00062118,-0.00183826,-0.00040225,-0.00054537,-0.00062118,-0.00318238
2025-02-12,-0.00468578,-0.00329615,-0.00376619,-0.00322232,-0.00340463,-0.00329615,0.00059133
2025-02-13,0.00933259,0.00768847,0.00700303,0.00713869,0.00706542,0.00768847,0.00993678
2025-02-14,0.00163832,0.00128177,-0.00097556,-0.00001829,-0.00033326,0.00128177,-0.01329405
2025-02-18,-0.00036852,0.00168996,0.00098005,0.00309475,0.00294356,0.00168996,0.01509113
2025-02-19,0.00206174,0.00167391,0.00128769,0.00179031,0.00177978,0.00167391,0.00074605
2025-02-20,-0.00170187,0.00025602,0.00083222,0.00059943,0.00063679,0.00025602,0.00001759
2025-02-21,-0.00795305,-0.00564309,0.00098017,-0.00481928,-0.00387907,-0.00564309,-0.00264275
2025-02-24,-0.00185443,-0.00229231,0.00186455,-0.00139901,-0.00072752,-0.00229231,0.00438402
2025-02-25,0.00023119,-0.00045593,0.00073433,-0.00161588,-0.00141411,-0.00045593,-0.01233534
2025-02-26,0.00141963,0.00172838,0.00171458,0.00116399,0.00109710,0.00172838,0.00141947
2025-02-27,-0.00991448,-0.00872922,-0.00528335,-0.00785743,-0.00725101,-0.00872922,-0.01531538
2025-02-28,0.01143435,0.00523070,0.00344432,0.00338353,0.00324727,0.00523070,-0.00398151
2025-03-03,-0.00906328,-0.00582703,-0.00758952,-0.00283574,-0.00329207,-0.00582703,0.01312714
2025-03-04,-0.00831540,-0.00363663,-0.00365692,-0.00177268,-0.00181935,-0.00363663,0.00869761
2025-03-05,0.00410104,0.00506285,0.00783424,0.00320636,0.00353709,0.00506285,0.00208132
2025-03-06,-0.01080497,-0.00781417,-0.00888831,-0.00597930,-0.00626886,-0.00781417,-0.00508123
2025-03-07,0.00280345,0.00267880,0.00298273,0.00215367,0.00234664,0.00267880,0.00052190
2025-03-10,-0.01298774,-0.01076898,-0.01387392,-0.00788311,-0.00853833,-0.01076898,-0.00875591
2025-03-11,-0.00635207,-0.00247256,-0.00254682,-0.00057423,-0.00058332,-0.00247256,0.01172756
2025-03-12,0.00187544,0.00188082,0.00278579,0.00149580,0.00166625,0.00188082,0.00434686
2025-03-13,-0.00615918,-0.00361915,-0.00498557,-0.00082635,-0.00126810,-0.00361915,0.01775608
2025-03-14,0.01058013,0.00853864,0.01081200,0.00587119,0.00636061,0.00853864,0.00039981
2025-03-17,0.00488535,0.00550033,0.00646053,0.00480266,0.00498407,0.00550033,0.00541346
2025-03-18,-0.00589988,-0.00351214,-0.00439324,-0.00133343,-0.00157684,-0.00351214,0.01167203
2025-03-19,0.00765876,0.00615086,0.00650584,0.00538212,0.00558282,0.00615086,0.00410773
2025-03-20,-0.00109738,-0.00164227,-0.00258236,-0.00112547,-0.00122816,-0.00164227,-0.00128064
2025-03-21,-0.00015297,-0.00154245,-0.00147882,-0.00224885,-0.00228800,-0.00154245,-0.00804987
2025-03-24,0.00815004,0.00514879,0.00680184,0.00278941,0.00326469,0.00514879,-0.00445258
2025-03-25,0.00211539,0.00127981,0.00098230,0.00144856,0.00141872,0.00127981,0.00440036
2025-03-26,-0.00803548,-0.00586131,-0.00665896,-0.00428060,-0.00443014,-0.00586131,-0.00082594
2025-03-27,-0.00191768,0.00017997,0.00016093,0.00172054,0.00171385,0.00017997,0.01340569
2025-03-28,-0.00861483,-0.00640353,-0.00909242,-0.00322846,-0.00381379,-0.00640353,0.00741214
2025-03-31,0.00514691,0.00464827,0.00394152,0.00548900,0.00559007,0.00464827,0.01436316
2025-04-01,0.00309113,0.00237729,0.00168496,0.00149997,0.00120583,0.00237729,-0.00197821
2025-04-02,0.00341869,0.00266130,0.00307067,0.00188068,0.00165830,0.00266130,0.00205167
2025-04-03,-0.02554977,-0.02011062,-0.02415271,-0.01330453,-0.01107829,-0.02011062,-0.00603831
2025-04-04,-0.03320194,-0.02934595,-0.03389847,-0.02193129,-0.01913964,-0.02934595,-0.02339222
2025-04-07,-0.00612067,-0.01072934,-0.01283153,-0.01199841,-0.01189153,-0.01072934,-0.02148577
2025-04-08,-0.01113422,-0.00928910,-0.01067858,-0.00679939,-0.00588918,-0.00928910,0.00544372
2025-04-09,0.05865467,0.04698758,0.05025850,0.03275909,0.02832655,0.04698758,0.03699128
2025-04-10,-0.02865146,-0.02017177,-0.02011067,-0.01154961,-0.00904113,-0.02017177,0.02442358
2025-04-11,0.00814877,0.00971378,0.01306154,0.00840021,0.00753428,0.00971378,0.01908671
2025-04-14,0.00901731,0.00672891,0.00563921,0.00437582,0.00369181,0.00672891,-0.00570604
2025-04-15,-0.00045307,0.00013457,-0.00061831,0.00070032,0.00095686,0.00013457,0.00523242
2025-04-16,-0.01138377,-0.00525212,-0.00418715,0.00198582,0.00429114,-0.00525212,0.03254080
2025-04-17,-0.00034389,0.00149631,0.00365175,0.00120862,0.00090625,0.00149631,-0.00439067
2025-04-21,-0.01618455,-0.00903452,-0.00817458,-0.00302643,-0.00136830,-0.00903452,0.03093558
2025-04-22,0.01544737,0.01036544,0.01059787,0.00498484,0.00328397,0.01036544,-0.01419563
2025-04-23,0.00954656,0.00564204,0.00483708,0.00046510,-0.00117735,0.00564204,-0.02397866
2025-04-24,0.01465528,0.01212046,0.01203167,0.01005402,0.00955221,0.01212046,0.01455623
2025-04-25,0.00583622,0.00287878,0.00185552,0.00078806,0.00026088,0.00287878,-0.01084169
2025-04-28,0.00184049,0.00203919,0.00112470,0.00307666,0.00350048,0.00203919,0.01424212
2025-04-29,0.00514601,0.00255260,0.00065610,0.00000537,-0.00066427,0.00255260,-0.00973889
2025-04-30,0.00086903,-0.00095109,-0.00280026,-0.00223701,-0.00262157,-0.00095109,-0.00748219
2025-05-01,0.00250941,0.00054184,0.00118944,-0.00353081,-0.00289769,0.00054184,-0.02077229
2025-05-02,0.00628021,0.00678251,0.00871273,0.00169285,0.00262416,0.00678251,0.00174813
2025-05-05,-0.00418972,-0.00062859,-0.00027723,0.00293828,0.00257027,-0.00062859,0.02986778
2025-05-06,-0.00407458,-0.00050049,0.00101111,0.00491652,0.00455620,-0.00050049,0.02802398
2025-05-07,0.00358506,-0.00032181,-0.00278660,-0.00210047,-0.00228800,-0.00032181,-0.01499303
2025-05-08,0.00113469,-0.00007542,0.00202498,-0.00394925,-0.00307636,-0.00007542,-0.01969429
2025-05-09,-0.00048385,0.00128524,0.00239925,0.00210451,0.00217941,0.00128524,0.00725470
2025-05-12,0.01758931,0.01186473,0.01238442,-0.00015146,0.00145363,0.01186473,-0.02819059
2025-05-13,0.00378814,0.00367905,0.00534724,0.00301054,0.00344397,0.00367905,0.00425903
2025-05-14,-0.00063363,-0.00133511,-0.00090949,-0.00430695,-0.00393476,-0.00133511,-0.02103787
2025-05-15,0.00551221,0.00387324,0.00161382,0.00491073,0.00440362,0.00387324,0.01596398
2025-05-16,0.00404511,0.00176167,0.00112129,-0.00061707,-0.00042258,0.00176167,-0.01208703
2025-05-19,0.00047775,0.00098605,0.00100398,0.00196954,0.00187133,0.00098605,0.01288064
2025-05-20,-0.00257310,-0.00022674,0.00126586,0.00244687,0.00241311,-0.00022674,0.01862229
2025-05-21,-0.01308838,-0.00867845,-0.00723234,-0.00485301,-0.00511909,-0.00867845,0.00737862
2025-05-22,0.00167793,0.00035706,-0.00078199,-0.00023675,-0.00037351,0.00035706,-0.00886142
2025-05-23,-0.00311166,0.00005258,0.00072113,0.00378071,0.00341511,0.00005258,0.02190624
2025-05-27,0.01439277,0.00764574,0.00499208,0.00189218,0.00220562,0.00764574,-0.01694915
2025-05-28,-0.00463373,-0.00367284,-0.00361283,-0.00284924,-0.00293961,-0.00367284,-0.00226601
2025-05-29,0.00402586,0.00312615,0.00205834,0.00305815,0.00287424,0.00312615,0.00592476
2025-05-30,0.00044125,-0.00137864,-0.00294133,-0.00089125,-0.00119416,-0.00137864,-0.00657701
2025-06-02,0.00201390,0.00404614,0.00385122,0.00596182,0.00572777,0.00404614,0.02658103
2025-06-03,0.00305237,0.00203700,0.00229858,0.00067239,0.00105417,0.00203700,-0.00885552
2025-06-04,0.00275128,0.00348438,0.00364958,0.00338316,0.00336367,0.00348438,0.00644201
2025-06-05,-0.00408810,-0.00227921,-0.00230857,-0.00187502,-0.00186781,-0.00227921,-0.00504986
2025-06-06,0.00300600,0.00140828,0.00246337,-0.00089312,-0.00012297,0.00140828,-0.01341609
2025-06-09,0.00126256,0.00204756,0.00232428,0.00211905,0.00216212,0.00204756,0.00471853
2025-06-10,0.00410727,0.00316569,0.00380742,0.00191146,0.00223552,0.00316569,0.00029352
2025-06-11,-0.00009468,0.00159909,0.00042352,0.00315453,0.00275216,0.00159909,0.00541228
2025-06-12,0.00412314,0.00351960,0.00342963,0.00383051,0.00369400,0.00351960,0.01242014
2025-06-13,-0.00822345,-0.00457145,-0.00732677,0.00046408,-0.00075189,-0.00457145,0.01310058
2025-06-16,0.00460052,0.00315069,0.00475917,0.00009248,0.00101041,0.00315069,-0.01425907
2025-06-17,-0.00325011,-0.00184620,-0.00461656,0.00134938,0.00038308,-0.00184620,0.00051318
2025-06-18,0.00016127,0.00014726,-0.00000079,-0.00010138,-0.00005026,0.00014726,-0.00538565
2025-06-20,-0.00115304,-0.00057826,-0.00118324,0.00022696,0.00000076,-0.00057826,-0.00041900
2025-06-23,0.00733344,0.00349919,0.00620567,-0.00030404,0.00053221,0.00349919,0.00306323
2025-06-24,0.00804410,0.00564411,0.00858512,0.00053897,0.00188437,0.00564411,-0.01571943
2025-06-25,0.00050495,0.00047473,0.00056149,0.00056938,0.00054858,0.00047473,0.00303733
2025-06-26,0.00614363,0.00489579,0.00522850,0.00364310,0.00395692,0.00489579,-0.00110706
2025-06-27,0.00198210,-0.00052996,0.00000520,-0.00276392,-0.00224109,-0.00052996,-0.01812374
2025-06-30,0.00446874,0.00411367,0.00428104,0.00412347,0.00409933,0.00411367,0.01198460
2025-07-01,-0.00093905,0.00018279,0.00010709,0.00133615,0.00071669,0.00018279,0.00892301
2025-07-02,0.00188296,0.00277091,0.00269324,0.00364947,0.00272443,0.00277091,0.00552756
2025-07-03,0.00336290,0.00199032,0.00301107,0.00040809,0.00103929,0.00199032,-0.00682296
2025-07-07,-0.00575770,-0.00523297,-0.00612347,-0.00363026,-0.00441951,-0.00523297,0.00074884
2025-07-08,-0.00091819,-0.00048159,-0.00028033,-0.00098966,-0.00101653,-0.00048159,-0.01044344
2025-07-09,0.00567910,0.00382534,0.00375820,0.00307415,0.00355274,0.00382534,0.00447133
2025-07-10,0.00149509,0.00098156,0.00142017,0.00052860,0.00089536,0.00098156,0.00222571
2025-07-11,-0.00396138,-0.00177182,-0.00237825,0.00066921,-0.00083069,-0.00177182,0.00960157
2025-07-14,0.00098734,0.00020520,0.00088734,-0.00083761,-0.00008876,0.00020520,-0.00365530
2025-07-15,-0.00413561,-0.00247706,-0.00200053,-0.00229266,-0.00233378,-0.00247706,-0.00415571
2025-07-16,0.00311657,0.00309685,0.00328972,0.00303214,0.00312494,0.00309685,0.00498810
2025-07-17,0.00358103,0.00310423,0.00336721,0.00262106,0.00250842,0.00310423,-0.00217349
2025-07-18,0.00064020,0.00062499,0.00018054,0.00091914,0.00077010,0.00062499,0.00260086
2025-07-21,0.00252563,0.00311879,0.00337881,0.00358527,0.00376307,0.00311879,0.01537015
2025-07-22,0.00120958,0.00142711,0.00136042,0.00174282,0.00185163,0.00142711,0.00948488
2025-07-23,0.00373812,0.00223025,0.00367871,-0.00039008,0.00075333,0.00223025,-0.01240114
2025-07-24,-0.00037798,-0.00114727,-0.00136498,-0.00119374,-0.00136914,-0.00114727,-0.00611827
2025-07-25,0.00348202,0.00089814,0.00127971,-0.00111952,0.00002998,0.00089814,-0.00925001
2025-07-28,-0.00101900,-0.00121547,-0.00188844,-0.00071740,-0.00149868,-0.00121547,-0.00647365
2025-07-29,0.00095223,0.00183052,0.00044822,0.00325002,0.00216779,0.00183052,0.00275040
2025-07-30,-0.00212636,-0.00340088,-0.00348030,-0.00449774,-0.00424177,-0.00340088,-0.01727347
2025-07-31,-0.00195008,-0.00182174,-0.00191903,-0.00156927,-0.00125547,-0.00182174,0.00664540
2025-08-01,-0.00523335,-0.00301366,-0.00455000,-0.00184670,-0.00097119,-0.00301366,0.01718362
2025-08-04,0.00957003,0.00723612,0.00872573,0.00551727,0.00531266,0.00723612,0.00654355
2025-08-05,-0.00331934,-0.00213751,-0.00177582,-0.00220167,-0.00209047,-0.00213751,0.00042680
2025-08-06,0.00426578,0.00280140,0.00365106,0.00152664,0.00135281,0.00280140,-0.00133413
2025-08-07,-0.00079488,0.00090462,0.00115050,0.00195237,0.00192176,0.00090462,0.00778707
2025-08-08,0.00373295,0.00203974,0.00262035,0.00136058,0.00121306,0.00203974,0.00032409
2025-08-11,-0.00106035,-0.00156495,-0.00190096,-0.00212043,-0.00222651,-0.00156495,-0.01332383
2025-08-12,0.00629700,0.00479856,0.00626669,0.00280526,0.00254529,0.00479856,0.00012035
2025-08-13,0.00347910,0.00385779,0.00446751,0.00334588,0.00327726,0.00385779,0.00322204
2025-08-14,-0.00123262,-0.00255515,-0.00317176,-0.00238279,-0.00240997,-0.00255515,-0.00597622
2025-08-15,-0.00220242,-0.00132383,-0.00098836,-0.00123269,-0.00122449,-0.00132383,0.00038527
2025-08-18,-0.00050671,0.00011587,0.00041194,0.00007097,-0.00003196,0.00011587,-0.00134462
2025-08-19,-0.00226853,-0.00273167,-0.00329867,-0.00317079,-0.00293791,-0.00273167,-0.00551397
2025-08-20,-0.00101097,0.00035425,-0.00054434,0.00210559,0.00220207,0.00035425,0.00901503
2025-08-21,-0.00357947,-0.00242835,-0.00282177,-0.00119835,-0.00127151,-0.00242835,-0.00348804
2025-08-22,0.01143691,0.01069209,0.01209772,0.00958132,0.00931649,0.01069209,0.01118670
2025-08-25,-0.00343929,-0.00279375,-0.00343865,-0.00188714,-0.00186923,-0.00279375,-0.00261070
2025-08-26,0.00356080,0.00219335,0.00248840,0.00143999,0.00160902,0.00219335,0.00688242
2025-08-27,0.00211928,0.00104808,0.00068685,0.00102986,0.00111394,0.00104808,0.00190775
2025-08-28,0.00304381,0.00297097,0.00282388,0.00321160,0.00319704,0.00297097,0.00708582
2025-08-29,-0.00392208,-0.00245065,-0.00306003,-0.00096889,-0.00074837,-0.00245065,0.00831439
2025-09-02,-0.00563155,-0.00160612,-0.00258319,0.00206256,0.00108414,-0.00160612,0.02157017
2025-09-03,0.00463112,0.00347254,0.00417989,0.00237299,0.00301439,0.00347254,0.00758471
2025-09-04,0.00680595,0.00348644,0.00379175,0.00128425,0.00196034,0.00348644,-0.00397855
2025-09-05,0.00021187,0.00196641,0.00235971,0.00227173,0.00277278,0.00196641,0.01279047
2025-09-08,0.00271500,0.00358134,0.00351413,0.00423680,0.00407723,0.00358134,0.01102001
2025-09-09,0.00043121,0.00057911,0.00101999,0.00042338,0.00023220,0.00057911,-0.00179815
2025-09-10,0.00280828,0.00304813,0.00297158,0.00317605,0.00300610,0.00304813,0.00371163
2025-09-11,0.00560050,0.00464266,0.00613917,0.00283766,0.00330388,0.00464266,-0.00049895
2025-09-12,-0.00134935,-0.00065162,-0.00074561,0.00018845,-0.00021624,-0.00065162,0.00178923
2025-09-15,0.00386048,0.00433743,0.00450265,0.00479753,0.00451762,0.00433743,0.01011298
2025-09-16,-0.00058422,0.00102204,0.00073001,0.00202549,0.00152570,0.00102204,0.00214161
2025-09-17,-0.00160775,-0.00157108,-0.00071339,-0.00249189,-0.00214764,-0.00157108,-0.00698883
2025-09-18,0.00150227,0.00022226,0.00098163,-0.00079168,-0.00063821,0.00022226,-0.00367423
2025-09-19,0.00282888,0.00158523,0.00216356,0.00108021,0.00154105,0.00158523,0.00986001
2025-09-22,0.00221146,0.00262930,0.00330757,0.00301927,0.00308709,0.00262930,0.01637758
2025-09-23,-0.00220464,-0.00039947,-0.00145253,0.00119873,0.00073769,-0.00039947,0.00364696
2025-09-24,-0.00298645,-0.00249305,-0.00294863,-0.00199567,-0.00246096,-0.00249305,-0.00864099
2025-09-25,-0.00365080,-0.00254958,-0.00335064,-0.00103071,-0.00147795,-0.00254958,0.00346551
2025-09-26,0.00325682,0.00223192,0.00254045,0.00203649,0.00206487,0.00223192,0.00543872
2025-09-29,0.00285002,0.00334021,0.00415706,0.00307264,0.00365980,0.00334021,0.01577304
2025-09-30,0.00211852,0.00184640,0.00245140,0.00164366,0.00187178,0.00184640,0.00820403
2025-10-01,0.00339072,0.00309510,0.00350391,0.00258378,0.00237660,0.00309510,0.00153953
2025-10-02,0.00110573,0.00056931,0.00106937,-0.00014262,-0.00035957,0.00056931,-0.00348285
2025-10-03,-0.00079559,0.00020162,0.00033651,0.00092154,0.00096186,0.00020162,0.00803292
2025-10-06,0.00099305,0.00240031,0.00260420,0.00381237,0.00383160,0.00240031,0.01884577
2025-10-07,-0.00123838,-0.00097213,-0.00204806,-0.00086408,0.00017301,-0.00097213,0.00515945
2025-10-08,0.00366415,0.00374811,0.00428499,0.00405044,0.00421453,0.00374811,0.01649102
2025-10-09,-0.00203324,-0.00399450,-0.00426329,-0.00520732,-0.00523879,-0.00399450,-0.01845286
2025-10-10,-0.01377182,-0.01256400,-0.01561608,-0.01503150,-0.00945206,-0.01256400,0.01009769
2025-10-13,0.00931396,0.01093846,0.01278817,0.01274526,0.01117915,0.01093846,0.02430104
2025-10-14,0.00031015,-0.00078972,-0.00094957,-0.00252379,-0.00094783,-0.00078972,0.00714116
2025-10-15,0.00218876,0.00429678,0.00543226,0.00538458,0.00498367,0.00429678,0.01733239
2025-10-16,-0.00220154,0.00039198,-0.00017505,0.00051710,0.00242992,0.00039198,0.02338728
2025-10-17,0.00270979,0.00060923,0.00121810,0.00011501,-0.00150759,0.00060923,-0.01881700
2025-10-20,0.00674061,0.00802533,0.00870568,0.00909286,0.00965963,0.00802533,0.03640196
2025-10-21,0.00073235,-0.00479853,-0.00511202,-0.00696626,-0.00982123,-0.00479853,-0.06426888
2025-10-22,-0.00302690,-0.00108793,-0.00222994,0.00059948,0.00044827,-0.00108793,0.00010603
2025-10-23,0.00221781,0.00329944,0.00364578,0.00521294,0.00371179,0.00329944,0.00400233
2025-10-24,0.00526572,0.00386914,0.00462964,0.00350772,0.00248323,0.00386914,-0.00335278
2025-10-27,0.00708659,0.00391764,0.00529696,0.00320218,0.00027717,0.00391764,-0.02783958
2025-10-28,0.00196876,0.00025834,0.00068867,-0.00084829,-0.00097849,0.00025834,-0.00716602
2025-10-29,-0.00226708,-0.00132323,-0.00077474,-0.00004958,-0.00129765,-0.00132323,-0.00378726
2025-10-30,-0.00722969,-0.00459855,-0.00564093,-0.00411600,-0.00187805,-0.00459855,0.01964187
2025-10-31,0.00214281,0.00117838,0.00083111,0.00152277,0.00095620,0.00117838,-0.00543052
2025-11-03,0.00093257,0.00128903,0.00215623,0.00205064,0.00131245,0.00128903,0.00232211
2025-11-04,-0.00662238,-0.00686835,-0.00809006,-0.00767804,-0.00627761,-0.00686835,-0.01762406
2025-11-05,0.00015375,0.00123934,0.00179206,0.00163353,0.00109958,0.00123934,0.01122297
2025-11-06,-0.00438952,-0.00303269,-0.00348518,-0.00297209,-0.00118623,-0.00303269,-0.00201938
2025-11-07,0.00075375,0.00068402,0.00064470,0.00077841,0.00127878,0.00068402,0.00493835
2025-11-10,0.00875201,0.00910272,0.01059465,0.01022596,0.00905011,0.00910272,0.02607885
2025-11-11,0.00261623,0.00251919,0.00289409,0.00291374,0.00302688,0.00251919,0.00357090
2025-11-12,0.00041639,0.00022522,-0.00117879,-0.00071918,0.00081130,0.00022522,0.01406899
2025-11-13,-0.01110740,-0.00887791,-0.00880202,-0.00835516,-0.00678474,-0.00887791,-0.00853958
2025-11-14,-0.00076632,-0.00126230,-0.00079195,-0.00123909,-0.00281058,-0.00126230,-0.01570500
2025-11-17,-0.00509871,-0.00493156,-0.00539924,-0.00511867,-0.00415401,-0.00493156,-0.01151038
2025-11-18,-0.00431698,-0.00210984,-0.00136519,-0.00098759,0.00041524,-0.00210984,0.00569815
2025-11-19,0.00199050,0.00035483,-0.00100575,-0.00089564,-0.00058129,0.00035483,0.00097748
2025-11-20,-0.00806677,-0.00652644,-0.00786609,-0.00705448,-0.00428212,-0.00652644,-0.00198924
2025-11-21,0.00722153,0.00428106,0.00268664,0.00260208,0.00221808,0.00428106,-0.00137802
2025-11-24,0.00931844,0.00783011,0.00786571,0.00760473,0.00671292,0.00783011,0.01518312
2025-11-25,0.00662501,0.00441694,0.00326841,0.00310410,0.00245531,0.00441694,0.00016332
2025-11-26,0.00443893,0.00446238,0.00559912,0.00534918,0.00456088,0.00446238,0.00790411
2025-11-28,0.00255298,0.00285696,0.00410562,0.00397245,0.00363147,0.00285696,0.01106071
2025-12-01,-0.00488655,-0.00301505,-0.00188486,-0.00185292,-0.00173712,-0.00301505,0.00475940
2025-12-02,0.00144265,0.00056537,-0.00008137,-0.00018406,-0.00052178,0.00056537,-0.00644003
2025-12-03,0.00290511,0.00219900,0.00235307,0.00227967,0.00205126,0.00219900,-0.00092966
2025-12-04,-0.00079607,-0.00035939,0.00033690,0.00024918,-0.00001246,-0.00035939,0.00064620
2025-12-05,0.00031918,0.00105159,0.00218807,0.00192635,0.00110644,0.00105159,-0.00178235
2025-12-08,-0.00263450,-0.00289137,-0.00388557,-0.00379352,-0.00352110,-0.00289137,-0.00263948
2025-12-09,-0.00109798,-0.00084674,-0.00094032,-0.00083422,-0.00049520,-0.00084674,0.00513725
2025-12-10,0.00527763,0.00527084,0.00578869,0.00557996,0.00492144,0.00527084,0.00425916
2025-12-11,0.00144512,0.00083208,0.00032354,0.00052325,0.00116309,0.00083208,0.01076982
2025-12-12,-0.00756086,-0.00599434,-0.00647322,-0.00600233,-0.00450645,-0.00599434,0.00559455
2025-12-15,-0.00057828,-0.00079727,-0.00158392,-0.00145616,-0.00106245,-0.00079727,0.00091038
2025-12-16,-0.00052535,-0.00130341,-0.00302330,-0.00275584,-0.00193429,-0.00130341,0.00022739
2025-12-17,-0.00668571,-0.00364696,-0.00213041,-0.00174489,-0.00049543,-0.00364696,0.00858824
2025-12-18,0.00555428,0.00433499,0.00349812,0.00324315,0.00241521,0.00433499,-0.00180320
2025-12-19,0.00452199,0.00384226,0.00483333,0.00443761,0.00319904,0.00384226,0.00112904
2025-12-22,0.00333212,0.00430364,0.00559867,0.00564750,0.00583633,0.00430364,0.02308155
2025-12-23,0.00259114,0.00340788,0.00469591,0.00465476,0.00455190,0.00340788,0.01325233
2025-12-24,0.00315509,0.00214322,0.00171386,0.00160402,0.00124728,0.00214322,-0.00413403
2025-12-26,0.00030831,0.00163024,0.00210013,0.00218446,0.00245427,0.00163024,0.01167674
2025-12-29,-0.00157867,-0.00384902,-0.00491439,-0.00542102,-0.00706866,-0.00384902,-0.04352834
2025-12-30,-0.00114744,0.00018986,0.00130783,0.00121266,0.00092542,0.00018986,0.00072755
2025-12-31,-0.00578441,-0.00487745,-0.00543729,-0.00534163,-0.00505223,-0.00487745,-0.00646795
2026-01-02,0.00076613,0.00359295,0.00515446,0.00464914,0.00404543,0.00359295,0.00497086
2026-01-05,0.00520547,0.00685613,0.00861765,0.00862757,0.00861115,0.00685613,0.02631315
2026-01-06,0.00328769,0.00318063,0.00328068,0.00318831,0.00312422,0.00318063,0.01081319
2026-01-07,-0.00120184,-0.00233483,-0.00369202,-0.00350067,-0.00327457,-0.00233483,-0.00956000
2026-01-08,-0.00125792,0.00015275,0.00185310,0.00172099,0.00154007,0.00015275,0.00552257
2026-01-09,0.00443942,0.00365222,0.00354963,0.00347020,0.00341194,0.00365222,0.00724197
2026-01-12,0.00045507,0.00334182,0.00548657,0.00537267,0.00521177,0.00334182,0.01872271
2026-01-13,-0.00071578,-0.00079509,-0.00044353,-0.00032571,-0.00023436,-0.00079509,-0.00142103
2026-01-14,-0.00214478,-0.00014055,0.00010639,0.00038976,0.00067877,-0.00014055,0.01022223
2026-01-15,0.00081493,0.00023082,-0.00017640,-0.00044574,-0.00070587,0.00023082,-0.00612762
2026-01-16,-0.00202946,-0.00198452,-0.00173742,-0.00184046,-0.00193701,-0.00198452,-0.00481894
2026-01-20,-0.01386399,-0.00681445,-0.00438323,-0.00327015,-0.00211996,-0.00681445,0.03783617
2026-01-21,0.00797117,0.00823287,0.00951173,0.00916812,0.00879273,0.00823287,0.01456899
2026-01-22,0.00310360,0.00359475,0.00357436,0.00367322,0.00382999,0.00359475,0.01846258
2026-01-23,0.00088122,0.00299229,0.00505296,0.00506667,0.00500472,0.00299229,0.01374532
2026-01-26,0.00364186,0.00346942,0.00359416,0.00373673,0.00391539,0.00346942,0.01462882
2026-01-27,0.00195304,0.00529749,0.00771524,0.00757658,0.00739400,0.00529749,0.02453196
2026-01-28,-0.00039033,0.00330791,0.00519075,0.00572035,0.00629582,0.00330791,0.03877337
2026-01-29,-0.00078977,-0.00000569,0.00122155,0.00129946,0.00131830,-0.00000569,0.00270948
2026-01-30,-0.00205019,-0.01151834,-0.01594014,-0.01730023,-0.01879388,-0.01151834,-0.10274249
2026-02-02,0.00219434,-0.00234101,-0.00595189,-0.00600323,-0.00532513,-0.00234101,-0.04004944
2026-02-03,-0.00471190,0.00212746,0.00532142,0.00561871,0.00530980,0.00212746,0.06358720
2026-02-04,-0.00298709,-0.00321729,-0.00355753,-0.00342118,-0.00338474,-0.00321729,-0.00070440
2026-02-05,-0.00511683,-0.00555652,-0.00783026,-0.00763054,-0.00726754,-0.00555652,-0.02663172
2026-02-06,0.01139287,0.01173727,0.01327788,0.01304316,0.01289576,0.01173727,0.03073233
2026-02-09,0.00296926,0.00443773,0.00559686,0.00561334,0.00551445,0.00443773,0.02540289
2026-02-10,0.00016931,-0.00040750,-0.00131364,-0.00126812,-0.00116611,-0.00040750,-0.00991371
2026-02-11,-0.00126312,0.00180117,0.00395881,0.00376450,0.00339788,0.00180117,0.01131055
2026-02-12,-0.00678423,-0.00782444,-0.01077857,-0.01051249,-0.01003202,-0.00782444,-0.03472831
2026-02-13,0.00201452,0.00325949,0.00311073,0.00332832,0.00351085,0.00325949,0.02487871
2026-02-17,0.00091390,-0.00221462,-0.00381897,-0.00394274,-0.00380926,-0.00221462,-0.03117029
2026-02-18,0.00214889,0.00425059,0.00718868,0.00697419,0.00636838,0.00425059,0.02248996
2026-02-19,-0.00119181,-0.00026033,0.00053311,0.00051438,0.00030206,-0.00026033,0.00279305
2026-02-20,0.00429371,0.00609843,0.00747560,0.00732884,0.00717100,0.00609843,0.01971451
2026-02-23,-0.00462230,-0.00217388,-0.00227244,-0.00183902,-0.00166104,-0.00217388,0.02701549
2026-02-24,0.00422037,0.00320196,0.00359355,0.00327152,0.00307672,0.00320196,-0.01385888
2026-02-25,0.00467806,0.00395585,0.00448758,0.00426284,0.00413089,0.00395585,-0.00250732
2026-02-26,-0.00223236,-0.00172257,-0.00217131,-0.00191894,-0.00177215,-0.00172257,0.00857589
2026-02-27,-0.00123150,0.00044595,0.00129032,0.00139207,0.00118776,0.00044595,0.01313144
2026-03-02,-0.00206695,-0.00116334,0.00169871,0.00141754,-0.00108053,-0.00116334,0.01291990
2026-03-03,-0.00575377,-0.01058743,-0.01201364,-0.01202685,-0.01271139,-0.01058743,-0.04461224
2026-03-04,0.00340574,0.00407035,0.00533371,0.00513352,0.00446766,0.00407035,0.00781817
2026-03-05,-0.00458955,-0.00526162,-0.00399627,-0.00416321,-0.00587603,-0.00526162,-0.01201780
2026-03-06,-0.00812937,-0.00288820,0.00182360,0.00145828,-0.00246097,-0.00288820,0.01583249
2026-03-09,0.00649046,0.00551051,0.00399866,0.00407744,0.00568815,0.00551051,-0.00206965
2026-03-10,-0.00224632,0.00016544,0.00257177,0.00233935,0.00061590,0.00016544,0.01127971
2026-03-11,-0.00257788,-0.00073900,0.00231212,0.00191156,-0.00050646,-0.00073900,-0.00339011
2026-03-12,-0.01041237,-0.00933896,-0.00656206,-0.00688602,-0.01023397,-0.00933896,-0.01965396
2026-03-13,-0.00380458,-0.00368504,-0.00406550,-0.00404808,-0.00390632,-0.00368504,-0.01293694
2026-03-16,0.00788728,0.00685519,0.00535060,0.00542592,0.00713007,0.00685519,-0.00088968
2026-03-17,0.00228496,0.00338648,0.00530905,0.00501565,0.00339948,0.00338648,-0.00251938
2026-03-18,-0.01018658,-0.00900607,-0.00639583,-0.00678625,-0.00975118,-0.00900607,-0.03163716
2026-03-19,-0.00151122,-0.00332209,-0.00491259,-0.00495531,-0.00407720,-0.00332209,-0.04121509
2026-03-20,-0.01217080,-0.01297644,-0.01228899,-0.01241147,-0.01385710,-0.01297644,-0.03055744
2026-03-23,0.00752231,0.00439287,-0.00032885,0.00002021,0.00444140,0.00439287,-0.02259422
2026-03-24,-0.00335885,-0.00280910,-0.00091815,-0.00113179,-0.00304952,-0.00280910,0.00022275
2026-03-25,0.00545065,0.00638664,0.00572826,0.00592383,0.00699827,0.00638664,0.03008933
2026-03-26,-0.01390631,-0.01336970,-0.01156587,-0.01182006,-0.01419094,-0.01336970,-0.03759398
2026-03-27,-0.01008018,-0.00370051,-0.00043407,-0.00048931,-0.00291010,-0.00370051,0.03509385
2026-03-30,0.00093638,0.00066989,0.00031673,0.00039622,0.00013781,0.00066989,-0.00028937
2026-03-31,0.01779921,0.01577456,0.01416080,0.01429238,0.01692195,0.01577456,0.03789377
2026-04-01,0.00416906,0.00385217,0.00516203,0.00337344,0.00346993,0.00385217,0.01605485
2026-04-02,0.00146317,0.00036731,-0.00137601,0.00117283,0.00086352,0.00036731,-0.01808692
2026-04-06,0.00179880,0.00213775,0.00292365,0.00275826,0.00244214,0.00213775,-0.00222820
2026-04-07,0.00126729,0.00151244,0.00165942,0.00123109,0.00138749,0.00151244,0.00884120
2026-04-08,0.01623174,0.01450457,0.01997051,0.01244591,0.01189091,0.01450457,0.01314180
2026-04-09,0.00338696,0.00247620,0.00245003,0.00258553,0.00259971,0.00247620,0.00624154
2026-04-10,-0.00105801,-0.00095966,-0.00042950,-0.00097341,-0.00099614,-0.00095966,-0.00084220
2026-04-13,0.00682199,0.00596567,0.00605667,0.00649673,0.00610543,0.00596567,-0.00221695
2026-04-14,0.00871564,0.00846394,0.01005339,0.00813044,0.00812941,0.00846394,0.02187550
2026-04-15,0.00399879,0.00171805,0.00217691,0.00135611,0.00109693,0.00171805,-0.00895704
2026-04-16,0.00083220,0.00097298,0.00104240,0.00152934,0.00133439,0.00097298,-0.00013367
2026-04-17,0.00954690,0.00750345,0.01006385,0.00510415,0.00526689,0.00750345,0.01415711
2026-04-20,-0.00159511,-0.00163446,-0.00267154,-0.00093916,-0.00107558,-0.00163446,-0.00840282
2026-04-21,-0.00572149,-0.00582799,-0.00746869,-0.00465335,-0.00500155,-0.00582799,-0.02626832
2026-04-22,0.00665993,0.00720976,0.00810216,0.00805810,0.00779401,0.00720976,0.01399482
2026-04-23,-0.00300342,-0.00343035,-0.00500306,-0.00265010,-0.00266573,-0.00343035,-0.01070019
2026-04-24,0.00555998,0.00608320,0.00752310,0.00622482,0.00596377,0.00608320,0.00774353
2026-04-27,0.00019787,-0.00005285,-0.00018472,0.00047876,0.00027128,-0.00005285,-0.00679882
2026-04-28,-0.00338360,-0.00370860,-0.00484906,-0.00335487,-0.00349670,-0.00370860,-0.01726519
2026-04-29,-0.00188595,-0.00144084,-0.00261080,0.00037458,-0.00001748,-0.00144084,-0.00974168
2026-04-30,0.00690794,0.00738805,0.00887814,0.00754187,0.00737836,0.00738805,0.01588009
2026-05-01,0.00195548,0.00114190,0.00045092,0.00111186,0.00088395,0.00114190,0.00065473
2026-05-04,-0.00367561,-0.00282153,-0.00617215,-0.00285725,-0.00232823,-0.00282153,-0.00815911
2026-05-05,0.00540964,0.00554636,0.00310864,0.00592844,0.00559764,0.00554636,0.01573359
2026-05-06,0.01034663,0.00960626,0.00970268,0.01026973,0.00907672,0.00960626,0.03133261
2026-05-07,-0.00306065,-0.00348998,-0.00141656,-0.00355942,-0.00337699,-0.00348998,-0.00754810
2026-05-08,0.00603305,0.00650167,0.00336202,0.00692643,0.00678765,0.00650167,0.01426662
2026-05-11,0.00004936,0.00097465,-0.00091212,0.00129749,0.00196858,0.00097465,0.00033018
2026-05-12,-0.00224857,-0.00396358,-0.00262150,-0.00459870,-0.00394710,-0.00396358,-0.02024122
2026-05-13,0.00339770,0.00338666,-0.00056920,0.00369649,0.00327456,0.00338666,0.01062089
2026-05-14,0.00455565,0.00207045,-0.00108363,0.00175627,0.00141469,0.00207045,-0.00140086
2026-05-15,-0.01044370,-0.01151787,-0.00978795,-0.01213885,-0.01174582,-0.01151787,-0.03003533
2026-05-18,-0.00059559,-0.00003323,0.00015979,0.00002452,0.00018427,-0.00003323,0.00011380
2026-05-19,-0.00556408,-0.00525975,-0.00600151,-0.00551797,-0.00518762,-0.00525975,-0.01311227
2026-05-20,0.00888660,0.00747502,0.00717597,0.00748139,0.00653308,0.00747502,0.01699887
2026-05-21,0.00145901,0.00146354,0.00029754,0.00156554,0.00134399,0.00146354,0.00497389
2026-05-22,0.00273133,0.00078717,-0.00067057,0.00036459,0.00013387,0.00078717,-0.00431344
2026-05-26,0.00571289,0.00707018,0.00311915,0.00776558,0.00711805,0.00707018,0.02381411
2026-05-27,0.00005914,-0.00149356,-0.00236250,-0.00185519,-0.00232463,-0.00149356,-0.00505671
2026-05-28,0.00427884,0.00401205,0.00394531,0.00411181,0.00422404,0.00401205,0.00590304
2026-05-29,0.00197601,0.00141751,0.00291462,0.00144820,0.00120208,0.00141751,0.00382499
