date,macro_growth_indpro_yoy_level,macro_growth_indpro_yoy_chg_3m,macro_growth_indpro_yoy_chg_12m,macro_growth_indpro_yoy_z_36m,macro_growth_cfnai_ma3_level,macro_growth_cfnai_ma3_chg_3m,macro_growth_cfnai_ma3_chg_12m,macro_growth_cfnai_ma3_z_36m,macro_labour_unrate_level,macro_labour_unrate_chg_3m,macro_labour_unrate_chg_12m,macro_labour_unrate_z_36m,macro_labour_payems_3m_level,macro_labour_payems_3m_chg_3m,macro_labour_payems_3m_chg_12m,macro_labour_payems_3m_z_36m,macro_infl_cpi_yoy_level,macro_infl_cpi_yoy_chg_3m,macro_infl_cpi_yoy_chg_12m,macro_infl_cpi_yoy_z_36m,macro_infl_core_yoy_level,macro_infl_core_yoy_chg_3m,macro_infl_core_yoy_chg_12m,macro_infl_core_yoy_z_36m,macro_policy_ffr_level,macro_policy_ffr_chg_3m,macro_policy_ffr_chg_12m,macro_policy_ffr_z_36m,macro_rates_2y_level,macro_rates_2y_chg_3m,macro_rates_2y_chg_12m,macro_rates_2y_z_36m,macro_rates_10y_level,macro_rates_10y_chg_3m,macro_rates_10y_chg_12m,macro_rates_10y_z_36m,macro_curve_10y2y_level,macro_curve_10y2y_chg_3m,macro_curve_10y2y_chg_12m,macro_curve_10y2y_z_36m,macro_risk_vix_level,macro_risk_vix_chg_3m,macro_risk_vix_chg_12m,macro_risk_vix_z_36m,macro_credit_baa10y_level,macro_credit_baa10y_chg_3m,macro_credit_baa10y_chg_12m,macro_credit_baa10y_z_36m,macro_usd_broad_yoy_level,macro_usd_broad_yoy_chg_3m,macro_usd_broad_yoy_chg_12m,macro_usd_broad_yoy_z_36m,mkt_us_equity_ret_1m,mkt_us_equity_ret_3m,mkt_us_equity_ret_6m,mkt_us_equity_ret_12m,mkt_us_equity_vol_6m,mkt_us_equity_dd_12m,mkt_dev_ex_us_equity_ret_1m,mkt_dev_ex_us_equity_ret_3m,mkt_dev_ex_us_equity_ret_6m,mkt_dev_ex_us_equity_ret_12m,mkt_dev_ex_us_equity_vol_6m,mkt_dev_ex_us_equity_dd_12m,mkt_em_equity_ret_1m,mkt_em_equity_ret_3m,mkt_em_equity_ret_6m,mkt_em_equity_ret_12m,mkt_em_equity_vol_6m,mkt_em_equity_dd_12m,mkt_ust_7_10y_ret_1m,mkt_ust_7_10y_ret_3m,mkt_ust_7_10y_ret_6m,mkt_ust_7_10y_ret_12m,mkt_ust_7_10y_vol_6m,mkt_ust_7_10y_dd_12m,mkt_ust_20y_plus_ret_1m,mkt_ust_20y_plus_ret_3m,mkt_ust_20y_plus_ret_6m,mkt_ust_20y_plus_ret_12m,mkt_ust_20y_plus_vol_6m,mkt_ust_20y_plus_dd_12m,mkt_ig_credit_ret_1m,mkt_ig_credit_ret_3m,mkt_ig_credit_ret_6m,mkt_ig_credit_ret_12m,mkt_ig_credit_vol_6m,mkt_ig_credit_dd_12m,mkt_gold_ret_1m,mkt_gold_ret_3m,mkt_gold_ret_6m,mkt_gold_ret_12m,mkt_gold_vol_6m,mkt_gold_dd_12m,mkt_stock_bond_corr_6m
2002-12-31,1.79246,1.2423,7.55926,,-0.183333,-0.17,0.52,,6,0.3,0.4,,-12.6667,-83,280.333,,2.25352,0.506058,0.359147,,2.0202,-0.33652,-0.710546,,1.23,-0.62,-0.29,-1.30475,1.61,-0.11,-1.46,-1.52864,3.82,0.19,-1.25,-1.80422,2.21,0.3,0.21,1.203,29.62,-10.07,5.82,0.885777,3.48,-0.28,0.63,1.37883,,,,,-0.0565717,0.0343376,-0.0622202,-0.215845,0.319825,-0.239055,-0.033484,0.0345991,-0.125994,-0.154197,0.301262,-0.195599,,,,,,,0.0354856,0.009981,,,,,0.0452537,0.00994359,,,,,0.0392846,0.0410463,,,,,,,,,,,
2003-01-31,2.10012,0.909398,8.02054,,-0.266667,-0.04,0.17,,6,0.4,0.2,1.415,-40,-71,269.667,,2.42527,0.909266,0.878876,,1.96495,-0.279839,-0.762819,,1.29,-0.53,-0.56,-1.2016,1.7,0.02,-1.46,-1.39731,4,0.07,-1.07,-1.50887,2.3,0.05,0.39,1.21915,31.32,0.18,10.23,1.17497,3.19,-0.63,0.34,0.730782,,,,,-0.0245937,-0.032956,-0.0215066,-0.227561,0.283267,-0.25777,-0.0430231,-0.0166727,-0.0670256,-0.140901,0.268641,-0.230206,,,,,,,-0.00765984,0.0112419,0.0534333,,0.0798329,,-0.00575837,0.0343653,0.0846822,,0.12676,,-0.00811495,0.0493959,0.0811986,,0.0733975,,,,,,,,-0.725025
2003-02-28,1.98409,1.00885,6.56306,,-0.02,0.233333,0.373333,,5.7,-0.1,0.1,0.989658,-31.3333,-67.3333,149.667,,2.59009,0.563063,1.45114,,1.90779,-0.333405,-0.702324,,1.31,0.08,-0.52,-1.12759,1.58,-0.5,-1.48,-1.39465,3.76,-0.46,-1.12,-1.74438,2.18,0.04,0.36,1.04281,30.53,3.03,8.94,0.971601,3.2,-0.18,0.22,0.72552,,,,,-0.0182714,-0.0696078,-0.0694938,-0.224056,0.26183,-0.267775,-0.013822,-0.0647631,-0.119067,-0.169017,0.255147,-0.246458,,,,,,,0.0264772,0.0396896,0.0614027,,0.0748579,,0.041499,0.0540509,0.080902,,0.121553,,0.0261172,0.0453706,0.0789313,,0.070881,,,,,,,,-0.737138
2003-03-31,1.75005,-0.0433278,5.64454,,-0.223333,-0.04,-0.0666667,0.13603,5.8,-0.1,0.2,1.05246,-90,-58,37,,3.03541,0.780622,1.95587,,1.85185,-0.115187,-0.698338,,1.26,0.1,-0.48,-1.09013,1.56,-0.05,-2.16,-1.33589,3.92,0.09,-1.5,-1.43277,2.36,0.14,0.66,1.16545,27.75,-0.87,10.35,0.420113,3.01,-0.47,0.2,0.19901,,,,,0.00214429,-0.0262995,0.0332327,-0.24776,0.260081,-0.2436,-0.0231804,-0.0674238,-0.0468358,-0.235464,0.249496,-0.263926,,,,,,,-0.0037962,0.0119486,0.0174598,,0.0759186,,-0.0136466,0.0108751,0.0124676,,0.124042,,0.00121031,0.0178287,0.0516372,,0.0722015,,,,,,,,-0.748359
2003-04-30,0.455122,-0.986809,3.49204,,-0.0866667,0.18,-0.0266667,0.634473,5.8,-0.2,0.1,0.99635,-87.3333,-34.3333,-24.3333,-0.556574,3.02521,0.599942,1.60476,,1.74419,-0.219721,-0.636766,,1.27,-0.06,-0.55,-1.03096,1.62,-0.1,-1.62,-1.24309,3.96,-0.04,-1.15,-1.30752,2.34,0.06,0.47,1.09693,20.76,-10.41,-1.15,-0.900036,2.77,-0.39,-0.07,-0.482689,,,,,0.0846125,0.0670784,0.0348662,-0.133354,0.219097,-0.15711,0.101658,0.0612471,0.0290308,-0.165753,0.212436,-0.189098,,,,,,,0.00137539,0.0239869,0.0402364,,0.0692956,,0.0104851,0.0380574,0.0763419,,0.116173,,0.0212504,0.0491909,0.100835,,0.0684144,,,,,,,,-0.716484
2003-05-30,-0.415028,-1.97789,1.75023,,-0.43,-0.41,-0.44,-0.517518,6,0.3,0.1,1.18243,-175,-166.667,-111.333,-1.17074,2.2309,-0.359192,0.644496,,1.47601,-0.431775,-1.00913,,1.29,-0.04,-0.5,-0.97394,1.3,-0.23,-1.92,-1.38306,3.34,-0.37,-1.74,-2.03324,2.04,-0.14,0.18,0.739802,20.43,-9.2,0.45,-0.93966,2.87,-0.34,-0.11,-0.240582,,,,,0.0548362,0.146542,0.0667336,-0.0784825,0.210488,-0.0803727,0.0645198,0.145552,0.0713629,-0.121296,0.200111,-0.116639,0.0912316,,,,,,0.0379056,0.0353876,0.0764817,,0.0647609,,0.0631959,0.0596826,0.116959,,0.111133,,0.0358664,0.0591594,0.107214,,0.0628637,,,,,,,,-0.630442
2003-06-30,-0.782276,-2.19074,0.469434,,-0.27,-0.0466667,-0.336667,0.109576,6.1,0.3,0.3,1.23623,-56,2,-23,-0.108223,2.11699,-0.918422,0.933226,,1.57895,-0.272904,-0.902175,,1.08,-0.3,-0.65,-1.02907,1.38,-0.13,-1.52,-1.2818,3.58,-0.25,-1.28,-1.61859,2.2,-0.12,0.24,0.872212,19.16,-9.99,-6.24,-1.16402,2.8,-0.24,-0.33,-0.479513,,,,,0.0106535,0.156277,0.125868,0.00348589,0.199573,-0.0361709,0.0193924,0.195479,0.114875,-0.0688978,0.18887,-0.0707764,0.041978,,,,,,-0.00691388,0.0321473,0.04448,,0.0670846,,-0.0180684,0.054932,0.0664044,,0.114411,,-0.00392044,0.0537317,0.0725183,,0.0681792,,,,,,,,-0.553444
2003-07-31,-1.02871,-1.43094,-0.734503,,-0.163333,-0.0766667,-0.34,0.548832,6.4,0.6,0.6,1.51891,-40.6667,-2.66667,-8,0.089522,2.11346,-0.911751,1.04544,,1.47213,-0.272051,-0.78593,,1.03,-0.28,-0.73,-1.01885,1.64,0.13,-0.59,-1.06712,4.34,0.45,-0.17,-0.519709,2.7,0.32,0.42,1.38105,18.85,-2.36,-13.18,-1.20421,2.55,-0.21,-0.7,-1.26771,,,,,0.00872695,0.0854111,0.186211,0.108986,0.187759,-0.0187958,0.00918023,0.0970908,0.169804,0.0447907,0.183549,-0.0296517,0.0453823,0.2062,,,,,-0.0527159,-0.0265161,-0.00618803,0.0507364,0.0710906,-0.0774902,-0.0953213,-0.0606642,-0.031667,0.053437,0.122605,-0.143159,-0.0529332,-0.0325865,0.0140891,0.104131,0.0710241,-0.0828472,,,,,,,-0.354926
2003-08-29,-1.38021,-0.804441,-1.90366,,0.08,0.51,0.0466667,1.42321,6.2,0.2,0.4,1.20424,-64,34,6.33333,-0.08409,2.10994,-0.120959,0.64515,,1.52231,0.046295,-0.677261,,1.04,-0.24,-0.77,-0.973472,1.93,0.6,-0.21,-0.837501,4.42,1.05,0.28,-0.369782,2.49,0.45,0.49,1.11228,18.48,-0.99,-14.16,-1.30652,2.49,-0.36,-0.83,-1.44842,,,,,0.0206265,0.0457802,0.215574,0.119822,0.177525,0,0.0329234,0.0590299,0.219219,0.0893427,0.171486,-0.00855335,0.0798735,0.180497,,,,,0.00148034,-0.0562348,-0.0286456,0.0283648,0.0764181,-0.0761245,0.0130559,-0.0979036,-0.0522459,0.0175045,0.132162,-0.131972,0.0121084,-0.0463326,-0.00207383,0.0788892,0.0750526,-0.0717419,,,,,,,-0.237197
2003-09-30,-0.981088,-0.111893,-1.53124,,0.0266667,0.296667,0.04,1.18076,6.1,0,0.3,1.02499,-75,8,-12.6667,-0.159757,2.21607,0.0990748,0.525926,,1.30822,-0.270732,-1.04851,,1.04,-0.41,-0.81,-0.937084,1.61,0.29,-0.11,-1.03947,4.09,0.55,0.46,-0.822,2.48,0.26,0.57,1.06921,21.67,2.15,-18.02,-0.713243,2.56,-0.25,-1.2,-1.23674,,,,,-0.0109062,0.0183052,0.170344,0.2422,0.151704,-0.0407874,0.0302025,0.0738891,0.271607,0.252507,0.145357,-0.0342532,-0.00650808,0.121534,,,,,0.0436215,-0.00993049,0.021018,0.0314594,0.0784378,-0.0358237,0.059434,-0.0290392,0.0221276,0.0278166,0.134666,-0.0803816,0.0427448,-0.000493422,0.0420593,0.101327,0.0768875,-0.0320637,,,,,,,-0.129056
2003-10-31,-0.575322,0.72591,-1.76605,,0.0966667,0.26,0.323333,1.38944,6.1,-0.3,0.4,0.97689,-13.6667,46.6667,17.6667,0.46591,2.26645,0.152986,0.694295,,1.20167,-0.270463,-1.09656,,1.02,-0.02,-0.8,-0.924356,1.86,0.06,0.18,-0.812923,4.36,-0.13,0.43,-0.351506,2.5,-0.19,0.25,1.07924,16.33,-3.16,-14.81,-1.63773,2.36,-0.22,-1.46,-1.77295,,,,,0.0278176,0.0730304,0.140346,0.209194,0.138981,-0.00104395,0.0327371,0.130159,0.223243,0.284612,0.144696,-0.0149409,0.0488337,0.173946,0.376714,,0.177914,,-0.0154793,0.0184721,-0.000453333,0.0237621,0.0825345,-0.0549909,-0.0221524,0.0326294,-0.0198709,0.0348942,0.14085,-0.108257,-0.011664,0.0327789,0.004536,0.0914197,0.0799471,-0.0466311,,,,,,,-0.0906782
2003-11-28,0.648468,1.2868,-0.36962,,0.113333,0.0333333,0.366667,1.38382,6,-0.2,0.2,0.806705,95.3333,167.333,27.3333,1.47923,2.09713,-0.0128087,0.0701032,,1.3048,-0.217508,-0.936394,,1.01,0,-0.22,-0.914843,1.97,0.02,-0.11,-0.688602,4.25,-0.2,0.03,-0.486284,2.28,-0.22,0.14,0.749726,16.23,-2.4,-11.27,-1.54188,2.35,-0.11,-1.03,-1.72272,,,,,0.0120756,0.0534181,0.101644,0.147718,0.131879,0,0.0191454,0.124857,0.191257,0.253437,0.137875,0,0.00698995,0.105098,0.304565,,0.176998,,0.000108925,0.0231093,-0.0344251,0.047346,0.0832968,-0.0547745,0.00824816,0.0308082,-0.0701116,0.0547905,0.138391,-0.10523,0.00170782,0.0302068,-0.0175253,0.0869878,0.0812597,-0.0437022,,,,,,,-0.139499
2003-12-31,1.61035,2.18079,-0.0375098,,0.323333,0.296667,0.506667,1.95837,5.9,-0.2,0,0.630012,97.6667,132.667,36,1.52766,1.76406,-0.452009,-0.490734,,1.14703,-0.161187,-0.820011,,0.93,-0.24,-0.23,-0.933482,1.86,0.36,0.25,-0.756227,4.29,0.33,0.46,-0.390727,2.43,-0.03,0.21,0.994606,17.68,-5.04,-10.94,-1.21382,2.33,-0.24,-1.15,-1.6594,,,,,0.0390836,0.0952723,0.124934,0.281821,0.121338,0,0.0662633,0.149557,0.250338,0.403016,0.136311,0,0.0595039,0.181257,0.328379,,0.174867,,0.0266718,0.00170114,-0.0101294,0.0311063,0.0849217,-0.0350316,0.019113,-0.010197,-0.0449791,0.0161034,0.135305,-0.0932097,0.0278546,0.0129578,0.00932156,0.0727975,0.0817626,-0.0191091,,,,,,,-0.124266
2004-01-30,2.32796,2.18244,0.949506,1.50649,0.22,0.123333,0.486667,1.50947,5.7,-0.4,-0.3,0.300408,48,22.3333,78.3333,1.10311,1.87225,-0.394199,-0.553021,-0.486973,1.09318,-0.108491,-0.870726,-1.93348,1,-0.03,-0.33,-0.864479,1.88,0.03,0.16,-0.696085,4.22,-0.11,0.22,-0.469469,2.34,-0.14,0.06,0.805721,17.14,1.04,-14.03,-1.2656,2.19,-0.17,-0.97,-1.91793,,,,,0.0206876,0.0840067,0.15156,0.365993,0.112765,-0.0206264,0.0242115,0.120668,0.277633,0.49458,0.133173,-0.0258496,0.0371272,0.124044,0.332085,,0.178167,,0.0119283,0.0313638,0.0566448,0.0501063,0.0812402,-0.0252348,0.0186064,0.0408043,0.0779855,0.0438489,0.126095,-0.0763376,0.0147299,0.040012,0.082552,0.0978042,0.076727,-0.0130512,,,,,,,-0.220957
2004-02-27,2.36677,1.69579,1.05254,1.48362,0.19,0.0766667,0.21,1.32847,5.6,-0.4,-0.2,0.0883504,70.3333,27,121,1.36334,1.97585,-0.0660919,-0.614239,-0.301158,1.14464,-0.160842,-0.764161,-1.70846,1.03,0.02,-0.3,-0.831508,1.69,-0.37,0.16,-0.844724,4.05,-0.29,0.34,-0.715218,2.36,0.08,0.18,0.836632,14.83,-1.49,-14.8,-1.54426,2.2,-0.13,-1.01,-1.75828,,,,,0.0145538,0.0903195,0.158446,0.386009,0.107981,-0.0099001,0.0216625,0.136194,0.274105,0.573476,0.140029,-0.0194036,0.021775,0.181474,0.300592,,0.180841,,0.0195788,0.0383981,0.0766223,0.0470302,0.0764985,-0.00951741,0.0277774,0.0420149,0.0970312,0.0393172,0.11594,-0.0552604,0.0173422,0.046375,0.0933002,0.0900955,0.0733981,0,,,,,,,-0.30836
2004-03-31,2.6967,1.16461,1.16066,1.53282,0.183333,-0.14,0.406667,1.23252,5.6,-0.3,-0.3,0.0252102,42,-37.3333,133.333,1.09385,1.69214,-0.0719176,-1.28706,-0.673788,1.2474,0.100373,-0.551541,-1.43674,0.98,0.04,-0.4,-0.877484,1.63,-0.21,0.12,-0.863347,3.91,-0.36,0.08,-0.89865,2.28,-0.15,-0.04,0.640479,16.28,-2.03,-12.87,-1.22434,2.28,-0.06,-0.76,-1.46585,,,,,-0.0171789,0.0208339,0.140892,0.335236,0.111415,-0.0247794,0.00354322,0.0485015,0.229121,0.562959,0.151857,-0.0187114,-0.00903147,0.0840745,0.297842,,0.185804,,0.0177852,0.0415822,0.0406085,0.06248,0.0720751,-0.008607,0.0209794,0.0565526,0.0418143,0.0648671,0.108372,-0.0419284,0.0121814,0.0402105,0.0515127,0.0957386,0.0713119,-0.00844824,,,,,,,-0.201551
2004-04-30,3.38717,1.11617,2.99656,1.66858,0.353333,0.133333,0.44,1.65044,5.7,0,-0.1,0.148501,171,111.333,229.333,2.17199,1.73913,-0.0780502,-1.3421,-0.561128,1.55844,0.464692,-0.185744,-0.842172,1.03,0,-0.28,-0.823731,2.34,0.5,0.83,-0.0319475,4.55,0.39,0.66,0.237302,2.21,-0.11,-0.17,0.429391,16.6,-0.03,-4.61,-1.11676,2.06,-0.13,-0.7,-1.85207,,,,,-0.0189207,-0.01878,0.063649,0.226443,0.113123,-0.0432312,-0.0339004,-0.0109886,0.108353,0.386277,0.14781,-0.0519775,-0.0980048,-0.0571745,0.0597771,0.514895,0.190805,-0.129451,-0.0434672,-0.0154367,0.0154429,0.0127481,0.073524,-0.0517001,-0.0623531,-0.0274228,0.0122625,-0.0151777,0.108,-0.101667,-0.0388757,-0.0147411,0.0246811,0.0318374,0.0726246,-0.0469955,,,,,,,-0.0666217
2004-05-28,4.84041,2.47723,5.45696,2.03636,0.363333,0.173333,0.793333,1.59211,5.6,0,-0.4,-0.12697,236,152.667,332.333,2.41608,2.29008,0.314226,0.0604219,0.357635,1.76532,0.620676,0.236587,-0.442221,1,-0.04,-0.28,-0.851283,2.46,0.8,1.13,0.177683,4.6,0.61,1.23,0.38443,2.14,-0.19,0.1,0.189437,15.28,0.73,-4.19,-1.27234,2.05,-0.16,-0.8,-1.75583,,,,,0.00920934,-0.0250053,0.0697574,0.182464,0.115483,-0.0268493,0.00662106,-0.035148,0.10166,0.322514,0.160786,-0.0411659,-0.00982909,-0.102903,0.0742352,0.399015,0.227108,-0.119281,-0.00292296,-0.0372211,0.00327897,-0.0286133,0.073693,-0.0567364,0.00148914,-0.0512123,-0.00770221,-0.0756624,0.104962,-0.103987,-0.00523524,-0.0341498,0.0125172,-0.00660784,0.0730558,-0.0519847,,,,,,,0.0644967
2004-06-30,6.29709,3.45252,7.13621,2.27832,0.396667,0.213333,0.666667,1.60173,5.6,0,-0.5,-0.238272,315.667,232.333,368.333,2.62517,3.00055,1.30841,0.883554,1.65129,1.76166,0.514257,0.182711,-0.412879,1.13,0.08,-0.32,-0.672683,2.83,1.23,1.51,0.747067,4.7,0.84,1.16,0.632217,1.87,-0.39,-0.35,-0.702756,15.47,-1.27,-4.05,-1.21046,2.06,-0.23,-0.75,-1.63101,,,,,0.0184994,0.0175072,0.0376975,0.191643,0.11585,-0.00884664,0.0335369,0.0170687,0.0609104,0.340864,0.165818,-0.00900964,0.00924176,-0.0676075,0.00316257,0.355062,0.242009,-0.111142,0.00656512,-0.0387886,-0.00353395,-0.0154288,0.0706916,-0.0505438,0.0105859,-0.0503129,-0.00547933,-0.0486887,0.10503,-0.0717696,0.0013049,-0.0391994,-0.00801775,-0.0013966,0.0696908,-0.0507476,,,,,,,0.133473
2004-07-30,5.64072,2.13619,7.14873,1.92738,0.12,-0.233333,0.283333,0.713472,5.6,-0.1,-0.7,-0.367579,223.667,25.3333,244.333,1.81246,3.21526,1.47613,1.10062,2.03557,1.81253,0.254091,0.287822,-0.281144,1.3,0.27,0.26,-0.404027,2.75,0.44,0.95,0.726444,4.6,0.07,0.11,0.481112,1.85,-0.37,-0.84,-0.905933,15.68,-1.51,-3.81,-1.1195,2.09,0.04,-0.49,-1.48452,,,,,-0.0322178,-0.00523697,-0.0162656,0.135456,0.117932,-0.0407794,-0.0426561,-0.00399862,-0.012835,0.254031,0.167133,-0.0512815,-0.0363794,-0.0370329,-0.073637,0.241569,0.23339,-0.143478,0.0121219,0.0157888,0.00227999,0.0471953,0.0686292,-0.0390346,0.0153169,0.0275929,0.00225797,0.0570455,0.101678,-0.057552,0.0156293,0.0116306,-0.000871063,0.0655977,0.0678596,-0.0359115,,,,,,,0.132558
2004-08-31,4.85793,0.159222,5.49626,1.59692,0.253333,-0.11,0.173333,1.09216,5.5,-0.1,-0.7,-0.882309,106,-147.333,135,0.936334,2.99238,0.702307,0.937969,1.60171,1.75801,-0.00730224,0.235705,-0.341455,1.54,0.52,0.53,0.149684,2.47,-0.07,0.52,0.395433,4.19,-0.47,-0.26,-0.295829,1.72,-0.4,-0.78,-1.59708,15.44,-0.06,-3.19,-1.09403,2.19,0.16,-0.27,-1.21709,,,,,0.000360927,-0.0105986,-0.0309488,0.112639,0.123157,-0.0384429,0.0071233,-0.00115466,-0.0182144,0.238791,0.160281,-0.0399865,0.0405322,0.0138982,-0.0894915,0.184705,0.225634,-0.113226,0.027277,0.0528043,0.0144626,0.0824561,0.0706017,-0.0118434,0.0402996,0.0786281,0.0205475,0.103267,0.101744,-0.0182919,0.0286955,0.0538679,0.0144694,0.0989378,0.0687476,-0.00620687,,,,,,,0.00313612
2004-09-30,5.19859,-0.43771,5.76903,1.60115,0.166667,-0.23,0.14,0.764583,5.4,-0.2,-0.7,-1.45041,104.333,-190.667,132.333,0.86469,2.65583,-0.344719,0.496358,1.03593,1.70455,-0.0571126,0.39633,-0.403039,1.76,0.38,0.59,0.801362,2.61,-0.09,1.11,0.630899,4.1,-0.52,0.14,-0.446006,1.49,-0.43,-0.97,-2.35143,13.21,-1.13,-9.51,-1.34895,2.12,0.03,-0.45,-1.28108,,,,,0.010035,-0.00633084,-0.00411625,0.136196,0.113029,-0.0287936,0.0207153,0.00141471,-0.00141465,0.227383,0.152758,-0.0200996,0.0697612,0.0807606,-0.0170962,0.275654,0.218118,-0.0513637,0.00322692,0.0420616,-4.8162e-05,0.0405584,0.0690401,-0.00911553,0.00949288,0.0656549,0.00906584,0.0512592,0.100082,-0.0174795,0.00310981,0.0449512,0.0053773,0.057167,0.0686936,-0.00922116,,,,,,,0.00826779
2004-10-29,4.64069,-0.701806,4.49518,1.35456,0.316667,0.196667,0.22,1.24985,5.4,-0.2,-0.7,-1.67825,103,-106.333,104,0.806625,2.48514,-0.730116,0.163418,0.748818,1.9618,0.149264,0.760125,0.146187,1.79,0.5,0.76,1.05476,2.59,-0.09,0.74,0.590165,4.09,-0.41,-0.24,-0.455698,1.5,-0.32,-0.98,-2.15741,15.39,0.07,-0.71,-0.977757,2.1,0,-0.26,-1.24703,,,,,0.012885,0.0234185,0.0281694,0.0936114,0.113913,-0.0162797,0.0350099,0.0639758,0.0698128,0.185731,0.149178,0,0.0284689,0.14481,0.120722,0.187716,0.212901,-0.0243571,0.00989672,0.0407914,0.0557381,0.0720418,0.0623145,-0.0034571,0.0176468,0.0687073,0.0951592,0.108589,0.0915971,-0.00500703,0.0118256,0.0440973,0.058413,0.0845358,0.0632958,-0.00221504,,,,,,,-0.155876
2004-11-30,5.20326,-0.113034,4.53228,1.46915,0.303333,0.05,0.19,1.16048,5.5,0,-0.5,-1.26704,224.667,95,181.333,1.57235,3.245,0.252614,1.20305,1.90632,2.01031,0.252295,0.704826,0.289389,2.03,0.48,1.02,1.76233,3.07,0.66,1.01,1.31211,4.34,0.21,0,0.0752463,1.27,-0.45,-1.01,-2.60879,13.3,-1.99,-3.02,-1.23592,1.93,-0.26,-0.4,-1.4783,,,,,0.0445165,0.0685918,0.0572662,0.128666,0.110659,-0.00715847,0.0608115,0.120695,0.119401,0.234207,0.131871,-0.0067186,0.099485,0.209671,0.226483,0.296811,0.172193,-0.00428789,-0.0197757,-0.00688031,0.0455607,0.0507269,0.0595951,-0.0231645,-0.0239571,0.00269588,0.081536,0.0731782,0.0905999,-0.0288442,-0.0121959,0.00259367,0.0566013,0.0694824,0.0593731,-0.0146654,,,,,,,-0.217127
2004-12-31,3.81601,-1.16734,2.50485,1.0637,0.216667,0.05,-0.106667,0.817322,5.4,0,-0.5,-1.6449,178,51.6667,98.6667,1.22904,3.5753,0.919471,1.81124,2.20057,2.16495,0.460403,1.01792,0.676844,2.24,0.3,1.3,2.15865,3.1,0.47,1.26,1.36043,4.27,0.13,0,-0.024071,1.17,-0.34,-1.26,-2.60457,12.56,-0.78,-5.75,-1.27104,1.89,-0.22,-0.45,-1.46111,,,,,0.018542,0.0717185,0.0835174,0.106972,0.105286,-0.00403789,0.030151,0.133095,0.145941,0.189589,0.121001,0,0.039516,0.162212,0.280183,0.246364,0.144683,0,0.0120153,0.0055149,0.034757,0.0412544,0.0566987,-0.0117517,0.0281895,0.0247932,0.075287,0.0871081,0.0907923,-0.0145563,0.0145204,0.0178977,0.0516223,0.0571697,0.056511,-0.00707285,-0.0348171,,,,,,-0.278054
2005-01-31,4.35903,0.422125,2.3872,1.25839,0.443333,0.126667,0.223333,1.69493,5.4,0,-0.3,-1.56551,202,68,142.333,1.39179,3.35316,0.868021,1.53598,1.72747,2.26687,0.305076,1.17312,0.969874,2.48,0.69,1.45,2.6359,3.25,0.69,1.41,1.58034,4.16,0.11,0,-0.209996,0.91,-0.58,-1.41,-2.85977,13.24,-3.03,-3.39,-1.12411,1.75,-0.34,-0.44,-1.59862,,,,,-0.0245187,0.0518541,0.0764869,0.0611738,0.103968,-0.0263675,-0.013491,0.0906415,0.160416,0.153961,0.115035,-0.0190323,0.0028913,0.145557,0.311446,0.210448,0.150397,-0.00530046,0.00991683,0.000315184,0.0411195,0.0397686,0.053819,-0.00314301,0.0422186,0.037752,0.109053,0.105337,0.0890068,0,0.0123961,0.0138454,0.0585532,0.0572489,0.0535598,0,-0.0367328,,,,,,-0.280228
2005-02-28,3.925,-0.637611,1.82203,1.04289,0.36,0.0566667,0.17,1.28702,5.2,-0.3,-0.5,-2.19008,137,-63,38.3333,0.778967,2.90479,-0.287853,0.930021,1.01255,2.20966,0.199352,1.01361,0.868505,2.54,0.52,1.5,2.49853,3.54,0.52,1.88,1.93101,4.27,-0.09,0.28,0.0730599,0.73,-0.61,-1.6,-2.81123,11.49,-1.75,-3.06,-1.30031,1.62,-0.33,-0.59,-1.69668,,,,,0.0272512,0.0240786,0.0952417,0.0688515,0.100412,-0.00658716,0.0404967,0.0632651,0.20259,0.170718,0.112192,-0.00232543,0.112281,0.137886,0.380945,0.277146,0.150724,-0.0016789,-0.00824155,-0.000445358,0.00747011,0.00926947,0.0515851,-0.0242037,-0.00198828,0.0320213,0.0618921,0.0647688,0.0930073,-0.0435615,-0.00362461,0.010015,0.0276622,0.0318037,0.0524286,-0.0200528,0.0211168,-0.0390815,,,,,-0.137076
2005-03-31,3.46687,-0.342037,0.411949,0.793692,0.48,0.263333,0.296667,1.68869,5.4,0,-0.2,-1.3296,183,1.66667,85,1.1185,2.94906,-0.626236,1.20329,1.03086,2.30888,0.143928,1.06212,1.14027,2.74,0.77,1.69,2.61882,3.86,0.78,2.26,2.35404,4.56,0.32,0.7,0.865887,0.7,-0.46,-1.56,-2.56655,13.64,0.35,-3.1,-0.975431,1.61,-0.25,-0.68,-1.59118,,,,,-0.023151,-0.0241969,0.0670187,0.0646109,0.102369,-0.0355614,-0.0315752,-0.00288684,0.144865,0.147305,0.106762,-0.0415093,-0.0816884,0.0104151,0.196265,0.184193,0.169638,-0.0858673,-0.00404569,-0.00417545,-0.00866469,-0.00403522,0.0517625,-0.0281412,-0.00423512,0.0290798,0.0318103,0.0502213,0.0961089,-0.047911,-0.0124347,-0.00618815,0.000452662,0.0124491,0.051929,-0.0324213,-0.00925497,-0.0192396,,,,,0.0398504
2005-04-29,3.87083,-0.572358,0.651498,0.931447,0.103333,-0.34,-0.25,0.0550839,5.2,-0.2,-0.5,-1.93313,159,-30.6667,-18,0.86253,3.15003,-0.201325,1.41184,1.26873,2.35294,0.138729,0.7945,1.25001,2.89,0.39,1.86,2.50551,3.59,0.3,1.28,1.91492,4.19,0.05,-0.34,0.00228639,0.6,-0.25,-1.62,-2.44895,16.86,4.04,-0.33,-0.503703,1.75,0,-0.3,-1.28492,,,,,-0.0187353,-0.0104332,0.0342659,0.0553138,0.107495,-0.0536305,-0.0161778,-0.000958921,0.0843964,0.154615,0.115537,-0.0570156,-0.0124721,0.010597,0.147115,0.253367,0.185236,-0.0972684,0.0251662,0.00741331,0.0102981,0.0660803,0.05297,-0.00368326,0.0386516,0.0216051,0.0620344,0.162491,0.0987714,-0.0111113,0.0162174,-0.00599992,0.0109939,0.0666288,0.0521358,-0.0167298,0.0123774,0.0154603,,,,,0.0348433
2005-05-31,3.08622,-0.914739,-1.65917,0.530396,0.23,-0.13,-0.133333,0.573025,5.2,0,-0.3,-1.78315,240,103,-10.3333,1.4681,3.46297,0.558185,1.17414,1.63542,2.195,-0.0146634,0.428764,0.915045,3.01,0.49,1.99,2.40559,3.64,0.05,1.1,1.90268,4.08,-0.28,-0.58,-0.247343,0.44,-0.33,-1.68,-2.41251,12.15,0.07,-3.35,-1.10351,1.91,0.32,-0.12,-0.971431,,,,,0.0322249,-0.0105634,0.0229686,0.0793808,0.107389,-0.0231338,-0.00863506,-0.0554694,0.00659722,0.137116,0.11524,-0.0651584,0.0316014,-0.0644837,0.0740849,0.30581,0.187026,-0.0687408,0.0183876,0.0397928,0.0456074,0.0888657,0.0516791,0,0.0313767,0.0667042,0.112365,0.197184,0.0971648,0,0.00622908,0.00983242,0.027858,0.0789213,0.0500055,-0.0106049,-0.0392157,-0.0363258,-0.0825991,,0.11554,,0.00178181
2005-06-30,2.68925,-0.698964,-2.68652,0.304706,0.09,-0.39,-0.306667,-0.031444,5.1,-0.3,-0.5,-1.9484,158,-35,-144.333,0.709033,2.8072,-0.141858,-0.193342,0.604419,2.19164,-0.117235,0.48091,0.961822,3.2,0.24,1.82,2.39735,3.65,-0.15,0.95,1.82139,3.99,-0.51,-0.63,-0.468505,0.34,-0.36,-1.58,-2.29025,11.77,-2.25,-2.57,-1.10144,1.87,0.23,-0.22,-0.979174,,,,,-0.00696639,0.0189954,-0.00824977,0.0763184,0.107738,-0.0216578,0.0082136,-0.00839037,-0.0136772,0.130208,0.11289,-0.051764,0.0275592,0.0529434,0.0729266,0.36224,0.186176,-0.0317736,-0.00137807,0.0468821,0.0406973,0.0847908,0.0510622,-0.00137807,0.00928803,0.0907517,0.118733,0.208022,0.0959051,0,0.00529238,0.0340711,0.0249415,0.0852306,0.0501098,0,0.0459908,0.0192398,-0.00889802,,0.106054,,-0.000689242
2005-07-29,3.9411,0.0106869,-0.768651,0.864219,0.32,0.216667,0.2,0.929709,5,-0.2,-0.6,-2.06556,180.667,-1.33333,-50.3333,0.853252,2.53566,-0.614369,-0.681354,0.118057,2.08545,-0.267488,0.220168,0.713695,3.27,0.3,1.98,2.2166,3.96,0.3,1.28,2.03164,4.2,-0.01,-0.3,0.244087,0.24,-0.31,-1.58,-2.18221,10.52,-4.79,-4.8,-1.21715,1.68,-0.08,-0.42,-1.21704,,,,,0.0326305,0.0733394,0.062141,0.138673,0.105957,-0.00666227,0.0285941,0.035704,0.0347108,0.20064,0.110655,-0.0233473,0.0735167,0.154939,0.167178,0.503232,0.177326,-0.000645976,-0.0184882,0.0008707,0.00829046,0.0504236,0.0541074,-0.0232222,-0.0251363,0.0180802,0.0400759,0.15173,0.100064,-0.0338067,-0.00471722,0.0100814,0.00402102,0.0649955,0.0502934,-0.00826835,-0.0185652,-0.0122261,0.00304521,,0.103066,,0.0220347
2005-08-31,3.03114,0.127953,-1.77287,0.401971,0.113333,-0.116667,-0.14,0.041773,5,-0.2,-0.5,-1.89339,166.333,-71.6667,20,0.675128,3.11839,-0.34458,0.180417,1.06382,2.13415,-0.0608511,0.376132,0.84663,3.52,0.43,1.97,2.28798,3.97,0.37,1.56,1.86788,4.16,0.16,0.03,0.103526,0.19,-0.21,-1.53,-2.04938,13.65,0.36,-1.64,-0.748494,1.67,-0.23,-0.52,-1.17037,,,,,-0.0145511,0.0191654,0.019286,0.123134,0.105552,-0.0171583,0.0209547,0.0691411,0.0318623,0.230963,0.118656,-0.0126885,-0.0204387,0.112668,0.0760332,0.459136,0.187979,-0.0277519,0.0230196,-0.00334386,0.0430916,0.0421185,0.0545117,-0.00368623,0.0420107,0.0066531,0.0916272,0.142934,0.0970022,-0.000216579,0.0192994,0.00807797,0.0286575,0.0507041,0.0505172,0,0.00602689,0.0308789,0.010007,,0.104256,,0.0275904
2005-09-30,3.13868,0.6009,-1.84467,0.423209,0.19,0.1,0.0233333,0.34469,4.9,-0.2,-0.5,-1.99388,195.333,15.3333,69.6667,0.876272,3.59218,0.784978,0.934915,1.77269,2.18385,-0.00779151,0.479304,1.00183,3.82,0.47,1.88,2.35322,4.13,0.47,1.5,1.90447,4.29,0.35,0.15,0.498254,0.16,-0.12,-1.35,-1.91244,12.24,0.2,-1.1,-0.968878,1.83,-0.04,-0.28,-0.889401,,,,,0.00802306,0.0337442,0.0546774,0.104341,0.102067,-0.00927292,0.0369462,0.110474,0.099339,0.232444,0.121964,-0.00649644,0.0865333,0.181189,0.24549,0.466174,0.17611,-0.0016456,-0.0175194,-0.0112777,0.0266569,0.0245027,0.0522439,-0.0211411,-0.0361295,-0.0245151,0.0513523,0.0978857,0.0935626,-0.0363383,-0.0186093,-0.00753276,0.0278682,0.0305533,0.0463056,-0.0186093,0.0760369,0.0936768,0.101415,,0.109386,,-0.130693
2005-10-31,1.98939,-1.71457,-1.94752,-0.149742,-0.153333,-0.473333,-0.47,-1.14117,5.1,0.1,-0.3,-1.36031,151,-46.6667,17.3333,0.42941,4.69409,2.15844,2.20761,3.12783,1.97468,-0.110769,0.012887,0.490258,3.9,0.59,2.11,2.18367,4.4,0.38,1.84,2.00824,4.58,0.3,0.53,1.38054,0.18,-0.08,-1.31,-1.74503,14.25,2.68,-2.02,-0.588669,1.83,0.16,-0.26,-0.873799,,,,,-0.0236509,-0.0301385,0.0388308,0.079551,0.102234,-0.0327045,-0.0318433,0.0249634,0.0776557,0.168779,0.119283,-0.0381329,-0.0633848,-0.00313604,0.18415,0.350732,0.202735,-0.0693055,-0.0123893,-0.00735555,-0.0117119,0.00282569,0.0493821,-0.0332684,-0.0224089,-0.0181433,-0.00981434,0.0559711,0.0913119,-0.0579328,-0.0158204,-0.0154947,-0.0106127,0.00213916,0.0437315,-0.0341353,-0.00642398,0.0755679,0.0851263,,0.116447,,-0.0235059
2005-11-30,1.94098,-1.18108,-2.71407,-0.353505,0.0833333,-0.03,-0.22,-0.166675,5,0,-0.5,-1.5226,65.3333,-127.333,-134.667,-0.352966,4.29995,1.18155,1.10731,2.26699,2.02122,-0.112924,0.0109136,0.640724,3.99,0.36,1.97,2.04991,4.4,0.56,1.38,1.84575,4.48,0.46,0.12,1.01338,0.08,-0.1,-1.26,-1.72344,11.89,-0.71,-1.35,-0.982946,1.88,0.11,-0.07,-0.741665,,,,,0.0439523,0.0274394,0.0471307,0.0697619,0.098931,-0.0135293,0.0231114,0.0271286,0.0981454,0.109865,0.118307,-0.0162387,0.0578627,0.0765485,0.197841,0.299337,0.19586,-0.015453,0.00625055,-0.0236267,-0.0268916,0.0247161,0.0498314,-0.0272258,0.00690126,-0.0512259,-0.0449136,0.0842718,0.0923251,-0.0514314,0.00657292,-0.0277868,-0.0199333,0.0175288,0.0438599,-0.0277868,0.0581897,0.131336,0.166271,0.0819744,0.126007,-0.0140562,-0.0312066
2005-12-30,2.75852,-0.346389,-1.15864,0.106117,0.263333,0.0733333,0.0466667,0.597186,5,0.1,-0.4,-1.42728,92,-108,-89.3333,-0.135529,3.45188,-0.140299,-0.123415,0.996227,2.11907,-0.064778,-0.0458768,0.887121,4.18,0.25,2.21,2.03054,4.38,0.2,1.3,1.69411,4.37,0.03,0.13,0.61213,-0.01,-0.17,-1.17,-1.69197,11.61,-0.31,-1.68,-1.00741,1.82,0.01,-0.04,-0.850068,,,,,-0.00191552,0.0173094,0.0516377,0.0482757,0.0987334,-0.0206579,0.0518246,0.0418661,0.156965,0.133216,0.119752,-0.00668807,0.0610586,0.0513079,0.241794,0.326264,0.198768,-0.0088718,0.0136625,0.00736135,-0.00399933,0.026384,0.0478462,-0.0139353,0.0298175,0.0136883,-0.0111624,0.0859887,0.088538,-0.0231474,0.00861449,-0.000817572,-0.00834417,0.0116054,0.0425804,-0.0194117,0.0505092,0.104497,0.207963,0.177626,0.140847,-0.0186454,-0.0323126
2006-01-31,2.82829,0.831372,-1.5587,0.128943,0.58,0.733333,0.136667,1.92835,4.9,-0.2,-0.5,-1.50607,146,-1.33333,-43.6667,0.321228,3.39958,-1.29451,0.0482302,0.876096,2.16625,0.191563,-0.0479653,0.987684,4.48,0.46,1.98,2.10249,4.52,0.12,1.23,1.69778,4.54,-0.03,0.4,1.106,0.02,-0.15,-0.83,-1.54745,12.39,-2.93,-0.43,-0.858287,1.79,-0.04,0.04,-0.88806,,,,,0.0184518,0.0699132,0.0410099,0.0980676,0.102969,-0.0139973,0.0529312,0.140272,0.175009,0.221877,0.134455,0,0.141336,0.304803,0.300471,0.522644,0.222621,0,-0.00667637,0.0135582,0.00442234,0.0103646,0.0462539,-0.0208699,-0.0156326,0.0249891,0.00122473,0.0345341,0.0841468,-0.0362218,-0.0018668,0.0105287,-0.0066571,-0.0050326,0.0421593,-0.0236923,0.101613,0.200762,0.31463,0.342965,0.16496,0,-0.104028
2006-02-28,3.10525,0.688004,-1.05237,0.248541,0.52,0.436667,0.16,1.54493,4.7,-0.2,-0.5,-1.82963,229,142.333,106,1.10427,3.97074,-0.379363,1.01216,1.56887,2.11055,0.0387994,-0.150496,0.796134,4.52,0.49,2,1.95456,4.74,0.32,1.15,1.76944,4.59,0.1,0.23,1.21142,-0.15,-0.22,-0.92,-1.60728,11.59,-0.47,-0.49,-1.0873,1.65,-0.24,0.06,-1.22247,,,,,-0.00241165,0.0139968,0.0720255,0.0817416,0.103812,-0.00950061,-0.00525912,0.0973083,0.151149,0.169074,0.131078,-0.00999184,-0.0366809,0.150154,0.280804,0.33478,0.232839,-0.0385005,-0.00175291,0.000811904,-0.00650893,0.0233202,0.0447045,-0.0218823,0.0128656,0.0215019,-0.00964961,0.0616237,0.082424,-0.0255441,0.000850641,0.00787916,-0.00843996,0.0112219,0.041089,-0.0170294,0.0079094,0.134561,0.285714,0.288373,0.186335,-0.0159705,-0.134241
2006-03-31,3.27586,0.1137,-0.456576,0.334057,0.303333,0.04,-0.176667,0.542362,4.8,-0.2,-0.6,-1.49706,186,39.6667,19,0.648456,3.64394,0.192053,0.641254,1.08115,2.05617,-0.0618345,-0.305228,0.631006,4.76,0.67,1.8,1.96701,4.84,0.43,1.04,1.7394,4.86,0.47,0.36,1.95586,0.02,0.04,-0.68,-1.34649,11.57,-0.5,-2.45,-1.22237,1.7,-0.12,0.06,-1.07479,,,,,0.00762814,0.0411911,0.0682973,0.125144,0.101271,-0.00604805,0.0314565,0.0874355,0.130718,0.251565,0.131832,-0.00703633,-0.00662423,0.121175,0.177429,0.472133,0.248064,-0.0176642,-0.00766496,-0.0211439,-0.0170855,0.0114983,0.0446827,-0.0351306,-0.0331666,-0.0502095,-0.0383472,0.0143167,0.0810847,-0.0700755,-0.00848438,-0.0119725,-0.0185707,0.00598418,0.042052,-0.033577,0.023969,0.128813,0.233546,0.36321,0.192458,-0.00853242,-0.0536661
2006-04-28,3.63243,0.180216,-0.340012,0.509333,0.27,-0.31,0.166667,0.349969,4.7,-0.2,-0.4,-1.60667,196.667,18,36.3333,0.727627,3.41615,0.0165675,0.266122,0.758844,2.1,-0.0662469,-0.254145,0.70945,4.79,0.32,1.82,1.81009,4.91,0.37,1.25,1.68685,5.09,0.56,0.88,2.40604,0.18,0.19,-0.37,-1.11932,11.84,-1.11,-3.47,-1.08971,1.67,-0.11,-0.09,-1.11829,,,,,0.011075,0.026866,0.111608,0.171582,0.0898342,0,0.053095,0.084143,0.24224,0.351337,0.126313,0,0.0689328,0.048319,0.367893,0.62956,0.225412,-0.013561,-0.00845502,-0.0214449,-0.00626677,-0.0210756,0.0454448,-0.0411773,-0.0346358,-0.0600252,-0.0346821,-0.0487525,0.0808429,-0.0956707,-0.00730275,-0.0179898,-0.000981043,-0.0147203,0.041976,-0.0355333,0.140529,0.170052,0.386959,0.513721,0.223194,0,0.0193545
2006-05-31,4.73765,1.5576,1.68007,1.08287,0.08,-0.44,-0.15,-0.709495,4.7,0,-0.4,-1.51039,179.333,-38.3333,-31.6667,0.51993,3.55487,-0.415873,0.0348686,0.892393,2.2977,0.18715,0.102705,1.14308,5.02,0.5,1.93,1.82057,4.99,0.3,1.39,1.65821,5.09,0.54,1.09,2.35735,0.1,0.24,-0.3,-1.13591,18.66,6.32,5.37,1.37422,1.67,0.02,-0.23,-1.10082,,,,,-0.0221626,-0.0104549,0.019534,0.0860763,0.101347,-0.0385318,-0.0377932,0.0375825,0.147252,0.290297,0.142832,-0.0729661,-0.111173,-0.0590484,0.119266,0.375793,0.262195,-0.156616,0.00437103,-0.0188759,-0.0212665,-0.0362972,0.0439973,-0.0422018,0.00565018,-0.0681073,-0.0585006,-0.0778589,0.078221,-0.0973972,0.00318298,-0.0168952,-0.0162532,-0.0191531,0.0400179,-0.0373634,-0.0142726,0.14492,0.291315,0.542137,0.248896,-0.0968785,0.0859065
2006-06-30,4.3422,1.19953,1.98121,0.816487,0.0533333,-0.25,-0.0366667,-0.996386,4.6,-0.2,-0.5,-1.62948,125.333,-41,-32.6667,-0.251453,4.07216,0.428229,1.20896,1.47901,2.44389,0.387722,0.252249,1.41636,5.08,0.08,1.73,1.72259,5.21,0.39,1.55,1.73805,5.22,0.36,1.28,2.56973,0.01,-0.03,-0.27,-1.15829,13.03,1.64,0.99,-0.610475,1.69,0,-0.18,-1.02527,,,,,-0.0068899,-0.0153046,0.0252561,0.0872705,0.114758,-0.0360203,-0.00698609,0.00724132,0.09531,0.271295,0.175834,-0.0735318,-0.0179885,-0.0515157,0.0634166,0.326088,0.315808,-0.154817,0.000621872,-0.00504673,-0.0260839,-0.0386753,0.0432123,-0.0376163,0.00728593,-0.0179442,-0.0672528,-0.0867623,0.0771128,-0.0865645,-0.00260336,-0.00477599,-0.0166913,-0.0318078,0.0407625,-0.0381926,-0.0212596,0.0538726,0.189625,0.40953,0.278664,-0.139061,0.0896819
2006-07-31,4.54336,0.881103,0.794446,0.928453,-0.0133333,-0.283333,-0.333333,-1.49541,4.6,-0.1,-0.4,-1.57108,108.333,-68,-58.3333,-0.59779,4.33213,0.915981,1.84799,1.6911,2.69192,0.591924,0.657336,1.86736,5.26,0.4,1.95,1.71806,4.98,0.11,0.96,1.45137,5,-0.07,0.72,1.79938,0.02,-0.18,-0.24,-1.09226,14.33,2.74,2.76,-0.0579089,1.67,0,0,-1.05894,,,,,0.00455683,-0.0152178,0.0037888,0.0518921,0.117553,-0.0317032,0.0207494,-0.0305863,0.0496827,0.24431,0.177525,-0.0660227,0.0245224,-0.0884057,-0.0401499,0.260348,0.334865,-0.135013,0.020333,0.0235678,-0.00165191,-0.000688962,0.0432662,-0.0214715,0.0315403,0.0395103,-0.0292645,-0.0343616,0.0781121,-0.0668045,0.02021,0.0169429,-0.00271147,-0.00949174,0.0420519,-0.0241596,0.0611559,-0.0306937,0.114326,0.475012,0.278108,-0.111924,0.141498
2006-08-31,4.85536,0.264194,1.73426,1.14105,-0.0766667,-0.156667,-0.19,-1.79886,4.8,0.1,-0.2,-1.08624,112.333,-50,-58.6667,-0.648391,4.15172,0.596848,1.03332,1.37718,2.68657,0.388865,0.552421,1.71971,5.25,0.2,1.62,1.59666,4.83,-0.21,0.99,1.24899,4.76,-0.36,0.74,1.04919,-0.07,-0.15,-0.25,-1.12642,12.22,-4.22,-0.38,-0.878912,1.74,0.08,-0.03,-0.759217,,,,,0.0199869,0.0171932,0.0231445,0.0850186,0.113649,-0.0105728,0.0214571,0.016694,0.0784928,0.22888,0.178358,-0.0422213,0.0189979,0.0105601,-0.00388037,0.263562,0.322779,-0.121333,0.016518,0.0274186,0.0240906,-0.00300223,0.0426541,-0.00421092,0.0268143,0.047019,0.00549122,-0.0382835,0.0756739,-0.0332693,0.0190634,0.0280261,0.0253972,-0.0024443,0.04176,0,-0.0379923,-0.0190551,0.106787,0.435253,0.271138,-0.124156,0.232273
2006-09-29,4.71419,0.302181,1.60928,1.01053,-0.0233333,-0.0766667,-0.213333,-1.44939,4.7,0.1,-0.2,-1.2713,127.667,-1.33333,-66.3333,-0.519743,3.82263,-0.249535,0.232345,0.912146,2.833,0.389112,0.701022,1.90841,5.28,0.23,1.35,1.51098,4.68,-0.48,0.5,1.06994,4.63,-0.52,0.29,0.630268,-0.05,-0.04,-0.21,-1.05317,11.72,-1.36,-0.2,-1.18504,1.73,0.06,-0.08,-0.773504,,,,,0.0268477,0.0541163,0.0379835,0.108875,0.11355,-0.0011957,0.00221876,0.0360893,0.043592,0.180008,0.175376,-0.0400962,-0.0115422,0.0305638,-0.0225264,0.150906,0.321008,-0.128985,0.013422,0.0472015,0.0419166,0.0241149,0.0416235,-0.00478869,0.021584,0.0730169,0.0537624,0.0133536,0.0736087,-0.00996637,0.0121558,0.0462217,0.041225,0.0218887,0.0394488,-0.00242728,-0.0317486,-0.0287441,0.02358,0.262633,0.278005,-0.163808,0.175086
2006-10-31,5.57484,0.856954,3.57793,1.7101,-0.0333333,-0.02,0.12,-1.45232,4.6,0,-0.5,-1.46488,120.667,5.33333,-34,-0.81034,2.06445,-2.26768,-2.62717,-1.27989,2.92804,0.236115,0.954355,1.98253,5.27,-0.04,1.25,1.41405,4.78,-0.19,0.38,1.09987,4.68,-0.31,0.11,0.743613,-0.1,-0.12,-0.27,-1.05429,11.2,-3.75,-4.12,-1.37815,1.64,-0.04,-0.19,-1.11606,,,,,0.0353926,0.080546,0.062026,0.167912,0.110387,-0.00713377,0.0345892,0.0621049,0.0241867,0.272784,0.171583,-0.00846314,0.0723543,0.0814194,-0.0353823,0.31769,0.317499,-0.0675083,0.00361642,0.0343249,0.0596039,0.0455056,0.0408172,-0.000840019,0.00571203,0.055337,0.100507,0.0489877,0.0726996,-0.00158331,0.00882227,0.0387309,0.0580037,0.0527439,0.0403537,0,0.0184277,-0.0696525,-0.0935901,0.298276,0.256805,-0.152981,0.103512
2006-11-30,4.87263,-0.169306,2.45538,1.04562,-0.03,0.0466667,-0.113333,-1.37664,4.4,-0.4,-0.5,-1.87308,156.667,37.6667,70,-0.103855,1.30588,-2.84584,-3.04423,-2.10527,2.77228,0.0857101,0.700524,1.55318,5.26,-0.05,1.23,1.32866,4.69,-0.1,0.27,0.969605,4.52,-0.22,0.03,0.262812,-0.17,-0.12,-0.24,-1.07634,10.83,-1.48,-1.23,-1.47188,1.62,-0.11,-0.27,-1.16329,,,,,0.0198855,0.0804386,0.0990148,0.140988,0.0992842,-0.00276723,0.0307284,0.0717452,0.0896369,0.28226,0.15951,0,0.0598474,0.124771,0.136649,0.320162,0.285981,-0.0117011,0.0131177,0.0308651,0.0591299,0.0526406,0.0405347,0,0.0230822,0.0515013,0.100942,0.065845,0.0688886,0,0.0141427,0.0337152,0.0626862,0.0606609,0.0401964,0,0.0688911,0.0337133,0.0140157,0.311405,0.234491,-0.0946288,0.0609565
2006-12-29,3.7693,-0.811899,0.339901,0.521486,-0.126667,-0.103333,-0.39,-1.78166,4.5,-0.2,-0.5,-1.55345,138,-24.3333,-8.33333,-0.558672,1.97169,-1.85094,-1.48019,-1.33168,2.5679,-0.265101,0.449898,1.07108,5.25,-0.09,1.16,1.25213,4.82,0.11,0.41,1.04216,4.7,0.06,0.31,0.762817,-0.12,-0.05,-0.1,-0.977753,10.99,-0.99,-1.08,-1.36883,1.65,-0.07,-0.17,-0.999169,,,,,0.0138008,0.0660923,0.123785,0.152168,0.0829197,-0.00624505,0.0364071,0.103565,0.143392,0.252369,0.116869,-0.00109085,0.0593272,0.196602,0.233175,0.311379,0.226584,-0.00375024,-0.00755716,0.00558104,0.053046,0.0255785,0.0404762,-0.0150357,-0.0205357,0.00393244,0.0772365,0.00478931,0.068765,-0.0311217,-0.00519956,0.0155897,0.062532,0.0447969,0.038966,-0.0124042,0.00079164,0.0628889,0.0323371,0.228094,0.194198,-0.11122,0.0698665
2007-01-31,3.01603,-2.96564,-0.633297,-0.264514,0.133333,0.166667,-0.446667,-0.33894,4.5,-0.1,-0.4,-1.47036,135.667,-49.6667,-43,-0.622412,2.57967,0.515215,-0.819915,-0.639039,2.61341,-0.314627,0.447165,1.15547,5.23,-0.08,0.76,1.18083,4.98,0.27,0.44,1.14245,4.88,0.27,0.35,1.21887,-0.1,0,-0.09,-0.91329,10.96,-0.14,-1.99,-1.34471,1.56,-0.08,-0.22,-1.37624,-1.53181,,,,0.0108295,0.0481517,0.135603,0.139905,0.0724313,-0.0013891,0.0128235,0.0768158,0.149998,0.207133,0.099305,-0.00281985,-0.000701598,0.136534,0.20631,0.157876,0.188727,-0.0152489,-0.00448675,0.00112652,0.0315268,0.0298228,0.0403668,-0.0189776,-0.0107353,-0.00398036,0.0439323,0.0133822,0.0690082,-0.0407644,0.000467212,0.0119307,0.0482335,0.0453912,0.0378462,-0.0114789,0.0306836,0.0914141,0.0264408,0.14379,0.185976,-0.0884421,0.0912513
2007-02-28,2.5846,-2.03164,-0.741288,-0.79084,0.0633333,0.0933333,-0.456667,-0.698736,4.6,0.2,-0.1,-1.15969,171,6.66667,-82,-0.367371,2.08693,0.781714,-1.93816,-1.25422,2.67323,-0.0990489,0.562676,1.29999,5.27,-0.04,0.75,1.14423,4.59,-0.03,-0.1,0.730413,4.5,0.04,-0.05,0.0762065,-0.09,0.07,0.05,-0.863338,18.31,7.4,5.97,2.42801,1.59,-0.05,-0.06,-1.18279,-2.50527,,,,-0.0078848,0.00972412,0.0965131,0.108738,0.0913614,-0.0349912,0.00980108,0.0625145,0.13427,0.202328,0.112143,-0.0331078,-0.0173717,0.0211132,0.158773,0.118822,0.220225,-0.0748581,0.0252975,0.0103579,0.0378772,0.0547561,0.0423904,-0.00346191,0.0437845,0.00600932,0.0549693,0.0385016,0.0728163,-0.00825631,0.0255838,0.0165052,0.0509761,0.0623434,0.0388127,-0.00202579,0.0424965,0.0469291,0.0762506,0.203912,0.19288,-0.0652418,-0.152409
2007-03-30,3.43463,0.398864,0.463714,0.0984923,0.166667,0.293333,-0.136667,-0.133158,4.5,0,-0.3,-1.34294,156.333,-11.3333,-79.6667,-0.722162,2.41386,0.39264,-1.23007,-0.900262,2.71857,0.101282,0.663428,1.40923,5.29,0.12,0.29,1.09803,4.58,-0.24,-0.24,0.685806,4.64,-0.07,-0.22,0.44968,0.06,0.17,0.02,-0.636299,15.14,3.58,3.75,1.00755,1.74,0.1,0.05,-0.354221,-3.97156,,,,0.0146147,0.000376304,0.0719124,0.112246,0.103109,-0.023805,0.0391049,0.0410911,0.150059,0.205426,0.131656,-0.00599623,0.0687083,0.0165804,0.221021,0.19775,0.231076,-0.0179563,-0.00228133,0.0122344,0.0186413,0.061167,0.0414124,-0.00799908,-0.0163785,0.00313278,0.00722251,0.0566758,0.0719946,-0.0251191,-0.00694344,0.011513,0.0294976,0.0666677,0.0390935,-0.00969468,-0.00121544,0.0565734,0.0991473,0.151919,0.178909,-0.0756468,-0.195686
2007-04-30,2.29811,-0.523696,-1.33704,-1.27401,-0.0133333,-0.146667,-0.283333,-1.05297,4.4,-0.1,-0.3,-1.54275,151.667,-25.3333,-100,-0.81887,2.77856,0.250751,-0.641132,-0.493059,2.47943,-0.0834069,0.379432,0.684617,5.24,-0.09,0.38,1.01762,4.67,-0.27,-0.2,0.745323,4.71,-0.12,-0.36,0.65046,0.04,0.15,-0.16,-0.628223,12.45,2.03,0.86,-0.45636,1.68,0.11,0.01,-0.659173,-3.01392,-1.53843,,,0.0445167,0.0480709,0.0820927,0.152648,0.105305,-0.00908851,0.0391177,0.0775935,0.148994,0.188352,0.133378,-0.0114893,0.0370757,0.0819246,0.184382,0.173608,0.228409,-0.0282267,0.00485501,0.030086,0.0333316,0.0785751,0.0403853,-0.00198278,0.00711162,0.0353237,0.032817,0.105284,0.0710722,-0.0162953,0.00854125,0.027934,0.0409792,0.0865895,0.0376048,-0.000863549,0.0219345,0.0520621,0.141763,0.0655972,0.170552,-0.0566648,-0.247541
2007-05-31,1.88383,-0.476214,-2.57042,-1.64984,0.116667,0.0533333,0.0366667,-0.315281,4.5,-0.1,-0.2,-1.21895,118.333,-76.3333,-112.667,-1.38299,2.58914,0.502209,-0.969392,-0.76501,2.36035,-0.312877,0.0626493,0.285312,5.25,-0.16,0.2,0.980861,4.89,0.24,-0.15,0.959982,4.88,0.32,-0.24,1.15859,-0.01,0.08,-0.09,-0.668785,12.83,-2.59,-3.61,-0.215522,1.61,0.01,-0.05,-1.01924,-3.13796,-0.601214,,,0.031277,0.0954972,0.118231,0.238339,0.105081,-0.00104315,0.0246589,0.104101,0.170315,0.273924,0.136087,0,0.0451707,0.163194,0.202473,0.3956,0.232865,-0.00236067,-0.0139841,-0.0102132,-2.36796e-05,0.0595497,0.0377905,-0.0158855,-0.0238446,-0.0304404,-0.0287702,0.0745815,0.0667696,-0.039056,-0.0117546,-0.0104171,0.00620375,0.0707307,0.0353408,-0.0136869,-0.017244,-0.00425403,0.0288854,0.00660421,0.166388,-0.0459971,-0.300353
2007-06-29,1.63608,-1.23998,-2.37132,-1.7542,0.0666667,-0.1,0.0133333,-0.549338,4.5,0,-0.1,-1.16765,137.333,-22,-28,-0.974016,2.71768,0.30382,-1.35448,-0.580865,2.264,-0.454562,-0.130011,-0.0645077,5.26,-0.04,0.21,0.943117,4.96,0.38,-0.2,0.994552,5.12,0.47,-0.03,1.77124,0.16,0.09,0.17,-0.353096,15.54,0.9,2.46,1.41833,1.6,-0.15,-0.07,-1.03239,-3.87915,0.338928,,,-0.0146231,0.0639286,0.064329,0.228003,0.117144,-0.0196111,-0.00320814,0.0591416,0.102663,0.324275,0.146167,-0.0123488,0.0382504,0.130044,0.14878,0.508064,0.241875,-0.0116344,-0.00467288,-0.0125858,-0.00050531,0.0635266,0.0418163,-0.0204842,-0.0101352,-0.0242863,-0.0212296,0.0714344,0.0776237,-0.0487954,-0.00809584,-0.0115655,-0.000185693,0.0765718,0.0411131,-0.021672,-0.0193775,-0.0223608,0.0329476,0.116962,0.1657,-0.0644833,-0.0889699
2007-07-31,1.35081,-0.897283,-2.91843,-1.97606,-0.02,-0.00666667,-0.00666667,-0.998206,4.5,0.1,-0.1,-1.12322,148,5.66667,24.3333,-0.749795,2.66008,-0.118478,-1.66982,-0.633759,2.20301,-0.276421,-0.439063,-0.3084,5.29,0,-0.02,0.925878,4.59,-0.01,-0.38,0.49877,4.82,0.19,-0.17,0.865602,0.23,0.2,0.21,-0.173181,20.87,6.65,5.92,3.60414,1.88,0.2,0.2,0.794235,-5.60676,-2.23947,,,-0.0313098,-0.0156204,0.0289825,0.159532,0.132824,-0.0602953,-0.0229065,-0.00202447,0.0670626,0.21824,0.157682,-0.0562086,0.00698626,0.0927301,0.168842,0.385724,0.256735,-0.0795668,0.022572,0.00356072,0.0327979,0.0631648,0.0461499,0,0.0331899,-0.001668,0.0331527,0.0709222,0.0856394,-0.017225,-0.00824267,-0.0278352,-0.00264531,0.0412568,0.0435739,-0.029736,0.0236502,-0.0134953,0.0244472,0.0424655,0.155569,-0.0423581,-0.27382
2007-08-31,1.38282,-0.526254,-3.28159,-1.84982,-0.123333,-0.24,-0.0466667,-1.46736,4.6,0.1,-0.2,-0.792261,135.333,6.33333,-14.3333,-1.00588,2.37598,-0.213159,-1.77573,-0.976814,2.19622,-0.164131,-0.54146,-0.390558,5,-0.28,-0.31,0.661516,4.08,-0.84,-0.71,-0.245729,4.51,-0.39,-0.23,-0.0834783,0.43,0.45,0.48,0.310994,25.06,12.01,12.75,3.71232,2.07,0.47,0.34,2.20892,-4.05319,-0.525544,,,-6.70844e-05,-0.0381197,0.083465,0.150324,0.148459,-0.0482362,-0.0109707,-0.0410844,0.106066,0.184561,0.168821,-0.062186,0.00329587,0.0339662,0.2722,0.38771,0.279994,-0.0699835,0.0247222,0.0436562,0.0262535,0.0680982,0.0480307,0,0.0175145,0.0417519,0.00260977,0.0589092,0.0851623,0,0.0219511,0.00943635,-0.00458141,0.0462351,0.049704,-0.00658474,0.00956139,-0.000300571,0.0570475,0.0830348,0.131817,-0.0317322,-0.362562
2007-09-28,1.69213,-0.18025,-2.88907,-1.49698,-0.166667,-0.233333,-0.143333,-1.58779,4.6,0.1,-0.1,-0.748606,44.3333,-117.333,-133,-2.62729,1.93229,-0.785395,-1.94131,-1.49189,2.10246,-0.161539,-0.730537,-0.808943,4.93,-0.38,-0.41,0.563671,3.95,-0.92,-0.76,-0.526978,4.58,-0.45,-0.06,0.0913637,0.63,0.47,0.7,0.879519,17,0.77,5.02,1.09518,2.01,0.42,0.29,1.91289,-6.74784,-2.56558,,,0.0461549,0.0191026,0.0842524,0.162224,0.1506,-0.0113913,0.0641674,0.0225315,0.0830056,0.245521,0.167225,-0.0123193,0.138667,0.135204,0.28283,0.566363,0.275307,-0.00631688,0.00616369,0.0466587,0.0334857,0.0527512,0.0539575,-0.0141034,0.00979464,0.0540761,0.0284765,0.0359047,0.0940872,-0.0250552,0.0150792,0.022897,0.0110667,0.0408907,0.0524429,-0.000664658,0.112608,0.143768,0.118193,0.229059,0.136571,0,-0.354907
2007-10-31,1.94881,0.479103,-4.03286,-1.20454,-0.186667,-0.166667,-0.153333,-1.57757,4.7,0.2,0.1,-0.395518,97.3333,-29,-104.667,-1.69715,2.75876,0.0986777,0.694306,-0.443466,2.12928,-0.0737299,-0.800212,-0.739551,4.78,-0.5,-0.53,0.399379,3.82,-0.74,-0.89,-0.871074,4.4,-0.38,-0.21,-0.514801,0.58,0.36,0.68,0.937387,21.07,-2.45,9.97,2.23786,1.99,0.14,0.35,1.88283,-7.35588,-2.68933,,,0.00363451,0.0527331,0.037929,0.1432,0.158013,-0.0116952,0.031881,0.0858887,0.0790839,0.25151,0.176364,0,0.0772556,0.252266,0.339344,0.668169,0.301695,0,0.00739491,0.0366938,0.0406464,0.0652923,0.058088,-0.00810276,0.00919649,0.0383734,0.0399486,0.0570252,0.0978736,-0.0114268,0.017173,0.039406,0.0140659,0.0455794,0.0579575,-0.00683749,0.0866621,0.193201,0.164913,0.312521,0.143739,0,-0.415403
2007-11-30,1.78305,0.0627671,-2.83318,-1.31603,-0.143333,-0.02,-0.113333,-1.28065,4.7,0.1,0.3,-0.350485,118.333,1.66667,-46,-1.19858,3.51982,1.14384,2.2146,0.521788,2.14355,-0.0526757,-0.628732,-0.708978,4.55,-0.41,-0.76,0.134725,3.06,-1.09,-1.56,-2.20431,3.94,-0.6,-0.52,-1.87279,0.88,0.49,1.04,1.96797,23.97,0.59,13.06,2.81806,2.46,0.41,0.82,4.05882,-7.59956,-3.52702,,,-0.0387324,0.0120262,-0.0265519,0.0781114,0.188062,-0.0499745,-0.0362369,0.058148,0.0146747,0.174556,0.20489,-0.0362369,-0.0765018,0.152666,0.191818,0.432598,0.373158,-0.0765018,0.0404699,0.0526255,0.0985791,0.094922,0.0661296,-0.00590155,0.0535131,0.07511,0.119998,0.0872306,0.105592,-0.0125541,0.010192,0.027446,0.0371413,0.0403001,0.0696891,-0.00689304,-0.0165352,0.162357,0.162008,0.224193,0.175897,-0.0598249,-0.527086
2007-12-31,2.1277,0.720849,-0.908064,-0.915249,-0.143333,0.0233333,-0.0166667,-1.20887,4.7,0.1,0.2,-0.302852,102.667,17.6667,-65,-1.36159,4.29173,2.35944,2.27051,1.44642,2.32579,0.223329,-0.29149,-0.0135538,4.01,-0.57,-1.16,-0.511579,3.12,-0.85,-1.7,-2.10552,4.11,-0.48,-0.6,-1.33231,0.99,0.37,1.1,2.37382,20.74,2.74,9.18,1.79415,2.51,0.51,0.87,3.42663,-7.06206,0.23703,,,-0.00131525,-0.0473987,-0.0270547,0.0471001,0.191598,-0.0606701,-0.0245243,-0.0375846,-0.0175004,0.0983087,0.213095,-0.0649708,-0.00569297,-0.0124681,0.133492,0.330897,0.392406,-0.0894907,0.00188478,0.0509562,0.0996306,0.103287,0.0727724,-0.00539305,-0.0110973,0.0598568,0.117677,0.102186,0.114125,-0.0187526,-0.00314424,0.0183384,0.0375111,0.0368794,0.0746344,-0.014843,0.0533981,0.115832,0.268225,0.31097,0.185893,-0.00650602,-0.662791
2008-01-31,1.54771,-0.267371,-1.27409,-1.37445,-0.266667,-0.08,-0.4,-1.70792,5,0.3,0.6,0.890055,97.3333,20.6667,-79.6667,-1.37323,4.12229,1.36353,1.59448,1.18194,2.42576,0.296476,-0.137082,0.348419,3.26,-1.34,-2.07,-1.34535,2.3,-1.64,-2.64,-3.08127,3.78,-0.7,-1.05,-2.16472,1.48,0.94,1.59,3.32988,27.62,9.09,17.2,3.00637,2.94,0.95,1.37,3.91028,-8.94308,-0.470762,-7.46759,,-0.0604606,-0.0977425,-0.0524183,-0.026748,0.201139,-0.117463,-0.0784701,-0.126163,-0.0614967,-0.000690349,0.226496,-0.138343,-0.0892222,-0.15253,0.0499509,0.213003,0.400862,-0.170728,0.0335581,0.068724,0.116232,0.14545,0.076612,-0.00750603,0.0209581,0.0591888,0.112659,0.137497,0.121708,-0.0157501,0.0256585,0.0225131,0.0668698,0.0629876,0.0789649,0,0.108416,0.181642,0.386319,0.409841,0.198519,-0.00717032,-0.646729
2008-02-29,2.28325,0.9002,-0.0767988,-0.678847,-0.253333,-0.11,-0.316667,-1.54568,4.9,0.1,0.3,0.552646,41.6667,-56.6667,-127.333,-1.84229,4.40379,0.859955,2.32154,1.42869,2.4721,0.297245,-0.189317,0.505571,3.06,-1.6,-2.35,-1.63365,1.87,-1.17,-2.78,-3.1011,3.71,-0.26,-0.85,-2.11216,1.84,0.91,1.93,3.47177,23.53,0.66,8.11,1.93367,3.17,0.7,1.57,3.59279,-8.77265,-1.56945,-6.2359,,-0.00807901,-0.0856343,-0.0775998,-0.0300375,0.191832,-0.14027,0.000278304,-0.117537,-0.0538601,0.000542357,0.227235,-0.147157,0.040387,-0.0876698,0.0774195,0.297229,0.383038,-0.15419,0.0175931,0.0542412,0.107784,0.13527,0.0839341,0,0.00251665,0.0136888,0.0939074,0.0958974,0.135138,-0.0202318,-0.00382371,0.0190501,0.0459368,0.0345686,0.0829387,-0.0119921,0.0447523,0.208747,0.455729,0.461258,0.205371,0,-0.612915
2008-03-31,1.26314,-1.29422,-0.372885,-1.14031,-0.493333,-0.35,-0.66,-2.47396,4.8,0.1,0.3,0.238793,-14.6667,-108.333,-131.333,-2.36195,4.12083,-0.248296,1.6833,1.04116,2.27946,-0.0922342,-0.414552,-0.24211,2.09,-0.97,-3.21,-2.55304,1.67,-1.38,-2.91,-2.81099,3.47,-0.57,-1.18,-2.35453,1.8,0.81,1.73,2.89152,25.71,3.21,11.07,2.09414,3.47,0.95,1.72,3.42662,-9.35232,-1.72509,-5.13425,,-0.0310265,-0.101894,-0.12909,-0.0523567,0.211909,-0.147958,-0.0209686,-0.0819702,-0.105778,-0.0320617,0.239307,-0.143583,-0.0757904,-0.113353,-0.0950526,0.168073,0.414686,-0.185933,0.0242083,0.0738105,0.116124,0.151698,0.091027,-0.00907792,0.0370159,0.0606189,0.108967,0.135788,0.141773,-0.0132747,0.000337315,0.0174563,0.0235687,0.0351982,0.0883203,-0.0178888,-0.0581311,0.108509,0.243604,0.377152,0.230745,-0.0883332,-0.674171
2008-04-30,1.56154,-0.499729,0.270676,-0.771698,-0.606667,-0.34,-0.593333,-2.60458,5.1,0.1,0.7,1.64815,-77.3333,-157.667,-186.667,-2.68755,3.99955,-0.122436,1.24504,0.8616,2.36244,-0.0416946,-0.102302,0.0746509,2.21,-1.01,-3.08,-2.3735,2.35,0.18,-2.25,-1.90038,3.85,0.18,-0.78,-1.40669,1.5,0,1.47,2.10696,20.24,-5.96,6.02,0.933639,3.11,0.15,1.43,2.35119,-8.9126,0.590174,-5.54531,,0.0120776,0.0299047,-0.0937382,-0.0519331,0.217657,-0.107348,0.0221121,0.0590941,-0.0915226,-0.0168505,0.243635,-0.0970102,0.0510243,0.0928446,-0.109199,0.224376,0.40461,-0.111543,-0.0155653,0.00627287,0.0710628,0.118364,0.0930647,-0.0330345,-0.00873064,-0.00149884,0.0495646,0.0989332,0.145032,-0.037807,0.0140635,0.00255105,0.0218793,0.0397818,0.0881586,-0.00566961,-0.00241654,-0.058767,0.109191,0.299295,0.243019,-0.126248,-0.674937
2008-05-30,0.205492,-2.36148,-1.18163,-2.14404,-0.753333,-0.5,-0.87,-2.76092,5,0.1,0.5,1.2207,-61.3333,-69.6667,-144,-2.23328,3.88431,-0.519482,1.31651,0.708927,2.26473,-0.207374,-0.103437,-0.314781,2.01,-1,-3.27,-2.42971,2.67,1.02,-2.25,-1.4847,4.08,0.55,-0.82,-0.883407,1.41,-0.47,1.43,1.80763,18.14,-8.4,5.09,0.476028,3.04,-0.18,1.44,2.01667,-8.61871,1.74055,-5.09106,,0.0151174,0.0539893,-0.0362683,-0.0667889,0.198803,-0.0938536,0.0118702,0.0713676,-0.0545573,-0.0291211,0.221456,-0.0862915,0.0316405,0.083657,-0.011347,0.208526,0.337649,-0.0834322,-0.0177757,-0.0287025,0.0239818,0.114063,0.0910538,-0.050223,-0.026882,-0.0307798,-0.0175124,0.0955137,0.144196,-0.0636727,-0.0220541,-0.015796,0.00295315,0.0289452,0.084463,-0.0277919,0.00923254,-0.0907673,0.0990323,0.3343,0.23656,-0.118181,-0.60923
2008-06-30,-0.0576738,-1.21043,-1.54659,-2.19319,-0.766667,-0.273333,-0.833333,-2.47061,5.5,0.7,1,3.11828,-55,-15.6667,-183.333,-1.96432,4.07934,-0.0414859,1.39678,0.884991,2.31167,0.032215,0.0828489,-0.144963,1.99,-0.52,-3.32,-2.25731,2.65,1.03,-2.22,-1.43487,3.99,0.54,-1.04,-1.09133,1.34,-0.49,1.18,1.57899,23.44,-2.17,7.21,1.45151,3.04,-0.41,1.45,1.86362,-7.354,2.64431,-3.17173,,-0.0835749,-0.0584854,-0.122492,-0.13209,0.201674,-0.169585,-0.0878681,-0.0566323,-0.114197,-0.11158,0.218363,-0.166577,-0.0926967,-0.01623,-0.0976453,0.0561034,0.324002,-0.168395,0.0114621,-0.0219813,0.0327274,0.132123,0.0884464,-0.0393366,0.0265351,-0.00978163,0.0172889,0.136098,0.134998,-0.0388272,-0.0129163,-0.0211098,-0.00873205,0.0239447,0.0795747,-0.0403492,0.0451687,0.0522692,0.101205,0.422125,0.240749,-0.0783503,-0.612319
2008-07-31,0.332271,-1.31169,-1.02302,-1.89233,-0.743333,-0.136667,-0.723333,-2.17269,5.5,0.4,0.9,2.74388,-63.6667,18.6667,-168.667,-1.86395,4.90094,0.901388,2.25309,1.68813,2.41392,0.0514829,0.255668,0.224535,2.03,-0.34,-3.25,-2.13706,2.64,0.35,-1.92,-1.36601,4.07,0.3,-0.71,-0.888959,1.43,-0.05,1.21,1.60646,21.21,0.42,-2.31,0.949662,3.17,0.07,1.32,1.91941,-7.51897,0.859453,-2.85242,,-0.0120739,-0.0967647,-0.0675146,-0.116394,0.200927,-0.177047,-0.0226726,-0.113067,-0.064883,-0.12239,0.205653,-0.19425,-0.0378812,-0.124814,-0.0523786,-0.00504404,0.316117,-0.214164,0.00994599,0.000751686,0.00176616,0.118203,0.087642,-0.0324171,-0.00130654,-0.00479314,-0.0132285,0.0979406,0.13004,-0.0423566,0.00436112,-0.0366011,-0.0316065,0.0331498,0.0783405,-0.0366011,-0.0278437,0.0725086,-0.014442,0.366298,0.239163,-0.0916608,-0.606013
2008-08-29,-0.142855,-0.495256,-1.83066,-2.25095,-0.923333,-0.17,-0.8,-2.4238,5.7,0.7,1,2.97488,-49.6667,29.6667,-158.333,-1.63788,5.52362,1.63931,3.15398,2.14117,2.51463,0.249899,0.321797,0.58604,1.99,0.01,-2.97,-2.02153,2.37,-0.29,-1.78,-1.52309,3.79,-0.27,-0.75,-1.46415,1.42,0.02,1.03,1.48271,19.43,1.6,-3.95,0.549532,3.29,0.29,1.24,1.93237,-4.72875,3.5102,-0.656204,,0.0154542,-0.0681466,-0.0256542,-0.10102,0.203856,-0.164329,-0.0424748,-0.146712,-0.0979938,-0.138075,0.194339,-0.228474,-0.0631598,-0.187111,-0.134302,-0.0573928,0.307603,-0.263798,0.0152711,0.0281927,0.00717708,0.107343,0.0811845,-0.0176411,0.027391,0.0467426,0.0210688,0.106675,0.11888,-0.0161258,0.00144739,-0.0110276,-0.0232874,0.01854,0.0730374,-0.0352067,-0.0929174,-0.071055,-0.159708,0.241793,0.249253,-0.176061,-0.62042
2008-09-30,-1.48967,-1.77083,-3.06265,-3.20818,-1.06333,-0.296667,-0.896667,-2.49152,6.1,0.6,1.4,3.39606,-81.3333,-14,-160.667,-1.80086,5.35791,1.27857,3.42022,1.82519,2.54893,0.237261,0.439217,0.684675,1.56,-0.91,-3.02,-2.16733,1.7,-0.93,-2.27,-1.96026,3.61,-0.38,-0.98,-1.74198,1.91,0.55,1.29,2.01996,46.72,22.77,28.72,4.08497,4.01,0.96,2.01,2.67409,-0.904397,6.93208,6.39469,,-0.0941748,-0.0912818,-0.142319,-0.232333,0.254261,-0.243028,-0.114361,-0.171205,-0.22823,-0.296693,0.299428,-0.316706,-0.146814,-0.230979,-0.257537,-0.318748,0.446375,-0.371882,-0.00140601,0.0239273,0.00201743,0.103206,0.0847794,-0.0319918,0.0147402,0.0411728,0.0263607,0.113172,0.134639,-0.0366532,-0.107305,-0.102114,-0.122977,-0.0957722,0.237881,-0.138734,0.041121,-0.0819124,-0.0470483,0.15115,0.311227,-0.14218,-0.687018
2008-10-31,-4.45929,-4.5464,-6.67459,-4.18345,-1.68667,-0.943333,-1.5,-3.31593,6.1,0.6,1.4,2.90487,-99.6667,-28.3333,-170.333,-1.8376,4.94175,0.0408141,2.17734,1.40417,2.46485,0.0509294,0.324474,0.300999,0.3,-1.79,-4.3,-2.79213,1.59,-0.93,-2.35,-1.91581,4,0.01,-0.48,-0.912285,2.41,0.94,1.87,2.42806,62.9,39.96,44.37,4.4783,5.52,2.3,3.53,3.6727,14.2531,21.2851,22.7255,,-0.134287,-0.220814,-0.304994,-0.345266,0.450858,-0.349786,-0.165982,-0.31198,-0.407212,-0.447455,0.522114,-0.450518,-0.193981,-0.382169,-0.483955,-0.512877,0.81059,-0.517419,-0.0210516,0.00527443,0.0125733,0.0745653,0.0922784,-0.0403438,-0.0385294,0.0232253,0.0312359,0.0652608,0.145685,-0.063931,-0.0140611,-0.120281,-0.151695,-0.134068,0.274113,-0.155452,-0.133487,-0.190606,-0.173061,-0.0845631,0.356743,-0.280629,-0.464846
2008-11-28,-4.06077,-3.534,-5.95792,-2.91974,-1.66,-0.736667,-1.51667,-2.78255,6.5,0.8,1.7,3.15005,-217,-145.667,-315.333,-2.47879,3.66172,-1.8619,0.117882,0.188439,2.20918,-0.305447,0.0343235,-0.806373,0.53,-1.41,-4.13,-2.33065,1.09,-1.27,-1.95,-2.10854,2.99,-0.84,-0.98,-2.64926,1.9,0.43,0.97,1.6277,54.92,34.27,32.05,3.14004,6.06,2.77,3.59,3.38478,15.63,19.4848,22.8332,,-0.0321232,-0.296441,-0.344386,-0.374904,0.522198,-0.395045,-0.0245448,-0.343559,-0.439866,-0.47163,0.602418,-0.483459,0.0154885,-0.426964,-0.534185,-0.539303,0.93989,-0.564479,0.0670964,0.0667383,0.0968125,0.123463,0.102932,0,0.118354,0.138677,0.191902,0.165506,0.180057,0,0.0216467,-0.0952762,-0.105253,-0.10292,0.276659,-0.127129,0.0852703,-0.0171338,-0.0869714,0.0259325,0.385764,-0.190178,-0.490024
2008-12-31,-5.50242,-3.53227,-8.03057,-2.91578,-2.02333,-0.96,-1.88,-2.93865,6.7,0.6,2,2.97026,-418.667,-320.667,-512.333,-3.18846,1.00981,-4.34809,-3.35931,-2.16919,1.98612,-0.562815,-0.385573,-1.70716,0.09,-1.94,-2.97,-2.33374,0.75,-1.25,-2.3,-2.1333,2.11,-1.74,-1.93,-3.38566,1.36,-0.49,0.37,0.892668,41.63,2.24,19.13,1.78429,5.86,1.86,3.34,2.73591,9.58882,8.01347,17.2161,,0.107939,-0.216156,-0.27485,-0.362365,0.549992,-0.362057,0.18556,-0.186996,-0.320409,-0.408201,0.631381,-0.410464,0.220905,-0.26774,-0.4134,-0.480211,0.972684,-0.504705,0.0375197,0.115452,0.147438,0.170822,0.107042,-0.01104,0.0946043,0.259492,0.320936,0.320473,0.200113,-0.0209189,0.12062,0.142922,0.0364014,0.0122456,0.284018,-0.00655584,0.143688,0.00639758,-0.0713749,0.0195616,0.397191,-0.127559,-0.463603
2009-01-30,-7.81955,-1.55285,-9.82545,-3.20751,-2.05333,-0.366667,-1.78667,-2.63818,7.2,1,2.3,2.98988,-510.333,-311.333,-590.667,-3.02126,-0.0897581,-5.03151,-4.21175,-2.72324,1.74235,-0.7225,-0.661783,-2.46195,0.23,0.01,-2.99,-2.04723,0.95,-0.61,-1.22,-1.82972,2.87,-1.14,-0.8,-2.06354,1.92,-0.53,0.42,1.48315,42.63,-17.26,16.43,1.74368,5.41,-0.12,2.45,2.14515,15.1772,3.25502,24.68,,-0.0690123,-0.102894,-0.337807,-0.382514,0.563597,-0.409953,-0.12562,-0.0838619,-0.409663,-0.447966,0.653186,-0.491416,-0.0807619,0.0163229,-0.462716,-0.490858,0.991597,-0.550723,-0.0494836,0.0784939,0.0945961,0.0965293,0.110124,-0.0494836,-0.148892,0.104902,0.155796,0.140506,0.221776,-0.148892,-0.0161633,0.141837,0.012622,-0.0193834,0.287575,-0.0270955,0.0629802,0.233919,0.0136545,-0.000984683,0.409401,-0.0792578,-0.442087
2009-02-27,-9.97868,-5.64516,-12.5211,-3.21639,-2.69333,-1.03333,-2.44,-3.0566,7.6,1,2.7,2.9616,-590.667,-298.667,-678.333,-2.80296,-0.151062,-3.85971,-4.53325,-2.45449,1.66157,-0.549024,-0.79591,-2.51845,0.22,-0.3,-2.79,-1.883,1.08,0.08,-0.57,-1.61738,2.98,0.05,-0.55,-1.7574,1.9,-0.03,0.02,1.37122,44.66,-11.18,18.12,1.74596,5.23,-0.87,2.01,1.84996,19.3409,5.92245,29.7002,,-0.154023,-0.129928,-0.41723,-0.446849,0.573363,-0.473353,-0.152699,-0.149608,-0.442077,-0.512719,0.666587,-0.544245,-0.116892,-0.0097088,-0.465121,-0.55071,1.00425,-0.578891,-0.0206857,0.0114036,0.0673469,0.0866489,0.116647,-0.0564652,-0.0410159,-0.0138237,0.102928,0.145432,0.236992,-0.161931,-0.0567656,0.0508522,-0.0435466,-0.0578601,0.28898,-0.0777259,0.059658,0.145419,0.13852,-0.0350036,0.407379,-0.0659474,-0.438551
2009-03-31,-11.833,-5.47718,-12.9184,-2.96796,-2.32333,-0.3,-1.83,-2.29264,8.1,1.3,3.3,2.97063,-662.333,-229.667,-630.333,-2.64436,0.0690595,-0.923998,-4.0918,-2.07737,1.78202,-0.204403,-0.497353,-1.96211,0.16,0.02,-2.35,-1.76865,0.84,0.08,-0.78,-1.64988,2.73,0.48,-0.72,-1.9378,1.89,0.4,0.06,1.26895,45.54,5.54,19.93,1.67121,5.75,-0.07,2.3,2.02902,16.5466,6.48145,26.5449,,0.134415,-0.078476,-0.275094,-0.402579,0.579278,-0.429474,0.14989,-0.125205,-0.282815,-0.47703,0.661237,-0.506004,0.244234,0.033748,-0.204072,-0.452897,0.97448,-0.50788,0.0228743,-0.0238332,0.0926091,0.105787,0.120201,-0.0252053,0.0235286,-0.119707,0.108159,0.168263,0.238348,-0.128012,0.00458833,-0.0547634,0.184202,-0.0522167,0.230562,-0.0733729,-0.00714836,0.0455124,0.00792676,0.0393749,0.361681,-0.0768916,-0.337071
2009-04-30,-12.785,-3.99914,-13.707,-2.7574,-2.21333,-0.16,-1.60667,-1.97294,8.5,1.3,3.4,2.86139,-685,-132.333,-572.333,-2.40077,-0.446021,-0.370456,-4.49719,-2.18742,1.76894,0.0257026,-0.597526,-1.89058,0.18,-0.05,-2.19,-1.63394,0.94,0,-1.35,-1.48278,3.12,0.25,-0.65,-1.33358,2.18,0.25,0.7,1.50589,36.08,-8.76,15.29,0.912142,5.17,-0.21,2.07,1.52332,16.246,1.06095,24.6245,,0.099346,0.0413513,-0.0533132,-0.351065,0.454559,-0.372795,0.115192,0.0729472,-0.0053114,-0.429405,0.51129,-0.449099,0.155586,0.256356,0.19941,-0.398468,0.736668,-0.431313,-0.0274493,-0.00302948,0.0772588,0.0924382,0.115074,-0.0519628,-0.0695203,-0.0497152,0.0480124,0.0966187,0.235442,-0.188632,0.0277647,-0.0141858,0.136563,-0.0394112,0.127519,-0.0476454,-0.0333407,-0.0249162,0.182681,0.00715522,0.308259,-0.107669,-0.38728
2009-05-29,-12.5483,-1.81913,-12.5005,-2.41217,-1.73333,0.96,-0.98,-1.30998,8.9,1.3,3.9,2.75643,-639.667,33.3333,-497.667,-2.02001,-0.619635,-0.468572,-4.54203,-2.08194,1.91053,0.248959,-0.363871,-1.35696,0.17,-0.05,-1.81,-1.53151,0.97,-0.03,-1.69,-1.37698,3.67,0.65,-0.39,-0.564369,2.7,0.68,1.3,1.92349,31.67,-14.68,13.84,0.544358,4.38,-0.84,1.38,0.944408,10.778,-9.60004,19.0169,,0.0588161,0.260555,0.0967735,-0.32167,0.382451,-0.325428,0.138981,0.368225,0.163528,-0.358112,0.428964,-0.36171,0.170014,0.565714,0.550512,-0.32164,0.549699,-0.323973,-0.0224381,-0.0160964,-0.00487638,0.0927382,0.108247,-0.0716527,-0.0407623,-0.0676325,-0.0805213,0.092414,0.221387,-0.218611,0.0225249,0.0565341,0.110261,0.00901123,0.122094,-0.025586,0.0890977,0.0385404,0.189563,0.11201,0.263041,-0.0163599,-0.260795
2009-06-30,-13.4094,-2.12329,-12.9946,-2.30913,-1.72,0.603333,-0.953333,-1.22017,9.4,1.3,3.9,2.71182,-500.333,200.667,-360.667,-1.44363,-1.00817,-1.07723,-5.05399,-2.09671,1.84229,0.0602737,-0.479772,-1.47333,0.17,0.01,-2.3,-1.43639,1.11,0.3,-1.52,-1.21726,3.51,0.8,-0.48,-0.725836,2.4,0.5,1.04,1.51096,25.35,-18.79,1.4,0.0454604,3.69,-2.05,0.64,0.450663,11.2463,-6.85068,19.0827,,-0.0242741,0.162846,0.0715905,-0.262137,0.340137,-0.277548,-0.0377761,0.24457,0.0887437,-0.310054,0.397256,-0.303257,-0.0619982,0.309649,0.353847,-0.271666,0.487366,-0.258443,0.0109271,-0.0529533,-0.0755244,0.070769,0.109827,-0.0768239,0.0382045,-0.0971703,-0.205245,0.0651611,0.214031,-0.212743,0.0292533,0.0819806,0.0227276,0.0475976,0.108637,-0.00139261,-0.0475295,0.00996899,0.0559351,-0.002407,0.236493,-0.0676892,-0.266819
2009-07-31,-13.6286,-1.09403,-12.9577,-2.12398,-1.25,0.963333,-0.506667,-0.629709,9.5,1,3.9,2.45326,-436,255.333,-283.333,-1.1487,-1.18645,-0.740429,-6.02214,-2.00444,1.74835,-0.0205975,-0.666471,-1.64458,0.17,-0.03,-1.92,-1.35357,1.19,0.28,-1.33,-1.10484,3.67,0.51,-0.32,-0.465089,2.48,0.23,1.01,1.4965,25.4,-11.1,2.46,0.0250519,3.13,-1.95,-0.09,0.0460597,9.03546,-6.17135,16.0674,,0.0701826,0.130599,0.20826,-0.199898,0.311849,-0.223649,0.0824579,0.213893,0.330263,-0.214697,0.360442,-0.215289,0.0901871,0.239984,0.592544,-0.144352,0.444653,-0.139722,0.008965,-0.0149675,-0.0206895,0.0719494,0.110696,-0.0691494,0.00775972,-0.0173648,-0.0696929,0.0752449,0.205359,-0.208208,0.0477432,0.0987907,0.0782498,0.0918594,0.100618,0,0.0103907,0.0736055,0.0223415,0.0363011,0.208593,-0.045501,-0.283826
2009-08-31,-13.0509,-0.415463,-12.0065,-1.86149,-0.666667,1.06667,0.256667,0.077803,9.4,0.5,3.6,2.15474,-331,286.333,-189,-0.745968,-1.89424,-1.27461,-7.33077,-2.15256,1.5641,-0.34642,-0.947443,-2.01606,0.14,-0.05,-1.8,-1.2901,1.01,0.09,-1.35,-1.15221,3.46,-0.01,-0.37,-0.710751,2.45,-0.1,0.98,1.38849,24.76,-4.16,4.11,-0.0532862,2.95,-1.34,-0.34,-0.101348,4.30595,-5.76633,8.16076,,0.0369391,0.0863356,0.481049,-0.18297,0.277741,-0.177862,0.045029,0.0970489,0.652311,-0.142932,0.322311,-0.129511,-0.0131347,0.0426889,0.760501,-0.098662,0.405454,-0.0705826,0.00763153,0.0236862,-0.0145308,0.0638834,0.106284,-0.0620455,0.0223091,0.0617678,-0.0434819,0.0699263,0.195171,-0.190544,0.0130961,0.08303,0.158494,0.10456,0.0974552,0,0.000535619,-0.0307181,0.0373167,0.143067,0.185295,-0.0449898,-0.250057
2009-09-30,-10.7321,2.42391,-8.53073,-1.39301,-0.27,1.45,0.793333,0.560683,9.7,0.3,3.5,2.1125,-318.333,173,-163.667,-0.657884,-1.44023,-0.432066,-6.76791,-1.77749,1.45843,-0.383857,-1.08704,-2.14212,0.11,-0.11,-1.92,-1.23252,1,-0.11,-1,-1.09564,3.31,-0.22,-0.54,-0.870605,2.31,-0.11,0.46,1.17582,25.19,-1.16,-14.2,-0.0519227,2.81,-0.83,-1.19,-0.222897,0.65135,-10.4295,-0.924004,,0.0354611,0.149066,0.31622,-0.0660416,0.216068,-0.0666051,0.037966,0.174147,0.447805,0.00448151,0.260652,-0.020247,0.101951,0.185554,0.530491,0.164143,0.331683,-0.00942118,0.0112503,0.0281028,-0.0293476,0.0773673,0.0929002,-0.0514932,0.0245817,0.0555669,-0.0574961,0.080303,0.183186,-0.170646,0.0175909,0.0801367,0.168865,0.259098,0.0795531,-0.00475782,0.0583512,0.069921,0.0859057,0.161984,0.166084,-0.0106095,-0.343864
2009-10-30,-6.08068,7.19468,0.320708,-0.552651,-0.0266667,1.22333,1.66,0.85121,9.8,0.3,3.6,1.98141,-256,172.333,-48,-0.403522,-1.31885,-0.132402,-6.25834,-1.60922,1.50795,-0.240395,-0.948247,-1.90145,0.11,-0.07,-0.11,-1.16504,0.98,-0.15,-0.58,-1.04887,3.53,0.01,-0.48,-0.518912,2.55,0.16,0.1,1.35328,24.76,-1.16,-35.13,-0.120089,2.86,-0.25,-2.67,-0.215952,-8.05193,-16.567,-19.9741,,0.00573012,0.035978,0.151426,0.103293,0.196862,-0.056744,0.000939525,0.0333478,0.232345,0.24492,0.247141,-0.066059,-0.00739658,0.0121254,0.217869,0.497427,0.308658,-0.0957889,-0.00883492,0.0284982,0.00136793,0.0830308,0.0928447,-0.0527977,-0.0393175,0.0357337,-0.000966935,0.0580827,0.18509,-0.192343,0.00532717,0.0354329,0.124432,0.27241,0.0839825,-0.00970838,0.0474001,0.0922552,0.1567,0.410122,0.1535,-0.0165931,-0.331232
2009-11-30,-7.09842,5.31152,-2.38024,-0.691925,-0.17,0.496667,1.49,0.687052,10.2,0.8,3.6,2.00516,-187.667,169,104.333,-0.138099,-0.232377,1.66186,-3.94102,-1.07046,1.70467,0.140561,-0.505925,-1.28811,0.12,-0.03,-0.4,-1.09955,0.68,-0.29,-0.32,-1.17468,3.21,-0.19,0.28,-0.920893,2.53,0.1,0.6,1.27074,24.85,-1.16,-30.99,-0.161343,2.99,0.01,-3.11,-0.152537,-9.99597,-15.0633,-23.4144,,0.0308484,0.0781182,0.171198,0.251998,0.178523,-0.0129294,0.00453365,0.0514442,0.153486,0.372795,0.227146,-0.0329938,0.0281667,0.14755,0.196537,0.805001,0.292547,-0.0368417,0.0277688,0.0302289,0.0546311,0.0274718,0.0828131,-0.0336922,0.026816,0.00987993,0.0722579,-0.0510946,0.162337,-0.182547,0.0286733,0.0322967,0.118008,0.260311,0.0779285,0,0.12613,0.238116,0.200083,0.43992,0.156511,-0.00840336,-0.388074
2009-12-31,-5.07937,5.05997,1.4291,-0.306421,-0.146667,0.123333,1.87667,0.716069,10,0.3,3.2,1.76132,-87,220,345.667,0.244118,1.86952,3.30975,0.876465,-0.112372,1.6872,0.22877,-0.299217,-1.26645,0.11,0.04,-0.03,-1.04687,1.08,0.13,0.32,-0.867486,3.8,0.49,1.55,-0.0383553,2.72,0.36,1.23,1.40402,19.96,-5.65,-20.04,-0.599608,2.56,-0.3,-3.26,-0.491076,-5.86142,-6.74194,-15.9265,-0.612148,0.00665104,0.0880855,0.25347,0.263534,0.162204,-0.0113555,-0.0198013,0.0475699,0.233323,0.269918,0.207982,-0.0261316,0.00401379,0.10561,0.311006,0.68954,0.271636,-0.005292,-0.0387243,-0.0333616,-0.00203076,-0.0659244,0.0777718,-0.0689478,-0.0529066,-0.0893672,-0.0278751,-0.218063,0.155212,-0.197901,-0.0157502,0.00377062,0.0729926,0.0844629,0.0754221,-0.0206678,-0.0857897,0.0962305,0.176,0.240291,0.17327,-0.0995972,-0.455276
2010-01-29,-2.01338,3.66858,6.91131,0.258356,-0.173333,-0.146667,1.88,0.700751,10,0.2,2.6,1.63012,-69.3333,129.667,483.333,0.342558,2.81883,4.13768,2.8944,0.315673,1.79452,0.286572,0.0512819,-0.90907,0.12,0.01,-0.11,-0.987856,0.87,-0.03,-0.07,-0.962788,3.68,0.27,0.81,-0.175346,2.81,0.3,0.88,1.43368,23.73,-6.96,-21.11,-0.324252,2.57,-0.29,-2.81,-0.513088,-8.98381,-1.82157,-24.1689,-0.91369,-0.0459319,0.0340803,0.0994517,0.299555,0.159929,-0.0666616,-0.0611826,-0.0112486,0.0666163,0.384254,0.209269,-0.09455,-0.0704205,0.0227996,0.0839779,0.705286,0.261843,-0.113887,0.0205918,0.000982877,0.0261515,-0.00553022,0.0691438,-0.0359764,0.0287525,-0.0232135,0.0122496,-0.0792029,0.140945,-0.106548,0.0121914,0.0212549,0.0506645,0.126053,0.0699115,-0.00844288,-0.0140504,0.051921,0.156516,0.183911,0.181009,-0.110925,-0.43442
2010-02-26,0.935924,7.77051,11.8173,0.797519,-0.0233333,0.146667,2.67,0.887887,9.7,-0.4,2,1.3971,-35.3333,184.667,691.333,0.573859,2.65523,2.87429,2.78057,0.231307,1.47941,-0.223334,-0.176098,-1.70944,0.12,-0.01,-0.1,-0.939265,0.82,0.15,-0.18,-0.94771,3.64,0.43,0.62,-0.198937,2.82,0.28,0.8,1.38318,20.1,-4.41,-26.25,-0.663661,2.64,-0.35,-2.58,-0.491754,-10.4558,-0.347028,-30.8339,-1.0351,0.00828471,0.00312112,0.0842979,0.498346,0.160797,-0.0375462,-0.0284344,-0.0534962,0.00871468,0.563641,0.216391,-0.0921343,-0.000256376,-0.0480699,0.0828572,0.836152,0.265858,-0.0981475,0.00686568,-0.00875301,0.0140995,0.00471497,0.0628254,-0.0327827,0.00473866,-0.0312112,-0.0305628,-0.0704971,0.129228,-0.109607,0.0100456,0.00491839,0.0341653,0.177235,0.0638421,-0.00342083,0.0272417,-0.0461954,0.17933,0.175946,0.192984,-0.081809,-0.426383
2010-03-31,1.65724,6.63438,12.9951,0.930971,-0.16,-0.0133333,2.16333,0.740692,9.7,-0.3,1.5,1.31609,-57,71.3333,669,0.527937,2.21442,0.365869,2.13262,0.034705,1.33456,-0.359053,-0.450273,-1.98918,0.16,0.11,0,-0.87394,1.06,-0.08,0.25,-0.735846,3.88,0.03,1.17,0.212363,2.82,0.11,0.92,1.32468,17.13,-4.55,-27.01,-0.937082,2.48,-0.06,-3.26,-0.638615,-8.52661,-2.70877,-26.6236,-0.813022,0.0470788,0.0437293,0.114292,0.500861,0.152158,-0.00349171,0.0477257,0.00143004,0.0334692,0.534711,0.210087,-0.0341627,0.0513265,0.022888,0.0984269,0.725949,0.258905,-0.0249416,-0.0121417,0.013145,-0.00952467,-0.0369672,0.0613298,-0.0393227,-0.0188543,0.00413837,-0.0755691,-0.119965,0.122761,-0.127925,0.00312863,0.0239455,0.0167091,0.187604,0.059932,-0.00955255,-0.0186453,0.0137713,0.118239,0.206801,0.195212,-0.0858365,-0.39943
2010-04-30,3.95034,6.01257,16.4012,1.30482,0.0966667,0.27,2.31,1.04811,9.7,-0.3,1.1,1.24308,54,143.667,806.667,0.937058,2.3918,-0.392823,2.81326,0.120358,1.1821,-0.618137,-0.592178,-2.19566,0.19,0.07,-0.01,-0.813983,1.01,0.19,0.1,-0.730404,3.76,0.13,0.6,0.0637072,2.75,-0.06,0.5,1.19735,18.44,-6.18,-18.06,-0.841938,2.37,-0.2,-2.71,-0.7503,-7.43407,0.74596,-22.6409,-0.68074,0.0154697,0.110901,0.148761,0.38635,0.147294,-0.0246289,-0.0280465,0.0367762,0.0251139,0.337588,0.207936,-0.062544,-0.00172045,0.098484,0.123529,0.491001,0.249679,-0.0438824,0.0165273,0.00911023,0.0101021,0.00657903,0.0598,-0.012453,0.033218,0.00849705,-0.0149137,-0.022797,0.115504,-0.0569054,0.0190768,0.0309109,0.0528228,0.177565,0.051516,0,0.0588343,0.0887127,0.14524,0.321875,0.191716,-0.0320524,-0.465355
2010-05-28,5.17574,3.92817,17.578,1.4758,0.18,0.203333,1.91333,1.14508,9.9,0.2,1,1.26095,186.333,196.667,855.333,1.38166,2.24097,-0.414264,2.84627,0.0574984,0.983913,-0.495496,-0.934485,-2.4196,0.2,0.07,0.01,-0.76851,0.87,0.06,-0.05,-0.805273,3.34,-0.27,-0.13,-0.580279,2.47,-0.33,-0.08,0.829211,29.68,10.18,0.76,0.126782,2.89,0.27,-1.4,-0.377924,1.07392,11.8125,-8.99836,0.181322,-0.0950695,-0.0184945,-0.00868996,0.20572,0.179642,-0.102127,-0.123049,-0.088817,-0.14231,0.0494367,0.256717,-0.16747,-0.104795,-0.0383654,-0.0797879,0.165205,0.286065,-0.133698,0.0356143,0.0342133,0.0227815,0.0580829,0.0660403,-0.0070392,0.0632013,0.0641224,0.0257391,0.0665289,0.137364,-0.0209998,-0.00905009,0.0109964,0.0135556,0.135845,0.0555524,-0.0145755,0.0402608,0.0863657,0.0193878,0.235769,0.193936,-0.0207496,-0.6226
2010-06-30,8.00047,5.68702,20.8561,1.82549,0.396667,0.556667,2.11667,1.37932,9.7,0,0.3,1.10788,309.667,328.333,865.667,1.76381,1.95916,-0.25526,2.99824,-0.0609151,0.96702,-0.367545,-0.880869,-2.21127,0.15,0.06,-0.07,-0.75868,0.61,-0.41,-0.5,-0.996653,2.97,-0.87,-0.56,-1.19484,2.36,-0.46,-0.06,0.646513,34.13,16.54,7.78,0.496792,3.12,0.65,-0.52,-0.23293,-0.924296,8.33305,-12.0052,-0.0339534,-0.0355123,-0.113578,-0.0748153,0.144086,0.202831,-0.148581,-0.0107955,-0.154633,-0.153425,0.0424431,0.2745,-0.184638,0.0043376,-0.108145,-0.0877318,0.175351,0.300582,-0.145812,0.0291517,0.0782458,0.0924193,0.0964464,0.0665235,0,0.0505945,0.148948,0.153703,0.119939,0.141828,0,0.0336411,0.0387382,0.0636113,0.140141,0.0536155,0,0.0147611,0.116843,0.132223,0.334503,0.174707,-0.00936253,-0.66131
2010-07-30,8.21892,3.85598,20.9556,1.77571,0.18,0.0833333,1.43,1.10431,9.5,-0.2,0,0.961976,207,120,683.667,1.37817,1.10506,-1.28674,2.35737,-0.428556,0.968235,-0.213868,-0.776032,-2.01007,0.19,-0.01,0.01,-0.69981,0.59,-0.38,-0.54,-1.0003,3.03,-0.66,-0.49,-1.05181,2.44,-0.28,0.05,0.723195,24.13,2.08,-1.79,-0.453416,2.92,0.54,-0.19,-0.433366,-0.116177,7.13798,-8.63124,0.0349853,0.0683006,-0.0674608,0.035959,0.138987,0.208544,-0.0904282,0.116105,-0.0292565,0.00644375,0.0734893,0.279515,-0.0899706,0.109324,-0.00893834,0.0886654,0.180089,0.299051,-0.0524285,0.00909892,0.0703664,0.0801176,0.108364,0.0676065,-0.000311798,-0.00946396,0.101486,0.110845,0.124452,0.144823,-0.0151917,0.0211071,0.0408077,0.07298,0.127342,0.0526685,0,-0.0508711,0.00112691,0.0899396,0.260533,0.178199,-0.0597574,-0.696292
2010-08-31,7.74176,2.13224,19.2412,1.62762,0.0933333,-0.0866667,0.76,0.987182,9.5,-0.4,0.1,0.911183,26.6667,-160,442.667,0.779769,1.3144,-0.926561,3.28974,-0.320401,0.976163,-0.00774947,-0.578148,-1.83414,0.19,0,0.04,-0.665526,0.5,-0.26,-0.47,-1.06904,2.54,-0.77,-0.86,-1.88418,2.04,-0.51,-0.39,0.0775982,27.21,-4.86,1.2,-0.170441,2.99,0.1,0.01,-0.402936,-0.194462,-1.28423,-5.26182,0.0184085,-0.0660701,-0.0409568,-0.0538968,0.0475182,0.21004,-0.131342,-0.0693256,0.0344785,-0.0602248,-0.0266501,0.277805,-0.124506,-0.0568581,0.0417283,0.00511734,0.151592,0.286904,-0.0830998,0.0367665,0.0795269,0.112026,0.12554,0.071902,0,0.0993415,0.138789,0.213371,0.169448,0.157476,0,0.030739,0.0817847,0.0920879,0.129647,0.0549172,0,0.0566038,0.0192019,0.0936128,0.307066,0.157776,-0.006106,-0.709064
2010-09-30,6.21307,-1.61423,15.5475,1.35659,-0.06,-0.456667,0.21,0.799376,9.6,-0.1,-0.1,0.908545,-94.3333,-412,263.333,0.369442,1.1987,-0.76046,2.66731,-0.362614,0.952264,-0.014756,-0.497299,-1.741,0.19,0.1,0.12,-0.631083,0.44,-0.17,-0.51,-1.12262,2.52,-0.45,-0.79,-1.82421,2.08,-0.28,-0.28,0.0846621,23.25,-11.29,-2.36,-0.563606,3.06,-0.02,0.2,-0.376406,-1.2527,-0.85561,-2.13322,-0.110414,0.0895567,0.116594,-0.0213295,0.102244,0.218254,-0.0535477,0.099721,0.163806,-0.0191173,0.0312604,0.284373,-0.0372014,0.117574,0.191009,0.0427233,0.167919,0.288209,0,-2.86035e-05,0.043394,0.12688,0.112987,0.0757495,-0.00362244,-0.0252041,0.0449434,0.205428,0.112623,0.170103,-0.0252041,0.00457039,0.0538971,0.0935636,0.115192,0.0587199,0,0.0477556,0.0928742,0.160076,0.293981,0.148415,-0.000312622,-0.719722
2010-10-29,5.42271,-2.84696,10.335,1.20261,-0.0666667,-0.246667,-0.04,0.78524,9.6,0.1,-0.2,0.860765,-72.6667,-262.667,188.333,0.451349,1.13982,0.034759,2.48095,-0.368763,0.79351,-0.174725,-0.706608,-1.88572,0.19,0.01,0.08,-0.599514,0.37,-0.18,-0.53,-1.22332,2.69,-0.25,-0.72,-1.44139,2.32,-0.07,-0.19,0.456661,20.88,-2.62,-9.81,-0.804007,3.16,0.25,0.3,-0.324126,-2.39083,-1.35818,4.77142,-0.247243,0.0382016,0.0564424,-0.00547127,0.132978,0.213515,-0.0173918,0.0380551,0.0624309,0.0585297,0.0615737,0.281798,-0.0122997,0.0301535,0.0858138,0.0980467,0.187871,0.286003,-0.0156873,-6.72202e-05,0.0366671,0.109088,0.122745,0.075268,-0.0130897,-0.0446928,0.0237394,0.11326,0.107288,0.173441,-0.0687704,-0.00262994,0.0327267,0.0722797,0.127852,0.0608939,-0.00785782,0.0368228,0.147828,0.145943,0.291485,0.157747,-0.0158071,-0.667022
2010-11-30,5.34811,-2.27852,10.9331,1.15826,-0.156667,-0.25,0.0133333,0.679571,9.6,0.1,-0.5,0.815225,36.3333,-27.3333,256.667,0.814165,1.16567,-0.148739,1.38473,-0.328683,0.5924,-0.383763,-1.11034,-2.05737,0.2,-0.01,0.07,-0.570758,0.52,0.05,-0.15,-0.998509,2.84,0.37,-0.37,-1.06821,2.32,0.32,-0.22,0.414353,21.53,-4.52,-2.98,-0.737089,3.04,0.03,0.05,-0.452388,0.0657753,-0.0401218,10.1746,-0.00847239,0,0.131179,0.08485,0.0990734,0.17664,-0.0344689,-0.0482387,0.086503,0.123964,0.00580477,0.230951,-0.0874545,-0.0290557,0.117822,0.164467,0.12176,0.226675,-0.0782237,-0.00898522,-0.00908018,0.0697246,0.0825947,0.0767001,-0.0219573,-0.0168924,-0.0845011,0.0425598,0.0601542,0.171367,-0.0845011,-0.0161554,-0.0142581,0.0663605,0.0787016,0.0622831,-0.0263486,0.021113,0.109273,0.130573,0.171048,0.161526,-0.0171288,-0.498978
2010-12-31,5.37703,-1.28683,9.495,1.13223,-0.166667,-0.106667,-0.02,0.668879,9.8,0.2,-0.2,0.87075,62.3333,143,190.667,0.904392,1.0546,-0.144103,-0.793953,-0.343513,0.651111,-0.301153,-1.04251,-1.80644,0.19,0.04,0.14,-0.539624,0.66,0.24,-0.48,-0.777576,3.38,0.85,-0.47,0.0621374,2.72,0.61,0.01,1.21165,17.52,-6.18,-4.16,-1.10674,2.69,-0.36,0.15,-0.781788,-1.734,0.250319,4.08384,-0.221691,0.0446331,0.102968,0.243522,0.150567,0.151055,-0.00135014,0.0531901,0.0594916,0.247991,0.0816932,0.205173,-0.0116382,0.0428951,0.057474,0.272607,0.165281,0.201459,-0.0110959,-0.0214374,-0.0435595,0.0002661,0.0936082,0.0855732,-0.0555065,-0.0150965,-0.0911789,-0.047328,0.0901145,0.17762,-0.118366,-0.00530998,-0.0213763,0.0293162,0.0931825,0.0671665,-0.0336712,0.0246713,0.0760996,0.170732,0.292703,0.14737,-0.00280354,-0.392554
2011-01-31,5.90804,-0.385633,7.50217,1.16506,-0.0733333,-0.00666667,0.1,0.76956,9.4,-0.2,-0.5,0.625961,128,158.333,217.667,1.11415,1.39395,0.254131,-1.39067,-0.154493,0.64458,-0.14893,-1.15566,-1.69632,0.17,-0.03,0.05,-0.520374,0.54,0.2,-0.28,-0.903832,3.36,0.73,-0.27,0.0434311,2.82,0.53,0.01,1.3619,20.04,-1.16,-4.58,-0.842422,2.7,-0.45,0.13,-0.762062,-4.50739,-1.77884,3.67264,-0.538009,0.0235446,0.0917085,0.153327,0.20307,0.131662,-0.0100777,0.02713,0.052437,0.118142,0.142386,0.185795,-0.0137723,-0.0317056,0.00159737,0.0875482,0.182894,0.193051,-0.0519465,0.00482014,-0.0431826,-0.00809882,0.0717425,0.0876468,-0.055707,-0.0200892,-0.0824295,-0.060647,0.0382513,0.176938,-0.145531,0.00286506,-0.0231954,0.00877216,0.0849383,0.0687537,-0.0333157,-0.0522513,-0.0207359,0.124026,0.198616,0.152996,-0.0664223,-0.37
2011-02-28,5.15211,-0.718149,3.63547,1.03119,-0.0266667,0.13,-0.00333333,0.812836,9,-0.7,-0.7,0.3671,83.3333,55.6667,158,1.01622,1.65733,0.490753,-0.964151,0.00477755,0.949232,0.356912,-0.528097,-1.12268,0.15,-0.05,0.02,-0.506071,0.72,0.27,-0.09,-0.596155,3.42,0.61,-0.19,0.171663,2.7,0.34,-0.1,1.03452,19.22,-4.32,-0.28,-0.888676,2.6,-0.43,-0.02,-0.829852,-4.76488,-5.61602,5.97372,-0.592632,0.024309,0.126683,0.25928,0.213374,0.122366,-0.0102579,0.0212362,0.12086,0.229794,0.192084,0.17659,-0.0060155,-0.0217912,0.0276785,0.140369,0.173127,0.19456,-0.0523596,-0.00144197,-0.0327528,-0.0336797,0.0612205,0.0853573,-0.0576719,0.014056,-0.0381644,-0.104965,0.0498584,0.167325,-0.13143,0.00931164,0.00302133,-0.000926956,0.0848755,0.0667846,-0.0228744,0.0761071,0.0341898,0.1376,0.257982,0.154549,-0.0104162,-0.307396
2011-03-31,5.8136,-0.327192,4.75011,1.09861,-0.09,0.0766667,0.07,0.720737,8.9,-0.9,-0.8,0.262386,135.667,57.3333,203.667,1.16124,2.16398,1.11123,-0.0358604,0.280093,1.09238,0.438303,-0.236819,-0.831365,0.13,0,0.04,-0.490902,0.8,0.19,-0.22,-0.440334,3.47,0.17,-0.37,0.274809,2.67,-0.02,-0.15,0.913097,17.71,-0.04,0.12,-0.99176,2.59,-0.09,0.12,-0.808061,-5.20944,-2.62873,4.04791,-0.664374,0.0149101,0.0592296,0.172929,0.147911,0.122603,-0.0101362,-0.0152443,0.0381885,0.10425,0.0831394,0.187095,-0.029755,0.0594267,0.0287489,0.0962184,0.143052,0.198068,0,0.00258718,0.00118513,-0.046708,0.0742453,0.0833182,-0.059123,0.0129741,-0.00362637,-0.108712,0.0743836,0.155815,-0.131176,-9.2638e-05,0.00822154,-0.0205608,0.0710791,0.0639267,-0.0281525,-0.000407384,0.0206524,0.0934251,0.268456,0.159058,-0.00342027,-0.335096
2011-04-29,5.88167,-0.956334,2.54319,1.07815,0.0166667,0.09,-0.08,0.816733,8.8,-0.6,-0.9,0.15031,159.333,20.6667,120,1.1996,2.70161,1.30723,0.331119,0.57052,1.19441,0.548073,0.0147935,-0.614178,0.09,-0.08,-0.11,-0.504625,0.62,0.04,-0.35,-0.675759,3.34,-0.08,-0.35,0.0287532,2.72,-0.12,0,0.975149,14.62,-4.91,-7.43,-1.24151,2.59,-0.09,0.21,-0.78896,-6.96676,-2.62628,0.287396,-0.868819,0.0275661,0.0728386,0.163373,0.171114,0.120378,0,0.0511821,0.0768709,0.123219,0.197903,0.183174,-0.00470528,0.0362682,0.103021,0.0962983,0.206957,0.19713,-0.00398495,0.0157948,0.0107431,-0.0247431,0.0740086,0.0830253,-0.0417972,0.0212848,0.0326593,-0.0362659,0.0615611,0.153618,-0.110854,0.0217368,0.0276748,0.00858943,0.0796889,0.0612283,-0.00381576,0.0987957,0.169558,0.161003,0.320822,0.150123,0,-0.351843
2011-05-31,4.95112,-0.670351,0.316564,0.937074,-0.12,-0.26,-0.266667,0.79725,9,0,-0.8,0.223633,233.333,129,88.6667,1.36693,3.12832,1.47099,0.860449,0.803476,1.34021,0.39098,0.34668,-0.32044,0.1,-0.06,-0.09,-0.447335,0.48,-0.21,-0.28,-0.886449,3.07,-0.35,-0.24,-0.498532,2.59,-0.14,0.04,0.644879,15.98,-2.37,-16.09,-1.10862,2.65,0.08,-0.24,-0.722432,-8.97575,-3.93508,-10.0655,-1.0842,-0.0112145,0.0347996,0.142989,0.279454,0.113745,-0.0112145,-0.0220593,0.0225738,0.141474,0.332358,0.176523,-0.0283381,-0.0293981,0.0708297,0.0838661,0.316954,0.189504,-0.033266,0.02506,0.0411385,0.00601741,0.0681635,0.076683,-0.0177846,0.0342295,0.05567,0.00969127,0.0372621,0.136048,-0.0804187,0.0126973,0.0324268,0.0345371,0.108789,0.0535892,-9.07805e-05,-0.0179169,0.0686282,0.120832,0.247936,0.14202,-0.0179169,-0.466175
2011-06-30,3.42482,-1.62722,-3.77323,0.727842,-0.196667,-0.31,-0.51,0.708198,9.1,0.2,-0.5,0.240563,160,8.33333,-149,1.08954,3.44377,1.27979,1.45295,0.982395,1.51375,0.421365,0.538442,0.0319774,0.07,-0.03,-0.02,-0.469853,0.47,-0.33,-0.14,-0.907848,3.14,-0.33,0.17,-0.302671,2.67,0,0.31,0.804205,17.27,-0.47,-17.27,-0.96117,2.75,0.17,-0.33,-0.623586,-8.89478,-3.6538,-8.49769,-1.06099,0.00571651,0.000254941,0.0594996,0.310019,0.12686,-0.027898,0.0118596,0.0204503,0.0594197,0.311413,0.191658,-0.0401032,0.00872917,-0.0122053,0.0161927,0.28967,0.194549,-0.0423101,-0.0131763,0.038676,0.039907,0.0331286,0.0677159,-0.0227337,-0.0362556,0.0338321,0.030083,-0.0371448,0.126664,-0.101782,-0.0129075,0.0297843,0.0382507,0.0629723,0.0476398,-0.0129075,-0.0260756,0.0439082,0.0654674,0.247445,0.13677,-0.0417996,-0.609149
2011-07-29,3.41456,-1.90586,-4.3326,0.699917,-0.596667,-0.723333,-0.576667,0.37307,9.2,0.4,-0.3,0.263559,86.6667,-79,-94.3333,0.82885,3.43024,0.728635,2.34041,1.02505,1.63872,0.444314,0.679447,0.315284,0.08,-0.01,-0.1,-0.421097,0.42,-0.19,-0.13,-1.05088,2.98,-0.34,0.04,-0.624123,2.56,-0.15,0.17,0.475395,23.74,8.99,0.24,-0.383462,2.73,0.15,-0.18,-0.624984,-7.95139,-0.150634,-6.91874,-0.944488,-0.0106333,-0.0473442,0.022046,0.196378,0.135522,-0.0473442,-0.00961398,-0.0568715,0.0156277,0.163826,0.20054,-0.0629268,0.000425563,-0.0483768,0.0496601,0.158927,0.195472,-0.0521689,0.0281518,0.0522163,0.0635203,0.0557967,0.0683001,0,0.0424837,0.0547993,0.0892484,0.0165669,0.129356,-0.0621292,0.0257959,0.0290457,0.0575244,0.0674875,0.0491644,0,0.0754858,0.0388528,0.214998,0.370595,0.125849,0,-0.563824
2011-08-31,3.70143,-0.870008,-3.8277,0.708316,-0.293333,-0.0733333,-0.29,0.578426,9.1,0.1,-0.4,0.117102,72,-143.333,-0.333333,0.748077,3.58605,0.457734,2.26425,1.19304,1.76298,0.422766,0.792267,0.627241,0.08,-0.02,-0.13,-0.406408,0.2,-0.25,-0.27,-1.71889,2.19,-0.86,-0.28,-2.21836,1.99,-0.61,-0.01,-1.22333,32.89,17.44,6.84,0.400393,3.22,0.57,0.21,-0.19197,-8.01179,2.00854,-8.11769,-0.928919,-0.0260585,-0.0675961,-0.0757514,0.149475,0.22871,-0.0997173,-0.0508495,-0.103268,-0.116186,0.0658344,0.304534,-0.144967,-0.0629126,-0.102525,-0.0784371,0.0498965,0.292477,-0.13989,0.0332016,0.0718541,0.132027,0.0767797,0.081753,-0.010567,0.054067,0.125003,0.211039,0.0502551,0.188247,-0.0375011,-0.00786108,0.0237933,0.0628233,0.0492597,0.0700347,-0.0146495,0.100297,0.188763,0.286987,0.460432,0.181104,-0.0372176,-0.619514
2011-09-30,3.35433,-0.0427926,-3.4194,0.640785,-0.283333,-0.0133333,-0.0533333,0.55065,9.1,0,-0.5,0.045641,35,-119.667,135,0.611926,3.76029,0.316525,2.57757,1.37401,1.95001,0.436265,1.00932,1.10356,0.08,0.01,-0.07,-0.946987,0.27,-0.18,-0.15,-1.64241,1.99,-1.19,-0.54,-2.40799,1.72,-1.01,-0.39,-1.99124,38.84,22.32,15.14,0.940583,3.3,0.58,0.25,-0.105312,0.381973,10.2939,2.36629,-0.00752942,-0.0694204,-0.150721,-0.141578,0.00688677,0.24986,-0.162215,-0.108083,-0.214145,-0.196893,-0.113601,0.322247,-0.237382,-0.179065,-0.271285,-0.283197,-0.213233,0.330947,-0.293906,0.0223712,0.106604,0.144082,0.0923851,0.0848441,-0.0125926,0.132062,0.298387,0.333685,0.200276,0.215735,-0.0188432,0.00350892,0.0313361,0.0571265,0.0453483,0.0709831,-0.0112684,-0.110623,0.0905955,0.135489,0.226127,0.22431,-0.143724,-0.642083
2011-10-31,3.22481,-0.0953047,-3.12077,0.588027,-0.206667,0.343333,-0.0533333,0.565368,9.1,-0.1,-0.5,-0.0428965,95.6667,-1,141.333,0.753721,3.90428,0.474035,2.76006,1.52314,1.97146,0.332734,1.17835,1.24212,0.07,-0.04,-0.13,-0.998847,0.28,-0.08,-0.06,-1.6145,2.34,-0.48,-0.29,-1.57989,2.06,-0.4,-0.23,-0.934291,24.53,-0.72,3.33,-0.300395,2.99,0.22,-0.16,-0.334546,-0.263837,7.83131,2.46471,-0.0430844,0.109147,0.0052531,-0.0659819,0.0798502,0.275539,-0.0707738,0.0962757,-0.0719332,-0.157098,-0.0510493,0.352807,-0.16396,0.16299,-0.105327,-0.156904,-0.108545,0.371831,-0.17882,-0.0128605,0.0427308,0.108712,0.0808038,0.0930223,-0.0252911,-0.0382927,0.147576,0.250296,0.207678,0.240696,-0.0640497,0.0250947,0.020605,0.0601738,0.0695615,0.0725724,0,0.0587119,0.0360327,0.116493,0.268496,0.233847,-0.0934503,-0.708158
2011-11-30,3.92271,0.270293,-2.03221,0.634565,-0.273333,-0.0866667,0.0866667,0.467747,9,-0.1,-0.7,-0.280973,114,47.3333,86.3333,0.759291,3.55894,-0.027116,2.39236,1.32484,2.09608,0.333102,1.50376,1.55282,0.08,0,-0.12,-1.14208,0.27,0.07,-0.18,-1.53529,2,-0.23,-0.81,-2.05008,1.73,-0.3,-0.63,-1.78965,30.64,-0.98,7.1,0.425403,3.22,-0.03,0.19,-0.0511385,0.647752,9.03718,-0.203386,0.104001,-0.0040644,0.0279543,-0.0415314,0.0534205,0.296861,-0.0745505,-0.0217638,-0.0434935,-0.14227,-0.0550646,0.377259,-0.182156,-0.0197236,-0.0640925,-0.160047,-0.115412,0.403918,-0.195017,0.00580084,0.0150773,0.0880148,0.109678,0.0956953,-0.019637,0.0198906,0.110367,0.249167,0.27583,0.249792,-0.0454332,-0.0315651,-0.00377907,0.0199244,0.0547936,0.0742507,-0.0423081,0.0166726,-0.0427076,0.137993,0.256685,0.24162,-0.0783358,-0.718956
2011-12-30,3.74426,-0.0238543,-2.2759,0.569431,-0.24,-0.0566667,0.0233333,0.447586,8.6,-0.5,-1.2,-1.08241,143.333,59.6667,65,0.796046,3.41179,-0.348509,2.35904,1.17352,2.15123,0.201219,1.49715,1.64559,0.07,0.01,-0.06,-1.28651,0.28,0.03,-0.33,-1.40276,1.91,-0.01,-1.39,-2.15247,1.63,-0.04,-1.06,-2.17072,22.65,-20.31,4.9,-0.447608,3.28,-0.02,0.6,0.09439,2.0716,1.3509,4.65231,0.304587,0.0104495,0.116182,-0.0520502,0.0189494,0.299645,-0.06488,-0.0217513,0.0490902,-0.175567,-0.122303,0.38029,-0.199945,-0.0426492,0.0914289,-0.204659,-0.187971,0.41429,-0.229349,0.0198827,0.0126066,0.120555,0.156534,0.0943984,-0.00356552,0.0344491,0.0146251,0.317376,0.340011,0.256244,-0.0179966,0.0348769,0.0273611,0.0595546,0.0974088,0.0770106,-0.00890673,-0.106624,-0.0384031,0.0487132,0.0956603,0.256543,-0.176608,-0.72194
2012-01-31,2.94594,-0.739613,-3.79405,0.431589,-0.0833333,0.0333333,-0.0533333,0.527308,8.5,-0.5,-0.9,-1.55955,137.333,-9.66667,-1.33333,0.734089,2.97975,-0.924526,1.58538,0.87065,2.23032,0.258866,1.58399,1.72794,0.09,0,-0.08,-0.831812,0.22,-0.03,-0.36,-1.50067,1.87,-0.3,-1.55,-2.03654,1.65,-0.27,-1.19,-2.01707,19.4,-10.56,-0.13,-0.807505,3.25,0.23,0.57,0.143099,1.65786,2.64372,5.99834,0.315822,0.0412306,0.0276283,0.031501,0.0419264,0.29628,-0.0215135,0.0578213,-0.0449404,-0.0897529,-0.0950141,0.378241,-0.157784,0.110787,0.00268043,-0.0968011,-0.0626761,0.416901,-0.144646,0.0121667,0.048519,0.0887905,0.166751,0.0918365,0,-8.27179e-05,0.0932432,0.24296,0.378051,0.255446,-0.0212366,0.0257765,0.0260329,0.0535481,0.120535,0.0751737,0,0.126181,-0.00182761,0.0734847,0.303688,0.260242,-0.082778,-0.752596
2012-02-29,3.35202,-0.838419,-2.39812,0.438601,0.14,0.313333,-0.00666667,0.683034,8.3,-0.6,-0.8,-2.14148,201,68,84,0.864398,2.92667,-0.627341,1.28644,0.79355,2.27105,0.167347,1.31376,1.71232,0.1,0,-0.06,-0.616161,0.3,0.05,-0.39,-1.16059,1.94,-0.14,-1.48,-1.76493,1.64,-0.19,-1.09,-1.91546,17.96,-9.84,-0.39,-0.985175,3.12,-0.12,0.55,0.0569278,1.47078,2.20502,6.51145,0.403309,0.0430083,0.151859,0.142077,0.0684689,0.226829,-0.00392549,0.0537877,0.142211,0.0452985,-0.0708175,0.300309,-0.11708,0.061797,0.183055,0.069922,-0.00259398,0.35303,-0.0995521,-0.00727133,0.00948781,0.0361161,0.155002,0.0780601,-0.0110006,-0.014719,-0.0195279,0.115515,0.316655,0.219454,-0.0466545,0.0193151,0.0767702,0.0792134,0.126641,0.0546251,0,-0.0222817,-0.0140671,-0.0552303,0.17322,0.242425,-0.109995,-0.767273
2012-03-30,4.24265,0.371538,-0.913183,0.50902,0.3,0.453333,0.173333,0.820615,8.3,-0.4,-0.7,-2.14148,244.667,87.6667,94.6667,0.97614,2.89404,-0.557002,0.773035,0.731098,2.17158,0.0150275,1.07158,1.44634,0.13,0.09,0.03,-0.0109564,0.33,0.08,-0.47,-1.00221,2.18,0.29,-1.29,-1.31734,1.85,0.21,-0.82,-1.35878,15.48,-7.92,-2.26,-1.35035,3.03,-0.24,0.45,0.0485968,2.9373,0.825373,8.17827,0.748906,0.0268423,0.121368,0.226404,0.0843135,0.201568,-0.00564974,-0.00705518,0.113611,0.12313,-0.0574329,0.275785,-0.113365,-0.0403339,0.132814,0.173388,-0.100263,0.323991,-0.127684,-0.0127135,-0.014899,0.00030682,0.139674,0.0746647,-0.0267403,-0.0332585,-0.0673064,-0.0330159,0.264167,0.197169,-0.0870381,-0.0118786,0.027714,0.0566469,0.116687,0.055084,-0.0142111,-0.0269492,0.0783557,0.0280279,0.159159,0.205861,-0.121729,-0.734234
2012-04-30,3.77662,-0.0230043,-1.56351,0.397503,0.0533333,-0.09,-0.103333,0.528161,8.2,-0.3,-0.7,-2.20741,211.667,47.6667,19.6667,0.846421,2.64569,-0.357293,-9.50504e-05,0.544149,2.25017,0.013631,1.05158,1.53539,0.13,0.02,0.04,0.0502955,0.26,0.04,-0.35,-1.1705,1.96,0.13,-1.36,-1.57064,1.7,0.09,-1.01,-1.65937,16.32,-3.12,1.57,-1.17497,3.19,-0.05,0.61,0.64459,6.40083,5.44223,14.2016,1.44623,-0.00256781,0.0693676,0.0990741,0.0467597,0.172553,-0.0138892,-0.0119489,0.0362434,-0.0211223,-0.126169,0.25021,-0.131779,-0.0099671,0.0111369,-0.0032838,-0.139083,0.275513,-0.139257,0.0200567,0.00144424,0.0523729,0.147148,0.0683465,-0.00231773,0.0306145,-0.0108422,0.0802849,0.29499,0.178168,-0.0429033,0.00838354,0.0157074,0.0431103,0.1012,0.0542475,-0.00353938,0.00372024,-0.0366006,-0.0474285,0.0624139,0.194115,-0.123029,-0.6582
2012-05-31,5.16024,0.81807,0.724441,0.549276,-0.0666667,-0.32,0.113333,0.32495,8.1,-0.2,-0.9,-2.2095,176,-42.3333,-63,0.687997,2.29746,-0.629212,-0.765018,0.295013,2.30813,0.0370723,0.964227,1.58826,0.16,0.06,0.06,0.660754,0.27,-0.03,-0.18,-1.07728,1.63,-0.35,-1.42,-1.91595,1.36,-0.32,-1.24,-2.25692,24.14,5.71,8.69,0.110349,3.4,0.3,0.75,1.58286,8.24721,7.33692,18.2675,1.81367,-0.0658655,-0.0412684,0.106903,0.0179185,0.141949,-0.0731104,-0.115064,-0.136034,-0.0085267,-0.186772,0.209952,-0.205028,-0.112942,-0.157541,0.0106828,-0.193412,0.238464,-0.214905,0.0305706,0.0411051,0.0495791,0.141804,0.0610089,0,0.0959374,0.104945,0.0820404,0.346935,0.158933,0,0.00949372,0.00638172,0.0835369,0.090173,0.0514179,0,-0.0601289,-0.0899706,-0.091443,0.0114068,0.186255,-0.178612,-0.62455
2012-06-29,4.67302,-0.389837,1.50638,0.433548,-0.336667,-0.726667,-0.15,-0.268594,8.2,-0.1,-0.8,-1.85604,96.3333,-156,-87.3333,0.282727,1.73304,-1.161,-1.69818,-0.106312,2.25732,0.0857374,0.746749,1.43249,0.15,0.06,0.08,0.522896,0.31,-0.02,-0.14,-0.89881,1.6,-0.63,-1.58,-1.80427,1.29,-0.61,-1.44,-2.1664,19.71,4.21,3.19,-0.586074,3.37,0.3,0.65,1.5897,8.60548,5.84574,18.5174,1.914,0.0405829,-0.0284392,0.089477,0.053208,0.134636,-0.0354945,0.0704309,-0.0686125,0.0372035,-0.139698,0.196581,-0.149037,0.0504874,-0.0778122,0.0446669,-0.160021,0.219959,-0.175268,-0.00414459,0.0501412,0.0344951,0.152254,0.0607488,-0.0126237,-0.0167824,0.123777,0.0481393,0.374151,0.152172,-0.0395831,0.00871203,0.0273529,0.055825,0.11405,0.047946,-0.000254736,0.0235457,-0.0427461,0.0322602,0.0629379,0.179823,-0.159272,-0.608738
2012-07-31,4.68387,1.00558,1.54986,0.394617,-0.196667,-0.13,0.28,-0.124306,8.2,0,-0.9,-1.71756,75,-150.667,-54.6667,0.103471,1.68166,-0.96403,-1.83159,-0.205361,2.22396,-0.0262123,0.597313,1.31231,0.14,-0.02,0.03,0.374239,0.23,-0.04,-0.13,-1.14013,1.53,-0.42,-1.29,-1.77525,1.3,-0.38,-1.16,-1.97339,18.03,0.88,-7.22,-0.800567,3.26,0.06,0.49,1.16267,9.95623,4.39139,18.0514,2.14254,0.011829,-0.0164573,0.0587131,0.0920636,0.141295,-0.0240854,0.000801927,-0.0519772,-0.0187045,-0.106779,0.20177,-0.087898,-0.000384487,-0.068515,-0.0598869,-0.150891,0.22348,-0.123903,0.0140124,0.0406802,0.0363815,0.128402,0.0587531,-0.00536969,0.0381731,0.118678,0.0882401,0.352639,0.148852,-0.0186138,0.034834,0.0537595,0.0651478,0.122184,0.0474607,0,0.00837683,-0.0299405,-0.0757191,-0.00779863,0.172821,-0.152229,-0.626612
2012-08-31,4.37483,-0.530215,1.00626,0.283861,-0.213333,-0.0333333,-0.126667,-0.359053,8.3,0.2,-0.8,-1.44628,104.667,-52,26.6667,0.219642,1.42252,-0.874938,-2.19155,-0.508366,2.11123,-0.196893,0.361726,1.05596,0.14,-0.02,0.06,0.388148,0.27,0,0.07,-0.945635,1.63,0.04,-0.6,-1.52486,1.36,0.04,-0.67,-1.70757,17.83,-6.23,-13.79,-0.797863,3.2,-0.2,-0.05,0.918866,6.34361,-2.92245,14.733,1.52076,0.0330797,0.107663,0.0421452,0.19199,0.141763,-0.00724417,0.0464422,0.124887,-0.0307976,0.00996102,0.202127,-0.053725,0.0142014,0.0786991,-0.0939107,-0.0561849,0.219463,-0.11173,9.15978e-05,0.00583492,0.047983,0.0723563,0.0582843,-0.00653535,-0.0138217,-0.00823508,0.111466,0.203897,0.146995,-0.0315567,-8.34583e-05,0.0448491,0.0514721,0.120251,0.049161,-0.000539541,0.0654642,0.0438596,-0.00863266,-0.0767414,0.152129,-0.103789,-0.603139
2012-09-28,2.79844,-1.88845,-0.627586,-0.173847,-0.473333,-0.14,-0.34,-1.40285,8.1,-0.1,-1,-1.65611,94,-5.33333,5.66667,0.0819221,1.69535,-0.0376916,-2.06688,-0.41386,1.91937,-0.337956,-0.0168579,0.677332,0.14,0.05,0.08,0.35858,0.25,-0.08,0,-0.960774,1.66,-0.01,-0.26,-1.38548,1.41,0.07,-0.26,-1.50345,14.84,-2.24,-28.12,-1.20484,3.05,-0.34,-0.25,0.382599,-1.59305,-9.02957,-2.31375,0.127479,0.0228173,0.0634748,0.0332305,0.267158,0.14126,-0.0169866,0.0208031,0.0608511,-0.0119366,0.109724,0.199285,-0.0389831,0.0496577,0.0559601,-0.0262065,0.142637,0.214246,-0.0654834,0.00481727,0.00930021,0.0599077,0.0602329,0.0558257,-0.00999177,-0.00641812,-0.00146059,0.122135,0.085087,0.145093,-0.0560796,0.0183477,0.0456693,0.0742714,0.135126,0.0461498,0,0.0703655,0.10761,0.060264,0.089981,0.147954,-0.0176592,-0.616149
2012-10-31,2.81076,-1.79445,-0.403555,-0.27234,-0.366667,-0.123333,-0.293333,-1.00699,7.8,-0.4,-1.2,-1.96983,145.667,79,18,0.415531,2.00291,0.321246,-1.89242,-0.265223,1.98819,-0.235771,0.0190311,0.769988,0.17,0.04,0.08,1.00034,0.3,0.07,0.05,-0.722918,1.74,0.23,-0.43,-1.20569,1.44,0.16,-0.48,-1.3598,17.81,-1.12,-12.15,-0.699531,2.75,-0.52,-0.27,-0.635621,2.1548,-6.14351,3.14067,0.749479,-0.0181983,0.0319149,0.0149324,0.122686,0.136368,-0.0348758,0.0108471,0.071499,0.0158055,0.00420426,0.189871,-0.0285588,-0.00423605,0.0518914,-0.0201789,-0.00845241,0.207909,-0.0694421,-0.00395706,-0.00858571,0.0317452,0.0773359,0.0549507,-0.0139093,-0.00483996,-0.0428316,0.0707635,0.138754,0.143973,-0.0606481,0.0134606,0.0240721,0.0791257,0.119185,0.0443461,-0.000892627,-0.0294374,0.0660745,0.0341557,-0.0164485,0.14455,-0.0465768,-0.60492
2012-11-30,1.73691,-2.51155,-2.47955,-0.803515,-0.563333,-0.33,-0.396667,-1.78007,7.9,-0.4,-1,-1.70222,170.333,66,37.3333,0.573266,2.18118,0.758657,-1.37283,-0.165656,1.99987,-0.111365,-0.103839,0.770503,0.16,0.03,0.06,0.746623,0.25,0.03,0,-0.869146,1.62,0.05,-0.46,-1.28237,1.37,0.02,-0.46,-1.39544,15.06,-2.41,-12.74,-1.08983,2.95,-0.26,-0.29,0.053082,-0.230888,-6.44681,0.503354,0.282489,0.0056601,0.00988772,0.0926446,0.209452,0.13823,-0.0294131,0.0279055,0.0606709,0.179918,0.169857,0.182309,-0.00145022,0.0154328,0.0613419,0.121621,0.133603,0.197096,-0.0550809,0.00979354,0.0106429,0.0109445,0.0610662,0.0541104,-0.00425198,0.013807,0.00242496,-0.00948041,0.0717822,0.138325,-0.0476785,-0.00417151,0.0277501,0.0645179,0.153444,0.0421084,-0.00506041,-0.00467542,0.0339996,0.0951721,-0.00497363,0.139593,-0.0435459,-0.591212
2012-12-31,2.50973,-0.432259,-1.60316,-0.781596,-0.2,0.32,-0.07,-0.411559,7.7,-0.4,-1,-1.869,138.667,-0.666667,-18.3333,0.239149,1.76685,0.0715017,-1.68419,-0.645705,1.93867,0.0193093,-0.217882,0.646767,0.17,0.08,0.13,0.914889,0.27,0.04,0.02,-0.771506,1.73,0.08,-0.16,-1.08684,1.46,0.04,-0.18,-1.1632,22.72,6.99,-0.68,0.122067,2.85,-0.22,-0.42,-0.325842,-1.50477,-0.237809,-3.61669,0.0269998,0.00914593,-0.00843564,0.0858189,0.166132,0.124254,-0.0207427,0.0451389,0.0631146,0.19209,0.215199,0.162902,0,0.0673971,0.0734291,0.19117,0.205104,0.174269,0,-0.00959183,-0.00366643,0.000963291,0.0415752,0.0501132,-0.0136216,-0.0275265,-0.0156434,-0.0304128,0.0315334,0.13158,-0.0713685,-0.00338257,0.00813647,0.0515723,0.110011,0.0408525,-0.00834475,-0.0308724,-0.0598793,0.0726276,0.0727696,0.12302,-0.0667565,-0.571774
2013-01-31,2.24518,-0.71615,-1.58637,-1.18137,-0.106667,0.266667,-0.266667,-0.0954916,7.8,0,-0.7,-1.60366,151,-17.3333,-13,0.310147,1.73807,-0.264836,-1.26491,-0.643836,1.88698,-0.101207,-0.349559,0.550045,0.12,-0.06,0.01,-0.141621,0.27,-0.03,0.05,-0.72408,2.03,0.31,0.2,-0.648704,1.76,0.34,0.15,-0.581429,14.32,-4.28,-5.12,-1.12925,2.84,0.11,-0.4,-0.396289,0.394682,-1.79756,-0.56391,0.34209,0.0511899,0.0665833,0.0929247,0.164801,0.113701,-0.00637254,0.0372845,0.112009,0.18517,0.176304,0.136997,-0.00371546,-0.00304315,0.0797706,0.132249,0.0785611,0.142609,-0.0223333,-0.0129308,-0.00859912,-0.0194144,0.0183185,0.0495003,-0.0263763,-0.0318536,-0.0372836,-0.0820564,0.00845545,0.127757,-0.100949,-0.0129766,-0.0173018,0.00839841,0.0717396,0.039657,-0.021213,-0.00506356,-0.028506,0.0239472,-0.0406475,0.113729,-0.0714821,-0.529676
2013-02-28,2.10027,-0.0273123,-2.35556,-1.43033,0.296667,0.856667,0.0133333,1.37329,7.9,0,-0.4,-1.37598,200,45.6667,-38.3333,0.620876,1.57861,-0.580363,-1.37886,-0.790863,1.91842,-0.0837219,-0.365848,0.579827,0.14,-0.02,0.04,0.275839,0.27,0.02,-0.03,-0.681541,1.91,0.29,-0.07,-0.766942,1.64,0.27,-0.04,-0.758981,14.73,-1.14,-3.7,-1.02917,2.9,-0.05,-0.2,-0.211167,2.55235,2.95575,1.64206,0.710122,0.00630502,0.0880424,0.0847327,0.129866,0.118933,-0.010702,-0.0156392,0.0870435,0.129607,0.0976697,0.139803,-0.0207716,-0.0255971,0.0532782,0.0856636,0.00574275,0.139911,-0.0446666,0.0127583,-0.00904963,0.00169746,0.0337565,0.0489153,-0.0153492,0.0155897,-0.0480584,-0.0382415,0.0264963,0.126722,-0.089813,0.0081397,-0.00516389,0.0225373,0.0670918,0.0371939,-0.0106853,-0.0496304,-0.0931184,-0.0553806,-0.108911,0.121483,-0.118714,-0.568394
2013-03-28,2.45937,-0.763366,-2.41442,-1.01754,0.0933333,-0.0433333,-0.373333,0.500921,7.7,-0.1,-0.6,-1.5783,191.333,9.66667,-79.3333,0.485579,1.97894,0.207521,-0.880349,-0.320423,2.00355,0.0649129,-0.168576,0.693288,0.12,0.03,0.03,-0.185677,0.25,0,-0.08,-0.754785,1.87,0.09,-0.36,-0.7826,1.62,0.09,-0.28,-0.752277,13.15,-4.87,-2.35,-1.23894,2.93,0.08,-0.14,-0.154501,2.07043,3.52327,-0.68931,0.570482,0.0359198,0.11017,0.088105,0.130957,0.116193,0,0.0120099,0.0466732,0.0970711,0.0997654,0.132657,-0.0148823,-0.0147426,-0.0120325,0.0312211,-0.00221428,0.128689,-0.0542835,0.00427179,0.000178096,0.00317285,0.0603773,0.0466687,-0.0125272,-0.00234214,-0.0321192,-0.0262992,0.073382,0.118659,-0.09363,-0.000131403,-0.0026585,0.00961086,0.0833698,0.0343105,-0.0111447,-0.000646956,-0.0392462,-0.0969307,-0.0604015,0.109349,-0.110247,-0.602642
2013-04-30,3.47121,0.761106,0.221852,-0.448193,-0.01,-0.196667,-0.03,0.183207,7.6,-0.2,-0.6,-1.63615,168,-40.6667,-94.3333,0.138469,1.48067,-0.280379,-1.13871,-0.863197,1.88887,0.000968726,-0.366223,0.459617,0.13,-0.02,-0.03,0.101971,0.2,-0.07,-0.07,-1.02812,1.7,-0.32,-0.25,-0.990789,1.5,-0.25,-0.18,-0.935304,13.71,-0.57,-3.44,-1.09442,2.82,0,-0.38,-0.67568,2.23564,1.96597,-3.3292,0.562986,0.023262,0.0645816,0.145421,0.16461,0.119786,0,0.0648106,0.0473461,0.173067,0.190138,0.131148,0,0.023162,-0.0236793,0.0605284,0.0434992,0.134035,-0.0427863,0.0125594,0.0311459,0.0235961,0.0490219,0.0449614,-0.000551623,0.0390243,0.0586987,0.0257134,0.0771424,0.117681,-0.0511781,0.0232082,0.0295892,0.0164721,0.0901429,0.0351222,-0.00171592,-0.076938,-0.113175,-0.133994,-0.113395,0.187014,-0.17764,-0.607699
2013-05-31,1.94792,0.00688014,-2.67604,-1.20432,-0.0433333,-0.216667,0.0866667,0.0660376,7.5,-0.4,-0.6,-1.69432,211.667,7,15.6667,0.638357,1.10679,-0.471825,-1.15872,-1.23012,1.71832,-0.200108,-0.593869,0.124911,0.08,-0.06,-0.08,-0.997865,0.31,0.06,0.04,-0.340975,2.13,0.24,0.54,-0.291756,1.82,0.18,0.5,-0.264438,14.53,-0.98,-9.53,-0.924054,2.77,-0.12,-0.63,-0.862885,-1.48787,-4.32502,-10.7539,-0.194142,0.0326633,0.0793285,0.168817,0.249706,0.111668,-0.0222532,-0.0243611,0.0339074,0.11366,0.275766,0.128973,-0.0544611,-0.0379504,-0.0488361,-0.00125253,0.0982756,0.129736,-0.0891117,-0.0342047,-0.0159109,-0.0236448,-0.000517448,0.0493401,-0.0342047,-0.0770911,-0.0332976,-0.0734134,-0.0455871,0.127385,-0.115328,-0.0364641,-0.0138381,-0.0165266,0.0545325,0.0426815,-0.0364641,-0.0509532,-0.12149,-0.195917,-0.11323,0.200616,-0.228616,-0.522889
2013-06-28,1.61342,-0.669049,-2.89792,-1.3229,-0.433333,-0.513333,-0.206667,-1.63856,7.6,-0.1,-0.6,-1.46073,155.333,-77.6667,8,-0.0291807,1.3921,-0.586848,-0.343633,-0.881935,1.68304,-0.320511,-0.570124,0.0267452,0.09,0,0,-0.775663,0.36,0.11,0.03,0.0238283,2.49,0.62,0.82,0.301062,2.13,0.51,0.79,0.374618,16.86,4.16,-0.22,-0.538442,2.92,-0.04,-0.47,-0.232226,1.63029,-0.406754,-5.80623,0.444853,-0.0275047,0.0334442,0.144291,0.242658,0.126034,-0.0352999,-0.0456836,0.00500959,0.0327049,0.239938,0.153389,-0.079782,-0.0704062,-0.0780966,-0.104204,0.0493146,0.171168,-0.137518,-0.0281412,-0.0438655,-0.0431144,-0.0348905,0.0577777,-0.0587992,-0.0359983,-0.0629156,-0.0892498,-0.102921,0.137422,-0.144268,-0.0374939,-0.0420721,-0.0490453,0.00596247,0.0577712,-0.0679483,-0.128676,-0.229909,-0.260921,-0.219565,0.231262,-0.313922,-0.257406
2013-07-31,1.97947,-1.09129,-2.37691,-1.11817,-0.263333,-0.12,-0.06,-0.824091,7.6,0,-0.6,-1.37771,196.333,-11,88.3333,0.507707,1.75604,0.275369,0.0436852,-0.503037,1.63827,-0.250606,-0.58017,-0.0909107,0.09,-0.05,-0.04,-0.708232,0.33,0.11,0.1,-0.137096,2.63,0.93,1.12,0.543802,2.3,0.82,1.02,0.72639,13.39,-0.13,-5.54,-1.05165,2.68,-0.15,-0.59,-1.15663,0.506451,-0.612033,-7.79187,0.201537,0.0455509,0.071537,0.135183,0.243736,0.119729,-0.00466062,0.0433966,5.50343e-05,0.0400912,0.235808,0.152967,-0.0307983,0.0100989,-0.0770075,-0.104406,0.00632223,0.187145,-0.126092,-0.00390555,-0.0621158,-0.0302953,-0.0468714,0.0641337,-0.0621158,-0.0245442,-0.127439,-0.0651327,-0.139634,0.144229,-0.148273,0.00845178,-0.0576368,-0.0221683,-0.0121609,0.0648561,-0.0576368,0.0563857,-0.0931897,-0.211049,-0.187762,0.243675,-0.262946,-0.15623
2013-08-30,1.42388,-0.447118,-2.79399,-1.42985,-0.15,-0.123333,0.0866667,-0.28386,7.4,-0.1,-0.8,-1.57797,175.333,-49,53.6667,0.207389,1.95861,0.851821,0.521513,-0.296138,1.69798,-0.0203371,-0.407162,-0.0154413,0.08,-0.01,-0.05,-0.911102,0.39,0.09,0.17,0.289583,2.75,0.59,1.18,0.722808,2.36,0.5,1.01,0.821271,16.81,0.51,-0.66,-0.458561,2.62,-0.17,-0.59,-1.31988,1.93007,3.06857,-4.28586,0.485337,-0.0410759,0.0010104,0.0806143,0.183226,0.117093,-0.0427023,-0.0326965,0.00115074,0.034608,0.171859,0.148038,-0.049749,-0.0426794,-0.0787018,-0.102216,-0.0200842,0.199152,-0.148272,-0.00544841,-0.0440942,-0.0557478,-0.0567959,0.0683266,-0.0754608,0.00597933,-0.072143,-0.0934822,-0.135182,0.148272,-0.147912,-0.00202975,-0.0291857,-0.0444229,-0.0239915,0.0697184,-0.0670455,0.0632651,-0.0138451,-0.116087,-0.167162,0.247737,-0.224584,-0.0695052
2013-09-30,2.65837,0.849382,-0.171814,-0.613149,-0.176667,0.106667,0.33,-0.378872,7.3,-0.3,-0.8,-1.62671,148.333,-24,13.3333,-0.281953,1.52157,0.129471,-0.175701,-0.813071,1.76601,0.0829717,-0.150712,0.07477,0.08,0.01,-0.01,-0.849065,0.34,-0.02,0.11,-0.0360903,2.64,0.12,0.99,0.537525,2.3,0.14,0.88,0.682831,15.46,-1.4,-0.27,-0.645103,2.73,-0.1,-0.34,-0.832278,1.95829,0.456726,3.22525,0.461253,0.0283784,0.0462871,0.0822747,0.19817,0.117844,-0.0243927,0.0649462,0.10306,0.106857,0.231649,0.151989,-0.0192012,0.0803194,0.0552815,-0.0244439,0.0153699,0.215263,-0.0870012,0.0165489,5.97258e-05,-0.0415685,-0.0453851,0.0722527,-0.0583823,0.0054249,-0.0313032,-0.0867183,-0.125808,0.15028,-0.141153,0.00744091,0.00581216,-0.0339285,-0.0307611,0.0753747,-0.0601035,-0.0565982,0.0582019,-0.159089,-0.245156,0.265578,-0.261678,-0.0216193
2013-10-31,3.18612,1.11225,0.285193,-0.197069,-0.176667,0.106667,0.33,-0.378872,7.2,-0.4,-0.6,-1.67347,143.333,-39,-8.66667,-0.573298,1.17633,-0.579708,-0.796739,-1.21452,1.73381,0.0955383,-0.255641,-0.0426457,0.08,-0.01,-0.1,-0.787815,0.33,0.02,0.03,-0.100646,2.55,-0.05,0.83,0.397234,2.22,-0.07,0.8,0.52656,13.65,0.2,-4.95,-0.907361,2.68,0,-0.05,-0.97353,1.12526,0.341029,-1.06698,0.264738,0.0390708,0.0333241,0.100462,0.27086,0.113451,-0.00778943,0.0274495,0.0682674,0.0745879,0.268344,0.145406,-0.014362,0.0174948,0.0691272,-0.0116563,0.0519434,0.213349,-0.0489171,0.00834108,0.0121831,-0.0428933,-0.0320865,0.071485,-0.0510558,0.0158545,0.0158804,-0.0987054,-0.10311,0.139957,-0.128868,0.0160514,0.0185358,-0.0340303,-0.0280246,0.0750258,-0.0431125,0.0053518,0.0109212,-0.100992,-0.23431,0.230277,-0.24686,0.0875219
2013-11-29,3.23923,1.75179,1.02967,-0.0987984,0.0566667,0.283333,0.52,0.775297,7.3,-0.1,-0.6,-1.45482,201.667,56,47.3333,0.585489,0.943343,-1.01526,-1.21563,-1.46225,1.68232,-0.0156629,-0.319829,-0.234771,0.09,0.02,-0.07,-0.475934,0.28,-0.11,0.03,-0.408269,2.74,-0.04,1.12,0.706561,2.46,0.07,1.09,0.995247,12.98,-4.03,-2.89,-0.963827,2.63,0.07,-0.32,-1.09812,2.54216,-0.264034,2.94555,0.543388,0.0267169,0.111409,0.112532,0.301435,0.112532,-0.000662926,-0.000150391,0.119486,0.120774,0.242232,0.141222,-0.00897623,-0.0128201,0.113888,0.0262233,0.0326527,0.216897,-0.0512697,-0.00991466,0.017408,-0.0274538,-0.0500432,0.0711135,-0.0593664,-0.0249501,-0.00663869,-0.0783028,-0.14158,0.138328,-0.146403,-0.00277938,0.0242235,-0.00566916,-0.025393,0.0742714,-0.0444461,-0.0686728,-0.103402,-0.115816,-0.278031,0.216285,-0.273446,0.0959722
2013-12-31,3.23121,0.389036,-0.0880876,-0.0495877,0.256667,0.41,0.126667,1.6589,7,-0.3,-0.8,-1.83426,192.667,26.3333,11,0.331789,1.21867,-0.302894,-0.552751,-1.15992,1.72189,-0.0441276,-0.216754,-0.23783,0.08,0.02,-0.01,-0.693375,0.39,0.06,0.14,0.409566,2.99,0.35,1.21,1.14514,2.6,0.29,1.07,1.28794,13.56,-3.04,-4.46,-0.847634,2.35,-0.4,-0.5,-2.00615,2.84355,0.546505,4.29638,0.572295,0.025928,0.0965686,0.157484,0.323078,0.0973684,0,0.0216858,0.0551362,0.175959,0.214356,0.118474,0,-0.00418471,0.0145013,0.111859,-0.036599,0.196184,-0.0552399,-0.0209078,-0.0197523,-0.0222548,-0.060897,0.0657706,-0.0790329,-0.0186963,-0.0286187,-0.061287,-0.133785,0.128273,-0.160838,0.00212655,0.0198522,0.0215042,-0.0200056,0.0635526,-0.042414,-0.0379453,-0.067983,-0.0327364,-0.2833,0.196067,-0.290524,0.00767355
2014-01-31,3.68089,0.405036,0.931525,0.483904,0.323333,0.313333,0.16,1.77864,6.7,-0.5,-1.2,-2.03453,171.667,4.33333,-37,-0.187848,1.49046,0.314125,-0.270594,-0.850859,1.71471,-0.0190955,-0.173195,-0.389773,0.07,0,-0.08,-0.913883,0.36,0.05,0.09,0.250931,2.72,0.15,0.7,0.761832,2.36,0.1,0.61,0.855546,17.29,3.54,3.01,-0.235079,2.36,-0.29,-0.46,-1.84786,4.46871,2.74637,4.19904,0.85964,-0.0352484,0.0162092,0.0548498,0.214282,0.105738,-0.0352484,-0.0519414,-0.0315277,0.0488996,0.109899,0.125781,-0.0524347,-0.0862549,-0.101744,-0.029707,-0.11701,0.196414,-0.122763,0.0306329,-0.00092005,0.0210572,-0.0194502,0.0599111,-0.050821,0.0630279,0.0171265,0.042424,-0.048893,0.113172,-0.107948,0.0188458,0.0181746,0.0436223,0.0115901,0.0559413,-0.0243676,0.0341888,-0.0733796,-0.0514967,-0.255025,0.191109,-0.260484,-0.0834908
2014-02-28,2.90895,-0.739401,0.857515,-0.255888,0.103333,-0.0766667,-0.02,0.762913,6.6,-0.6,-1.3,-2.01024,154,-47,-50.6667,-0.757072,1.56147,0.641984,-0.0439554,-0.762995,1.61967,-0.0625279,-0.293136,-0.812586,0.07,0,-0.07,-0.868929,0.33,0.05,0.08,0.117378,2.65,-0.1,0.76,0.719043,2.32,-0.15,0.68,0.823742,14.04,0.34,-1.47,-0.740911,2.36,-0.25,-0.53,-1.79037,2.55929,-0.2126,-0.277851,0.42474,0.0504084,0.0366484,0.14828,0.253557,0.108402,0,0.0486172,0.032525,0.134729,0.193426,0.129323,-0.000591277,0.0449992,-0.0435342,0.0643013,-0.0658437,0.197177,-0.0874917,0.00652984,0.0098144,0.0294,-0.0269635,0.0553896,-0.0474261,0.00906083,0.0471144,0.0487816,-0.0556067,0.1061,-0.103273,0.0150249,0.0320709,0.058747,0.0122828,0.0517488,-0.0131985,0.0420511,0.0650976,-0.0664911,-0.165882,0.184998,-0.183211,-0.169424
2014-03-31,2.83529,-0.338848,0.602057,-0.299222,-0.183333,-0.546667,-0.233333,-0.641818,6.7,-0.3,-1,-1.74634,129.333,-95.6667,-101,-1.43925,1.10491,-0.124819,-0.85049,-1.22806,1.5596,-0.160494,-0.44544,-1.15324,0.08,0.01,-0.01,-0.542246,0.45,0.07,0.2,1.69189,2.73,-0.31,0.86,0.958724,2.28,-0.38,0.66,0.782298,14.41,0.69,1.71,-0.66229,2.25,-0.08,-0.71,-2.02319,2.66191,-0.0544974,0.624865,0.410129,0.0082933,0.021675,0.118081,0.222556,0.110985,-0.00225812,-0.00459306,0.00946423,0.054813,0.188865,0.131177,-0.0122008,0.0387517,-0.00702244,0.00353096,-0.00911842,0.188878,-0.0521304,-0.00561221,0.0266528,0.00763509,-0.0377429,0.0537525,-0.0527722,0.0073227,0.0769523,0.0408783,-0.0518149,0.105205,-0.0967069,-0.000293611,0.0306399,0.0472901,0.0138999,0.0459872,-0.0134883,-0.0314214,0.0554133,-0.0415601,-0.200815,0.166939,-0.193883,-0.269963
2014-04-30,3.76829,0.558663,0.142193,0.78583,-0.00333333,-0.176667,0.0866667,0.283408,6.7,0,-0.8,-1.63903,177.667,-20.6667,-28.3333,-0.247182,1.53614,0.0238025,0.0746056,-0.707156,1.64887,-0.0698959,-0.243064,-0.94923,0.1,0.03,-0.04,0.0479416,0.44,0.1,0.22,1.9659,2.71,0.04,1.01,1.00567,2.27,-0.06,0.79,0.81515,13.71,-4.7,0.19,-0.763236,2.15,-0.25,-0.68,-2.17227,3.03686,-1.78638,1.91837,0.451233,0.00695157,0.0664823,0.0790887,0.203068,0.111017,-0.00301826,0.0166676,0.0611985,0.038614,0.135113,0.129145,0,0.00780446,0.0939665,-0.0301494,-0.0239915,0.182935,-0.0447328,0.00757852,0.00846618,0.00331442,-0.0424763,0.0535691,-0.0455936,0.020952,0.0377465,0.0465534,-0.0683072,0.105632,-0.0777811,0.0132911,0.0282137,0.04258,0.00407306,0.0439,-0.000376398,0.00493488,0.0142892,-0.04856,-0.129929,0.151947,-0.128036,-0.36913
2014-05-30,3.4556,0.467443,0.857784,0.343066,0.196667,0.296667,0.236667,1.32254,6.3,-0.3,-1.2,-2.01859,237.667,70.3333,29.6667,1.30816,1.96239,0.400926,0.86153,-0.198658,1.82646,0.206792,0.104375,-0.318796,0.09,0.03,0,-0.223405,0.37,0.04,0.07,1.08423,2.45,-0.21,0.29,0.535596,2.08,-0.25,0.22,0.430111,11.57,-2.43,-4.73,-1.06874,2.24,-0.11,-0.55,-1.79481,0.103197,-2.16442,1.2417,-0.29869,0.023207,0.0388646,0.0769374,0.185335,0.109698,0,0.0159543,0.0281436,0.061584,0.166025,0.125396,0,0.0295196,0.0777614,0.0308419,0.0366698,0.177673,-0.0165011,0.0182556,0.0202145,0.0302273,0.0034853,0.0496091,-0.00201494,0.0294951,0.0587617,0.108645,0.0252311,0.098302,-0.00575131,0.0151418,0.0283322,0.0613117,0.0479166,0.0408132,-0.00275203,-0.0305104,-0.0563391,0.00509097,-0.11902,0.149047,-0.119342,-0.441045
2014-06-30,4.26771,0.823582,1.89531,1.40734,0.183333,0.31,0.383333,1.11619,6.3,-0.4,-1.2,-1.88203,234,84,53,1.18191,2.13636,1.03145,0.720794,0.0436357,1.94915,0.389552,0.272928,0.159312,0.1,0.04,0.03,0.0481699,0.45,0.01,0.09,2.304,2.54,-0.19,0.02,0.807408,2.09,-0.2,-0.07,0.522154,11.26,-2.62,-5.6,-1.07537,2.2,-0.06,-0.63,-1.77703,-0.717568,-2.82066,-2.21913,-0.641337,0.0206431,0.0515888,0.0743821,0.24402,0.105086,-0.00112252,0.00920691,0.0423975,0.0522629,0.233093,0.119575,-0.00878551,0.0240176,0.0624739,0.0550128,0.14197,0.163676,-0.00860158,-0.00216367,0.0237526,0.0510384,0.0303082,0.0488852,-0.00417425,-0.00251301,0.0484237,0.129102,0.0608433,0.0983356,-0.00824987,6.37326e-05,0.0286998,0.060219,0.088807,0.0418169,-0.00268847,0.0631902,0.0358385,0.0932377,0.0749727,0.137778,-0.0636929,-0.475512
2014-07-31,4.32364,0.634749,1.80567,1.40541,0.13,0.06,0.28,0.724426,6.1,-0.6,-1.4,-1.99591,272,82.3333,71,1.96761,2.0755,0.539355,0.31214,0.0209761,1.92738,0.278517,0.29398,0.0246679,0.09,0,0,-0.216829,0.56,0.14,0.25,3.21562,2.57,-0.1,-0.03,0.908623,2.01,-0.24,-0.28,0.366281,13.33,-0.08,-0.12,-0.715307,2.17,0.01,-0.51,-1.72706,0.121085,-2.63188,-0.663148,-0.522722,-0.019997,0.0301855,0.0872666,0.166996,0.100897,-0.027989,-0.0345069,-0.00415408,0.0543248,0.140292,0.114009,-0.0379935,0.00412665,0.067343,0.158317,0.14242,0.145071,-0.0281645,0.00106623,0.0108999,0.0233986,0.0316719,0.0470823,-0.007887,0.015141,0.0227567,0.0758404,0.0925585,0.102001,-0.0168206,0.000675586,0.00773903,0.0399769,0.0734534,0.0420868,-0.0077004,-0.033751,-0.00331179,0.0302246,-0.0357143,0.130542,-0.0976965,-0.455175
2014-08-29,4.97249,1.06578,3.1946,2.13076,0.246667,-0.163333,0.416667,1.21717,6.2,-0.1,-1.1,-1.7617,245.333,2.33333,62.3333,1.23684,1.99655,0.0341609,0.0413911,-0.0219993,1.85493,0.0284663,0.15936,-0.323615,0.09,0.01,0.02,-0.216829,0.5,0.13,0.11,2.30959,2.34,-0.14,-0.44,0.373239,1.84,-0.27,-0.55,-0.0625611,12.05,0.65,-4.96,-0.90365,2.23,0.01,-0.33,-1.47419,0.0497076,-0.113741,-2.75648,-0.747676,0.0394637,0.0454716,0.095043,0.246597,0.0930233,0,0.00180243,-0.0172776,0.0343269,0.150736,0.0976832,-0.0362596,0.0282977,0.064117,0.171133,0.214766,0.126903,-0.0114068,0.0187991,0.0190128,0.0297671,0.0642239,0.0456812,-0.000190946,0.0472373,0.0594192,0.10595,0.158402,0.101412,0,0.0200404,0.0225271,0.0429307,0.106008,0.0400204,0,0.00380906,0.0347536,-0.0493514,-0.0883933,0.123526,-0.0920686,-0.436494
2014-09-30,4.11635,-0.14432,1.14656,0.934521,0.0733333,-0.213333,0.18,0.35556,6.1,-0.2,-1.1,-1.78185,207,-38.3333,23,0.307325,1.71141,-0.424946,0.197618,-0.346778,1.72902,-0.220125,-0.0370512,-0.86868,0.08,-0.01,0.02,-0.508369,0.58,0.11,0.25,2.85123,2.5,-0.03,-0.14,0.699723,1.92,-0.14,-0.39,0.12485,15.98,4.41,-0.62,-0.182086,2.27,0.09,-0.48,-1.29686,3.86405,5.02931,1.56701,0.654816,-0.0137956,0.00462435,0.0565166,0.195474,0.0923061,-0.0192195,-0.0388261,-0.0703206,-0.0286165,0.0386042,0.089258,-0.0736778,-0.0776748,-0.0476613,0.00961203,0.0371092,0.126583,-0.093565,-0.0104817,0.00919516,0.031929,0.0359255,0.0426238,-0.0106707,-0.0210791,0.0406845,0.0912697,0.127865,0.101903,-0.0210791,-0.0167948,0.00358649,0.0309625,0.0794014,0.0396728,-0.0167948,-0.0617633,-0.0899765,-0.0581895,-0.0933843,0.117276,-0.126897,-0.413177
2014-10-31,4.32395,-0.0348193,0.903049,1.16196,0.246667,0.0766667,0.236667,1.11342,5.9,-0.2,-1.3,-1.91483,223.667,-43,52,0.6431,1.66422,-0.411275,0.514433,-0.36779,1.73655,-0.190832,-0.00112039,-0.797184,0.09,0.01,0.02,-0.208681,0.48,-0.05,0.17,1.62757,2.32,-0.26,-0.25,0.278057,1.84,-0.21,-0.42,-0.0786555,14.52,-2.43,0.77,-0.515963,2.39,0.22,-0.26,-0.940892,5.11825,4.18162,3.39591,1.04449,0.0374521,0.0449369,0.0804227,0.169474,0.107813,0,0.0202633,-0.037476,-0.0413951,0.0031628,0.113233,-0.0761324,0.0298084,-0.0521702,0.0266658,0.00971431,0.13885,-0.0806967,0.00990508,0.0170325,0.0338565,0.0437193,0.0453781,-0.015745,0.0174923,0.0487081,0.0779484,0.143303,0.106245,-0.0267689,0.00632416,0.00982704,0.0235763,0.0733199,0.0404291,-0.00798086,-0.0349495,-0.0913783,-0.107431,-0.118052,0.120337,-0.153569,-0.40324
2014-11-28,4.0052,-0.918015,0.400367,0.678224,-0.01,-0.326667,-0.196667,-0.11181,5.8,-0.4,-1.4,-1.91044,224.333,-22,23.3333,0.606859,1.65111,-0.345442,0.731628,-0.340692,1.81742,-0.0375075,0.135223,-0.398484,0.1,0.03,0.03,0.095545,0.53,0.05,0.25,1.95208,2.24,-0.11,-0.51,0.0840791,1.71,-0.16,-0.76,-0.40752,12.07,0.09,-1.63,-1.28723,2.47,0.24,-0.14,-0.693269,6.04545,6.07606,3.27356,1.29434,0.045884,0.0371619,0.0843234,0.166241,0.10429,-0.00211862,0.026468,-0.040774,-0.0573471,0.000297051,0.116356,-0.0755551,-0.00192251,-0.0790061,-0.0199547,0.00683022,0.146659,-0.0948733,0.0123029,0.0176622,0.0370108,0.0658751,0.0449323,-0.00306638,0.0278642,0.0363803,0.0979612,0.210283,0.104301,0,0.00962542,0.00441494,0.0270415,0.0837672,0.0418829,0,-0.0369384,-0.0948652,-0.0634085,-0.0615269,0.141793,-0.157701,-0.360637
2014-12-31,5.21529,0.870933,2.04481,1.9605,0.473333,0.346667,0.126667,2.015,5.8,-0.3,-1.2,-1.78957,278.333,40.6667,53.3333,1.74704,1.28144,-0.429969,0.0517187,-0.999253,1.71183,-0.0171961,-0.00826268,-0.832528,0.13,0.06,0.06,0.921263,0.69,0.11,0.31,3.06241,2.2,-0.32,-0.84,-0.0229295,1.51,-0.43,-1.15,-0.909989,15.92,-0.39,2.2,0.087854,2.49,0.2,0.16,-0.604337,9.34761,4.39134,6.6312,2.2174,0.00444413,0.0634134,0.0527844,0.134635,0.1196,-0.0152355,-0.0390261,-0.0303819,-0.11067,-0.0618714,0.126852,-0.112467,-0.0229197,-0.020998,-0.0921373,-0.0388705,0.158471,-0.130749,0.00375282,0.0211892,0.043492,0.0906842,0.0499737,-0.0094551,0.0385728,0.0723248,0.149882,0.273077,0.112626,-0.0110763,0.00330624,0.0152413,0.0287093,0.0821327,0.0427007,-0.000212155,-0.0257334,-0.0273187,-0.110572,-0.0218739,0.161182,-0.146657,-0.449931
2015-01-30,4.87805,0.342613,1.6247,1.46295,0.386667,0.196667,0.186667,1.48041,5.6,-0.3,-1.1,-1.85713,288.667,49.6667,90.3333,1.77467,0.662847,-1.00137,-0.849492,-2.15123,1.61203,-0.124524,-0.106735,-1.23297,0.11,0.04,0.04,0.389566,0.51,0.01,0.17,1.39861,1.77,-0.58,-0.9,-0.999384,1.26,-0.59,-1.07,-1.48554,18.76,4.73,0.35,1.13139,2.58,0.19,0.18,-0.327529,9.65628,3.84884,4.83305,2.10182,-0.0392581,0.0123205,0.043495,0.134557,0.130383,-0.0444135,0,-0.00836245,-0.0716525,-0.0212202,0.137074,-0.106924,-0.00611282,-0.0480689,-0.0967315,0.046271,0.170747,-0.136722,0.044206,0.0572176,0.0827947,0.108131,0.0563742,0,0.100255,0.165457,0.230622,0.323953,0.125803,0,0.0382141,0.047327,0.0628024,0.10529,0.0459888,0,0.0716146,0.0604759,0.000486263,0.0307256,0.171189,-0.0725019,-0.566649
2015-02-27,4.81906,0.546059,1.8746,1.39837,0.326667,0.28,0.413333,1.18968,5.7,0,-0.9,-1.63072,336.333,108.333,139,2.11783,-0.19181,-1.83779,-1.78356,-3.36712,1.64198,-0.17187,0.0172456,-1.05134,0.11,0.03,0.05,0.415549,0.66,0.19,0.33,2.45474,2.03,-0.15,-0.63,-0.400942,1.37,-0.34,-0.96,-1.15839,13.91,0.58,-0.09,-0.656482,2.44,-0.08,0.09,-0.669748,11.6022,4.72093,9.33461,2.34418,0.0525628,0.0227535,0.0627362,0.155826,0.132189,-0.00542972,0.0609527,0.022981,-0.0194394,-0.000575687,0.143553,-0.050321,0.0154559,-0.0118127,-0.0933291,0.0478742,0.177151,-0.0986682,-0.0196637,0.024244,0.0380277,0.0716299,0.062191,-0.0247186,-0.0510205,0.0755898,0.109503,0.228664,0.137531,-0.0613834,-0.00843945,0.0288638,0.0301133,0.0733774,0.0517899,-0.0151209,-0.0588235,0.00676027,-0.0580596,-0.0939158,0.176438,-0.127273,-0.536616
2015-03-31,3.46773,-1.40724,0.223512,-0.163159,-0.0766667,-0.53,0.04,-0.531924,5.5,-0.3,-1.2,-1.73767,287.667,-10.3333,133.333,1.28531,-0.072231,-1.36647,-1.16887,-2.84518,1.694,-0.0132725,0.129993,-0.752581,0.12,0.06,0.06,0.705898,0.58,-0.09,0.14,1.6981,1.96,-0.21,-0.77,-0.538374,1.38,-0.12,-0.91,-1.07991,14.51,-4.69,0.63,-0.417456,2.55,0.04,0.29,-0.333032,12.9418,3.61453,10.8387,2.39641,-0.0218822,-0.00655786,0.0554602,0.125468,0.139499,-0.0218822,-0.0157961,0.0385175,0.00978099,-0.0120682,0.154677,-0.0638878,-0.0135194,0.0242469,-0.0205187,0.000471261,0.181804,-0.112164,0.0161246,0.028279,0.055575,0.0879648,0.0669232,-0.0163686,0.0301099,0.0468285,0.132608,0.232374,0.145849,-0.0511317,0.0107118,0.0263288,0.0482177,0.0764335,0.0579535,-0.0131965,-0.017462,-8.7974e-05,-0.028796,-0.0804951,0.180378,-0.11741,-0.370784
2015-04-30,2.04644,-2.54606,-1.59018,-1.79916,-0.273333,-0.64,-0.39,-1.32652,5.5,-0.1,-1.1,-1.62852,197,-127.333,4,-0.237439,-0.0212053,-0.697396,-1.54761,-2.50417,1.75413,0.140669,0.105529,-0.405399,0.13,0.07,0.04,1.092,0.56,0.09,0.14,1.45465,2.06,0.38,-0.61,-0.318637,1.5,0.29,-0.75,-0.773955,13.39,-7.58,-0.02,-0.793218,2.58,-0.03,0.42,-0.207209,13.0754,2.13726,10.3224,2.16557,0.00983388,0.0366372,0.061166,0.12869,0.123168,-0.015072,0.0364658,0.0692928,0.0690954,0.00717041,0.140787,-0.0297517,0.0685266,0.0687954,0.047611,0.0607516,0.178301,-0.0513234,-0.00633231,-0.0140354,0.0298971,0.0729442,0.0657707,-0.0225973,-0.034252,-0.0673776,0.0704064,0.165738,0.148402,-0.0836323,-0.0118711,-0.0159799,0.0203071,0.0497033,0.0596575,-0.024911,-0.00167165,-0.0603677,-0.0392041,-0.08654,0.187827,-0.118885,-0.341467
2015-05-29,1.9285,-2.57074,-1.9762,-1.8223,-0.233333,-0.446667,-0.68,-1.11351,5.4,-0.3,-0.8,-1.63234,191.333,-126.333,-56.3333,-0.337678,-0.109211,0.0825994,-2.08096,-2.38323,1.81308,0.171106,-0.00942483,-0.0164263,0.12,0.06,0.04,0.935414,0.62,-0.01,0.25,1.76802,2.13,0.13,-0.35,-0.19884,1.51,0.14,-0.6,-0.769248,13.31,-0.03,1.91,-0.852707,2.75,0.29,0.53,0.362531,12.8928,1.01621,12.7294,2.04731,0.0027073,0.00675198,0.0296591,0.119073,0.127704,-0.0110539,-0.00862921,0.023655,0.0471796,-0.00656582,0.146216,-0.0278563,-0.0555798,0.00932675,-0.00259613,-0.0254659,0.176226,-0.0902617,-0.00443861,-0.00199444,0.0222012,0.0485183,0.0701622,-0.0266638,-0.0220155,-0.0468658,0.0251815,0.104992,0.162827,-0.105372,-0.010378,-0.0210317,0.00722505,0.0226327,0.0635194,-0.0358345,-0.0122067,-0.0177342,-0.0110938,-0.056557,0.172531,-0.113993,-0.295307
2015-06-30,1.36762,-2.10207,-2.92524,-2.2834,-0.163333,0.02,-0.456667,-0.809908,5.5,0,-0.8,-1.44028,206.667,-58.6667,-57,-0.108291,0.0341844,0.106415,-2.10384,-1.96925,1.72601,0.0320055,-0.213193,-0.500817,0.14,0.08,0.05,1.51506,0.64,0.08,0.17,1.77942,2.33,0.39,-0.2,0.230727,1.69,0.31,-0.37,-0.364972,18.85,3.56,7.28,1.45831,2.84,0.29,0.66,0.753327,13.6925,-0.310425,14.8578,2.03832,-0.0223032,0.0020412,-0.00453004,0.0724398,0.121122,-0.0311413,-0.0285551,0.00611105,0.044864,-0.0464586,0.151234,-0.0581671,-0.0255163,-0.00536284,0.018754,-0.0634068,0.170311,-0.116925,-0.0119498,-0.0266045,0.000922182,0.0344492,0.0730319,-0.0425376,-0.0302972,-0.0955561,-0.0532023,0.063132,0.170147,-0.141802,-0.0133015,-0.0413431,-0.0161028,0.00314054,0.0675655,-0.053994,-0.0142982,-0.0113496,-0.0114366,-0.122384,0.146208,-0.127427,-0.266583
2015-07-31,1.31768,-1.25154,-2.67004,-1.28206,-0.0133333,0.186667,-0.2,-0.220807,5.3,-0.2,-0.8,-1.56684,221.333,26,-62.6667,0.118032,0.184539,0.205744,-1.86419,-1.62332,1.76861,0.0144798,-0.153046,-0.153765,0.14,0.06,0.06,1.59024,0.72,0.14,0.19,2.14845,2.28,0.23,-0.3,0.0617532,1.56,0.09,-0.49,-0.720602,12.13,-2.42,-4.82,-1.29665,2.88,0.28,0.71,0.987741,15.427,3.26123,14.4904,2.19705,0.0144578,0.00381559,0.0652694,0.111603,0.110801,-0.0098308,0.0137714,-0.0204626,0.0760211,-0.00107852,0.154978,-0.037212,-0.0623869,-0.133142,-0.0416127,-0.134319,0.179164,-0.172645,0.0205178,-5.88191e-05,-0.0279951,0.0524817,0.0698805,-0.0279951,0.0597652,-0.00754391,-0.102788,0.104129,0.165824,-0.102788,0.0115637,-0.0163233,-0.0452304,0.0147314,0.0661025,-0.0461198,-0.0629577,-0.0720729,-0.15002,-0.149607,0.129579,-0.169266,-0.159392
2015-08-31,1.31693,-0.790661,-3.43378,-1.19402,-0.00666667,0.156667,-0.31,-0.0494063,5.3,-0.1,-0.9,-1.48692,235.333,44.6667,-21.6667,0.354558,0.211704,0.320915,-1.76958,-1.48668,1.8034,-0.00968479,-0.051843,0.1875,0.14,0.06,0.07,1.67279,0.72,0.11,0.24,2.02519,2.19,0.07,-0.16,-0.209513,1.47,-0.04,-0.4,-0.96069,26.05,12.21,14.07,3.61975,3.13,0.41,0.9,1.91244,16.0527,2.2106,16.0833,2.12351,-0.0609503,-0.0602218,-0.0549546,0.00422048,0.149705,-0.0701819,-0.0742505,-0.0866747,-0.0589084,-0.0769128,0.169565,-0.1087,-0.0883622,-0.170918,-0.155411,-0.23253,0.209973,-0.245752,0.000792304,0.0108901,0.00708132,0.0338796,0.0670517,-0.027225,-0.00689498,0.0210399,-0.0291654,0.0470555,0.163749,-0.108974,-0.0082788,-0.00825256,-0.030533,-0.0134404,0.062866,-0.0540168,0.0370723,-0.0492749,-0.0575907,-0.121427,0.13083,-0.131039,-0.204023
2015-09-30,0.909399,-0.344805,-3.07908,-1.4466,0.01,0.156667,-0.15,-0.038213,5.1,-0.4,-1,-1.60751,221,32.3333,-28.3333,-0.0292762,0.219874,0.185689,-1.49211,-1.38468,1.82638,0.100373,0.0864651,0.408039,0.13,0.05,0.06,1.39036,0.64,0,0.06,1.38539,2.05,-0.3,-0.47,-0.626677,1.41,-0.3,-0.53,-1.11112,26.83,8.6,10.52,2.97043,3.26,0.43,0.97,2.26747,14.4606,0.176981,9.50437,1.68589,-0.0255136,-0.0716786,-0.0589999,-0.00771163,0.165162,-0.093905,-0.0441895,-0.102973,-0.0981279,-0.0820636,0.184466,-0.148086,-0.0313236,-0.172011,-0.187201,-0.193961,0.225025,-0.250988,0.0157939,0.0374572,-0.000173556,0.0613333,0.065485,-0.0118611,0.0196685,0.0731584,-0.0549033,0.0906392,0.164005,-0.0914493,0.0118967,0.0151239,-0.0327433,0.0153491,0.060377,-0.0427627,-0.0180114,-0.0457225,-0.0756055,-0.0804578,0.127548,-0.14669,-0.404376
2015-10-30,0.388084,-0.480281,-3.55011,-1.79508,-0.09,-0.01,-0.213333,-0.55507,5.1,-0.2,-0.8,-1.51369,167,-63.6667,-70.3333,-1.26218,-0.0252498,-0.209789,-1.67343,-1.59998,1.8937,0.125095,0.155483,1.03277,0.12,0.04,0.05,1.38874,0.75,0.08,0.25,1.94436,2.19,-0.01,-0.16,-0.294382,1.44,-0.09,-0.41,-1.03971,14.61,2.49,0.58,-0.282487,3.21,0.27,0.82,1.92048,12.5532,-2.62503,6.74572,1.27069,0.0822362,-0.00371073,-0.00611275,0.0639475,0.170923,-0.0168326,0.0627834,-0.0541706,-0.0749923,-0.00064088,0.189325,-0.0917559,0.0579504,-0.0446572,-0.190379,-0.150945,0.234289,-0.203233,-0.00714334,0.00705399,0.0121526,0.0369415,0.0667464,-0.0181527,-0.00831875,-0.00200611,0.0104241,0.0536664,0.161061,-0.0951633,0.00596201,0.00693833,-0.00401649,0.00855621,0.0596769,-0.0372709,0.0240795,0.049952,-0.0420684,-0.0511329,0.123947,-0.127206,-0.41245
2015-11-30,0.342549,-1.00643,-3.74209,-1.77905,-0.206667,-0.246667,-0.26,-1.17866,5,-0.3,-0.7,-1.529,187,-55.6667,-41,-0.814491,0.121555,-0.0901492,-1.52443,-1.32984,1.91452,0.111122,0.100673,1.27209,0.12,0.04,0.04,1.70748,0.92,0.18,0.45,2.654,2.22,0.01,0.04,-0.2687,1.3,-0.17,-0.41,-1.37567,15.12,-13.31,1.79,-0.134916,3.22,0.07,0.7,1.86722,12.0313,-4.68746,5.15004,1.11682,-0.000670232,0.0612405,-0.00266931,0.0275343,0.17299,-0.0132394,-0.00963451,0.0113384,-0.0763191,-0.0267638,0.184747,-0.0985936,-0.0235565,0.00443199,-0.167243,-0.163001,0.241935,-0.22334,-0.00231841,0.00501035,0.015955,0.0210262,0.061325,-0.0223511,-0.00119292,0.00668839,0.027869,0.0170577,0.146418,-0.103015,0.00103519,0.0161304,0.00774473,-0.00193319,0.0536521,-0.0387577,-0.07109,-0.0634075,-0.109558,-0.0908929,0.12529,-0.186138,-0.476914
2015-12-31,-1.1744,-2.64357,-5.92001,-2.63061,-0.2,-0.273333,-0.62,-1.12685,5,-0.1,-0.8,-1.44391,218,11,-80,-0.131582,0.440382,0.220508,-0.853852,-0.861825,2.01877,0.192389,0.311494,2.10661,0.35,0.28,0.29,5.25489,1.08,0.44,0.41,2.99947,2.31,0.25,0.14,-0.0476089,1.23,-0.19,-0.27,-1.48746,17.29,-7.21,-1.91,0.483411,3.23,-0.06,0.72,1.79531,10.5256,-3.62949,1.19829,0.802489,-0.0265665,0.0674174,-0.00559777,0.0123422,0.182424,-0.0302949,-0.0335179,0.0301848,-0.0741538,-0.00992758,0.184438,-0.119614,-0.0454995,-0.00813906,-0.178188,-0.161747,0.246762,-0.253007,-0.00980046,-0.0158713,0.0181771,0.0150866,0.0578922,-0.0267839,-0.0162594,-0.0198452,0.0528889,-0.017896,0.1398,-0.10568,-0.018191,-0.00645183,0.00450654,-0.0125572,0.0524488,-0.0491512,-0.00801721,-0.0493769,-0.0921618,-0.106709,0.138289,-0.189811,-0.441168
2016-01-29,-1.75052,-2.56887,-6.32659,-2.64824,-0.24,-0.283333,-0.646667,-1.25712,5,-0.1,-0.6,-1.37975,283.667,110,-40.6667,1.35401,0.661492,0.686742,-0.0146989,-0.534954,2.08858,0.194878,0.475122,2.45346,0.38,0.31,0.32,5.11835,0.83,0.08,0.36,1.63452,2,-0.16,0.32,-0.989252,1.17,-0.24,-0.04,-1.53513,22.42,7.35,1.45,1.78503,3.48,0.29,0.87,2.30931,9.84487,-2.47898,-1.09323,0.637737,-0.0659595,-0.0673725,-0.0708375,-0.0211523,0.198945,-0.0785732,-0.0734796,-0.0927659,-0.130944,-0.0850098,0.196243,-0.16819,-0.0679883,-0.116496,-0.15451,-0.220403,0.259073,-0.290602,0.0349044,0.0199636,0.0406853,0.0144686,0.0570478,0,0.0594201,0.0346117,0.0601138,-0.039092,0.136531,-0.0558397,0.00289964,-0.0155245,0.00322103,-0.0392631,0.0522266,-0.0479829,0.0464697,-0.0345802,0.0256948,-0.114366,0.141577,-0.133664,-0.43322
2016-02-29,-0.698885,-1.21739,-5.15983,-1.83438,-0.15,0.03,-0.353333,-0.793203,4.9,-0.1,-0.8,-1.42743,231,33,-50.3333,0.204358,1.34196,1.21657,1.54669,0.380114,2.2162,0.304689,0.566779,2.99604,0.37,0.29,0.31,4.31031,0.8,-0.14,0.17,1.42977,1.76,-0.45,-0.24,-1.66853,0.96,-0.31,-0.41,-1.88663,19.81,3.68,6.47,1.06993,3.56,0.36,1.1,2.29616,7.78897,-4.4702,-4.08765,0.246918,0.0235313,-0.0697905,-0.0177939,-0.0622135,0.182612,-0.0793346,-0.0163243,-0.108568,-0.105916,-0.154921,0.193484,-0.195927,0.0239801,-0.112606,-0.100159,-0.238545,0.247984,-0.296402,0.020284,0.0454122,0.0475921,0.0464716,0.0563467,-0.00771782,0.0395984,0.088302,0.0871418,0.0369489,0.135208,-0.0204907,0.0157688,0.00159805,0.0162576,-0.0231992,0.0524304,-0.0317967,0.113572,0.157915,0.101272,0.0213499,0.163745,-0.00352094,-0.471467
2016-03-31,-1.03223,0.135671,-4.52811,-1.89917,-0.0633333,0.163333,0.07,-0.358833,4.9,-0.1,-0.6,-1.36149,228.333,-13,-31,0.137794,0.9736,0.534842,1.06103,-0.0740165,2.33912,0.320809,0.6395,3.26455,0.37,0.17,0.31,3.76216,0.76,-0.3,0.2,1.17213,1.83,-0.44,-0.11,-1.44344,1.07,-0.14,-0.31,-1.55202,13.56,-4.65,-1.73,-0.655983,3.11,-0.12,0.56,1.10239,4.07297,-6.73908,-9.92995,-0.439813,0.042752,-0.00395614,0.10466,0.0168363,0.167649,-0.0174072,0.0387044,-0.045425,0.0251005,-0.0862447,0.180338,-0.143003,0.0907663,0.0442092,0.091769,-0.126773,0.241452,-0.205203,0.00721108,0.0495937,0.0323674,0.0369061,0.0553849,-0.00837014,0.0169742,0.0910944,0.066551,0.0247877,0.126803,-0.0214055,0.0418235,0.0500802,0.0411551,0.0101342,0.0507241,0,-0.00110385,0.151076,0.089461,0.0350167,0.17251,-0.0317695,-0.420833
2016-04-29,-2.0272,0.276636,-3.39621,-1.94088,-0.18,0.0933333,0.0933333,-0.7917,5,0,-0.5,-1.1898,209.333,-72.6667,19.3333,-0.368378,0.873827,0.206918,0.889936,-0.18795,2.20019,0.106683,0.447387,2.20872,0.37,0.08,0.29,3.52353,0.78,0.02,0.2,1.2237,1.84,-0.1,-0.21,-1.4398,1.06,-0.12,-0.41,-1.50186,15.22,-4.98,0.67,-0.218866,2.89,-0.59,0.29,0.526711,4.67278,-4.78379,-7.493,-0.342018,0.0039415,0.070585,-0.00154304,0.010903,0.161284,-0.017944,0.0222204,0.0531729,-0.0445257,-0.0988035,0.182352,-0.12396,0.00408577,0.12496,-0.00609358,-0.179436,0.232929,-0.189081,-0.00155819,0.0126135,0.0328289,0.0418879,0.0542818,-0.00991529,-0.00736488,0.0223127,0.0576967,0.0533185,0.127478,-0.0286127,0.015548,0.0633236,0.046816,0.0381639,0.050341,0,0.0510881,0.156156,0.116176,0.0897153,0.17624,0,-0.418778
2016-05-31,-1.0696,0.250323,-2.05961,-1.34003,-0.216667,-0.0566667,-0.0733333,-0.959313,5,0.1,-0.4,-1.14032,200.333,-39.3333,0.333333,-0.58925,1.14015,-0.201815,1.26616,0.177533,2.14672,-0.0694859,0.337797,1.76231,0.37,0.08,0.29,3.16385,0.9,0.12,0.29,1.72742,1.85,0.11,-0.27,-1.34846,0.95,-0.01,-0.56,-1.61492,13.12,-7.43,-0.72,-0.7716,2.85,-0.7,0.13,0.42118,5.20147,-2.98429,-8.64059,-0.277547,0.0170116,0.0646708,0.0124867,0.0129872,0.160442,-0.00190243,-0.000856477,0.0608755,-0.0297727,-0.0988967,0.18606,-0.112649,-0.0369272,0.0547794,-0.00894995,-0.172693,0.230731,-0.175912,-0.000991146,0.00464491,0.0409845,0.0498353,0.0550931,-0.0108966,0.00805449,0.0176152,0.0890501,0.0994223,0.127856,-0.0207887,-0.00512706,0.0525972,0.0481715,0.050433,0.0501134,-0.00591081,-0.0613829,-0.0145198,0.146272,0.0180702,0.176868,-0.0613829,-0.448245
2016-06-30,-1.40251,-0.0403077,-1.75797,-1.42635,-0.366667,-0.306667,-0.256667,-1.65983,4.7,-0.2,-0.8,-1.42877,115.667,-108.333,-87,-2.50868,1.06976,0.0961582,1.03893,0.0932263,2.23526,-0.103859,0.519744,2.0361,0.41,0.16,0.33,3.22475,0.62,-0.11,-0.02,0.274748,1.5,-0.28,-0.85,-2.13936,0.88,-0.17,-0.83,-1.63743,16.64,2.69,-1.59,0.186882,2.9,-0.22,0.07,0.544693,3.51393,1.20659,-10.7697,-0.610905,0.00142578,0.0176389,0.0278028,0.0314312,0.161565,-0.00847674,-0.0233565,0.00738493,-0.0428827,-0.100659,0.234074,-0.122091,0.0462222,0.0140515,0.0724641,-0.111654,0.250773,-0.115898,0.0312252,0.0285499,0.0788401,0.101094,0.0562804,-0.00203194,0.0650208,0.0672317,0.168655,0.22898,0.127236,-0.00401576,0.0301739,0.0382137,0.0937242,0.101018,0.0456623,0,0.0908228,0.0815873,0.246993,0.129398,0.18663,-0.00165772,-0.575652
2016-07-29,-0.692352,1.3538,-0.443117,-0.983041,-0.12,0.0966667,-0.0366667,-0.44845,4.9,-0.1,-0.4,-1.14531,147.333,-48.3333,-103.333,-1.67029,1.05466,0.180831,0.882939,0.0978358,2.23306,0.0328695,0.473522,1.8675,0.4,0.1,0.32,2.92438,0.72,-0.05,0.05,0.75638,1.52,-0.31,-0.68,-1.90965,0.8,-0.26,-0.73,-1.67853,12.72,-2.98,0.6,-0.875769,2.68,-0.18,-0.26,-0.0228551,3.86737,0.529666,-11.3108,-0.580435,0.0506144,0.0577694,0.132432,0.0522134,0.134443,-0.000552499,0.0551807,0.0136575,0.0675565,-0.0722333,0.216278,-0.0864175,0.0642273,0.061048,0.193636,0.00920801,0.225455,-0.00167011,0.00468445,0.0323927,0.0454148,0.0879478,0.0564227,-0.00641477,0.0247881,0.100619,0.125176,0.192815,0.129042,-0.014206,0.0164804,0.0389089,0.104696,0.108255,0.046156,-0.00329665,0.0249523,0.0431055,0.205993,0.236981,0.187957,-0.011799,-0.60171
2016-08-31,-0.53188,0.794196,-0.786615,-0.878147,-0.103333,0.166667,-0.0766667,-0.365976,4.9,-0.1,-0.4,-1.09963,190.333,2.66667,-69,-0.708166,0.880816,-0.259334,0.680613,-0.109298,2.16486,0.0181417,0.364508,1.43778,0.4,0.11,0.32,2.73932,0.8,-0.07,0.06,1.12839,1.57,-0.27,-0.64,-1.65021,0.77,-0.2,-0.7,-1.62799,13.12,-1.07,-15.31,-0.720618,2.62,-0.22,-0.53,-0.183759,0.663881,-4.66594,-16.0549,-1.16402,0.00848991,0.0360386,0.0993969,0.158123,0.110176,-0.00780543,0.0170808,0.0209075,0.0643347,0.0364485,0.199118,-0.0320254,0.0181164,0.103297,0.144097,0.149421,0.199381,-0.0353852,-0.0042759,0.0201424,0.0282825,0.0650414,0.0536341,-0.0164609,0.0111321,0.0686891,0.0912989,0.171748,0.12172,-0.0241967,0.0131665,0.0433036,0.0937838,0.10704,0.0460015,-0.00169243,-0.0421432,0.0787585,0.0335459,0.142674,0.164422,-0.0439779,-0.503798
2016-09-30,-1.11387,0.120112,-1.47414,-1.12342,-0.0733333,0.34,-0.0633333,-0.241976,4.9,0.2,-0.2,-1.06073,232.333,114.333,14,0.273014,1.09464,0.0248853,0.866952,0.213665,2.30069,0.0654315,0.46409,1.91041,0.4,0.1,0.33,2.5852,0.73,0.15,0.09,0.712308,1.56,0.07,-0.5,-1.56992,0.83,-0.08,-0.59,-1.42975,14.02,-1.61,-10.48,-0.459403,2.67,-0.25,-0.62,-0.0486287,1.24494,-4.05271,-12.9101,-1.05367,5.87157e-05,0.0355978,0.0595091,0.150039,0.118308,-0.00774717,0.013369,0.0592975,0.069388,0.0587059,0.202043,-0.0190846,0.0251856,0.0795608,0.11868,0.163,0.208289,-0.0198902,0.0023781,-0.00793203,0.0218764,0.054873,0.0520931,-0.014122,-0.0150837,-0.018199,0.0617067,0.135125,0.124254,-0.0389154,-0.00315786,0.00626602,0.0501485,0.0974205,0.0472323,-0.00484721,0.00689213,-0.0215715,0.0817047,0.177176,0.153467,-0.0373889,-0.388991
2016-10-31,-1.02652,-0.418092,-0.772674,-1.00491,-0.21,-0.03,-0.14,-0.876331,5,0.1,-0.1,-0.894323,191.667,45.3333,-0.333333,-0.687967,1.47923,0.432992,1.48807,0.750514,2.21483,-0.00707935,0.319565,1.43673,0.41,0.11,0.34,2.53834,0.86,0.19,0.11,1.33528,1.86,0.4,-0.3,-0.778841,1,0.21,-0.41,-1.05114,16.19,4.32,1.12,0.114918,2.6,-0.11,-0.59,-0.226567,3.31101,0.46863,-9.01283,-0.670188,-0.0173374,-0.00893646,0.0415941,0.0442275,0.113744,-0.0249502,-0.0221539,0.00784463,0.0172164,-0.0259055,0.190562,-0.035063,-0.00827827,0.0351178,0.123065,0.0901955,0.199437,-0.0280038,-0.0149473,-0.0168267,0.00603981,0.0465816,0.0498554,-0.0288582,-0.0438065,-0.0477455,0.0235684,0.0945039,0.121231,-0.0810172,-0.0152877,-0.00547303,0.0211671,0.0742389,0.0477421,-0.0200608,-0.0294492,-0.0639441,-0.00829538,0.115645,0.149895,-0.0657371,-0.322166
2016-11-30,-0.851994,-0.0167255,-0.398585,-0.873787,-0.276667,-0.15,-0.04,-1.14613,4.9,0,-0.1,-1.01145,176,-6.33333,-22,-1.03652,1.64489,0.771645,1.5195,0.946416,2.16659,0.0116303,0.255077,1.15498,0.41,0.11,0.33,2.40849,1.09,0.29,0.15,2.37223,2.3,0.72,0.09,0.377606,1.21,0.43,-0.06,-0.608325,12.9,-0.52,-3.23,-0.771991,2.46,-0.15,-0.74,-0.57441,5.07032,3.40429,-7.18885,-0.349632,0.0368389,0.0189226,0.0556432,0.0685638,0.114473,-0.00514591,-0.0178142,-0.0267335,-0.00638488,-0.0460663,0.188969,-0.0512857,-0.044158,-0.0281965,0.0721877,0.0609164,0.214336,-0.0709252,-0.0422758,-0.0543477,-0.0353,0.00131543,0.0558444,-0.069914,-0.082137,-0.135584,-0.0762076,-0.000107823,0.138991,-0.1565,-0.0316719,-0.0494864,-0.00832579,0.0340537,0.0535524,-0.0510973,-0.0835657,-0.104424,-0.0338895,0.092589,0.154712,-0.143809,-0.342603
2016-12-30,-0.601032,0.463584,1.46108,-0.707501,-0.143333,-0.0533333,0.12,-0.474428,4.6,-0.3,-0.4,-1.42451,176,-57,-65.3333,-0.995576,1.69785,0.604885,1.25909,0.992215,2.13731,-0.160914,0.118996,0.97075,0.66,0.37,0.46,3.73451,1.22,0.45,0.16,2.65925,2.49,0.89,0.22,0.970518,1.27,0.44,0.06,-0.450634,13.37,0.08,-4.84,-0.646541,2.27,-0.42,-0.96,-1.05132,4.80224,3.95072,-6.00982,-0.413797,0.0202714,0.0395166,0.0765211,0.119979,0.0913984,-0.0127875,0.0270628,-0.0135816,0.0449106,0.0137279,0.113129,-0.0256108,-0.00252605,-0.0544652,0.0207623,0.108681,0.18507,-0.0732721,-0.00118328,-0.0577075,-0.0651818,0.0100294,0.0505781,-0.0710146,-0.00462598,-0.126405,-0.142304,0.0117166,0.127497,-0.160402,0.00838728,-0.0384779,-0.032453,0.0620463,0.0531765,-0.0431386,-0.0191499,-0.127587,-0.146406,0.0803272,0.126953,-0.160205,-0.0744705
2017-01-31,0.50555,1.55866,2.82722,-0.124576,-0.0666667,0.0733333,0.196667,-0.0732738,4.7,-0.2,-0.3,-1.17843,165,-47,-117,-1.24102,2.0967,0.617471,1.42979,1.49026,2.21417,-0.000660739,0.120659,1.23304,0.66,0.35,0.37,3.29202,1.22,0.36,0.46,2.41866,2.49,0.65,0.55,1.0085,1.27,0.29,0.09,-0.405452,11.88,-5.18,-8.32,-0.999536,2.21,-0.4,-1.27,-1.17699,1.27971,-2.1783,-8.17686,-1.05903,0.0141743,0.076837,0.0603262,0.200186,0.0900909,-0.00888638,0.0365012,0.0425059,0.0448574,0.109438,0.104252,-0.0112751,0.0589896,0.0226623,0.0450165,0.257058,0.17997,-0.011595,0.00516712,-0.040524,-0.0597023,-0.0181492,0.0518132,-0.0689756,0.00966741,-0.073296,-0.131957,-0.0309215,0.125912,-0.153566,0.00299215,-0.0212439,-0.0329424,0.0656793,0.0535607,-0.0417502,0.0476924,-0.049597,-0.105789,0.0694123,0.124378,-0.114695,-0.0910111
2017-02-28,0.00573894,0.697984,1.36623,-0.369146,-0.03,0.14,0.156667,0.0717289,4.8,0,-0.1,-0.975217,182.667,-0.333333,-29.6667,-0.877645,2.54173,0.900795,1.1825,1.96161,2.26357,0.0922177,0.0452389,1.36623,0.66,0.35,0.37,2.95729,1.2,0.09,0.42,2.16765,2.36,-0.01,0.62,0.685991,1.16,-0.1,0.2,-0.612061,12.09,-1.24,-8.46,-0.921429,2.21,-0.24,-1.34,-1.15891,2.05704,-2.77116,-6.12872,-0.90088,0.0327553,0.07378,0.100213,0.247924,0.089585,-0.00269892,0.00617124,0.0734965,0.0444386,0.160119,0.102528,-0.00805392,0.0138801,0.090054,0.0452783,0.277251,0.177944,-0.0243945,0.0104133,0.00710583,-0.0438036,-0.0277672,0.052315,-0.0622366,0.0198373,0.0144867,-0.109216,-0.0479588,0.125985,-0.140153,0.0132949,0.025383,-0.0235833,0.0651096,0.0517687,-0.0290935,0.0505771,0.058787,-0.0541055,0.00497303,0.123494,-0.0865002,-0.101594
2017-03-31,0.449312,0.804255,2.50087,0.0637645,0.243333,0.336667,0.336667,1.37062,4.7,0.1,-0.2,-1.11739,209.333,30.3333,8.66667,-0.330755,2.79553,1.09662,1.81077,2.0848,2.21847,0.071645,-0.116316,1.11923,0.91,0.36,0.66,3.63064,1.28,0.08,0.55,2.26089,2.42,-0.03,0.64,0.919545,1.14,-0.11,0.09,-0.618984,11.54,-2.5,-2.41,-1.04783,2.23,-0.05,-0.89,-1.1011,4.29225,-0.122666,1.98492,-0.488056,-0.00631316,0.055341,0.109378,0.162815,0.0778066,-0.0125709,0.0283972,0.0827395,0.0726778,0.135772,0.086325,-0.00495067,0.0393131,0.117128,0.0683936,0.175793,0.161455,-0.0148814,0.0107217,0.0132571,-0.0504148,-0.0260655,0.0540418,-0.0614823,0.0140292,0.0189479,-0.119141,-0.0557749,0.124113,-0.145786,0.00451576,0.0132393,-0.0289797,0.0216231,0.0522741,-0.0319601,0.00969553,0.0764349,-0.0583009,0.0153083,0.123116,-0.0904076,-0.252859
2017-04-28,1.53522,0.706405,3.96111,0.575794,0.0333333,-0.07,0.21,0.420459,4.5,-0.2,-0.5,-1.46426,177.667,30,-18.3333,-1.06643,2.38325,0.291563,1.49804,1.51393,2.00397,-0.216975,-0.188464,0.130112,0.91,0.35,0.61,3.13587,1.25,0.06,0.48,1.97636,2.3,-0.15,0.47,0.611391,1.05,-0.21,-0.01,-0.812859,10.36,-1.63,-5.34,-1.32167,2.28,0.05,-0.58,-0.996106,5.50047,4.93719,2.16277,-0.275019,0.0107838,0.0443106,0.125317,0.171356,0.077435,-0.00276982,0.0191695,0.0638654,0.113678,0.121076,0.0905359,-0.00297048,0.00451394,0.0691226,0.0833703,0.182291,0.156408,-0.00348491,0.0102244,0.0224355,-0.0252717,-0.0143738,0.0559229,-0.0510788,0.0104581,0.0290946,-0.0624986,-0.0288068,0.1255,-0.132348,0.0102627,0.0223154,-0.0051669,0.0223312,0.0528861,-0.0204503,0.0120674,0.0641466,-0.000165577,-0.00428725,0.115546,-0.0747012,-0.317743
2017-05-31,2.19111,2.17565,3.90329,0.891687,0.236667,0.193333,0.506667,1.63547,4.4,-0.4,-0.6,-1.58115,174,-4.33333,-31,-1.09451,2.1975,-0.344226,1.05144,1.28049,1.88831,-0.375263,-0.245795,-0.407273,0.91,0.34,0.62,2.77978,1.28,0.06,0.41,1.93414,2.21,-0.15,0.37,0.358335,0.93,-0.21,-0.04,-1.09314,10.38,-2.54,-3.81,-1.3064,2.25,0.06,-0.59,-1.07622,1.10915,-0.43231,-4.22067,-1.13242,0.0115634,0.0113039,0.106312,0.174358,0.0717593,-0.00132373,0.0312203,0.0834825,0.181501,0.166754,0.0872273,-0.00271751,0.0225893,0.0679114,0.177485,0.26807,0.132714,-0.0129354,0.0104503,0.0274261,0.0228572,-0.00487577,0.0501443,-0.0432316,0.0274198,0.0456495,0.0353955,-0.020882,0.105253,-0.115967,0.0164834,0.0284301,0.0435568,0.0401716,0.0461065,-0.00739382,0.0079385,0.0131026,0.0599297,0.03929,0.106682,-0.0758504,-0.317986
2017-06-30,2.21206,1.75403,3.67825,0.938039,0.0433333,-0.106667,0.403333,0.628147,4.3,-0.4,-0.4,-1.71343,120.667,-80.3333,-19.6667,-2.11779,1.87331,-0.922219,0.830217,0.918002,1.74192,-0.476549,-0.477707,-1.03625,1.16,0.34,0.86,3.20741,1.38,0.11,0.8,2.11811,2.27,-0.13,0.78,0.589166,0.89,-0.24,-0.02,-1.16967,11.44,-0.93,-4.19,-1.03118,2.11,-0.13,-0.81,-1.41113,0.628555,-3.80653,-4.66909,-1.24811,-0.00156429,0.0307087,0.0877492,0.177749,0.0712441,-0.0116894,-0.00352578,0.0636624,0.151669,0.199222,0.0866257,-0.014347,0.000763345,0.0556431,0.179289,0.224019,0.123747,-0.012172,-0.00457473,0.0142493,0.0276953,-0.0396068,0.0472886,-0.0481091,0.0078126,0.0431026,0.0628672,-0.0771229,0.100766,-0.108967,0.00458514,0.0303046,0.0439452,0.0138405,0.0439258,-0.00733059,-0.0223658,-0.00589623,0.0700879,-0.0668143,0.101154,-0.0957708,-0.364954
2017-07-31,1.97333,0.71219,2.808,0.884643,0.0633333,0.14,0.25,0.833994,4.4,-0.1,-0.5,-1.45246,193.667,27.6667,29.3333,-0.445838,1.64608,-0.737169,0.625525,0.669117,1.71309,-0.290875,-0.504898,-1.1205,1.16,0.33,0.86,2.83015,1.34,0.06,0.67,1.82106,2.3,0.01,0.84,0.731215,0.96,-0.05,0.17,-0.942088,10.29,-0.53,-1.58,-1.24904,2.05,-0.23,-0.66,-1.52998,-1.49633,-6.97383,-4.33871,-1.60734,0.022457,0.0389372,0.0944955,0.159662,0.0696224,-0.00266747,0.0271637,0.0617156,0.142318,0.184057,0.0833419,0,0.0631073,0.0921564,0.180654,0.22928,0.124209,-0.00477221,0.00140197,0.00906901,0.0297764,-0.0383708,0.04388,-0.0355374,-0.00888116,0.0287375,0.0530363,-0.102078,0.0950512,-0.0950841,0.00682067,0.0291869,0.0506795,0.00853061,0.0420108,-0.00361999,0.0205375,0.00902482,0.0594893,-0.0638083,0.0982985,-0.073079,-0.298191
2017-08-31,2.18859,0.208424,3.43052,1.04188,-0.05,-0.206667,0.0833333,0.163096,4.3,-0.1,-0.6,-1.61442,195,32,-15.3333,-0.377051,1.7299,-0.467597,0.879879,0.78127,1.6992,-0.189109,-0.455618,-1.14484,1.16,0.33,0.86,2.54531,1.33,0.05,0.53,1.66859,2.15,-0.06,0.57,0.242666,0.82,-0.11,0.04,-1.33796,11.22,0.81,-2.2,-1.00367,2.14,-0.09,-0.47,-1.29422,-2.35935,-3.1314,-4.02538,-1.71968,0.000201757,0.0185401,0.0476432,0.161655,0.0744922,-0.00153347,-0.00638611,0.0113518,0.115756,0.177138,0.0864372,-0.00874196,0.0195581,0.0784904,0.179306,0.246994,0.124946,-0.00222736,0.0130093,0.00929549,0.0429702,-0.0143864,0.0405181,-0.0191789,0.0263007,0.0231902,0.0837684,-0.0619627,0.0886032,-0.0629967,0.00470912,0.0143949,0.0488694,0.0135338,0.040994,0,0.0450166,0.0346189,0.0707174,0.00833467,0.0984288,-0.0224536,-0.29726
2017-09-29,1.54441,-0.718251,2.84861,0.753964,-0.04,-0.103333,0.0633333,0.217921,4.4,0.1,-0.5,-1.38498,185,51,-69.6667,-0.569037,1.93062,0.0573076,0.846567,1.00626,1.68673,-0.0551963,-0.618901,-1.18531,1.16,0.1,0.87,2.32338,1.45,0.07,0.68,1.91807,2.31,0,0.71,0.836779,0.86,-0.07,0.03,-1.17687,9.55,-1.63,-3.74,-1.33003,2.05,-0.04,-0.64,-1.46874,-3.1395,-2.98615,-3.99102,-1.73676,0.0262852,0.0441536,0.0762181,0.193932,0.0722751,0,0.0314809,0.0503075,0.117173,0.198366,0.0847138,0,0.00111655,0.0826287,0.14287,0.221035,0.1213,-0.0226828,-0.0128601,0.00370719,0.0180093,-0.0333134,0.040921,-0.0308946,-0.020321,0.00341613,0.0466659,-0.078035,0.0921735,-0.069721,0.0012358,0.0139781,0.0447063,0.014431,0.0393508,-0.00304263,-0.0223545,0.0301644,0.0240903,-0.0356151,0.102377,-0.05112,-0.419291
2017-10-31,1.59918,-0.458513,2.76421,0.851683,-0.156667,-0.303333,-0.0233333,-0.46461,4.2,-0.2,-0.7,-1.76843,91.3333,-96,-147.333,-2.48636,2.22692,0.580832,0.736603,1.31391,1.69478,-0.0183126,-0.523935,-1.13964,1.16,0.09,0.85,2.14766,1.58,0.24,0.72,2.13701,2.37,0.07,0.53,1.04057,0.79,-0.17,-0.19,-1.39291,10.5,0.24,-6.56,-1.05742,1.92,-0.14,-0.69,-1.67432,-2.29435,-0.456573,-5.75236,-1.51409,0.0191424,0.0443976,0.0889219,0.234313,0.0694224,-0.00217265,0.0176866,0.0341619,0.101109,0.236403,0.0752787,0,0.032576,0.0525364,0.153422,0.266185,0.12205,-0.00814287,-0.000753408,-0.00347789,0.00711709,-0.0180504,0.0385444,-0.0234144,0.00144851,0.00207369,0.0327223,-0.0274767,0.0883586,-0.0353349,0.000991229,0.00614651,0.0351015,0.0340068,0.037063,-0.00361963,-0.00082802,0.00224252,0.0228005,-0.010415,0.0986739,-0.0582221,-0.35709
2017-11-30,2.88154,0.939999,3.67959,1.5155,0.283333,0.366667,0.456667,2.16744,4.1,-0.2,-0.7,-1.88281,162.333,-2,-20.6667,-0.925874,2.04598,0.316074,0.405046,1.0762,1.77382,0.0746186,-0.397536,-0.792066,1.16,0.09,0.85,1.99675,1.78,0.45,0.67,2.46727,2.37,0.25,0,1.0067,0.59,-0.2,-0.67,-2.0134,10.7,0.11,-2.63,-0.975672,1.92,-0.22,-0.53,-1.57482,-6.11477,-3.41469,-10.943,-1.99549,0.0305655,0.076103,0.0960541,0.226845,0.0664601,0,0.00689251,0.0479824,0.0598789,0.267505,0.0703354,-0.00327055,-0.0038902,0.0283297,0.109044,0.319527,0.12195,-0.0357654,-0.00278925,-0.0190193,-0.00990057,0.022435,0.037101,-0.0248167,0.00743152,-0.0163501,0.00646102,0.0674259,0.0901051,-0.028166,-0.00123191,0.000196982,0.0145947,0.0665114,0.0371985,-0.00543964,0.00356344,-0.0375139,-0.00419373,0.0836689,0.0975548,-0.0548662,-0.304802
2017-12-29,3.35024,1.89405,3.78448,1.80289,0.406667,0.49,0.49,2.72695,4.1,-0.3,-0.5,-1.80293,170,-15.3333,-9,-0.715502,2.22668,0.296061,0.527774,1.22682,1.70766,0.0209356,-0.439165,-1.07319,1.42,0.36,0.87,2.42745,1.91,0.44,0.71,2.50689,2.43,0.1,-0.02,1.15661,0.52,-0.34,-0.73,-2.10821,10.18,0.67,-3.86,-1.04625,1.76,-0.24,-0.52,-1.78519,-6.12352,-4.17124,-10.5384,-1.83477,0.0209905,0.0676448,0.114785,0.212607,0.06368,-0.00499628,0.0145021,0.0376111,0.0898107,0.255102,0.0658814,0,0.0262619,0.0674869,0.155692,0.362895,0.121024,0,-0.00127163,-0.00283822,0.000858446,0.0285775,0.0367765,-0.0230164,0.0147203,0.0252979,0.0288005,0.0934783,0.0934729,-0.0105496,0.0110351,0.012907,0.0270655,0.0722001,0.0373181,0,0.0131924,0.0170258,0.0477038,0.121135,0.0972066,-0.0349645,-0.354794
2018-01-31,3.56279,1.83544,2.73786,1.86724,0.416667,0.45,0.32,2.48615,4.1,-0.1,-0.6,-1.68721,203.667,75.6667,56,0.162556,2.11761,-0.109306,0.0259197,1.04562,1.76511,0.0703293,-0.455833,-0.862059,1.42,0.35,0.86,2.22698,2.13,0.53,0.94,2.71983,2.73,0.35,0.28,2.01173,0.6,-0.18,-0.66,-1.68488,14.79,4.61,2.8,0.08323,1.59,-0.32,-0.64,-1.96429,-7.86757,-5.92578,-8.43085,-1.91531,0.0563591,0.103569,0.15133,0.263045,0.0699367,-0.0163306,0.0502055,0.0761904,0.108813,0.271696,0.0718312,-0.0187378,0.0829798,0.129844,0.179224,0.393769,0.126006,-0.0201601,-0.0215029,-0.0230747,-0.0267414,0.00128632,0.0363466,-0.0440244,-0.0325555,-0.00738043,-0.00508251,0.0477505,0.0947569,-0.0427617,-0.0122567,-0.00282964,0.00313336,0.0558991,0.0381639,-0.0122567,0.0323494,0.0538265,0.0580191,0.104717,0.0973666,-0.00915936,-0.363808
2018-02-28,3.65949,0.356334,3.68365,1.86257,0.166667,-0.21,0.123333,1.09938,4.1,0,-0.7,-1.62226,192,23.3333,-11.6667,-0.262419,2.13787,0.103665,-0.399212,1.02189,1.84552,0.0708762,-0.409165,-0.551617,1.42,0.35,0.85,2.05975,2.27,0.49,1.05,2.65897,2.9,0.48,0.54,2.29634,0.63,-0.01,-0.51,-1.47558,18.59,7.31,5.67,0.97857,1.69,-0.19,-0.5,-1.64753,-7.01275,-0.81476,-8.55421,-1.6606,-0.0457706,0.0492216,0.121942,0.171106,0.121564,-0.0520971,-0.0575382,0.0156648,0.0638991,0.195971,0.116038,-0.066179,-0.0637553,0.0369652,0.0888468,0.289116,0.175205,-0.0779567,-0.0113403,-0.0347782,-0.0443999,-0.0151839,0.0396953,-0.0529435,-0.0304146,-0.0562907,-0.055054,3.63299e-05,0.100233,-0.0718758,-0.0236694,-0.0261948,-0.0191443,0.0188226,0.0416851,-0.0343518,-0.0184531,0.0176667,0.00248617,0.0483939,0.0998211,-0.0297291,-0.26609
2018-03-29,4.26207,0.879927,4.44381,2.11979,0.373333,-0.123333,0.236667,1.91821,4.1,0,-0.6,-1.54255,242.333,75.3333,29.3333,1.10322,2.26012,0.0583784,-0.505822,1.10588,1.85712,0.145024,-0.340376,-0.532948,1.68,0.35,0.86,2.39323,2.28,0.39,1.01,2.40164,2.77,0.37,0.37,1.76925,0.49,-0.02,-0.64,-1.79606,22.87,11.83,10.5,1.84153,1.86,0.09,-0.38,-1.25661,-5.92453,1.06255,-10.3596,-1.42675,-0.0274116,-0.0116575,0.0620054,0.138548,0.144638,-0.0780807,-0.00839683,-0.00769168,0.0370982,0.143116,0.125239,-0.0740202,0.00541614,0.0364968,0.105611,0.234676,0.193185,-0.0729628,0.0115611,-0.0190528,-0.0235832,-0.0054462,0.0381411,-0.0419945,0.028596,-0.0344713,-0.011461,0.030041,0.0967442,-0.0453351,0.00557032,-0.0283333,-0.0140804,0.0258793,0.0412601,-0.0289728,0.00632,0.0291254,0.0312346,0.0541356,0.0972215,-0.023597,-0.339321
2018-04-30,4.32421,1.41531,3.15916,1.96771,0.273333,-0.206667,0.336667,1.44206,4.1,0,-0.4,-1.47504,201.667,-19,24.3333,0.00257797,2.35724,0.2459,-0.0353938,1.15988,2.11077,0.349939,0.11893,0.602226,1.7,0.36,0.87,2.20503,2.49,0.35,1.21,2.5105,2.96,0.24,0.67,2.1118,0.47,-0.11,-0.54,-1.73197,15.41,1.87,4.59,0.154734,1.8,0.24,-0.48,-1.29248,-5.10071,3.03359,-10.5782,-1.2316,0.00516818,-0.0671311,0.0442332,0.132222,0.159043,-0.073316,0.0152138,-0.051234,0.0357912,0.138679,0.128846,-0.0599325,-0.0281709,-0.0852021,0.0472945,0.194502,0.199232,-0.0990782,-0.012764,-0.0126754,-0.0269008,-0.028078,0.0392638,-0.0542225,-0.0208806,-0.0235129,-0.0149642,-0.00190499,0.100058,-0.0652691,-0.0156509,-0.0335965,-0.0289639,-0.000434846,0.0425368,-0.0441702,-0.00953971,-0.0216726,0.0354026,0.0316304,0.099549,-0.0329116,-0.345047
2018-05-31,3.46141,0.755121,1.5282,1.57805,0.463333,0.406667,0.313333,2.1829,3.9,-0.2,-0.5,-1.8445,207.667,18.6667,58.3333,0.163352,2.42782,0.289953,0.232238,1.1911,2.12046,0.274937,0.238817,0.609394,1.7,0.35,0.87,2.02052,2.42,0.17,1.14,2.15637,2.84,-0.03,0.63,1.6616,0.42,-0.2,-0.51,-1.77038,14.94,-4.91,4.53,0.0335845,1.91,0.23,-0.32,-1.03742,-1.59494,4.96782,-2.36699,-0.689269,0.0224919,0.0161556,0.0401173,0.143606,0.162458,-0.0507892,-0.0154636,0.00448583,-0.00261609,0.0788898,0.133811,-0.077741,-0.0214175,-0.0467348,-0.0206418,0.131002,0.202443,-0.122694,0.0114464,0.00417563,-0.0267572,-0.0265418,0.0431919,-0.044894,0.0237316,0.0203398,-0.0318219,-0.000763882,0.103165,-0.0465331,0.00794166,-0.00398206,-0.0324258,-0.0084368,0.0444398,-0.0391837,-0.00493089,-0.0129891,0.00236137,0.0205604,0.0978624,-0.0444772,-0.34652
2018-06-29,3.46054,-0.177973,1.38281,1.46812,0.176667,-0.0266667,0.08,0.867282,3.8,-0.3,-0.5,-1.97739,179,-46,44.6667,-0.604855,2.71574,0.455624,0.848046,1.46732,2.21143,0.354309,0.470754,0.983188,1.91,0.24,0.85,2.19649,2.52,0.25,1.14,2.12774,2.84,0.1,0.53,1.57163,0.32,-0.15,-0.61,-2.003,16.85,-3.12,5.67,0.491483,2,0.15,-0.09,-0.830371,1.17421,7.54737,1.32756,-0.240125,0.00574968,0.058367,0.0213496,0.145025,0.164243,-0.0453316,-0.0158405,-0.0061023,-0.0278882,0.0593159,0.138354,-0.09235,-0.0454572,-0.0800864,-0.0700839,0.0746133,0.20774,-0.162574,0.00197731,-0.00207309,-0.0188803,-0.0219125,0.043486,-0.0430055,0.00645791,0.00321492,-0.0286126,-0.00451928,0.0982088,-0.0403757,-0.00487511,-0.0148172,-0.0426075,-0.0188031,0.0438084,-0.0438678,-0.0361495,-0.0676568,-0.034188,0.00278905,0.0965093,-0.0790189,-0.377615
2018-07-31,3.79971,0.208536,2.01155,1.50519,0.156667,-0.07,0.0266667,0.746568,4,-0.1,-0.3,-1.42169,210.667,-7.66667,21,0.32185,2.79676,0.439522,1.14811,1.48872,2.23092,0.120152,0.511687,1.01821,1.91,0.22,0.84,2.01326,2.66,0.17,1.32,2.14633,2.98,0.03,0.68,1.78007,0.32,-0.14,-0.64,-1.8955,14.26,-1.67,4,-0.131304,1.84,0.05,-0.22,-1.05166,3.08328,7.83291,4.92107,0.11037,0.0370463,0.0664683,0.00697164,0.161364,0.163488,-0.00996461,0.0285204,-0.00342451,-0.0499236,0.0607152,0.138824,-0.0664634,0.0353097,-0.0329184,-0.107472,0.0465149,0.210321,-0.133005,-0.00528093,0.00809437,-0.00393205,-0.0284399,0.0430285,-0.0480593,-0.0143686,0.0155382,-0.00608068,-0.0100309,0.096784,-0.0541642,0.0134423,0.0165108,-0.0169442,-0.01235,0.0423186,-0.0310152,-0.0224189,-0.062404,-0.0852524,-0.0394203,0.0950263,-0.0996662,-0.38375
2018-08-31,4.22501,0.34997,2.77901,1.55503,0.05,-0.483333,0.126667,0.258841,3.9,0,-0.4,-1.57377,224.333,6.33333,29.6667,0.745599,2.88655,0.458729,1.14614,1.52194,2.33287,0.212413,0.622703,1.41284,1.92,0.22,0.85,1.87696,2.64,0.24,1.31,1.93726,2.86,0.03,0.74,1.40875,0.22,-0.21,-0.57,-2.05172,13.53,-1.9,2.94,-0.236465,1.9,0.01,-0.24,-0.894638,3.86764,5.02126,6.56772,0.3239,0.0280463,0.060797,0.0756489,0.194948,0.125023,-0.00401424,-0.0108703,-0.021821,-0.0159345,0.0374642,0.110369,-0.0873359,-0.0159542,-0.0715371,-0.098504,-0.0160478,0.186816,-0.165666,0.0113334,0.0141027,0.0160512,-0.0326919,0.0385125,-0.0384086,0.0199779,0.0177101,0.0366612,-0.0301044,0.088325,-0.0417551,0.0025175,0.0129332,0.00822585,-0.0188011,0.0384653,-0.0308262,-0.00881942,-0.0724034,-0.0932258,-0.0978382,0.0967092,-0.118916,-0.40472
2018-09-28,4.88003,1.95173,3.77192,1.70635,0.24,0.143333,0.286667,1.01705,3.9,0.1,-0.5,-1.48396,185.333,-14,-31.3333,-0.391763,2.68448,-0.0312685,0.733685,1.21755,2.18954,-0.0218852,0.494694,0.697707,2.18,0.27,1.12,2.11621,2.83,0.31,1.36,2.04413,3.06,0.21,0.73,1.73673,0.23,-0.1,-0.63,-1.90222,12.41,-3.68,2.9,-0.521668,1.83,-0.16,-0.17,-0.971517,3.10936,1.97622,5.06164,0.25855,0.00190624,0.07651,0.139343,0.182453,0.095633,-0.00526031,-0.00788092,0.01523,0.00903481,0.0293229,0.104599,-0.0785264,-0.0267564,-0.00946271,-0.0887913,-0.0100433,0.170139,-0.170499,-0.0100179,-0.00729805,-0.00935601,-0.0315501,0.0382875,-0.0348946,-0.0287852,-0.0300207,-0.0269023,-0.0332915,0.0877319,-0.0682141,-0.00191479,0.012226,-0.00277235,-0.0187959,0.0380678,-0.0321782,-0.0126095,-0.0496418,-0.11394,-0.0773259,0.0887506,-0.124738,-0.352398
2018-10-31,5.14267,1.59062,3.92026,1.67399,0.206667,0.07,0.233333,0.826579,3.7,-0.3,-0.5,-1.82561,189.667,-27.3333,48,-0.308992,2.27361,-0.523152,0.0434796,0.655662,2.17361,-0.0573068,0.474083,0.587329,2.2,0.29,1.13,1.9795,2.84,0.17,1.24,1.89899,3.12,0.16,0.74,1.73442,0.28,-0.01,-0.5,-1.66176,23.35,10.52,13.17,2.66052,2.03,0.2,0.12,-0.566259,3.19395,0.542294,5.13574,0.34122,-0.0717864,-0.0373075,0.0398104,0.071632,0.120647,-0.0740012,-0.0776732,-0.0825499,-0.0987409,-0.0754478,0.124411,-0.153474,-0.0761957,-0.107361,-0.147213,-0.135412,0.19797,-0.243166,-0.00306983,-0.00387255,0.000240048,-0.0314727,0.040151,-0.0364213,-0.0280675,-0.0382542,-0.0331441,-0.0633669,0.0911213,-0.0955209,-0.0199966,-0.019397,-0.00490749,-0.0416207,0.0391223,-0.0520119,0.0112409,0.00550122,-0.0734631,-0.0457446,0.0942759,-0.106186,-0.408206
2018-11-30,4.10442,-0.0327681,1.45,1.18901,0.303333,0.263333,-0.01,1.10318,3.7,-0.2,-0.4,-1.7034,218,4.33333,49.3333,0.538942,2.53221,-0.354342,0.498006,0.985626,2.15201,-0.180861,0.377365,0.455282,2.2,0.29,1.13,1.83879,2.81,0.19,1.03,1.71492,3.03,0.17,0.61,1.44009,0.22,-0.02,-0.42,-1.72938,18.79,5.93,7.51,1.35491,2.26,0.34,0.38,-0.0895005,5.43702,0.951284,11.635,0.875353,0.0185493,-0.0462008,0.0117874,0.0591369,0.135164,-0.0568246,0.00496332,-0.0678638,-0.0882039,-0.0772193,0.1307,-0.149273,0.0490282,-0.0484146,-0.116488,-0.0894803,0.213327,-0.20606,0.0133022,-0.00193339,0.012142,-0.0158442,0.035218,-0.0217736,0.0178716,-0.0402401,-0.0232427,-0.0536604,0.0821501,-0.0793564,-0.00358178,-0.025363,-0.0127578,-0.0438756,0.0361295,-0.0554074,0.00338689,0.0178839,-0.0558143,-0.0459125,0.0955203,-0.103159,-0.362868
2018-12-31,3.89291,-1.53075,0.490146,1.07008,0.123333,-0.256667,-0.333333,0.358223,3.7,-0.2,-0.4,-1.59796,170.333,-49.3333,3.33333,-0.864515,2.20888,-0.475601,0.00713272,0.466317,2.242,0.0524611,0.529908,0.845229,2.4,0.22,1.07,1.96923,2.52,-0.29,0.63,1.2449,2.72,-0.33,0.32,0.764918,0.2,-0.04,-0.31,-1.67138,28.34,16.22,17.3,3.43131,2.44,0.6,0.67,0.319525,5.57786,2.19781,12.5649,0.984766,-0.0844935,-0.13532,-0.0691632,-0.0492902,0.176165,-0.139868,-0.0623114,-0.126165,-0.112856,-0.137597,0.143786,-0.194784,-0.0441953,-0.0762637,-0.0850047,-0.149131,0.21781,-0.233759,0.0327092,0.0385619,0.0309825,0.0115172,0.036915,0,0.0666739,0.0458772,0.0144792,-0.0145477,0.086786,-0.0161014,0.0150358,-0.00585994,0.00629438,-0.0365813,0.0360018,-0.0378496,0.0508754,0.0752927,0.0219132,-0.013024,0.0988288,-0.0588372,-0.411748
2019-01-31,3.95103,-1.63167,1.04991,1.033,0.163333,-0.15,-0.29,0.484502,3.9,0.2,-0.2,-1.08974,254,64,33.3333,1.81136,1.94546,-0.328149,-0.165878,-0.00550321,2.21267,0.0390624,0.451846,0.687627,2.4,0.2,1.06,1.82221,2.52,-0.35,0.38,1.18035,2.7,-0.45,-0.02,0.685076,0.18,-0.1,-0.4,-1.62442,17.66,-3.57,4.12,0.899883,2.37,0.34,0.81,0.262669,7.34944,3.12512,15.4837,1.43635,0.0800659,0.0289805,-0.0305495,-0.0237908,0.189049,-0.0710012,0.0663491,0.0341821,-0.0802275,-0.126146,0.152205,-0.127445,0.10343,0.151248,-0.0248006,-0.129607,0.223075,-0.137111,0.00652628,0.0436429,0.0432201,0.0391181,0.0407972,-0.00351541,0.00378638,0.0706918,0.0331655,0.0268832,0.0876447,-0.0127084,0.0336821,0.0438238,0.0263914,0.00900001,0.0374331,0,0.028866,0.0725647,0.0755238,-0.0161672,0.098105,-0.0282754,-0.480322
2019-02-28,3.80132,-0.555095,0.97508,0.90906,-0.00666667,-0.256667,-0.07,-0.300957,4,0.2,-0.1,-0.811376,240.667,18.3333,52.3333,1.27674,1.5224,-0.994768,-0.571295,-0.725066,2.14836,-0.00835327,0.317366,0.396856,2.4,0.2,1.05,1.6974,2.5,-0.3,0.25,1.09753,2.69,-0.32,-0.18,0.627513,0.19,-0.02,-0.43,-1.49102,14.7,-3.37,-5.15,0.155374,2.25,-0.02,0.57,0.0840223,5.38513,-0.052291,11.9206,1.04111,0.0579704,0.0478799,-0.02831,0.0347733,0.189608,-0.0408871,0.0371141,0.0358933,-0.0477732,-0.0660894,0.149174,-0.0785585,0.0145852,0.0707828,-0.0207405,-0.110037,0.213949,-0.130559,0.00162245,0.0349063,0.0268228,0.0455465,0.0424973,-0.00875107,-0.00602219,0.0520225,0.00086922,0.0449897,0.0890404,-0.0262976,0.00955833,0.0485818,0.0186242,0.0297693,0.0381448,-0.00420535,8.06582e-05,0.0722068,0.0820316,-0.00911053,0.0926676,-0.0334425,-0.460632
2019-03-29,3.59427,-0.535005,-0.296699,0.701352,-0.183333,-0.313333,-0.393333,-1.07976,3.8,0.1,-0.3,-1.21109,186,-7.66667,-39,-0.469777,1.50139,-0.693231,-0.715358,-0.813486,2.08361,-0.170542,0.25261,0.126802,2.41,0.01,0.74,1.6033,2.23,-0.25,-0.04,0.688699,2.39,-0.3,-0.35,-0.0495862,0.16,-0.05,-0.31,-1.48269,14.43,-10.99,-5.54,0.073705,2.27,-0.18,0.42,0.218384,6.67252,1.64036,12.9972,1.28974,0.0181013,0.143727,-0.0155177,0.108263,0.1941,-0.023526,0.00918107,0.110997,-0.0456061,-0.0317179,0.149649,-0.0700987,0.0113099,0.104196,0.0131336,-0.072756,0.214287,-0.0917698,0.0265514,0.0372786,0.0679845,0.0607069,0.0440593,-0.001591,0.0557165,0.0579264,0.0909368,0.0709516,0.0921664,-0.000948439,0.0292929,0.0697532,0.0562097,0.0568535,0.0383098,-0.000755803,-0.015969,0.0119433,0.079257,-0.0295872,0.0994991,-0.0476153,-0.488111
2019-04-30,2.76825,-1.03516,-1.0143,0.331922,-0.233333,-0.323333,-0.47,-1.41884,3.8,-0.1,-0.2,-1.15492,180.333,-53,-47.3333,-0.649496,1.86374,-0.0813889,-0.494831,-0.244185,2.04182,-0.172018,-0.0592429,-0.0537044,2.45,0.05,0.76,1.55277,2.3,-0.15,-0.19,0.737096,2.54,-0.09,-0.41,0.238344,0.24,0.06,-0.22,-1.18311,13.11,-3.46,-2.82,-0.277869,2.13,-0.25,0.34,-0.128871,5.55514,-0.746791,10.2679,0.997662,0.0408524,0.121124,0.0998234,0.124414,0.174963,0,0.0292931,0.0772952,0.0909902,-0.030316,0.133497,-0.0428589,0.0235307,0.050204,0.139825,-0.0503345,0.187711,-0.0547343,-0.00518653,0.022884,0.0648295,0.0678286,0.0440561,-0.00676928,-0.0199108,0.0284653,0.0967025,0.0687086,0.0889068,-0.0208403,0.00436412,0.0436661,0.0774573,0.0725437,0.0372021,-0.00351035,-0.0066388,-0.022423,0.0412371,-0.0342629,0.0918912,-0.0434096,-0.487339
2019-05-31,0.887065,-2.69357,-2.9011,-0.524105,-0.323333,-0.336667,-0.793333,-1.85495,3.6,-0.4,-0.3,-1.55275,169.333,-75.6667,-66.6667,-0.960888,2.00115,0.478756,-0.418424,-0.0367117,2.07277,-0.0755882,-0.0434665,0.101713,2.39,-0.01,0.69,1.39121,2.06,-0.46,-0.34,0.366077,2.22,-0.51,-0.61,-0.507991,0.16,-0.05,-0.27,-1.32371,17.3,2.52,1.87,0.88685,2.33,0.11,0.44,0.546725,3.67295,-1.64762,4.80285,0.581764,-0.0566808,-0.014041,0.0361315,0.0293465,0.169828,-0.0638031,-0.0448929,-0.0188803,0.0257983,-0.0642194,0.1341,-0.0776908,-0.0662833,-0.0418921,0.0200338,-0.0900998,0.175249,-0.117704,0.0309537,0.0558204,0.088014,0.08792,0.0456577,0,0.0640024,0.115774,0.161656,0.115548,0.0912335,0,0.0168302,0.0526791,0.103279,0.085056,0.0369143,0,0.0243355,0.0118969,0.0729013,-0.000324228,0.0920133,-0.0265983,-0.521513
2019-06-28,2.0491,-0.603697,-0.777172,-0.0578253,-0.17,0.106667,-0.276667,-1.19113,3.6,-0.2,-0.2,-1.46436,150.667,-47.6667,-65.3333,-1.46124,1.79895,0.297562,-0.940819,-0.488141,1.99528,-0.0883281,-0.223315,-0.239818,2.38,-0.05,0.47,1.3043,1.74,-0.53,-0.78,-0.137803,2.01,-0.4,-0.84,-1.07055,0.27,0.13,-0.06,-0.970745,15.82,2.11,-0.27,0.449537,2.31,0.05,0.32,0.582168,1.38928,-5.68301,0.209554,0.0744391,0.0551723,0.0422849,0.19209,0.10932,0.125666,-0.00485151,0.0495146,0.0352756,0.150188,0.0229079,0.116568,-0.0160936,0.065741,0.00738808,0.112354,0.0367751,0.164297,-0.0303407,0.0189026,0.0376093,0.0762899,0.0975925,0.0465697,-0.000635832,0.0221397,0.0570685,0.118301,0.117189,0.0906277,-0.000677255,0.0348629,0.0540835,0.127609,0.125374,0.0398781,0,0.0945846,0.0917138,0.104752,0.123292,0.0991776,-0.00745156,-0.510367
2019-07-31,1.31828,-0.952071,-2.11051,-0.480861,-0.26,0.01,-0.41,-1.50843,3.7,-0.1,-0.3,-1.16942,170.667,-3,-72,-0.83868,1.66087,-0.202876,-1.18619,-0.84424,2.12803,0.0862114,-0.112034,0.418482,2.39,-0.06,0.48,1.24938,1.85,-0.42,-0.82,-0.0239149,2.06,-0.45,-0.9,-1.06598,0.21,-0.03,-0.08,-1.07306,13.94,0.82,1.11,-0.0868754,2.14,0,0.31,0.0473602,2.44536,-2.99289,-0.261994,0.326522,0.00598663,0.0242149,0.12188,0.0834534,0.106793,-0.0151651,-0.0240775,-0.00812969,0.0509228,-0.0325884,0.10465,-0.0338532,-0.0380009,-0.0346661,-0.0152426,-0.0425637,0.147095,-0.0561003,0.00164101,0.0438989,0.0648438,0.107306,0.0442825,-0.00380891,0.00491501,0.0768676,0.112917,0.146248,0.0926216,-0.00983508,0.000644075,0.0525056,0.0930835,0.117616,0.0432392,-0.00480273,0.0198285,0.106395,0.0683295,0.151837,0.116392,-0.0239596,-0.371129
2019-08-30,0.482274,-0.204278,-3.44817,-0.987837,-0.143333,0.356667,-0.24,-0.926477,3.7,0.1,-0.2,-1.11312,139.667,-2,-97,-1.61512,1.81401,-0.18714,-1.13496,-0.631557,2.20765,0.134879,-0.127345,0.798085,2.12,-0.28,0.21,0.841195,1.53,-0.42,-1.09,-0.579777,1.5,-0.64,-1.36,-2.46547,-0.03,-0.22,-0.27,-1.58748,17.88,-0.83,5.02,0.955498,2.27,-0.1,0.35,0.590865,2.69117,-1.53588,-1.86464,0.377138,-0.00810603,0.0702993,0.0564302,0.0231725,0.13853,-0.0316544,-0.0164931,0.0126016,0.00300586,-0.0476026,0.119459,-0.0520395,-0.01856,-0.0142049,-0.0482633,-0.0679175,0.166605,-0.0918048,0.0278579,0.0475292,0.107895,0.140271,0.0496795,-0.00166422,0.0888661,0.11645,0.244286,0.249385,0.111421,-0.00351817,0.0304821,0.0720055,0.129408,0.156604,0.0455588,-0.00232422,0.0538084,0.148989,0.182544,0.258757,0.124568,-0.0125026,-0.538895
2019-09-30,0.361561,-1.38856,-4.90337,-1.16657,-0.06,0.283333,-0.433333,-0.557094,3.7,0.1,-0.1,-1.06936,155.667,12,-85,-1.07653,1.75521,-0.0437437,-0.92807,-0.877571,2.38602,0.390735,0.205718,1.62607,1.83,-0.57,-0.35,0.399707,1.63,-0.12,-1.18,-0.476375,1.69,-0.31,-1.36,-2.01585,0.06,-0.19,-0.18,-1.28095,17.22,2.14,5.1,0.722384,2.19,-0.12,0.35,0.362661,3.45336,2.28827,-0.0012094,0.530533,0.0190038,0.00838845,0.0481397,0.0412029,0.133984,-0.0128138,0.035736,-0.012569,0.0141088,-0.0177542,0.115062,-0.022045,0.0248257,-0.0587287,-0.0561171,-0.0326248,0.156144,-0.0764381,-0.0115997,0.02887,0.0736094,0.138713,0.0539651,-0.0155797,-0.0265334,0.0860441,0.161841,0.248641,0.125202,-0.0302217,-0.00770247,0.0316802,0.0936057,0.149276,0.0524215,-0.00985471,-0.036428,0.0631603,0.142681,0.239357,0.13479,-0.0531161,-0.481043
2019-10-31,-0.144062,-1.19518,-5.55012,-1.55449,-0.236667,0.0566667,-0.51,-1.28664,3.5,-0.2,-0.2,-1.54967,156.667,4.66667,-32.6667,-1.02554,1.72533,0.064462,-0.543986,-0.990409,2.35942,0.231386,0.178604,1.45092,1.82,-0.58,-0.38,0.337723,1.61,-0.28,-1.26,-0.570759,1.78,-0.24,-1.37,-1.76254,0.17,0.04,-0.11,-0.944135,12.33,-3.79,-8.9,-0.572444,2.17,0.04,0.14,0.352242,-0.309698,-2.71073,-4.57364,-0.323464,0.0530096,0.0413862,0.0414314,0.155311,0.141858,-0.00266327,0.0659291,0.0583992,0.0281312,0.122822,0.123276,-0.0023681,0.0573617,0.0500621,-0.0297467,0.12414,0.158579,-0.0377973,-0.00433635,0.0154685,0.0759186,0.140916,0.0571695,-0.0137326,-0.0165035,0.0382942,0.153083,0.2689,0.132708,-0.041018,0.00369406,0.0261869,0.0890621,0.176008,0.0536019,-0.00544956,0.0082826,0.0481272,0.180522,0.229965,0.136698,-0.0288422,-0.506016
2019-11-29,-1.13268,-1.56158,-5.19123,-2.15442,-0.31,-0.156667,-0.496667,-1.56292,3.6,-0.1,-0.2,-1.2496,175.667,40.3333,-46.6667,-0.504539,1.77101,-0.0430049,-0.746157,-0.890347,2.32006,0.112409,0.163347,1.22768,1.55,-0.58,-0.65,-0.114062,1.63,0.13,-1.17,-0.570065,1.77,0.27,-1.24,-1.64934,0.14,0.14,-0.07,-0.978569,11.75,-7.23,-6.32,-0.724174,2.09,-0.17,-0.18,0.0388194,0.477413,-2.96417,-4.9601,-0.111927,0.0334384,0.0797093,0.155612,0.16744,0.12939,-0.00370875,0.00887813,0.078628,0.0922205,0.111105,0.110126,-0.00699079,-0.00885405,0.0584713,0.0434358,0.0488975,0.143825,-0.0387014,-0.000564145,-0.0168074,0.0299229,0.126069,0.0575508,-0.0205093,0.00936468,-0.0415496,0.0700615,0.257481,0.136735,-0.0449216,0.0108452,0.00160299,0.0737239,0.185076,0.056402,-0.0021057,-0.0224082,-0.0409739,0.10191,0.194834,0.137964,-0.0600027,-0.457572
2019-12-31,-0.751084,-1.12908,-4.8135,-1.88995,-0.246667,-0.223333,-0.366667,-1.22356,3.5,-0.2,-0.2,-1.47444,205,17.3333,11.3333,0.366032,2.04779,0.292585,-0.146829,-0.199086,2.31501,-0.0710061,0.0608585,1.16427,1.55,-0.35,-0.85,-0.165677,1.58,-0.05,-0.9,-0.693182,1.9,0.22,-0.79,-1.26778,0.32,0.27,0.11,-0.458806,14.82,-1.42,-10.6,0.104332,1.97,-0.23,-0.48,-0.483255,-0.257857,-3.91526,-5.25,-0.254725,0.0290555,0.102996,0.0961633,0.312236,0.124813,-0.00334444,0.0299537,0.0875378,0.0602796,0.220434,0.108056,-0.00287191,0.0773027,0.129334,0.058148,0.182229,0.13726,-0.00443933,-0.00927528,-0.016957,0.0106293,0.0802891,0.0600144,-0.0295944,-0.031975,-0.0495093,0.0274576,0.141186,0.142672,-0.0754602,0.00527536,0.0133836,0.0438297,0.173681,0.0559514,-0.00412494,0.0365588,0.023419,0.0711341,0.178557,0.125687,-0.0256375,-0.488475
2020-01-31,-1.01219,-0.801571,-4.78181,-1.95996,-0.226667,0.0233333,-0.3,-1.0751,3.5,0,-0.4,-1.43919,184.333,-8.33333,-49,-0.276353,2.2863,0.560969,0.341166,0.417462,2.24663,-0.112784,0.0327957,0.848564,1.6,0.02,-0.8,-0.137415,1.41,-0.11,-1.04,-1.03579,1.57,-0.12,-1.06,-1.88964,0.16,-0.01,-0.02,-0.883653,15.49,2.27,-1.08,0.271169,2.08,-0.1,-0.3,0.0526979,1.8717,2.36253,-4.41085,0.246895,-0.000403903,0.063036,0.101629,0.214469,0.129327,-0.0307878,-0.0282265,0.00976774,0.0617735,0.112193,0.11448,-0.0412049,-0.0615115,0.00208443,0.0502908,0.00550838,0.158589,-0.0904978,0.0346581,0.0244831,0.0359088,0.110483,0.0595413,0,0.0769115,0.0522397,0.0879544,0.224321,0.144318,-0.00435252,0.0244603,0.0410338,0.0629584,0.16321,0.0530389,0,0.0449965,0.0589278,0.0947145,0.197034,0.113582,0,-0.535596
2020-02-28,-0.830927,-0.00575124,-4.45579,-1.8243,-0.09,0.236667,-0.12,-0.496797,3.6,0,-0.4,-1.10418,211,11,16,0.966047,2.48268,0.721441,0.981969,0.924623,2.26814,-0.0462089,0.127853,0.928021,1.58,0.02,-0.82,-0.233615,1.11,-0.5,-1.41,-1.57096,1.3,-0.48,-1.43,-2.22662,0.19,0.02,-0.02,-0.759759,39.16,26.54,24.38,4.33658,2.27,0.19,0.05,0.928119,2.60428,1.97895,-2.68413,0.412002,-0.092952,-0.0520996,0.035311,0.0832114,0.134346,-0.124372,-0.094031,-0.0808827,0.00834853,0.000451843,0.124776,-0.115657,-0.0712797,-0.0413337,0.0493298,-0.0174107,0.159902,-0.124837,0.0357953,0.0518403,0.0359567,0.149413,0.0594999,0,0.0761489,0.105965,0.0616236,0.323669,0.138463,0,0.0141612,0.038911,0.0403485,0.17831,0.0532044,0,-0.000538866,0.077247,0.0221824,0.196709,0.122729,-0.0493946,-0.494605
2020-03-31,0.0365087,0.471775,-2.70256,-1.30407,-0.21,0.02,0.0433333,-0.938469,3.5,0,-0.3,-1.39483,243.333,25.3333,92.6667,1.80338,2.3181,0.275059,0.832585,0.542191,2.36568,0.04842,0.280924,1.3141,0.09,-1.46,-2.34,-2.71484,0.23,-1.35,-2.04,-2.76599,0.7,-1.22,-1.71,-2.85864,0.47,0.13,0.33,0.210411,57.08,43.3,43.37,4.54273,3.89,1.91,1.63,4.76112,6.64986,7.3845,-0.403936,1.32901,-0.161198,-0.192521,-0.122081,-0.0798187,0.39035,-0.233714,-0.151967,-0.226563,-0.170951,-0.159255,0.356533,-0.240409,-0.175603,-0.23766,-0.147075,-0.194939,0.396692,-0.262851,0.0379354,0.100969,0.0892333,0.169411,0.0966031,0,0.0716507,0.209531,0.164513,0.35298,0.273572,-0.0368967,-0.0621872,-0.033729,-0.0156144,0.0765297,0.214952,-0.0801373,-0.00770777,0.0380004,0.066105,0.218218,0.184356,-0.0618465,-0.52894
2020-04-30,-5.48682,-4.63926,-7.75158,-3.48325,-1.46667,-1.27667,-1.22667,-4.18169,4.4,0.9,0.6,1.70054,-70.6667,-280.667,-209.667,-4.71918,1.51833,-0.773747,-0.358878,-1.52506,2.0963,-0.152278,0.049248,0.115957,0.04,-1.55,-2.41,-2.5595,0.2,-1.13,-2.07,-2.53266,0.63,-0.88,-1.88,-2.59736,0.43,0.25,0.19,0.13574,31.23,12.39,18.11,1.61906,3.24,1.11,1.1,2.59784,8.04162,6.01042,2.63972,1.59791,0.126983,-0.108314,-0.0316148,0.0157772,0.420984,-0.136409,0.0581752,-0.175844,-0.149966,-0.119592,0.382151,-0.196219,0.0735433,-0.14751,-0.124205,-0.135136,0.422362,-0.208638,0.00275288,0.0762713,0.102434,0.171175,0.0964449,-0.00604565,0.0121901,0.158565,0.225738,0.371788,0.27834,-0.0265629,0.0484589,-0.00441593,0.0374277,0.11997,0.230447,-0.0355617,0.0726106,0.0695763,0.132264,0.318937,0.199608,-0.0277948,-0.528954
2020-05-29,-15.0447,-14.1511,-15.7535,-4.67622,-7.22,-7.2,-6.85,-5.60183,14.7,11.1,11.1,5.76503,-7055.67,-7275.33,-7175,-5.82568,0.376163,-2.10651,-1.61858,-3.52367,1.43831,-0.829829,-0.646786,-2.49183,0.05,-1.53,-2.35,-2.35912,0.17,-0.69,-1.78,-2.34642,0.7,-0.43,-1.44,-2.23922,0.53,0.26,0.34,0.585472,28.59,-11.52,9.88,1.21293,3.1,0.72,0.73,2.06882,5.13139,1.93388,0.949806,0.920066,0.0378909,0.0332442,-0.0205874,0.112916,0.429544,-0.0952624,0.0323693,-0.0417737,-0.119278,-0.0369969,0.393991,-0.152599,0.00801516,-0.0688562,-0.107344,-0.0428955,0.432921,-0.185098,0.000888413,0.0434909,0.0975858,0.147316,0.0954367,-0.00279059,-0.0290898,0.0577628,0.169849,0.282411,0.28044,-0.043714,0.0176701,0.00645032,0.0456123,0.131152,0.232047,-0.0118337,0.00729611,0.0979242,0.182736,0.33873,0.20204,-0.0105679,-0.536037
2020-06-30,-15.2672,-15.0828,-17.0014,-3.51407,-6.65,-6.55667,-6.42333,-3.72812,13.3,9.8,9.7,3.73493,-6517,-6733.33,-6664.33,-3.82504,0.235532,-2.08257,-1.57064,-3.14355,1.23647,-1.12921,-0.763869,-2.88487,0.08,0,-2.32,-2.13943,0.16,-0.07,-1.59,-2.16031,0.64,-0.06,-1.36,-2.09662,0.48,0.01,0.23,0.474728,31.78,-21.76,16.7,1.47465,2.94,-0.99,0.63,1.60146,5.55153,-1.20089,4.40555,0.980332,0.0136385,0.201618,-0.0297188,0.0637724,0.444294,-0.0792166,0.0125307,0.154771,-0.106858,-0.0546722,0.40881,-0.122846,0.0420208,0.178493,-0.101587,-0.0538664,0.445424,-0.131275,0.000821136,0.00646789,0.10809,0.127928,0.0943294,-0.00236325,0.0101678,-0.00229683,0.206753,0.261808,0.282077,-0.0404952,0.0217264,0.0971097,0.0601053,0.114193,0.23351,0,0.0226689,0.130496,0.173456,0.28135,0.207906,0,-0.548818
2020-07-31,-10.815,-6.05847,-11.8374,-2.27834,-3.49333,-1.97,-3.30333,-1.74237,11.1,6.7,7.4,2.47125,-4429.33,-4126.67,-4588.33,-2.28195,0.70947,-0.80886,-0.973016,-2.10814,1.19426,-0.902048,-0.943478,-2.69548,0.1,0.05,-2.3,-1.96908,0.11,-0.09,-1.78,-2.05322,0.55,-0.09,-1.47,-2.02347,0.44,0,0.31,0.400976,24.76,-9.39,8.64,0.679764,2.6,-0.63,0.47,0.831117,2.65314,-3.79438,0.245706,0.297549,0.0515265,0.159719,0.0253473,0.129553,0.445085,-0.0249898,0.0155488,0.137166,-0.067415,-0.00980591,0.411936,-0.105842,0.0704728,0.232761,0.0339866,0.0859866,0.447186,-0.059587,0.010117,0.0108801,0.0840392,0.122966,0.0925169,0,0.0463836,0.0206643,0.181842,0.28579,0.27981,-0.000642726,0.0269441,0.0831299,0.0712944,0.138741,0.233666,-0.000578289,0.112892,0.160533,0.241746,0.359358,0.210555,0,-0.550989
2020-08-31,-8.17619,8.13912,-8.57471,-1.61863,3.58333,10.9833,3.62333,2.22851,10.2,-4.5,6.5,1.94705,3093,10396,2939.33,1.79368,1.02934,0.653175,-0.801807,-1.49162,1.56609,0.127776,-0.638239,-1.45829,0.09,0.04,-2.04,-1.85784,0.14,-0.02,-1.36,-1.87941,0.74,0.09,-0.76,-1.66179,0.6,0.11,0.6,1.23879,22.96,-4.55,3.98,0.449626,2.71,-0.37,0.45,1.01676,-1.60384,-5.5516,-5.04168,-0.679433,0.0697968,0.138819,0.175426,0.218267,0.428878,-0.00362243,0.0472209,0.0708878,0.0539339,0.0543413,0.406437,-0.0636191,0.0288775,0.133565,0.0894558,0.138477,0.441789,-0.0324302,-0.00969879,0.00122417,0.031369,0.0819339,0.0887462,-0.0125952,-0.0504658,0.00538537,0.0440504,0.12126,0.27816,-0.0546719,-0.0177794,0.0313834,0.0301878,0.0854095,0.233778,-0.0255118,-0.00323572,0.136716,0.201053,0.285774,0.225865,-0.0467275,-0.533935
2020-09-30,-7.73117,8.12971,-8.03156,-1.44961,3.05667,8.99667,3.03,1.75726,8.4,-4.9,4.7,1.23104,2628.67,9107,2434.33,1.46373,1.32153,1.086,-0.420794,-0.976226,1.72875,0.49228,-0.640813,-0.947955,0.09,0.01,-1.81,-1.75014,0.11,-0.05,-1.52,-1.78367,0.66,0,-1.02,-1.63379,0.55,0.05,0.5,1.13298,26.27,-4.16,10.03,0.754452,2.74,-0.19,0.54,1.02852,0.235619,-5.26441,-3.42178,-0.271976,-0.0374432,0.0827991,0.371971,0.164118,0.240794,-0.0600204,-0.0204685,0.0417356,0.263525,0.011008,0.229795,-0.0827854,-0.0101051,0.0902557,0.357388,0.116141,0.24974,-0.0422077,0.00327733,0.00359848,0.00442386,0.0954755,0.0397904,-0.00935918,0.00773417,0.00126154,-0.0167543,0.157561,0.136266,-0.0473606,-0.00439676,0.0042507,0.122435,0.0876099,0.103089,-0.0297964,-0.041714,0.0630176,0.185146,0.268495,0.181694,-0.0864923,-0.427432
2020-10-30,-7.27766,3.40153,-7.09257,-1.31518,1.33,3.86,1.46667,0.807167,7.9,-3.2,4.4,1.00454,1303.67,5730.67,1100.67,0.75417,1.40924,0.699766,-0.308033,-0.79506,1.73113,0.536877,-0.618386,-0.94936,0.09,-0.01,-1.49,-1.65436,0.16,0.05,-1.36,-1.62036,0.85,0.3,-0.84,-1.33206,0.69,0.25,0.52,1.96019,37.59,13.13,24.37,1.85252,2.61,0.01,0.43,0.716043,-0.495839,-2.36075,-0.00500802,-0.446938,-0.0311537,-0.00286698,0.161231,0.0973345,0.203326,-0.0834574,-0.0410811,-0.0295603,0.125477,-0.0661107,0.199071,-0.115353,0.00472031,0.0256936,0.259646,0.0786765,0.211568,-0.0347565,-0.0143665,-0.0196901,-0.00967172,0.081313,0.0373936,-0.0230353,-0.0354431,-0.0708362,-0.0519513,0.13437,0.126634,-0.0796097,-0.00786374,-0.0283898,0.0521535,0.0785049,0.0655123,-0.034744,-0.0139899,-0.0508511,0.0989148,0.237099,0.169306,-0.0912373,-0.369482
2020-11-30,-5.33996,1.38415,-4.53116,-0.925658,0.75,-3.53,0.943333,0.493694,6.9,-3.3,3.3,0.627739,934.333,-2154.67,734.333,0.551527,1.2036,0.174259,-0.557639,-1.06671,1.62612,0.0600312,-0.688231,-1.25229,0.08,-0.01,-1.48,-1.57899,0.16,0.02,-1.45,-1.51646,0.84,0.12,-0.94,-1.26891,0.68,0.1,0.51,1.83945,20.84,-5.57,8.22,0.0366986,2.32,-0.35,0.24,0.0880941,-3.11574,-1.36133,-3.74107,-1.1164,0.0972178,0.0406502,0.185113,0.174196,0.199342,-0.00442708,0.136769,0.0795615,0.156089,0.0552537,0.193757,-0.0217547,0.0776219,0.0940715,0.240202,0.176768,0.202469,-0.0261779,0.000133759,-0.00722617,-0.00601085,0.0924774,0.038937,-0.0197304,0.00660942,-0.0101798,-0.00484921,0.157958,0.12643,-0.0642951,0.0323088,0.0278812,0.0601396,0.113886,0.0622377,0,-0.0497719,-0.0982524,0.0250308,0.20898,0.181841,-0.140389,-0.299736
2020-12-31,-5.50441,1.04246,-5.08091,-0.917597,0.56,-2.69,0.71,0.387527,6.7,-1.7,3.2,0.533127,522,-2156.33,304,0.33549,1.16087,-0.16066,-0.882176,-1.07339,1.65197,-0.0767744,-0.665284,-1.15262,0.09,0,-1.46,-1.48048,0.12,-0.01,-1.46,-1.46053,0.93,0.24,-0.99,-1.10585,0.81,0.25,0.47,2.32247,22.77,-3.6,8.99,0.213666,2.2,-0.55,0.22,-0.190395,-2.09643,-1.55569,-1.36179,-0.953554,0.0258284,0.114033,0.20737,0.172352,0.164652,0,0.0260214,0.150708,0.192623,0.065213,0.167035,-0.00761673,0.0505972,0.173128,0.262192,0.146943,0.179577,-0.000580381,0.0029474,-0.0133959,-0.0105025,0.0950033,0.0360582,-0.0220732,0.00250545,-0.0314317,-0.0296195,0.168329,0.117998,-0.0757819,0.00531773,0.0311027,0.0358341,0.107374,0.0557269,0,0.0480668,-0.00190263,0.0681519,0.239041,0.181932,-0.080097,-0.195856
2021-01-29,-3.58312,2.69702,-2.76993,-0.53472,0.613333,-0.803333,0.746667,0.410295,6.7,-1.1,3.1,0.505502,283.333,-1038.33,73.3333,0.211887,1.28887,-0.120368,-1.00321,-0.834325,1.61192,-0.119214,-0.636662,-1.24668,0.07,-0.02,-1.52,-1.42003,0.12,-0.02,-1.21,-1.37219,1.07,0.19,-0.44,-0.900189,0.95,0.21,0.77,2.70286,30.21,-7.81,11.37,0.972883,2.17,-0.44,0.04,-0.299846,-3.36054,-3.84517,-5.39173,-1.3889,-0.00374209,0.137719,0.151795,0.150454,0.16885,-0.037254,-0.0140292,0.190047,0.152883,0.079987,0.167852,-0.0441045,0.0448841,0.203063,0.235629,0.260436,0.180369,-0.0534448,-0.00960059,-0.0173144,-0.0296797,0.056892,0.0379602,-0.0327538,-0.0328325,-0.0511682,-0.105969,0.0669356,0.119428,-0.109357,-0.0168215,0.0122923,-0.00602775,0.0661388,0.0573185,-0.0183157,-0.0212078,-0.0199852,-0.060677,0.162592,0.188457,-0.109753,-0.166263
2021-02-26,-1.83177,2.82579,-0.983589,-0.201178,0.47,-0.423333,0.483333,0.328731,6.3,-0.6,2.8,0.346516,28.6667,-964.333,-208,0.0833476,1.37,0.175296,-1.10425,-0.673482,1.39651,-0.235024,-0.864074,-1.79893,0.07,-0.02,-1.51,-1.34518,0.17,0.01,-0.69,-1.24624,1.54,0.7,0.41,-0.348827,1.37,0.69,1.1,3.58004,28.89,8.32,-11.22,0.778391,2.12,-0.17,-0.26,-0.448998,-4.89031,-1.79109,-7.99186,-1.86213,0.0158916,0.0516528,0.103406,0.302353,0.173822,-0.0312755,0.00762399,0.0479379,0.137592,0.210304,0.163744,-0.0370807,-0.0103148,0.0889778,0.1973,0.342526,0.189077,-0.0729797,-0.0278978,-0.0340414,-0.044356,0.00839426,0.0448141,-0.0556165,-0.0681797,-0.0979352,-0.121823,-0.0441608,0.130844,-0.160417,-0.0257202,-0.0317453,-0.0128056,0.0396515,0.0642,-0.0405326,-0.0620798,-0.0458753,-0.117528,0.0507143,0.166081,-0.165455,-0.0694631
2021-03-31,-4.24897,0.537512,-4.00619,-0.606925,-0.02,-0.62,0.0766667,0.0779602,6.2,-0.5,2.7,0.292458,79.6667,-473.667,-175.333,0.111321,1.67566,0.536848,-0.638857,-0.185638,1.28262,-0.372074,-1.07775,-1.97779,0.07,-0.02,-0.01,-1.26993,0.16,0.03,-0.07,-1.18298,1.73,0.8,1.03,-0.10281,1.57,0.77,1.1,3.47036,19.61,-3.14,-33.93,-0.210606,2.04,-0.14,-1.89,-0.649454,-7.11197,-4.39821,-13.7474,-2.47775,0.0286849,0.0704459,0.201441,0.562313,0.158092,0,0.00730288,0.0333706,0.197728,0.453312,0.154328,-0.0136505,-0.0236138,0.0454722,0.242025,0.588166,0.203642,-0.0797098,-0.0245307,-0.0560806,-0.0719526,-0.061515,0.0482196,-0.0781472,-0.0398383,-0.136102,-0.172909,-0.167391,0.135034,-0.204455,-0.0146236,-0.0532733,-0.0227408,0.0811339,0.066618,-0.0547121,-0.0150853,-0.0929402,-0.102307,0.0804458,0.164554,-0.174996,0.00644605
2021-04-30,1.0151,4.43771,5.71874,0.393403,0.536667,-0.0266667,2.03667,0.357576,6,-0.7,1.6,0.205054,539,326.333,898.667,0.338369,2.63732,1.33718,1.1256,1.25889,1.6468,0.0322788,-0.450473,-0.908102,0.06,-0.01,0.01,-1.20919,0.16,0.05,-0.04,-1.11823,1.65,0.54,1.01,-0.156735,1.49,0.49,1.05,2.76222,17.61,-15.48,-16.54,-0.430362,1.97,-0.2,-1.26,-0.83061,-8.39143,-5.32594,-14.7385,-2.63389,0.0529104,0.131317,0.287121,0.459627,0.140823,-0.00657068,0.0295232,0.0790167,0.28408,0.413961,0.147069,-0.0148821,0.0119987,0.0125683,0.218184,0.497118,0.200473,-0.0686675,0.0100093,-0.0373909,-0.0540579,-0.0547236,0.0499286,-0.06892,0.0249502,-0.0844886,-0.131334,-0.156895,0.135623,-0.184606,0.0104313,-0.0270309,-0.0150708,0.0419211,0.068859,-0.0448516,0.0356339,-0.0402642,-0.0594447,0.043199,0.162919,-0.145598,0.0827063
2021-05-28,17.5892,19.3431,35.2434,3.18003,0.0666667,-0.526667,7.44667,0.123574,6.1,-0.2,-8.7,0.220033,524,460.333,7881.67,0.326528,4.15314,2.78314,3.81396,3.02009,2.95821,1.5617,1.51345,2.4415,0.06,-0.01,0.01,-1.14378,0.14,0,-0.02,-1.07516,1.61,0.17,0.96,-0.167457,1.47,0.17,0.98,2.40039,16.74,-11.21,-10.77,-0.532614,1.98,-0.14,-1.1,-0.816563,-8.15538,-4.21555,-11.9813,-2.33178,-4.76653e-05,0.0817175,0.166966,0.402394,0.13417,-0.00492742,0.0218703,0.0720156,0.145951,0.387881,0.137903,0,-0.00145614,-0.00543673,0.118364,0.477842,0.20051,-0.0533111,0.00513431,-0.00877968,-0.0439171,-0.0538025,0.0472412,-0.0649606,0.00233546,-0.0157905,-0.121199,-0.141755,0.125413,-0.184588,0.00830364,0.000718713,-0.0306656,0.0232348,0.0653786,-0.0389036,0.0731561,0.104315,0.0523273,0.0949604,0.14745,-0.0799938,0.17707
2021-06-30,16.3237,21.1415,32.5348,2.6111,0.806667,0.843333,6.59333,0.505071,5.8,-0.4,-7.5,0.0975071,540.667,386.333,7050.33,0.329646,4.92651,3.25085,4.70291,3.32093,3.79503,2.51241,2.55524,3.55494,0.1,0.04,0.02,-1.04504,0.27,0.11,0.11,-0.901415,1.49,-0.25,0.83,-0.270789,1.22,-0.36,0.72,1.68095,16.02,-3.38,-14.41,-0.610024,1.87,-0.16,-1.06,-1.05879,-7.07148,2.0143e-05,-12.4788,-1.89822,0.0233287,0.0835929,0.159928,0.408859,0.133949,0,-0.0143174,0.0538888,0.0890576,0.32635,0.13303,-0.0290508,-0.0108668,0.0384611,0.0856821,0.399455,0.194696,-0.0443144,0.0104108,0.0246739,-0.0327904,-0.0445387,0.0496757,-0.0554015,0.0444249,0.07027,-0.0753955,-0.106833,0.130317,-0.148552,0.0219824,0.0392087,-0.0161533,0.0240761,0.0669738,-0.0176486,-0.0689713,0.0354464,-0.0607882,-0.0103961,0.151143,-0.145753,0.189226
2021-07-30,9.7988,8.26741,20.7593,1.56798,0.0633333,-0.546667,2.46667,0.118153,5.9,-0.1,-5.2,0.114367,567.333,49.3333,4900.67,0.337677,5.32451,2.68719,4.5967,3.14915,4.45317,2.80637,3.25029,3.6969,0.1,0.05,0,-0.988265,0.2,0.04,0.09,-0.916412,1.28,-0.37,0.73,-0.483388,1.08,-0.41,0.64,1.28307,17.7,-0.91,-6.76,-0.44749,1.94,-0.02,-0.66,-0.910508,-3.16491,5.21102,-4.85331,-0.972883,0.0244125,0.0542645,0.192707,0.373754,0.125843,-0.00569134,0.00773383,0.0315837,0.113096,0.28327,0.128765,-0.0215417,-0.0643692,-0.0399037,-0.027837,0.201233,0.189273,-0.105831,0.0199001,0.0347083,-0.00398044,-0.033542,0.0529495,-0.0366039,0.0371663,0.0830262,-0.00847716,-0.113548,0.136172,-0.116907,0.0141895,0.043074,0.0148788,0.00876135,0.0663458,-0.00370946,0.0252973,0.0251117,-0.0161636,-0.0758598,0.136503,-0.124143,0.119558
2021-08-31,6.56169,-11.2095,13.5855,1.06307,0.223333,0.0333333,-4.20333,0.202764,5.4,-0.7,-4.8,-0.0760204,831.667,301.667,-2303.33,0.460358,5.28259,1.12946,4.2358,2.7241,4.23275,1.27453,2.67518,2.85537,0.08,0.03,-0.01,-0.95209,0.2,0.06,0.06,-0.867618,1.29,-0.29,0.57,-0.427614,1.09,-0.35,0.51,1.23563,16.19,-0.57,-10.22,-0.62932,1.92,-0.07,-0.75,-0.958424,-2.04041,6.34518,-0.214967,-0.672842,0.0319249,0.0778132,0.191654,0.311974,0.111221,-0.00148155,0.00938857,0.00433423,0.0919413,0.270179,0.122481,-0.00958011,0.00846772,-0.0615179,-0.0344914,0.194065,0.17968,-0.0917952,-0.00829503,0.0252884,0.020876,-0.0281625,0.0480889,-0.0339548,-0.0122123,0.0770641,0.0738469,-0.0690122,0.122673,-0.0908042,-0.00631599,0.0312724,0.0427139,0.0220843,0.0580516,-0.00755502,0.00047167,-0.0507915,0.0564687,-0.0819131,0.129918,-0.0830046,0.0377591
2021-09-30,5.94687,-10.37,12.5646,0.963534,0.426667,-0.353333,-2.86333,0.301355,5.2,-0.6,-3.2,-0.16074,750,194,-1968.33,0.409743,5.20248,0.27597,3.8777,2.38054,3.97686,0.181834,2.27216,2.24743,0.08,0,-0.01,-0.899458,0.3,0.05,0.17,-0.72685,1.55,0.1,0.86,-0.0387619,1.25,0.05,0.69,1.48738,22.56,6.73,-3.81,0.0386294,1.81,-0.06,-0.94,-1.21339,-2.71529,3.85445,-2.13115,-0.780815,-0.0466052,0.000197362,0.078164,0.299486,0.110237,-0.0500342,-0.0326137,-0.0134048,0.028842,0.254431,0.12673,-0.0501635,-0.0387337,-0.081327,-0.0605158,0.159532,0.159928,-0.126973,-0.0159671,0.000378704,0.0198082,-0.0468038,0.047647,-0.0473462,-0.0290702,0.0035343,0.0565772,-0.103014,0.122596,-0.10449,-0.0150731,-0.00366279,0.0280525,0.0111239,0.054734,-0.0229155,-0.0322353,-0.0119134,0.0138289,-0.072832,0.131093,-0.103554,-0.0585571
2021-10-29,4.61926,-5.54153,11.1796,0.772994,0.25,0.17,-1.16333,0.208094,4.8,-1.1,-3,-0.314411,550.333,-64.6667,-791.333,0.302603,5.3773,0.0527953,3.96734,2.25866,4.03559,-0.417581,2.31528,2.10435,0.08,0.01,-0.01,-0.849238,0.5,0.31,0.36,-0.479673,1.57,0.33,0.69,0.0535511,1.07,0.02,0.33,1.03966,16.53,-1.71,-21.49,-0.619706,1.69,-0.26,-0.92,-1.44318,-2.08383,1.74948,-2.56004,-0.609615,0.0701636,0.052861,0.105281,0.411355,0.112357,0,0.0317899,0.00751057,0.0331848,0.334999,0.122016,-0.0199683,0.0107183,-0.0202037,-0.0525575,0.142674,0.162146,-0.117616,-0.00442786,-0.0284507,0.00796071,-0.0408561,0.0481887,-0.0452669,0.0246505,-0.0172859,0.0731542,-0.0580839,0.129281,-0.0729011,0.00531297,-0.0160941,0.0267866,0.016386,0.0562322,-0.0177243,0.0147972,-0.0174518,-0.00691258,-0.049886,0.130755,-0.0902888,-0.0726339
2021-11-30,5.13796,-1.57443,9.88797,0.834378,0.21,-0.17,-0.676667,0.185938,4.6,-0.8,-2.3,-0.394965,442,-447,-551,0.242724,6.24352,0.960927,5.04882,2.52722,4.58326,0.350507,2.95172,2.42923,0.08,0.02,-0.01,-0.801473,0.51,0.31,0.35,-0.424326,1.52,0.22,0.68,0.0449322,1.01,-0.09,0.33,0.861759,22.96,6.48,2.39,0.0815565,1.81,-0.13,-0.48,-1.11888,3.02667,5.25759,6.12934,0.558803,-0.00803493,0.0120905,0.0908445,0.275968,0.110883,-0.0301662,-0.0453474,-0.0471235,-0.0429935,0.121126,0.118844,-0.0644102,-0.0408472,-0.0681166,-0.125444,0.0170535,0.156242,-0.153659,0.0109247,-0.00962153,0.0154236,-0.0305073,0.056454,-0.0292146,0.0277147,0.022436,0.101229,-0.038335,0.145859,-0.0317513,-0.00118405,-0.0110127,0.0199154,-0.0165902,0.0619246,-0.0188873,-0.00690069,-0.0246921,-0.0742295,-0.00701986,0.134187,-0.0949855,-0.254081
2021-12-31,5.27383,-0.163098,10.0068,0.836331,0.37,0.0166667,-0.2,0.25984,4.2,-1,-2.5,-0.542821,378.333,-467,-175,0.206639,6.88047,1.67799,5.74166,2.56281,4.95962,0.982759,3.30493,2.48929,0.08,0.02,-0.01,-0.755958,0.73,0.45,0.6,-0.125334,1.52,0,0.59,0.106229,0.79,-0.45,-0.01,0.365719,17.33,-5.81,-5.42,-0.530762,1.85,0,-0.33,-0.979164,3.94431,5.88186,6.66425,0.781518,0.0580071,0.097624,0.102461,0.287296,0.125764,-0.00527753,0.0499213,0.0257551,0.0110164,0.114459,0.123284,-0.0233286,0.0113443,-0.0149796,-0.094997,-0.0363242,0.161787,-0.140905,-0.00711234,-0.00290177,-0.00208378,-0.0332809,0.0561452,-0.0335224,-0.0261457,0.0232309,0.0292777,-0.0459894,0.14647,-0.0448384,-0.000481521,-0.00346327,-0.0027222,-0.0184018,0.0620839,-0.0192198,0.0288878,0.0387022,0.021938,-0.0414891,0.121354,-0.0651282,-0.350386
2022-01-31,3.67053,-0.947679,6.95007,0.613466,0.33,0.0633333,-0.216667,0.232113,3.9,-0.8,-2.8,-0.649935,365.333,-285.667,152.667,0.196319,7.12341,1.74611,5.82327,2.39228,5.48974,1.45415,3.87521,2.60893,0.08,0.01,0.01,-0.711845,1.15,0.67,1.04,0.444445,1.78,0.23,0.67,0.61473,0.63,-0.44,-0.37,-0.0098061,27.66,11.4,-5.43,0.579995,1.91,0.22,-0.26,-0.809937,3.67949,5.37907,6.95337,0.77694,-0.0551283,-0.0168885,0.0350798,0.211786,0.139959,-0.0581942,-0.0372057,-0.0396537,-0.032441,0.0696962,0.121912,-0.0588302,-0.00509374,-0.0265928,-0.0462592,-0.0907236,0.163703,-0.141081,-0.0222349,-0.0156251,-0.0436313,-0.0444472,0.0572203,-0.0438736,-0.037255,-0.0323951,-0.049121,-0.0498738,0.148513,-0.0764466,-0.0373721,-0.0373868,-0.0528792,-0.0379034,0.0658504,-0.0544484,-0.0100707,0.00864086,-0.00896174,-0.0352408,0.128815,-0.0597416,-0.208142
2022-02-28,4.0846,-0.663275,5.7508,0.658833,0.423333,0.173333,-0.183333,0.27186,4,-0.6,-2.4,-0.613994,541.333,2,295.333,0.285066,7.52593,1.28899,6.16596,2.32472,6.04078,1.44682,4.65349,2.67085,0.08,0.01,0.01,-0.669311,1.55,1.03,1.41,1.04226,1.97,0.54,0.53,1.05701,0.42,-0.49,-0.88,-0.489392,27.59,0.4,-0.36,0.546934,2.2,0.39,0.08,-0.173827,2.21511,-0.419233,6.33124,0.465239,0.0124988,-0.0453248,-0.0237178,0.135718,0.160499,-0.0859936,-0.0169165,-0.0321855,-0.075,0.00355849,0.140771,-0.0911048,-0.00701434,-0.0261921,-0.0807419,-0.136629,0.169178,-0.150791,-0.000732464,-0.0256058,-0.0384815,-0.0219757,0.0641548,-0.0467805,-0.0210742,-0.0673425,-0.0570762,0.00588435,0.155973,-0.0915284,-0.0197809,-0.054087,-0.0677266,-0.0356483,0.0739192,-0.0746025,0.0643198,0.069104,0.0481227,0.104315,0.122698,-0.00218157,-0.174598
2022-03-31,7.45296,2.44158,12.3169,1.08871,0.353333,-0.08,0.356667,0.228669,3.8,-0.4,-2.4,-0.685876,582.333,-0.333333,210.667,0.299066,7.91202,1.08365,6.23678,2.25047,6.41574,1.46311,5.12813,2.5788,0.33,0.26,0.27,-0.361197,2.31,1.58,2.15,2.06566,2.35,0.83,0.61,1.81139,0.04,-0.75,-1.54,-1.31625,19.33,2.11,-0.07,-0.405943,1.93,0.08,-0.1,-0.749019,1.83904,-1.74224,8.926,0.426444,0.0346048,-0.0485485,0.0594167,0.142225,0.180452,-0.0516357,0.0148924,-0.0653963,-0.0381372,-0.0103952,0.179619,-0.0863877,-0.0225159,-0.0802602,-0.0904899,-0.14553,0.220615,-0.179503,-0.0353651,-0.0647934,-0.0626403,-0.0440729,0.0771003,-0.0854902,-0.0321684,-0.104537,-0.0778312,-0.0256575,0.173368,-0.140989,-0.0173071,-0.0851552,-0.0803088,-0.0545091,0.0871818,-0.101384,0.00511879,0.0638987,0.100049,0.115261,0.139511,-0.0567072,-0.212471
2022-04-29,5.46904,2.05592,3.71005,0.793108,0.576667,0.116667,-0.0733333,0.329622,3.6,-0.3,-2.4,-0.754645,561.667,-75.6667,-83,0.282219,8.55759,1.46104,5.89921,2.27157,6.43604,0.959419,4.77597,2.31027,0.33,0.25,0.28,-0.314338,2.63,1.45,2.47,2.41448,2.85,1.06,1.2,2.64475,0.22,-0.39,-1.27,-0.916539,29.99,5.16,11.38,0.747723,2.06,0.13,0.1,-0.460167,5.40427,2.12945,13.7689,1.32042,-0.101809,-0.0648717,-0.0950973,0.000299173,0.201063,-0.134873,-0.0828435,-0.0814937,-0.135645,-0.091856,0.187617,-0.147958,-0.0754809,-0.103829,-0.167605,-0.199737,0.227266,-0.229842,-0.0404931,-0.0839644,-0.0978839,-0.0895478,0.0824525,-0.124154,-0.0920389,-0.161894,-0.182338,-0.124671,0.177609,-0.221941,-0.06915,-0.112891,-0.146905,-0.121485,0.0972527,-0.161587,-0.0203234,0.0587074,0.0525345,0.0679102,0.140885,-0.0762362,-0.145354
2022-05-31,6.40397,3.23278,-11.4576,0.882925,0.473333,0.106667,0.26,0.268409,3.6,-0.4,-2.4,-0.754645,523.333,-56.3333,-35.6667,0.258067,8.22414,0.698205,4.07215,1.94822,6.13369,0.0929043,3.16196,1.93484,0.83,0.75,0.78,0.348377,2.47,1.03,2.33,2.09725,2.74,0.91,1.16,2.26682,0.27,-0.12,-1.17,-0.811533,26.54,-3.61,9.78,0.316309,2.26,-0.08,0.27,-0.0181237,6.91759,4.70425,15.3276,1.60768,0.00225723,-0.0366696,-0.105314,-0.0031047,0.232755,-0.13292,0.0199597,-0.0224796,-0.0792704,-0.1081,0.206701,-0.130952,0.00613698,-0.0752541,-0.114875,-0.22387,0.243491,-0.225116,0.00618511,-0.0844054,-0.0971262,-0.0876264,0.0857046,-0.118737,-0.022533,-0.172419,-0.212899,-0.144224,0.184002,-0.239473,0.0186354,-0.0802562,-0.12762,-0.110767,0.102495,-0.145962,-0.0326155,-0.0577029,0.0271276,-0.0379989,0.142597,-0.106365,-0.14747
2022-06-30,5.42552,-1.63505,-10.1465,0.775919,0.2,-0.19,-0.556667,0.123229,3.6,-0.2,-2.2,-0.754645,408,-194,-63.3333,0.196779,8.51641,0.604388,3.57197,1.89188,6.01128,-0.404465,2.20527,1.72132,1.58,1.25,1.5,1.40003,3.06,0.78,2.81,2.55017,3.1,0.78,1.65,2.55077,0.04,0,-1.16,-1.29493,28.16,7.6,12.33,0.464971,2.24,0.31,0.37,-0.0525367,7.08393,5.78238,13.6233,1.55558,-0.0824607,-0.174015,-0.204037,-0.106162,0.250226,-0.20442,-0.087666,-0.146546,-0.191048,-0.17447,0.22249,-0.207138,-0.0515785,-0.117785,-0.166755,-0.255815,0.25715,-0.251608,-0.0086318,-0.042892,-0.103613,-0.104821,0.0966634,-0.126344,-0.0127458,-0.12381,-0.210741,-0.191068,0.19533,-0.249167,-0.0362309,-0.0861572,-0.15868,-0.161419,0.112725,-0.176905,-0.0156597,-0.0671171,-0.000771101,0.0170863,0.150549,-0.120359,-0.0124503
2022-07-29,4.165,-0.757915,-5.03335,0.586088,-0.04,-0.436667,-0.12,0.00181833,3.6,0,-2.3,-0.754645,374.667,-164,-47.6667,0.177557,8.99522,0.437634,3.65421,1.89911,5.91245,-0.523589,1.46505,1.55137,2.33,2,2.26,2.4193,2.85,0.15,2.66,2.18993,2.68,-0.21,1.44,1.82254,-0.17,-0.36,-1.22,-1.69507,22.33,-11.07,4.09,-0.226554,2.42,0.37,0.47,0.316942,8.70823,1.99459,12.5774,1.79567,0.0832151,-0.0328194,-0.0375315,-0.0517402,0.256927,-0.131157,0.0459967,-0.0327728,-0.0980935,-0.142883,0.233381,-0.166156,-0.00818907,-0.0457117,-0.143656,-0.214998,0.256389,-0.234539,0.0375288,0.0215786,-0.0570137,-0.0937519,0.101813,-0.100468,0.0333063,-0.0243554,-0.171269,-0.197337,0.195705,-0.230913,0.0475859,0.0140146,-0.0893942,-0.135703,0.117325,-0.140323,-0.0318013,-0.0725146,-0.0208831,-0.041304,0.150857,-0.143126,0.00428135
2022-08-31,3.90197,-1.42741,-2.00717,0.532771,-0.09,-0.416667,-0.41,-0.0221944,3.5,-0.1,-1.9,-0.787324,437.333,-56,-127,0.204225,8.48213,0.25799,3.20602,1.5972,5.91153,-0.222154,1.70973,1.45198,2.33,1.5,2.27,2.37317,3.46,0.93,3.26,2.53299,3.11,0.26,1.81,2.22807,-0.35,-0.67,-1.45,-1.97511,26.21,0.02,9.73,0.20334,2.17,-0.01,0.23,-0.217388,8.88571,2.15857,11.1632,1.74363,-0.0315639,-0.0310142,-0.0908222,-0.112407,0.249468,-0.166608,-0.0472505,-0.0895767,-0.130378,-0.202697,0.22646,-0.217161,0,-0.0608157,-0.139098,-0.229992,0.246843,-0.244692,-0.0307282,-0.013051,-0.0877296,-0.127679,0.101119,-0.129985,-0.0478299,-0.0336839,-0.172938,-0.234867,0.197696,-0.265931,-0.0343757,-0.0323331,-0.101528,-0.171805,0.120505,-0.1784,-0.0291375,-0.0752482,-0.113837,-0.0614061,0.148551,-0.168346,0.0900071
2022-09-30,3.67821,-0.740073,-1.23214,0.482641,0.00666667,-0.06,-0.32,0.0270023,3.7,0.1,-1.5,-0.715658,378,-6,-209.667,0.171544,8.24923,-0.267178,3.0439,1.42164,6.31709,0.305806,2.35523,1.56138,3.08,1.5,3.02,2.9964,4.16,1.24,3.88,2.79589,3.76,0.78,2.24,2.70327,-0.4,-0.46,-1.64,-1.98333,31.84,3.13,8.7,0.811597,2.27,-0.04,0.42,-0.00483313,11.1195,3.61823,13.0816,2.03813,-0.0924449,-0.0592602,-0.202469,-0.155083,0.25111,-0.24365,-0.0922212,-0.105843,-0.22216,-0.251824,0.215176,-0.286751,-0.115395,-0.124719,-0.2209,-0.291401,0.208038,-0.320014,-0.0473496,-0.0669401,-0.0990636,-0.155498,0.107083,-0.165581,-0.082351,-0.111957,-0.215821,-0.276855,0.204692,-0.326382,-0.0597963,-0.0732189,-0.140376,-0.209411,0.125417,-0.223281,-0.0288818,-0.0810955,-0.143814,-0.0581537,0.135157,-0.192366,0.182411
2022-10-31,5.33421,1.4357,1.40098,0.679963,0.163333,0.266667,-0.0833333,0.103287,3.5,-0.1,-1.2,-0.787324,371.667,22.6667,-171.667,0.164824,8.22241,-0.77281,2.8325,1.32811,6.65781,0.74536,2.62106,1.62002,3.08,0.76,3.01,2.67629,4.41,1.52,3.93,2.62601,4.02,1.35,2.47,2.61425,-0.39,-0.17,-1.46,-1.85513,25.75,4.42,9.49,0.0628948,2.3,-0.06,0.61,0.0550026,11.5764,3.45291,13.276,1.94171,0.0812755,-0.0496572,-0.0603362,-0.14631,0.257847,-0.182178,0.0589184,-0.0841565,-0.114618,-0.232153,0.23076,-0.244727,-0.0197804,-0.132893,-0.18524,-0.312783,0.221275,-0.327057,-0.0145444,-0.0900528,-0.0660167,-0.16408,0.108841,-0.177717,-0.0596445,-0.178357,-0.17151,-0.336346,0.207246,-0.36656,-0.00745014,-0.0988803,-0.0800579,-0.219449,0.125263,-0.229068,-0.0178444,-0.0740018,-0.125094,-0.0884488,0.141013,-0.206778,0.230537
2022-11-30,3.28433,-0.568074,-1.39937,0.379901,0.0866667,0.173333,-0.193333,0.0575537,3.7,0.2,-0.9,-0.717193,289.333,-116,-250,0.120986,7.76312,-0.719015,1.52617,1.11081,6.3066,0.395064,1.71264,1.35266,3.83,1.5,3.76,2.9853,4.48,1.03,3.96,2.38057,3.75,0.6,2.32,2.09034,-0.73,-0.43,-1.64,-2.27436,21.89,-3.98,-5.3,-0.445858,2.06,-0.12,0.25,-0.464566,6.25376,-3.04998,3.61942,0.89431,0.0555915,0.0358699,0.00374326,-0.0915526,0.25216,-0.136714,0.131682,0.0878445,-0.00960106,-0.0897646,0.239083,-0.138778,0.155892,0.00228184,-0.0586727,-0.171822,0.227756,-0.216207,0.0361204,-0.0272956,-0.0399904,-0.143246,0.110884,-0.148016,0.0715111,-0.0753757,-0.106521,-0.308064,0.208523,-0.321262,0.066477,-0.00476472,-0.0369437,-0.166573,0.133212,-0.175506,0.0849187,0.0347837,-0.0430819,-0.00416918,0.153645,-0.139418,0.378276
2022-12-30,2.50684,-1.03948,-2.47955,0.258953,0.0866667,0.173333,-0.193333,0.0575537,3.7,0,-0.5,-0.718731,272,-102,-310.667,0.111087,7.11788,-1.13136,0.289506,0.850499,5.96337,-0.35372,1.01073,1.11571,4.33,1.25,4.26,2.95015,4.34,0.12,3.61,2.09256,3.83,0,2.31,2.00113,-0.51,-0.12,-1.3,-1.76985,21.44,-10.18,4.22,-0.536692,2.01,-0.23,0.16,-0.582427,5.87343,-5.43622,2.29215,0.78312,-0.0576272,0.0756103,0.0118694,-0.183814,0.23289,-0.186463,-0.0181295,0.176633,0.0520944,-0.14462,0.224755,-0.154392,-0.0263737,0.103146,-0.0344374,-0.20952,0.21377,-0.236879,-0.0148828,0.00585465,-0.0614773,-0.152505,0.105841,-0.151547,-0.0262004,-0.0187982,-0.128651,-0.310997,0.211002,-0.312345,-0.015515,0.0421084,-0.0341935,-0.180463,0.129804,-0.179226,0.0293065,0.0967867,0.00784221,-0.000942285,0.155653,-0.114198,0.378646
2023-01-31,1.64506,-3.34163,-2.04464,0.127022,-0.333333,-0.496667,-0.816667,-0.15959,3.5,0,-0.4,-0.788217,247.333,-118.667,-390,0.0979084,6.42068,-1.80173,-0.67586,0.585469,5.69021,-0.967604,0.213585,0.928239,4.33,1.25,4.25,2.60257,4.25,-0.26,3.07,1.86731,3.55,-0.55,1.76,1.60652,-0.7,-0.29,-1.31,-1.93889,19.94,-5.94,-4.89,-0.734662,1.87,-0.41,-0.06,-0.861995,2.99366,-8.9541,-0.281163,0.250686,0.0600877,0.0496811,-0.00181416,-0.0653351,0.229413,-0.107798,0.0788611,0.199883,0.09158,-0.0174467,0.216459,-0.0565829,0.0762433,0.224567,0.0598269,-0.104522,0.214148,-0.149655,0.0315029,0.0524588,-0.051256,-0.102193,0.106797,-0.108141,0.0644624,0.115187,-0.0966634,-0.233615,0.214191,-0.229675,0.0449567,0.0981458,-0.0172289,-0.104297,0.131434,-0.106274,0.0625407,0.171389,0.0871357,0.0736685,0.154251,-0.0631821,0.396521
2023-02-28,0.790046,-2.39958,-2.1128,0.00333328,-0.263333,-0.323333,-0.61,-0.123469,3.4,-0.3,-0.6,-0.822372,355.667,13.6667,-160,0.139807,6.34716,-1.41534,-1.24812,0.528778,5.54757,-0.754185,-0.521224,0.811822,4.57,0.74,4.49,2.47391,4.78,0.4,3.34,2.00931,3.92,0.24,2.09,1.79996,-0.86,-0.16,-1.25,-2.01856,20.95,0.37,-9.2,-0.561327,1.87,-0.28,-0.47,-0.82675,5.49643,-0.740985,3.32437,0.709087,-0.0232203,-0.0105633,-0.0138025,-0.0800928,0.223501,-0.13023,-0.0314257,0.0451528,0.110319,-0.0465111,0.210881,-0.0529817,-0.0962187,0.0276072,-0.0299252,-0.173337,0.216267,-0.162368,-0.0308496,-0.00789421,-0.0496163,-0.119007,0.104744,-0.13731,-0.0444041,-0.00425894,-0.0919139,-0.238497,0.209194,-0.263348,-0.0384805,-0.0079698,-0.0289574,-0.113985,0.128391,-0.126343,-0.0526727,0.0401912,0.0495796,-0.0383461,0.157157,-0.113467,0.405864
2023-03-31,0.321607,-1.48576,-6.28667,-0.0157487,-0.133333,0.0866667,-0.49,-0.0555848,3.6,0,-0.2,-0.752362,351.333,30,-261,0.136256,5.98644,-1.14891,-1.96841,0.378717,5.526,-0.445978,-0.908527,0.758008,4.83,0.5,4.5,2.35361,4.1,-0.31,1.82,1.49694,3.55,-0.33,1.23,1.38393,-0.55,-0.02,-0.59,-1.45706,19.02,-2.65,-1.54,-0.896462,2.11,0.12,0.18,-0.261441,4.56245,-0.739735,3.32293,0.551535,0.0330374,0.0717522,0.137959,-0.0923763,0.213502,-0.0886013,0.0237609,0.0784077,0.277473,-0.0193029,0.199618,-0.0160172,0.00689121,0.0268042,0.144287,-0.118632,0.209421,-0.135048,0.049889,0.0348964,0.0425878,-0.0564929,0.106292,-0.0582483,0.06926,0.0618443,0.040001,-0.17178,0.205681,-0.17692,0.0441033,0.0399286,0.0878453,-0.0646551,0.118572,-0.0688533,0.0735966,0.0851051,0.184663,0.0146196,0.166544,-0.0135674,0.207971
2023-04-28,0.534749,-0.0500696,-3.89068,-0.0114106,0.01,0.386667,-0.36,-0.000809514,3.5,0,-0.1,-0.774801,344.667,60.3333,-216,0.124528,4.98692,-1.45802,-3.5283,0.0140772,5.60257,-0.101288,-0.849852,0.75123,4.83,0.5,4.5,2.12669,4.07,-0.14,1.37,1.39034,3.53,0.01,0.64,1.29465,-0.54,0.15,-0.73,-1.36065,17.03,-2.37,-16.37,-1.185,2.07,0.17,0.02,-0.321139,0.0125547,-2.92514,-6.57198,-0.261765,0.0363274,0.0291797,0.0979407,0.0136791,0.188652,-0.0198774,0.0466308,0.0282122,0.235214,0.103248,0.176649,-0.00270803,0.000255992,-0.074942,0.142548,-0.0376176,0.186821,-0.0792944,0.0152148,0.0134054,0.0665497,-0.0153665,0.104061,-0.040379,0.0231014,0.00523046,0.120143,-0.095266,0.197302,-0.0966123,0.0165244,0.00455685,0.106855,0.00271,0.110212,-0.0161314,0.0124363,0.0311349,0.192412,0.0501193,0.162249,-0.025933,0.096169
2023-05-31,0.238338,-1.21975,-4.34653,-0.133139,-0.223333,-0.00666667,-0.496667,-0.291951,3.4,0,-0.2,-0.828751,222,-111.667,-302,-0.0518321,4.95719,-1.38996,-3.27058,-0.0409682,5.53666,-0.0109195,-0.601532,0.675107,5.08,0.51,4.25,2.06229,4.46,-0.35,1.93,1.50871,3.69,-0.23,0.84,1.35977,-0.77,0.12,-1.09,-1.56789,17.46,-3.24,-8.73,-1.03479,2.14,0.24,-0.04,-0.0283948,2.38446,-2.91768,-4.19121,0.191571,0.00563174,0.0625853,0.0643114,0.0232874,0.162346,-0.015353,-0.0386341,0.0136255,0.0789754,0.0297186,0.143943,-0.0437078,-0.0207688,-0.0220217,0.0311746,-0.0701157,0.164812,-0.101411,-0.00264397,0.0389226,0.0220621,-0.039069,0.10239,-0.0541855,-0.00135814,0.0313007,0.01302,-0.111092,0.191706,-0.1231,-0.00157762,0.0327141,0.0255163,-0.032338,0.100631,-0.0335399,-0.00896885,0.0676974,0.125919,0.0547874,0.153343,-0.0426381,-0.0730523
2023-06-30,0.227677,-0.583716,-3.42958,-0.233097,-0.14,2.77556e-17,-0.166667,-0.486708,3.7,0.1,0.1,-0.711985,283.333,-36.3333,-60.6667,-0.202556,4.12884,-1.85759,-4.37349,-0.386927,5.32864,-0.19736,-0.692315,0.528568,5.07,0.24,3.49,1.88709,4.87,0.81,1.95,1.62014,3.85,0.37,0.87,1.41803,-1.02,-0.44,-1.08,-1.7644,13.54,-5.16,-15.17,-1.61531,1.92,-0.19,-0.39,-0.794472,-1.04656,-4.72394,-8.43298,-0.426308,0.0648007,0.102123,0.185752,0.18452,0.145749,0,0.0447002,0.0375062,0.130785,0.17977,0.141345,-0.0142761,0.0439863,0.0091084,0.0547582,0.00465621,0.158705,-0.0618854,-0.0125568,-0.0134589,0.0203928,-0.0253448,0.0991674,-0.0660619,0.00217114,-0.0101486,0.0473076,-0.070057,0.175813,-0.121196,0.00809861,0.00523545,0.0434022,0.0227554,0.0926972,-0.025713,-0.0222137,-0.0320882,0.0616997,0.0518025,0.146302,-0.0639046,-0.167535
2023-07-31,-0.427517,-0.608043,-3.61957,-0.428593,-0.156667,-0.0333333,-0.02,-0.623913,3.6,0.1,0,-0.761623,244,-68.3333,-85.3333,-0.650442,3.092,-1.89492,-5.84098,-0.817318,4.86094,-0.741625,-1.02397,0.242348,5.33,0.5,3.01,1.85841,4.87,0.83,1.98,1.51585,3.96,0.52,1.29,1.43561,-0.91,-0.31,-0.69,-1.51495,13.33,-2.45,-8,-1.54368,1.8,-0.28,-0.56,-1.21302,-2.77912,-2.74062,-10.7798,-0.727818,0.0449201,0.104731,0.136967,0.145781,0.134319,0,0.0396542,0.02995,0.0590071,0.174468,0.138523,0,0.068789,0.0804656,-0.000506588,0.0690655,0.159063,-0.00520927,-0.00435363,-0.0331071,-0.0201456,-0.0663674,0.0964529,-0.0721493,-0.0139475,-0.0527764,-0.047822,-0.125312,0.163905,-0.143555,0.00790221,-0.00920414,-0.00468924,-0.0208686,0.0905445,-0.0251871,0.0297024,-0.0132576,0.0174646,0.114336,0.142289,-0.0424806,-0.127683
2023-08-31,-0.2298,-0.547909,-3.2361,-0.439046,-0.13,0.12,-0.0533333,-0.67396,3.5,0.1,0,-0.833736,217.667,-9.66667,-216.333,-0.758657,3.29908,-1.65812,-5.11411,-0.786266,4.70492,-0.83173,-1.18438,0.114781,5.33,0.25,3,1.72076,4.9,0.5,1.45,1.43698,4.12,0.48,0.97,1.48571,-0.78,-0.02,-0.48,-1.27679,13.88,-4.06,-11.99,-1.36791,1.82,-0.34,-0.36,-1.10028,-1.96267,-4.64953,-11.1049,-0.574981,0.00048877,0.0716022,0.140616,0.149408,0.127507,-0.0162519,-0.00872945,0.0156336,0.0426739,0.177291,0.140877,-0.0393502,-0.0311655,0.0156107,0.00731985,0.02007,0.154714,-0.0711334,0.000527648,-0.0288642,0.0159161,-0.0404074,0.0957065,-0.0474415,-0.00463503,-0.0577109,-0.0156763,-0.118472,0.168568,-0.109962,0.00378275,-0.00679262,0.0279608,-0.00106656,0.0886691,-0.0314332,0.00233853,-0.0203526,0.0548459,0.12155,0.133952,-0.0547154,-0.208
2023-09-29,0.247012,0.238255,-2.85708,-0.404947,-0.14,0.0533333,-0.206667,-0.912546,3.8,0.1,0.1,-0.595218,149.667,-88.6667,-280.333,-1.25599,3.7075,-0.42134,-4.51986,-0.67299,4.38985,-0.938791,-1.91066,-0.107202,5.33,0.25,2.25,1.6023,5.04,0.17,0.82,1.42073,4.59,0.78,0.76,1.77621,-0.45,0.61,-0.06,-0.835866,17.34,3.75,-14.28,-0.759575,1.8,-0.08,-0.44,-1.21879,-4.22907,-3.41498,-15.3572,-0.96973,-0.0488282,-0.0322414,0.0665888,0.171864,0.114694,-0.0629152,-0.0402451,-0.0493801,-0.0137259,0.23883,0.124587,-0.0744038,-0.0431152,-0.0406962,-0.0319584,0.0843415,0.14937,-0.100063,-0.0294456,-0.0447425,-0.0575992,-0.0273658,0.0807381,-0.0773431,-0.0753982,-0.131118,-0.139935,-0.123297,0.157493,-0.171595,-0.0339312,-0.0469042,-0.0419144,0.0252433,0.0849696,-0.0658849,-0.0491903,-0.0382566,-0.0691172,0.108346,0.10869,-0.0997164,0.0310048
2023-10-31,0.0811375,0.464831,-4.42778,-0.499819,7.06611e-16,0.166667,-0.163333,-0.524517,3.8,0.2,0.3,-0.561874,266.333,65.3333,-157,-0.866397,3.6899,0.597899,-4.52495,-0.728952,4.1302,-0.730743,-2.51275,-0.309552,5.33,0,2.25,1.49855,5.03,0.15,0.52,1.33433,4.88,0.91,0.78,1.88155,-0.15,0.76,0.26,-0.445751,19.75,6.12,-6.13,-0.320684,1.86,0.09,-0.42,-0.91383,-2.78729,-0.0311768,-14.5536,-0.68719,-0.0213195,-0.0676577,0.0253008,0.0919348,0.117314,-0.0832581,-0.0145778,-0.072616,-0.063533,0.142809,0.131064,-0.101263,-0.0280722,-0.0922571,-0.0422697,0.0951103,0.152753,-0.129705,-0.011257,-0.0495627,-0.0892251,-0.0293997,0.0808498,-0.0951303,-0.0385365,-0.133833,-0.197908,-0.108847,0.167968,-0.216852,-0.0150955,-0.0552704,-0.0749935,0.0126657,0.0883896,-0.0884145,0.0851164,0.025,-0.0182914,0.201946,0.113435,-0.0333438,0.14664
2023-11-30,-0.679812,-0.809741,-3.77637,-0.711509,-0.22,-0.0833333,-0.28,-1.16453,3.9,0.4,0.2,-0.433572,204,-3.33333,-138,-1.22358,3.23236,-0.0667197,-4.53014,-0.975765,4.0196,-0.685321,-2.28216,-0.437644,5.33,0,1.5,1.40635,4.64,-0.21,0.26,1.07357,4.27,0.18,0.59,1.30308,-0.37,0.39,0.33,-0.673328,12.98,-0.59,-7.6,-1.44658,1.72,-0.11,-0.43,-1.58696,-2.28401,-0.0880515,-8.52143,-0.602955,0.091344,0.0170092,0.0898293,0.172952,0.117164,0,0.0821874,0.0124414,0.0282694,0.122716,0.133041,-0.0273985,0.0779268,0.00995619,0.0257223,0.0538276,0.153823,-0.0618854,0.0455419,-0.00680202,-0.0354699,-0.00726404,0.0873097,-0.0539208,0.0992388,-0.0434415,-0.0986454,-0.0724508,0.184987,-0.139133,0.0757477,0.0124608,0.00558356,0.0395525,0.0976273,-0.019364,0.0253137,0.0484946,0.027155,0.159897,0.111409,-0.00887419,0.308913
2023-12-29,-0.393903,-0.376467,-2.24574,-0.699315,-0.203333,-0.07,-0.02,-1.0429,3.7,-0.1,0.1,-0.574452,203.667,35,-117.667,-1.15308,3.12092,-0.586585,-4.01443,-1.08574,3.99319,-0.396655,-1.97878,-0.52315,5.33,0,1,1.32342,4.26,-0.77,-0.15,0.829016,3.84,-0.75,-0.04,0.887641,-0.42,0.02,0.11,-0.693897,12.47,-5.05,-9.2,-1.44027,1.62,-0.16,-0.37,-1.92735,-1.66174,2.16758,-6.98885,-0.488461,0.0497727,0.116397,0.0804024,0.281089,0.11555,-0.00289492,0.0526379,0.107012,0.0523473,0.189978,0.130668,-0.00158947,0.0377502,0.0795888,0.0356537,0.0923643,0.153421,-0.0284382,0.032633,0.0640617,0.0164529,0.0371813,0.0887247,-0.0182361,0.0743027,0.129447,-0.0186434,0.0277822,0.192951,-0.064361,0.0432499,0.100976,0.0493356,0.0948791,0.101414,-0.00628641,0.00859977,0.115019,0.0723621,0.138527,0.120042,-0.00737318,0.361477
2024-01-31,0.984382,1.1708,0.390642,-0.423344,-0.273333,-0.25,0.1,-1.1808,3.7,-0.1,0.2,-0.52184,164.667,-56.3333,-119.667,-1.33008,3.29777,-0.392133,-3.14717,-1.07147,3.89969,-0.230513,-1.80417,-0.669099,5.33,0,1,1.24813,4.36,-0.71,0.15,0.833334,4.06,-0.82,0.54,1.02131,-0.3,-0.11,0.39,-0.514506,13.31,-4.83,-6.09,-1.25666,1.58,-0.27,-0.32,-1.94924,1.65979,4.40529,-1.29676,0.104708,0.0159263,0.166625,0.0658698,0.223745,0.119638,-0.0170782,-0.00451233,0.139036,0.0329242,0.0871966,0.12712,-0.00635904,-0.0452619,0.0597677,-0.0556253,-0.0489154,0.146505,-0.0675556,0.000726112,0.083468,0.0298873,0.00638829,0.0858745,-0.0175232,-0.0224513,0.162192,0.000767491,-0.0592678,0.192002,-0.0853673,-0.00442783,0.121608,0.0546299,0.0431942,0.0973944,-0.0106864,-0.0142282,0.0180983,0.0442757,0.0542068,0.118087,-0.0214964,0.279377
2024-02-29,0.025354,1.03008,-1.4842,-0.681039,-0.0233333,0.286667,0.183333,-0.353114,3.7,-0.1,0.3,-0.480747,289.333,82.3333,-2.66667,-0.685359,3.10598,-0.139807,-3.25614,-1.22323,3.87468,-0.147022,-1.66834,-0.802676,5.33,0,0.76,1.17909,4.64,-0.09,-0.17,0.931445,4.27,-0.1,0.35,1.1448,-0.37,-0.01,0.52,-0.559128,13.84,0.92,-6.86,-1.11483,1.55,-0.12,-0.35,-1.93809,-0.00576578,2.4115,-5.36365,-0.229271,0.0350179,0.121359,0.139771,0.301678,0.118202,0,0.0246708,0.0814189,0.0886436,0.148563,0.122445,-0.00322662,0.0360088,0.0260964,0.0240327,0.074169,0.14563,-0.028694,-0.0126393,0.01717,0.011848,0.0136126,0.0861725,-0.037986,-0.0129223,0.0394359,-0.00318441,-0.0412436,0.18978,-0.105967,-0.0168248,0.026824,0.0369793,0.0599347,0.0954956,-0.0298037,0.00381781,0.000264187,0.0524823,0.115031,0.120197,-0.017031,0.269329
2024-03-28,-0.230093,-0.157328,-1.10541,-0.838469,-0.18,-0.06,-0.0566667,-0.861202,3.9,0.2,0.3,-0.200766,264.667,67,-37,-0.820922,3.16574,0.026261,-2.79978,-1.25525,3.76195,-0.25314,-1.73153,-1.06191,5.33,0,0.5,1.11531,4.54,0.31,0.48,0.831331,4.2,0.32,0.72,1.02606,-0.34,0.01,0.24,-0.477791,12.78,0.33,-5.92,-1.23761,1.54,-0.07,-0.57,-1.82725,1.76459,3.96323,-1.91169,0.0603957,0.0364143,0.101121,0.236528,0.341368,0.114282,-0.000191294,0.0364695,0.0581694,0.179431,0.184806,0.119473,-0.00224875,0.0277698,0.0290576,0.10674,0.0813838,0.141016,-0.00676936,0.00937079,-0.0191367,0.0534096,-0.0103941,0.0852218,-0.0309297,0.0149412,-0.0526047,0.0911154,-0.0621171,0.182581,-0.0989682,0.0163568,-0.0148503,0.0910597,0.052033,0.0930252,-0.0148503,0.0922799,0.0681759,0.18162,0.121457,0.12633,0,0.251812
2024-04-30,-0.000974099,-1.11444,-0.177597,-0.766777,-0.19,-0.02,-0.06,-0.804253,3.8,0.1,0.3,-0.270737,276.333,64,-28.6667,-0.713439,3.47513,0.151972,-1.45996,-1.13191,3.79729,-0.112826,-1.76282,-1.2233,5.33,0,0.5,1.056,4.97,0.7,0.93,1.01289,4.63,0.64,1.19,1.32612,-0.34,-0.06,0.26,-0.431849,14.67,0.32,-1.11,-0.881454,1.45,-0.16,-0.63,-2.01069,3.28709,1.7895,3.38584,0.3136,-0.0386472,0.0257686,0.231083,0.224364,0.114549,-0.0405032,-0.0282952,0.0249357,0.188323,0.0822245,0.115977,-0.034608,-0.00388867,0.0619173,0.143312,0.0757076,0.140955,-0.0193769,-0.0224527,-0.0364935,0.0318236,-0.0540704,0.0807411,-0.0612278,-0.046785,-0.0693448,0.0662563,-0.140681,0.164201,-0.141473,-0.0230764,-0.0340014,0.0774628,-0.00319949,0.0874592,-0.0467535,0.019488,0.123442,0.138168,0.146483,0.132133,-0.0422656,0.262277
2024-05-31,-0.377117,0.353273,-0.723437,-0.911424,0.0133333,0.246667,0.253333,-0.116007,3.9,0.2,0.5,-0.0602832,242,-0.666667,5,-0.861351,3.35773,0.25175,-1.58333,-1.16697,3.61553,-0.259151,-1.9002,-1.46932,5.33,0,0.25,1.00046,4.92,0.28,0.52,0.936638,4.55,0.3,0.91,1.18717,-0.37,0.02,0.39,-0.429569,14.47,1.07,-3.47,-0.9059,1.46,-0.09,-0.7,-1.8095,0.717275,0.608549,-1.89476,-0.292549,0.0540021,0.0315073,0.168371,0.280382,0.109925,-0.00750914,0.0529176,0.0407692,0.134082,0.184449,0.111468,-0.00758048,0.018524,0.0323626,0.0785287,0.123695,0.134961,-0.0456731,0.0139858,-0.011112,0.00518656,-0.0229877,0.0730353,-0.0332718,0.0213415,-0.0359484,-0.00420511,-0.088384,0.147686,-0.0962417,0.0179029,-0.00179837,0.0229202,0.0372199,0.0782359,-0.0256508,0.00706301,0.11618,0.135908,0.180891,0.140609,-0.0412362,0.233106
2024-06-28,0.132063,0.188483,0.117495,-0.809545,-0.0866667,0.13,0.116667,-0.396632,4,0.1,0.3,0.198056,249,-11.6667,6.66667,-0.77315,3.25021,0.0844672,-0.870479,-1.17536,3.41106,-0.350889,-1.92118,-1.64205,5.33,0,0.25,0.948047,4.7,0.11,-0.17,0.769202,4.29,0.09,0.48,0.912393,-0.41,-0.02,0.65,-0.445402,12.24,-0.77,-1.35,-1.23479,1.55,0.05,-0.33,-1.37822,3.93695,2.3088,4.97851,0.37715,0.0377793,0.043791,0.14934,0.26454,0.106285,-0.00458399,-0.000538515,-0.0020398,0.0560109,0.125165,0.111527,-0.0299771,0.0133282,0.0439153,0.074249,0.107324,0.131529,-0.0206898,0.0219758,-0.00182182,-0.0209237,-0.00664012,0.0701143,-0.0215018,0.0349912,-0.0199868,-0.0715401,-0.0798199,0.141081,-0.0764212,0.0166102,-0.00507042,-0.0198455,0.0347302,0.0718206,-0.0198455,-0.00532013,0.0451585,0.116413,0.212827,0.145556,-0.0425276,0.247611
2024-07-31,1.57549,1.97232,2.00438,-0.136111,-0.00666667,0.24,0.156667,-0.0606286,4.1,0.3,0.5,0.586992,177.333,-90,-96.3333,-1.11297,2.97563,-0.499503,-0.0776332,-1.24879,3.27694,-0.520355,-1.57829,-1.68094,5.33,0,0,0.898502,4.35,-0.69,-0.53,0.518916,4.15,-0.54,0.18,0.742187,-0.2,0.15,0.71,-0.0664408,17.69,2.04,4.06,-0.317673,1.65,0.21,-0.12,-0.948483,4.91817,1.59338,7.87845,0.565394,0.0100305,0.100815,0.129181,0.220024,0.115519,-0.0248734,0.0240852,0.05814,0.0845255,0.111845,0.115686,-0.0149552,0.00608901,0.0550504,0.120376,0.0504043,0.131914,-0.0350495,0.0366896,0.0602473,0.0215552,0.03726,0.0705583,0,0.0544996,0.0855921,0.0103119,-0.0151536,0.141831,-0.0378365,0.0325127,0.0553507,0.0194673,0.0617466,0.0717305,0,0.0509347,0.0692878,0.201283,0.242391,0.155538,-0.00762188,0.244871
2024-08-30,-0.177546,0.527717,-0.198895,-0.917184,-0.0666667,-0.0166667,0.07,-0.248342,4.3,0.4,0.8,1.34636,169.667,-48.3333,-72.6667,-1.11643,2.92357,-0.434165,-0.348215,-1.21584,3.21319,-0.402334,-1.4944,-1.66012,5.33,0,0,0.851498,3.87,-1.02,-0.98,0.166242,3.87,-0.64,-0.22,0.437084,0,0.38,0.76,0.338521,15.65,2.73,2.08,-0.647215,1.69,0.23,-0.14,-0.768904,0.96527,-0.133341,3.35557,-0.41986,0.0380656,0.0722994,0.106085,0.267299,0.128017,-0.0020889,0.0607185,0.040013,0.0824135,0.190466,0.130968,0,0.0277262,0.0449733,0.0787914,0.121921,0.141551,-0.0256133,0.00914861,0.0555188,0.0437899,0.0610927,0.0685156,-0.00736246,0.0123811,0.0774068,0.0386757,0.0429019,0.141324,-0.0233802,0.0153381,0.0518114,0.0499198,0.0969257,0.0689265,-0.00855778,0.0244497,0.0742685,0.199077,0.282664,0.160768,-0.00899781,0.100287
2024-09-30,0.0426791,-0.185518,0.115375,-0.743907,-0.166667,-0.07,-0.0133333,-0.589344,4.2,0.2,0.4,1.39332,116.333,-95,-95,-1.38702,2.59123,-0.658983,-1.12749,-1.30436,3.26556,-0.145504,-1.14724,-1.55689,4.83,-0.5,-0.5,0.577261,3.55,-1.16,-1.48,-0.119275,3.75,-0.61,-0.84,0.268913,0.2,0.55,0.64,0.819623,16.96,4.52,-0.56,-0.396783,1.66,0.11,-0.12,-0.853448,-1.04132,-5.05512,2.788,-0.933026,0.0307512,0.0553415,0.105746,0.35704,0.133723,0,0.00941394,0.0657574,0.0700394,0.246482,0.141617,-0.00947528,0.0596125,0.0742561,0.122154,0.24077,0.164912,-0.0179853,0.0102763,0.0651572,0.0649027,0.108631,0.0668558,-0.0102892,0.00907531,0.0982447,0.0777307,0.15058,0.139635,-0.0318767,0.0167997,0.0724824,0.0709081,0.155255,0.0671785,-0.00650652,0.0433999,0.127522,0.16957,0.403106,0.16253,-0.0158717,0.0526288
2024-10-31,-0.644674,-1.47002,-0.427352,-1.01816,-0.183333,-0.0633333,-0.15,-0.662875,4.1,0,0.3,1.27827,185.667,38.3333,-27.6667,-0.922468,2.40751,-0.568115,-1.28654,-1.31596,3.25871,-0.0182246,-0.884988,-1.50796,4.83,-0.5,-0.5,0.535065,4.15,-0.14,-0.92,0.262455,4.29,0.2,-0.59,0.799231,0.14,0.34,0.33,0.831611,20.35,3.99,2.21,0.153222,1.44,-0.24,-0.41,-1.59314,0.579264,-4.28475,3.32476,-0.555225,-0.000386696,0.07034,0.13305,0.378119,0.129285,-0.027284,-0.043698,0.0288318,0.0315152,0.219571,0.138955,-0.0617074,-0.0562636,0.0685089,0.0633605,0.242596,0.16487,-0.0614455,-0.0346242,-0.0266431,0.0434079,0.0918925,0.0642721,-0.0438151,-0.0533487,-0.0532486,0.0565977,0.150551,0.137126,-0.0846863,-0.03429,-0.00733772,0.0504549,0.148643,0.0641338,-0.038092,0.0319547,0.125011,0.189462,0.377098,0.151771,-0.0154951,-0.0108562
2024-11-29,-0.289536,0.228549,0.547632,-0.796228,-0.236667,-0.146667,0.0366667,-0.831859,4.1,-0.2,0.3,1.45969,104.333,-55,-102.667,-1.37567,2.57633,-0.34724,-0.669462,-1.17396,3.30004,0.0868485,-0.721659,-1.39909,4.58,-0.75,-0.75,0.365563,4.19,0.28,-0.54,0.238229,4.25,0.34,-0.12,0.726281,0.06,0.06,0.42,0.780608,13.9,-1.1,0.98,-0.887934,1.43,-0.26,-0.24,-1.54288,5.91163,4.27797,8.3289,0.759094,0.0388615,0.0722363,0.149758,0.343345,0.132659,0,-0.00928297,-0.0483244,-0.010245,0.122464,0.142102,-0.0646682,-0.0330794,-0.00253573,0.0423236,0.124176,0.172825,-0.0865707,0.00966992,-0.0105321,0.044402,0.0498188,0.0670526,-0.0340574,0.0215293,-0.0165228,0.0596049,0.0551492,0.149068,-0.066497,0.0158602,0.00489947,0.0569647,0.0811905,0.0696503,-0.0208633,-0.0462524,0.0618271,0.140687,0.295716,0.162409,-0.0462524,-0.108971
2024-12-31,-0.899045,-0.887405,-0.686642,-1.03912,-0.306667,-0.153333,-0.16,-1.09443,4.2,0,0.5,1.83505,172.667,59.3333,-25,-0.902246,2.73258,0.141352,-0.406903,-1.04611,3.30015,0.0345954,-0.714937,-1.32315,4.33,-0.5,-1,0.182972,4.24,0.58,0.01,0.225852,4.55,0.74,0.67,1.0868,0.31,0.16,0.66,1.50154,17.4,0.67,4.95,-0.294153,1.43,-0.2,-0.18,-1.45763,8.35908,9.25852,10.5577,1.31351,-0.024061,0.0341741,0.074399,0.248863,0.142652,-0.0325068,-0.0295018,-0.0767346,-0.0256767,0.0348752,0.142282,-0.0922621,-0.0169671,-0.0793234,-0.00686582,0.0649017,0.175881,-0.102069,-0.0225885,-0.04952,0.0122709,-0.00632171,0.0634742,-0.0558766,-0.0638108,-0.10376,-0.0162618,-0.0805019,0.141581,-0.126065,-0.0267506,-0.0454045,0.0221593,0.00864427,0.0690619,-0.0470558,-0.0140885,-0.0141688,0.12326,0.266569,0.155479,-0.0596893,-0.0682407
2025-01-31,0.548567,1.2368,-0.241007,-0.286611,-0.133333,0.06,0.0333333,-0.266352,4.1,0,0.3,1.38406,170.333,11.3333,-42,-0.923308,2.89659,0.48908,-0.426566,-0.922631,3.24831,-0.0104039,-0.661809,-1.28726,4.33,-0.5,-1,0.126152,4.18,0.02,-0.09,0.0922375,4.52,0.24,0.53,1.0357,0.34,0.22,0.62,1.65439,15.84,-7.32,1.49,-0.520382,1.45,-0.01,-0.16,-1.30842,5.72148,4.99478,4.22389,0.638788,0.0231206,0.0379447,0.0996481,0.241702,0.1412,-0.0130054,0.0480095,0.00111883,-0.000500372,0.0839829,0.140688,-0.048682,0.0181128,-0.0384853,0.0114375,0.133191,0.175395,-0.0827446,0.00431936,-0.0085204,-0.0138229,0.00743428,0.0636939,-0.0500555,-0.000454571,-0.0361257,-0.0552107,-0.0454682,0.139261,-0.121761,0.00326694,-0.00685031,0.00209787,0.021606,0.0689732,-0.0415259,0.0745127,0.00964505,0.141293,0.371016,0.148642,0,-0.0662277
2025-02-28,1.99836,2.4429,3.22953,0.463587,0.0333333,0.29,0.283333,0.779483,4,-0.1,0.3,0.965355,237,118.667,60.6667,-0.150194,2.99941,0.428009,-0.10853,-0.829918,3.2921,-0.000743169,-0.574626,-1.18107,4.33,-0.25,-1,0.0603926,4.07,-0.06,-0.57,-0.144368,4.29,0.11,0.04,0.681587,0.22,0.17,0.61,1.37506,21.13,7.62,7.73,0.44656,1.52,0.08,-0.03,-1.02698,4.76476,-0.435912,4.65604,0.382292,-0.0126785,-0.0022603,0.0649049,0.187148,0.128778,-0.0305908,0.0310922,0.0606932,-0.00167056,0.0856094,0.127572,-0.0205895,0.0169444,0.0145333,0.00940706,0.0924155,0.167766,-0.0722248,0.0285537,0.0171724,-0.0054104,0.0548335,0.0611458,-0.0234566,0.0539684,0.00769569,-0.0368057,0.0358686,0.136415,-0.0717265,0.0226667,0.00941526,0.000453785,0.0646194,0.0684727,-0.0187968,0.0356806,0.085739,0.128026,0.400372,0.147909,-0.0328423,0.0518349
2025-03-31,1.43974,2.27949,1.51075,0.285006,0.146667,0.393333,0.34,1.51789,4.1,-0.1,0.2,1.31477,199.667,18,-3.66667,-0.40643,2.81427,0.100102,-0.352151,-0.861602,3.14367,-0.136386,-0.624209,-1.2379,4.33,0,-1,-0.0150595,3.89,-0.36,-0.7,-0.500891,4.27,-0.31,0.07,0.623234,0.38,0.05,0.77,1.71093,21.65,4.3,8.64,0.542407,1.73,0.31,0.23,-0.30145,4.32763,-4.69745,2.69948,0.250084,-0.05572,-0.0669633,-0.0163197,0.0828387,0.143968,-0.0846063,0.0018384,0.0722907,-0.0187889,0.0530918,0.131196,-0.0372244,0.0113411,0.0284777,-0.0484409,0.0931969,0.160555,-0.0617027,0.00342418,0.0393424,-0.00871426,0.0438359,0.0629139,-0.0201128,-0.0120474,0.0435246,-0.0523277,0.00111615,0.136631,-0.0829098,-0.00462786,0.0224008,-0.01546,0.0417789,0.0692612,-0.0233377,0.0944658,0.18542,0.166653,0.41871,0.148211,0,-0.0441402
2025-04-30,1.33634,0.861822,1.62326,0.300375,-0.0166667,0.04,0.2,0.697064,4.2,0.1,0.3,1.60426,152,-57.3333,-43.6667,-0.792855,2.40559,-0.466781,-1.06342,-0.994329,2.80873,-0.40488,-1.00579,-1.43936,4.33,0,-1,-0.113562,3.65,-0.57,-1.39,-0.976097,4.19,-0.39,-0.5,0.434723,0.54,0.18,0.89,2.02496,24.17,7.74,8.52,1.14326,1.88,0.43,0.44,0.225786,-0.0810734,-6.61896,-3.40586,-0.765682,-0.00867024,-0.0757754,-0.0361991,0.10494,0.252482,-0.0925429,0.0369515,0.0711582,0.075424,0.12114,0.205548,-0.00164837,0.00137333,0.0298901,-0.013768,0.0883187,0.212528,-0.0604142,0.0105576,0.0429719,0.0315689,0.0892214,0.066709,-0.00976748,-0.0136089,0.0271003,-0.00836888,0.0562132,0.150184,-0.0953904,-0.00270784,0.0151775,0.00962469,0.0732839,0.0843045,-0.0259824,0.0542445,0.195004,0.199155,0.402317,0.183789,-0.0374537,-0.0603548
2025-05-30,1.48793,-0.21679,2.32785,0.496051,0.05,0.0266667,0.116667,1.36573,4.2,0.2,0.3,1.50042,154.667,-77,-40.6667,-0.75327,2.33375,-0.665666,-1.0203,-0.979203,2.78152,-0.510579,-0.842088,-1.38268,4.33,0,-1,-0.234229,3.92,-0.07,-0.97,-0.671024,4.43,0.19,-0.08,0.872902,0.51,0.26,0.89,1.88456,19.18,-0.45,6.26,0.195499,1.81,0.24,0.35,0.0126961,-0.617223,-6.31668,-1.71583,-0.843484,0.062845,-0.00507842,-0.00732724,0.126612,0.256065,-0.0355138,0.0479049,0.0886242,0.154696,0.130475,0.203674,-0.00570986,0.0402189,0.0534609,0.0687712,0.0849195,0.210214,-0.0226251,-0.0123927,0.00145158,0.0186489,0.0624338,0.0658635,-0.0220391,-0.0321062,-0.0567801,-0.0495213,-0.00196555,0.140342,-0.124434,0.00206397,-0.00527431,0.0040913,0.0590589,0.0814004,-0.023972,-0.000559634,0.153189,0.252062,0.391448,0.193547,-0.0379923,-0.0624495
2025-06-30,0.597203,-0.642003,0.598174,-0.0410401,-0.16,-0.286667,-0.02,-0.28002,4.2,0.1,0.2,1.40727,135.333,-43.3333,-50.3333,-0.883103,2.37593,-0.438336,-0.862932,-0.919638,2.76715,-0.376519,-0.623365,-1.31961,4.33,0,-1,-0.365957,3.73,-0.16,-0.98,-1.15598,4.29,0.06,-0.07,0.543381,0.56,0.22,0.91,1.88097,16.32,-5.96,3.88,-0.339595,1.79,0.03,0.24,-0.0102459,-3.56417,-8.12243,-7.57797,-1.46019,0.0502269,0.115226,0.033677,0.146733,0.253617,0,0.0254628,0.102814,0.198762,0.179037,0.202788,0,0.0570165,0.112803,0.142291,0.165952,0.211224,-0.000827752,0.0190384,0.0170101,0.0547177,0.0581381,0.066196,-0.0063708,0.0281898,-0.0101673,0.0222344,-0.0126304,0.139823,-0.101109,0.0237727,0.0221388,0.0439916,0.0644127,0.0798632,-0.00364411,-0.00255227,0.0731184,0.26255,0.433954,0.198029,-0.0362326,-0.102189
2025-07-31,0.730245,-0.390523,-0.121475,0.118556,-0.223333,-0.273333,-0.106667,-0.795543,4.1,-0.1,0,0.978988,149.667,38.6667,17,-0.687678,2.67268,0.267098,-0.297402,-0.744372,2.90787,0.0991364,-0.352686,-1.13925,4.33,0,-1,-0.490605,3.94,0.34,-0.35,-0.894512,4.38,0.21,0.29,0.749256,0.44,-0.13,0.64,1.51839,15.48,-9.22,-0.88,-0.493949,1.69,-0.27,0.01,-0.327636,-2.83565,-2.51055,-7.69967,-1.21581,0.0233627,0.143215,0.0565879,0.174759,0.248244,-0.00787949,-0.019274,0.0505679,0.125324,0.141523,0.205903,-0.0439157,0.0047599,0.120439,0.153929,0.180915,0.207283,-0.027439,-0.00409324,-0.00252773,0.0403356,0.0350999,0.0647374,-0.0122705,-0.0138418,-0.0176455,0.0089766,-0.0305155,0.140376,-0.111353,-0.00210392,0.0220154,0.0375271,0.0476524,0.0782913,-0.00453897,-0.0149244,-0.00266649,0.191817,0.375091,0.199736,-0.0421449,-0.129773
2025-08-29,1.43193,0.149164,1.96845,0.7297,-0.183333,-0.22,-0.0766667,-0.428245,4.2,0,0,1.27637,35.3333,-91.3333,-87.3333,-1.8429,2.7318,0.398055,-0.206662,-0.680384,3.0486,0.267082,-0.179657,-0.968161,4.33,0,-1,-0.673489,3.62,-0.27,-0.29,-1.67029,4.22,-0.19,0.31,0.281579,0.6,0.08,0.6,1.74008,14.43,-4.14,-0.57,-0.694684,1.75,-0.09,0.06,-0.0432768,-1.51846,-1.21394,-3.15213,-0.876397,0.0205196,0.0976895,0.092115,0.162999,0.247499,-0.00596384,0.0452466,0.0479028,0.140772,0.138867,0.204468,-0.0187713,0.0267698,0.105953,0.165078,0.176038,0.203199,-0.0152096,0.0164796,0.0266329,0.0281231,0.0225605,0.0628505,-0.000831401,0.000127045,0.0150693,-0.0425664,-0.0778054,0.131988,-0.11124,0.0104367,0.0305548,0.0251194,0.0255845,0.0770637,-0.00417269,0.0498746,0.0476614,0.208151,0.362826,0.196844,0,-0.156369
2025-09-30,0.873617,0.216208,0.946365,0.357613,-0.176667,-0.0266667,0,-0.328324,4.3,0.1,0.1,1.53947,29.3333,-69.6667,-52.6667,-1.94116,2.93922,0.563286,0.328306,-0.524942,3.11219,0.345042,-0.179633,-0.871681,4.09,-0.24,-0.74,-1.22066,3.63,-0.09,-0.03,-1.54577,4.15,-0.09,0.34,0.0547959,0.52,0,0.37,1.46125,16.12,-0.61,-0.61,-0.254523,1.64,-0.11,0.01,-0.456695,-0.549659,3.2169,0.349773,-0.600086,0.0356206,0.0815625,0.197756,0.178209,0.233689,-0.000989799,0.0206607,0.0462798,0.162205,0.140368,0.19511,-0.00256352,0.0709998,0.104904,0.233805,0.174039,0.191379,0,0.00653327,0.0189326,0.0313087,0.0223216,0.0605861,-0.00822536,0.0359539,0.0217443,0.00395212,-0.0485824,0.131756,-0.0557871,0.0188019,0.027269,0.0492493,0.033028,0.0769149,-0.00792026,0.117584,0.155812,0.233671,0.439266,0.199074,0,-0.0826864
2025-10-31,0.873617,0.216208,0.946365,0.357613,-0.176667,-0.0266667,0,-0.328324,4.3,0.1,0.1,1.53947,29.3333,-69.6667,-52.6667,-1.94116,3.0227,0.350016,0.590158,-0.433572,3.02554,0.117673,-0.264372,-0.921083,3.87,-0.46,-0.96,-1.83364,3.61,-0.33,-0.55,-1.48193,4.11,-0.26,-0.17,-0.0628546,0.5,0.07,0.38,1.32903,16.91,0.19,-6.25,0.0404559,1.64,-0.03,0.18,-0.417163,-2.94581,-1.48279,-3.67251,-1.23952,0.0191865,0.0836242,0.210361,0.186658,0.113984,-0.00775394,0.00212176,0.0682871,0.116451,0.214462,0.111974,-0.012643,0.0227493,0.135524,0.240795,0.256715,0.134502,-0.0126766,0.0026922,0.0172957,0.039267,0.0622598,0.051931,-0.00890276,0.00826378,0.0328488,0.0484684,0.024447,0.109056,-0.0192272,-0.0041184,0.0201389,0.0599601,0.0634235,0.0561193,-0.0149661,0.0375715,0.184008,0.235385,0.437463,0.21062,-0.0868907,-0.0781747
2025-11-28,0.835399,0.564735,1.24,1.0071,-0.176667,-0.0266667,0,-0.328324,4.4,0.3,0.3,1.77411,62.3333,7.66667,-70.6667,-1.49673,3.0227,0.350016,0.590158,-0.433572,3.02554,0.117673,-0.264372,-0.921083,3.88,-0.45,-0.7,-1.82377,3.45,-0.14,-0.68,-1.69513,4,-0.23,-0.18,-0.417369,0.55,-0.09,0.5,1.34483,17.21,1.85,3.7,0.161539,1.78,-0.02,0.34,0.304414,-3.60852,-2.01336,-8.8092,-1.36654,-0.00581904,0.0623748,0.166158,0.157613,0.110294,-0.00581904,0.000735333,0.0405557,0.0904012,0.259082,0.119238,-0.0141879,-0.030174,0.089451,0.204881,0.287742,0.138928,-0.030174,0.00883697,0.0237119,0.0509763,0.0705759,0.0478943,-0.00174007,-0.00608259,0.053122,0.0689918,0.0160539,0.102731,-0.0165559,-0.000123004,0.0298295,0.0612957,0.0656378,0.051647,-0.0057904,0.0685399,0.21948,0.277602,0.599637,0.195417,-0.0378767,-0.0946763
2025-12-31,2.51832,1.35234,4.07636,2.44918,-0.213333,0.03,0.02,-0.556635,4.6,0.4,0.5,2.23995,22.3333,11.3333,-159.333,-1.72316,2.71197,-0.0198319,0.140566,-0.637427,2.61888,-0.429724,-0.673964,-1.27675,3.64,-0.45,-0.69,-2.13568,3.45,-0.15,-0.8,-1.58446,4.14,-0.02,-0.44,-0.0249833,0.69,0.13,0.36,1.51661,14.33,-1.95,-3.02,-0.701996,1.75,0.08,0.33,0.192316,-7.44084,-6.64433,-16.4659,-2.24075,0.00538824,0.0231661,0.105378,0.159542,0.108857,-0.012254,0.0322011,0.0385607,0.0924032,0.306836,0.114335,-0.0055918,0.0223455,0.0310833,0.14324,0.324598,0.132576,-0.0092322,-0.00225654,0.00593323,0.0305994,0.0846996,0.0442282,-0.00933691,-0.0143159,-0.0130046,0.0175274,0.0452652,0.0951754,-0.0427024,-0.00202504,-0.000634979,0.0309277,0.080919,0.0496308,-0.0131142,0.0168313,0.113137,0.28152,0.641715,0.198694,-0.0490234,-0.0432649
2026-01-30,1.99149,0.0181068,2.26583,1.75491,-0.233333,-0.09,0.03,-0.655583,4.4,0.1,0.2,1.4589,-22.3333,-73.6667,-231.667,-2.03036,2.65331,-0.285907,-0.0608559,-0.673602,2.64897,-0.463225,-0.631087,-1.20895,3.64,-0.22,-0.69,-1.99409,3.53,-0.07,-0.69,-1.35222,4.24,0.13,-0.34,0.223353,0.71,0.2,0.35,1.45847,16.88,-0.56,0.45,0.153028,1.63,-0.06,0.18,-0.389418,-7.29313,-4.69125,-13.831,-2.01163,0.0072197,0.00963807,0.101031,0.163336,0.112943,-0.00506116,0.0445873,0.0782739,0.171909,0.318778,0.1106,-0.0132236,0.076895,0.0702683,0.234467,0.424488,0.145957,-0.0271605,-0.00559743,-0.00113107,0.0303005,0.0718583,0.0413123,-0.0116036,-0.0083081,-0.0328401,0.0249008,0.0341009,0.089969,-0.0430314,-0.000813187,-0.00406555,0.0364745,0.0753703,0.0473265,-0.0097106,0.11547,0.225758,0.468676,0.750393,0.262092,-0.102742,-0.010444
2026-02-27,2.27452,0.477488,1.42522,2.04794,-0.06,0.323333,0.0133333,1.01417,4.3,-0.1,0.2,1.07861,73,117.667,-34.6667,-0.473544,2.3912,-0.63137,-0.47949,-0.922702,2.51203,-0.507938,-0.701305,-1.30372,3.64,-0.25,-0.69,-1.85055,3.42,-0.05,-0.57,-1.47043,4.02,0,-0.22,-0.486225,0.6,0.05,0.35,1.18574,18.63,2.28,-1,0.765395,1.75,-0.03,0.18,0.265234,-8.01996,-3.65355,-13.8773,-1.93662,-0.0135601,0.0192548,0.066955,0.167384,0.114834,-0.0136594,0.043263,0.143325,0.170261,0.325571,0.11253,-0.00265001,0.0301235,0.178749,0.271801,0.434433,0.153154,-0.0115306,0.0251278,0.0136396,0.040147,0.0724545,0.0394134,0,0.0407228,0.0178301,0.0716364,0.0318605,0.0894618,0,0.0130453,0.0114989,0.037728,0.0662191,0.0438364,-0.000358081,-0.0218578,0.272758,0.54696,0.798127,0.303265,-0.0245009,-0.105132
2026-03-31,1.43622,-0.647023,0.624529,1.17236,-0.01,0.306667,-0.0833333,1.37351,4.4,-0.1,0.4,1.33841,5.66667,13.3333,-71.3333,-1.18716,2.434,-0.26244,-0.556974,-0.909467,2.47246,-0.126582,-0.810508,-1.3012,3.64,0,-0.69,-1.71589,3.82,0.35,-0.07,-0.679132,4.35,0.17,0.12,0.526994,0.53,-0.18,0.19,0.994734,30.61,15.66,8.33,3.66055,1.79,0.07,0.03,0.552675,-4.59485,2.7784,-9.29494,-1.03531,-0.0499198,-0.0519502,-0.01452,0.183829,0.133834,-0.0623646,-0.0597289,0.00882842,0.0634477,0.220018,0.156986,-0.0807306,-0.0765854,0.0389682,0.0829602,0.328782,0.213112,-0.102985,-0.017298,-0.00571053,0.00752883,0.0425656,0.0454648,-0.0232042,-0.0325854,-0.00861802,-0.0116163,0.00500212,0.0934493,-0.0423,-0.0174003,-0.00920868,-0.00143326,0.050809,0.0530833,-0.0210804,-0.121857,0.0795033,0.220819,0.514786,0.339557,-0.132305,0.0959861
2026-04-30,0.74228,-0.537535,0.161932,0.552427,-0.03,0.23,-0.0466667,1.16031,4.3,-0.1,0.1,0.95357,68.3333,107,48,-0.392583,3.28596,0.632654,0.484374,0.34261,2.60217,-0.044317,-0.535389,-1.12043,3.64,0,-0.69,-1.59971,3.92,0.4,0.32,-0.478772,4.42,0.16,0.25,0.750889,0.5,-0.24,-0.07,0.887769,18.81,1.37,-5.89,0.642137,1.69,0.07,-0.27,0.0509883,-3.1511,5.08578,-2.83155,-0.66094,0.105053,0.0383014,0.0519495,0.311355,0.133841,0,0.0534335,0.0061953,0.089003,0.249007,0.171644,-0.0316108,0.126783,0.0587359,0.165482,0.501362,0.224024,0,-0.00150171,-0.00120469,-0.00815549,0.0287067,0.0458931,-0.024671,-0.00839652,-0.0118939,-0.0486817,-0.00766115,0.0911777,-0.0503414,0.00282328,-0.00542425,-0.0141018,0.0496377,0.0547228,-0.0183166,-0.0154082,-0.145675,0.162687,0.384238,0.322418,-0.145675,0.240151
2026-05-29,1.35274,-0.0553437,0.469886,1.13544,0.0266667,0.1,-0.0366667,1.47644,4.3,0,0.1,0.909378,48,-13.3333,-24.3333,-0.602016,3.77925,1.38804,1.39726,1.34434,2.74331,0.231281,-0.0654736,-0.931113,3.62,-0.02,-0.71,-1.52261,3.99,0.61,0.1,-0.322042,4.45,0.48,0.04,0.836182,0.46,-0.13,-0.06,0.763022,15.74,-4.12,-2.83,-0.250268,1.57,-0.23,-0.27,-0.671146,-2.03668,6.1158,-1.76558,-0.362314,0.063099,0.105768,0.12706,0.301898,0.126224,0,0.0487341,-0.00550389,0.137032,0.229435,0.177254,-0.00813931,0.0942734,0.0961969,0.292141,0.530294,0.244008,-0.000145751,0.00171283,-0.0248519,-0.0115513,0.0472137,0.0476868,-0.0248519,0.00439505,-0.0452763,-0.0282535,0.0503343,0.0936833,-0.0452763,0.00973246,-0.00949981,0.00188981,0.0693346,0.055728,-0.00985449,-0.000694761,-0.137736,0.0974532,0.372963,0.323618,-0.158863,0.375329
