strategy,date,asset,weight
sixty_forty,2007-12-31,SPY,0.600000
sixty_forty,2007-12-31,EEM,0.000000
sixty_forty,2007-12-31,IEF,0.400000
sixty_forty,2007-12-31,TIP,0.000000
sixty_forty,2007-12-31,HYG,0.000000
sixty_forty,2007-12-31,DBC,0.000000
sixty_forty,2007-12-31,GLD,0.000000
sixty_forty,2007-12-31,BIL,0.000000
sixty_forty,2008-01-31,SPY,0.600000
sixty_forty,2008-01-31,EEM,0.000000
sixty_forty,2008-01-31,IEF,0.400000
sixty_forty,2008-01-31,TIP,0.000000
sixty_forty,2008-01-31,HYG,0.000000
sixty_forty,2008-01-31,DBC,0.000000
sixty_forty,2008-01-31,GLD,0.000000
sixty_forty,2008-01-31,BIL,0.000000
sixty_forty,2008-02-29,SPY,0.600000
sixty_forty,2008-02-29,EEM,0.000000
sixty_forty,2008-02-29,IEF,0.400000
sixty_forty,2008-02-29,TIP,0.000000
sixty_forty,2008-02-29,HYG,0.000000
sixty_forty,2008-02-29,DBC,0.000000
sixty_forty,2008-02-29,GLD,0.000000
sixty_forty,2008-02-29,BIL,0.000000
sixty_forty,2008-03-31,SPY,0.600000
sixty_forty,2008-03-31,EEM,0.000000
sixty_forty,2008-03-31,IEF,0.400000
sixty_forty,2008-03-31,TIP,0.000000
sixty_forty,2008-03-31,HYG,0.000000
sixty_forty,2008-03-31,DBC,0.000000
sixty_forty,2008-03-31,GLD,0.000000
sixty_forty,2008-03-31,BIL,0.000000
sixty_forty,2008-04-30,SPY,0.600000
sixty_forty,2008-04-30,EEM,0.000000
sixty_forty,2008-04-30,IEF,0.400000
sixty_forty,2008-04-30,TIP,0.000000
sixty_forty,2008-04-30,HYG,0.000000
sixty_forty,2008-04-30,DBC,0.000000
sixty_forty,2008-04-30,GLD,0.000000
sixty_forty,2008-04-30,BIL,0.000000
sixty_forty,2008-05-30,SPY,0.600000
sixty_forty,2008-05-30,EEM,0.000000
sixty_forty,2008-05-30,IEF,0.400000
sixty_forty,2008-05-30,TIP,0.000000
sixty_forty,2008-05-30,HYG,0.000000
sixty_forty,2008-05-30,DBC,0.000000
sixty_forty,2008-05-30,GLD,0.000000
sixty_forty,2008-05-30,BIL,0.000000
sixty_forty,2008-06-30,SPY,0.600000
sixty_forty,2008-06-30,EEM,0.000000
sixty_forty,2008-06-30,IEF,0.400000
sixty_forty,2008-06-30,TIP,0.000000
sixty_forty,2008-06-30,HYG,0.000000
sixty_forty,2008-06-30,DBC,0.000000
sixty_forty,2008-06-30,GLD,0.000000
sixty_forty,2008-06-30,BIL,0.000000
sixty_forty,2008-07-31,SPY,0.600000
sixty_forty,2008-07-31,EEM,0.000000
sixty_forty,2008-07-31,IEF,0.400000
sixty_forty,2008-07-31,TIP,0.000000
sixty_forty,2008-07-31,HYG,0.000000
sixty_forty,2008-07-31,DBC,0.000000
sixty_forty,2008-07-31,GLD,0.000000
sixty_forty,2008-07-31,BIL,0.000000
sixty_forty,2008-08-29,SPY,0.600000
sixty_forty,2008-08-29,EEM,0.000000
sixty_forty,2008-08-29,IEF,0.400000
sixty_forty,2008-08-29,TIP,0.000000
sixty_forty,2008-08-29,HYG,0.000000
sixty_forty,2008-08-29,DBC,0.000000
sixty_forty,2008-08-29,GLD,0.000000
sixty_forty,2008-08-29,BIL,0.000000
sixty_forty,2008-09-30,SPY,0.600000
sixty_forty,2008-09-30,EEM,0.000000
sixty_forty,2008-09-30,IEF,0.400000
sixty_forty,2008-09-30,TIP,0.000000
sixty_forty,2008-09-30,HYG,0.000000
sixty_forty,2008-09-30,DBC,0.000000
sixty_forty,2008-09-30,GLD,0.000000
sixty_forty,2008-09-30,BIL,0.000000
sixty_forty,2008-10-31,SPY,0.600000
sixty_forty,2008-10-31,EEM,0.000000
sixty_forty,2008-10-31,IEF,0.400000
sixty_forty,2008-10-31,TIP,0.000000
sixty_forty,2008-10-31,HYG,0.000000
sixty_forty,2008-10-31,DBC,0.000000
sixty_forty,2008-10-31,GLD,0.000000
sixty_forty,2008-10-31,BIL,0.000000
sixty_forty,2008-11-28,SPY,0.600000
sixty_forty,2008-11-28,EEM,0.000000
sixty_forty,2008-11-28,IEF,0.400000
sixty_forty,2008-11-28,TIP,0.000000
sixty_forty,2008-11-28,HYG,0.000000
sixty_forty,2008-11-28,DBC,0.000000
sixty_forty,2008-11-28,GLD,0.000000
sixty_forty,2008-11-28,BIL,0.000000
sixty_forty,2008-12-31,SPY,0.600000
sixty_forty,2008-12-31,EEM,0.000000
sixty_forty,2008-12-31,IEF,0.400000
sixty_forty,2008-12-31,TIP,0.000000
sixty_forty,2008-12-31,HYG,0.000000
sixty_forty,2008-12-31,DBC,0.000000
sixty_forty,2008-12-31,GLD,0.000000
sixty_forty,2008-12-31,BIL,0.000000
sixty_forty,2009-01-30,SPY,0.600000
sixty_forty,2009-01-30,EEM,0.000000
sixty_forty,2009-01-30,IEF,0.400000
sixty_forty,2009-01-30,TIP,0.000000
sixty_forty,2009-01-30,HYG,0.000000
sixty_forty,2009-01-30,DBC,0.000000
sixty_forty,2009-01-30,GLD,0.000000
sixty_forty,2009-01-30,BIL,0.000000
sixty_forty,2009-02-27,SPY,0.600000
sixty_forty,2009-02-27,EEM,0.000000
sixty_forty,2009-02-27,IEF,0.400000
sixty_forty,2009-02-27,TIP,0.000000
sixty_forty,2009-02-27,HYG,0.000000
sixty_forty,2009-02-27,DBC,0.000000
sixty_forty,2009-02-27,GLD,0.000000
sixty_forty,2009-02-27,BIL,0.000000
sixty_forty,2009-03-31,SPY,0.600000
sixty_forty,2009-03-31,EEM,0.000000
sixty_forty,2009-03-31,IEF,0.400000
sixty_forty,2009-03-31,TIP,0.000000
sixty_forty,2009-03-31,HYG,0.000000
sixty_forty,2009-03-31,DBC,0.000000
sixty_forty,2009-03-31,GLD,0.000000
sixty_forty,2009-03-31,BIL,0.000000
sixty_forty,2009-04-30,SPY,0.600000
sixty_forty,2009-04-30,EEM,0.000000
sixty_forty,2009-04-30,IEF,0.400000
sixty_forty,2009-04-30,TIP,0.000000
sixty_forty,2009-04-30,HYG,0.000000
sixty_forty,2009-04-30,DBC,0.000000
sixty_forty,2009-04-30,GLD,0.000000
sixty_forty,2009-04-30,BIL,0.000000
sixty_forty,2009-05-29,SPY,0.600000
sixty_forty,2009-05-29,EEM,0.000000
sixty_forty,2009-05-29,IEF,0.400000
sixty_forty,2009-05-29,TIP,0.000000
sixty_forty,2009-05-29,HYG,0.000000
sixty_forty,2009-05-29,DBC,0.000000
sixty_forty,2009-05-29,GLD,0.000000
sixty_forty,2009-05-29,BIL,0.000000
sixty_forty,2009-06-30,SPY,0.600000
sixty_forty,2009-06-30,EEM,0.000000
sixty_forty,2009-06-30,IEF,0.400000
sixty_forty,2009-06-30,TIP,0.000000
sixty_forty,2009-06-30,HYG,0.000000
sixty_forty,2009-06-30,DBC,0.000000
sixty_forty,2009-06-30,GLD,0.000000
sixty_forty,2009-06-30,BIL,0.000000
sixty_forty,2009-07-31,SPY,0.600000
sixty_forty,2009-07-31,EEM,0.000000
sixty_forty,2009-07-31,IEF,0.400000
sixty_forty,2009-07-31,TIP,0.000000
sixty_forty,2009-07-31,HYG,0.000000
sixty_forty,2009-07-31,DBC,0.000000
sixty_forty,2009-07-31,GLD,0.000000
sixty_forty,2009-07-31,BIL,0.000000
sixty_forty,2009-08-31,SPY,0.600000
sixty_forty,2009-08-31,EEM,0.000000
sixty_forty,2009-08-31,IEF,0.400000
sixty_forty,2009-08-31,TIP,0.000000
sixty_forty,2009-08-31,HYG,0.000000
sixty_forty,2009-08-31,DBC,0.000000
sixty_forty,2009-08-31,GLD,0.000000
sixty_forty,2009-08-31,BIL,0.000000
sixty_forty,2009-09-30,SPY,0.600000
sixty_forty,2009-09-30,EEM,0.000000
sixty_forty,2009-09-30,IEF,0.400000
sixty_forty,2009-09-30,TIP,0.000000
sixty_forty,2009-09-30,HYG,0.000000
sixty_forty,2009-09-30,DBC,0.000000
sixty_forty,2009-09-30,GLD,0.000000
sixty_forty,2009-09-30,BIL,0.000000
sixty_forty,2009-10-30,SPY,0.600000
sixty_forty,2009-10-30,EEM,0.000000
sixty_forty,2009-10-30,IEF,0.400000
sixty_forty,2009-10-30,TIP,0.000000
sixty_forty,2009-10-30,HYG,0.000000
sixty_forty,2009-10-30,DBC,0.000000
sixty_forty,2009-10-30,GLD,0.000000
sixty_forty,2009-10-30,BIL,0.000000
sixty_forty,2009-11-30,SPY,0.600000
sixty_forty,2009-11-30,EEM,0.000000
sixty_forty,2009-11-30,IEF,0.400000
sixty_forty,2009-11-30,TIP,0.000000
sixty_forty,2009-11-30,HYG,0.000000
sixty_forty,2009-11-30,DBC,0.000000
sixty_forty,2009-11-30,GLD,0.000000
sixty_forty,2009-11-30,BIL,0.000000
sixty_forty,2009-12-31,SPY,0.600000
sixty_forty,2009-12-31,EEM,0.000000
sixty_forty,2009-12-31,IEF,0.400000
sixty_forty,2009-12-31,TIP,0.000000
sixty_forty,2009-12-31,HYG,0.000000
sixty_forty,2009-12-31,DBC,0.000000
sixty_forty,2009-12-31,GLD,0.000000
sixty_forty,2009-12-31,BIL,0.000000
sixty_forty,2010-01-29,SPY,0.600000
sixty_forty,2010-01-29,EEM,0.000000
sixty_forty,2010-01-29,IEF,0.400000
sixty_forty,2010-01-29,TIP,0.000000
sixty_forty,2010-01-29,HYG,0.000000
sixty_forty,2010-01-29,DBC,0.000000
sixty_forty,2010-01-29,GLD,0.000000
sixty_forty,2010-01-29,BIL,0.000000
sixty_forty,2010-02-26,SPY,0.600000
sixty_forty,2010-02-26,EEM,0.000000
sixty_forty,2010-02-26,IEF,0.400000
sixty_forty,2010-02-26,TIP,0.000000
sixty_forty,2010-02-26,HYG,0.000000
sixty_forty,2010-02-26,DBC,0.000000
sixty_forty,2010-02-26,GLD,0.000000
sixty_forty,2010-02-26,BIL,0.000000
sixty_forty,2010-03-31,SPY,0.600000
sixty_forty,2010-03-31,EEM,0.000000
sixty_forty,2010-03-31,IEF,0.400000
sixty_forty,2010-03-31,TIP,0.000000
sixty_forty,2010-03-31,HYG,0.000000
sixty_forty,2010-03-31,DBC,0.000000
sixty_forty,2010-03-31,GLD,0.000000
sixty_forty,2010-03-31,BIL,0.000000
sixty_forty,2010-04-30,SPY,0.600000
sixty_forty,2010-04-30,EEM,0.000000
sixty_forty,2010-04-30,IEF,0.400000
sixty_forty,2010-04-30,TIP,0.000000
sixty_forty,2010-04-30,HYG,0.000000
sixty_forty,2010-04-30,DBC,0.000000
sixty_forty,2010-04-30,GLD,0.000000
sixty_forty,2010-04-30,BIL,0.000000
sixty_forty,2010-05-28,SPY,0.600000
sixty_forty,2010-05-28,EEM,0.000000
sixty_forty,2010-05-28,IEF,0.400000
sixty_forty,2010-05-28,TIP,0.000000
sixty_forty,2010-05-28,HYG,0.000000
sixty_forty,2010-05-28,DBC,0.000000
sixty_forty,2010-05-28,GLD,0.000000
sixty_forty,2010-05-28,BIL,0.000000
sixty_forty,2010-06-30,SPY,0.600000
sixty_forty,2010-06-30,EEM,0.000000
sixty_forty,2010-06-30,IEF,0.400000
sixty_forty,2010-06-30,TIP,0.000000
sixty_forty,2010-06-30,HYG,0.000000
sixty_forty,2010-06-30,DBC,0.000000
sixty_forty,2010-06-30,GLD,0.000000
sixty_forty,2010-06-30,BIL,0.000000
sixty_forty,2010-07-30,SPY,0.600000
sixty_forty,2010-07-30,EEM,0.000000
sixty_forty,2010-07-30,IEF,0.400000
sixty_forty,2010-07-30,TIP,0.000000
sixty_forty,2010-07-30,HYG,0.000000
sixty_forty,2010-07-30,DBC,0.000000
sixty_forty,2010-07-30,GLD,0.000000
sixty_forty,2010-07-30,BIL,0.000000
sixty_forty,2010-08-31,SPY,0.600000
sixty_forty,2010-08-31,EEM,0.000000
sixty_forty,2010-08-31,IEF,0.400000
sixty_forty,2010-08-31,TIP,0.000000
sixty_forty,2010-08-31,HYG,0.000000
sixty_forty,2010-08-31,DBC,0.000000
sixty_forty,2010-08-31,GLD,0.000000
sixty_forty,2010-08-31,BIL,0.000000
sixty_forty,2010-09-30,SPY,0.600000
sixty_forty,2010-09-30,EEM,0.000000
sixty_forty,2010-09-30,IEF,0.400000
sixty_forty,2010-09-30,TIP,0.000000
sixty_forty,2010-09-30,HYG,0.000000
sixty_forty,2010-09-30,DBC,0.000000
sixty_forty,2010-09-30,GLD,0.000000
sixty_forty,2010-09-30,BIL,0.000000
sixty_forty,2010-10-29,SPY,0.600000
sixty_forty,2010-10-29,EEM,0.000000
sixty_forty,2010-10-29,IEF,0.400000
sixty_forty,2010-10-29,TIP,0.000000
sixty_forty,2010-10-29,HYG,0.000000
sixty_forty,2010-10-29,DBC,0.000000
sixty_forty,2010-10-29,GLD,0.000000
sixty_forty,2010-10-29,BIL,0.000000
sixty_forty,2010-11-30,SPY,0.600000
sixty_forty,2010-11-30,EEM,0.000000
sixty_forty,2010-11-30,IEF,0.400000
sixty_forty,2010-11-30,TIP,0.000000
sixty_forty,2010-11-30,HYG,0.000000
sixty_forty,2010-11-30,DBC,0.000000
sixty_forty,2010-11-30,GLD,0.000000
sixty_forty,2010-11-30,BIL,0.000000
sixty_forty,2010-12-31,SPY,0.600000
sixty_forty,2010-12-31,EEM,0.000000
sixty_forty,2010-12-31,IEF,0.400000
sixty_forty,2010-12-31,TIP,0.000000
sixty_forty,2010-12-31,HYG,0.000000
sixty_forty,2010-12-31,DBC,0.000000
sixty_forty,2010-12-31,GLD,0.000000
sixty_forty,2010-12-31,BIL,0.000000
sixty_forty,2011-01-31,SPY,0.600000
sixty_forty,2011-01-31,EEM,0.000000
sixty_forty,2011-01-31,IEF,0.400000
sixty_forty,2011-01-31,TIP,0.000000
sixty_forty,2011-01-31,HYG,0.000000
sixty_forty,2011-01-31,DBC,0.000000
sixty_forty,2011-01-31,GLD,0.000000
sixty_forty,2011-01-31,BIL,0.000000
sixty_forty,2011-02-28,SPY,0.600000
sixty_forty,2011-02-28,EEM,0.000000
sixty_forty,2011-02-28,IEF,0.400000
sixty_forty,2011-02-28,TIP,0.000000
sixty_forty,2011-02-28,HYG,0.000000
sixty_forty,2011-02-28,DBC,0.000000
sixty_forty,2011-02-28,GLD,0.000000
sixty_forty,2011-02-28,BIL,0.000000
sixty_forty,2011-03-31,SPY,0.600000
sixty_forty,2011-03-31,EEM,0.000000
sixty_forty,2011-03-31,IEF,0.400000
sixty_forty,2011-03-31,TIP,0.000000
sixty_forty,2011-03-31,HYG,0.000000
sixty_forty,2011-03-31,DBC,0.000000
sixty_forty,2011-03-31,GLD,0.000000
sixty_forty,2011-03-31,BIL,0.000000
sixty_forty,2011-04-29,SPY,0.600000
sixty_forty,2011-04-29,EEM,0.000000
sixty_forty,2011-04-29,IEF,0.400000
sixty_forty,2011-04-29,TIP,0.000000
sixty_forty,2011-04-29,HYG,0.000000
sixty_forty,2011-04-29,DBC,0.000000
sixty_forty,2011-04-29,GLD,0.000000
sixty_forty,2011-04-29,BIL,0.000000
sixty_forty,2011-05-31,SPY,0.600000
sixty_forty,2011-05-31,EEM,0.000000
sixty_forty,2011-05-31,IEF,0.400000
sixty_forty,2011-05-31,TIP,0.000000
sixty_forty,2011-05-31,HYG,0.000000
sixty_forty,2011-05-31,DBC,0.000000
sixty_forty,2011-05-31,GLD,0.000000
sixty_forty,2011-05-31,BIL,0.000000
sixty_forty,2011-06-30,SPY,0.600000
sixty_forty,2011-06-30,EEM,0.000000
sixty_forty,2011-06-30,IEF,0.400000
sixty_forty,2011-06-30,TIP,0.000000
sixty_forty,2011-06-30,HYG,0.000000
sixty_forty,2011-06-30,DBC,0.000000
sixty_forty,2011-06-30,GLD,0.000000
sixty_forty,2011-06-30,BIL,0.000000
sixty_forty,2011-07-29,SPY,0.600000
sixty_forty,2011-07-29,EEM,0.000000
sixty_forty,2011-07-29,IEF,0.400000
sixty_forty,2011-07-29,TIP,0.000000
sixty_forty,2011-07-29,HYG,0.000000
sixty_forty,2011-07-29,DBC,0.000000
sixty_forty,2011-07-29,GLD,0.000000
sixty_forty,2011-07-29,BIL,0.000000
sixty_forty,2011-08-31,SPY,0.600000
sixty_forty,2011-08-31,EEM,0.000000
sixty_forty,2011-08-31,IEF,0.400000
sixty_forty,2011-08-31,TIP,0.000000
sixty_forty,2011-08-31,HYG,0.000000
sixty_forty,2011-08-31,DBC,0.000000
sixty_forty,2011-08-31,GLD,0.000000
sixty_forty,2011-08-31,BIL,0.000000
sixty_forty,2011-09-30,SPY,0.600000
sixty_forty,2011-09-30,EEM,0.000000
sixty_forty,2011-09-30,IEF,0.400000
sixty_forty,2011-09-30,TIP,0.000000
sixty_forty,2011-09-30,HYG,0.000000
sixty_forty,2011-09-30,DBC,0.000000
sixty_forty,2011-09-30,GLD,0.000000
sixty_forty,2011-09-30,BIL,0.000000
sixty_forty,2011-10-31,SPY,0.600000
sixty_forty,2011-10-31,EEM,0.000000
sixty_forty,2011-10-31,IEF,0.400000
sixty_forty,2011-10-31,TIP,0.000000
sixty_forty,2011-10-31,HYG,0.000000
sixty_forty,2011-10-31,DBC,0.000000
sixty_forty,2011-10-31,GLD,0.000000
sixty_forty,2011-10-31,BIL,0.000000
sixty_forty,2011-11-30,SPY,0.600000
sixty_forty,2011-11-30,EEM,0.000000
sixty_forty,2011-11-30,IEF,0.400000
sixty_forty,2011-11-30,TIP,0.000000
sixty_forty,2011-11-30,HYG,0.000000
sixty_forty,2011-11-30,DBC,0.000000
sixty_forty,2011-11-30,GLD,0.000000
sixty_forty,2011-11-30,BIL,0.000000
sixty_forty,2011-12-30,SPY,0.600000
sixty_forty,2011-12-30,EEM,0.000000
sixty_forty,2011-12-30,IEF,0.400000
sixty_forty,2011-12-30,TIP,0.000000
sixty_forty,2011-12-30,HYG,0.000000
sixty_forty,2011-12-30,DBC,0.000000
sixty_forty,2011-12-30,GLD,0.000000
sixty_forty,2011-12-30,BIL,0.000000
sixty_forty,2012-01-31,SPY,0.600000
sixty_forty,2012-01-31,EEM,0.000000
sixty_forty,2012-01-31,IEF,0.400000
sixty_forty,2012-01-31,TIP,0.000000
sixty_forty,2012-01-31,HYG,0.000000
sixty_forty,2012-01-31,DBC,0.000000
sixty_forty,2012-01-31,GLD,0.000000
sixty_forty,2012-01-31,BIL,0.000000
sixty_forty,2012-02-29,SPY,0.600000
sixty_forty,2012-02-29,EEM,0.000000
sixty_forty,2012-02-29,IEF,0.400000
sixty_forty,2012-02-29,TIP,0.000000
sixty_forty,2012-02-29,HYG,0.000000
sixty_forty,2012-02-29,DBC,0.000000
sixty_forty,2012-02-29,GLD,0.000000
sixty_forty,2012-02-29,BIL,0.000000
sixty_forty,2012-03-30,SPY,0.600000
sixty_forty,2012-03-30,EEM,0.000000
sixty_forty,2012-03-30,IEF,0.400000
sixty_forty,2012-03-30,TIP,0.000000
sixty_forty,2012-03-30,HYG,0.000000
sixty_forty,2012-03-30,DBC,0.000000
sixty_forty,2012-03-30,GLD,0.000000
sixty_forty,2012-03-30,BIL,0.000000
sixty_forty,2012-04-30,SPY,0.600000
sixty_forty,2012-04-30,EEM,0.000000
sixty_forty,2012-04-30,IEF,0.400000
sixty_forty,2012-04-30,TIP,0.000000
sixty_forty,2012-04-30,HYG,0.000000
sixty_forty,2012-04-30,DBC,0.000000
sixty_forty,2012-04-30,GLD,0.000000
sixty_forty,2012-04-30,BIL,0.000000
sixty_forty,2012-05-31,SPY,0.600000
sixty_forty,2012-05-31,EEM,0.000000
sixty_forty,2012-05-31,IEF,0.400000
sixty_forty,2012-05-31,TIP,0.000000
sixty_forty,2012-05-31,HYG,0.000000
sixty_forty,2012-05-31,DBC,0.000000
sixty_forty,2012-05-31,GLD,0.000000
sixty_forty,2012-05-31,BIL,0.000000
sixty_forty,2012-06-29,SPY,0.600000
sixty_forty,2012-06-29,EEM,0.000000
sixty_forty,2012-06-29,IEF,0.400000
sixty_forty,2012-06-29,TIP,0.000000
sixty_forty,2012-06-29,HYG,0.000000
sixty_forty,2012-06-29,DBC,0.000000
sixty_forty,2012-06-29,GLD,0.000000
sixty_forty,2012-06-29,BIL,0.000000
sixty_forty,2012-07-31,SPY,0.600000
sixty_forty,2012-07-31,EEM,0.000000
sixty_forty,2012-07-31,IEF,0.400000
sixty_forty,2012-07-31,TIP,0.000000
sixty_forty,2012-07-31,HYG,0.000000
sixty_forty,2012-07-31,DBC,0.000000
sixty_forty,2012-07-31,GLD,0.000000
sixty_forty,2012-07-31,BIL,0.000000
sixty_forty,2012-08-31,SPY,0.600000
sixty_forty,2012-08-31,EEM,0.000000
sixty_forty,2012-08-31,IEF,0.400000
sixty_forty,2012-08-31,TIP,0.000000
sixty_forty,2012-08-31,HYG,0.000000
sixty_forty,2012-08-31,DBC,0.000000
sixty_forty,2012-08-31,GLD,0.000000
sixty_forty,2012-08-31,BIL,0.000000
sixty_forty,2012-09-28,SPY,0.600000
sixty_forty,2012-09-28,EEM,0.000000
sixty_forty,2012-09-28,IEF,0.400000
sixty_forty,2012-09-28,TIP,0.000000
sixty_forty,2012-09-28,HYG,0.000000
sixty_forty,2012-09-28,DBC,0.000000
sixty_forty,2012-09-28,GLD,0.000000
sixty_forty,2012-09-28,BIL,0.000000
sixty_forty,2012-10-31,SPY,0.600000
sixty_forty,2012-10-31,EEM,0.000000
sixty_forty,2012-10-31,IEF,0.400000
sixty_forty,2012-10-31,TIP,0.000000
sixty_forty,2012-10-31,HYG,0.000000
sixty_forty,2012-10-31,DBC,0.000000
sixty_forty,2012-10-31,GLD,0.000000
sixty_forty,2012-10-31,BIL,0.000000
sixty_forty,2012-11-30,SPY,0.600000
sixty_forty,2012-11-30,EEM,0.000000
sixty_forty,2012-11-30,IEF,0.400000
sixty_forty,2012-11-30,TIP,0.000000
sixty_forty,2012-11-30,HYG,0.000000
sixty_forty,2012-11-30,DBC,0.000000
sixty_forty,2012-11-30,GLD,0.000000
sixty_forty,2012-11-30,BIL,0.000000
sixty_forty,2012-12-31,SPY,0.600000
sixty_forty,2012-12-31,EEM,0.000000
sixty_forty,2012-12-31,IEF,0.400000
sixty_forty,2012-12-31,TIP,0.000000
sixty_forty,2012-12-31,HYG,0.000000
sixty_forty,2012-12-31,DBC,0.000000
sixty_forty,2012-12-31,GLD,0.000000
sixty_forty,2012-12-31,BIL,0.000000
sixty_forty,2013-01-31,SPY,0.600000
sixty_forty,2013-01-31,EEM,0.000000
sixty_forty,2013-01-31,IEF,0.400000
sixty_forty,2013-01-31,TIP,0.000000
sixty_forty,2013-01-31,HYG,0.000000
sixty_forty,2013-01-31,DBC,0.000000
sixty_forty,2013-01-31,GLD,0.000000
sixty_forty,2013-01-31,BIL,0.000000
sixty_forty,2013-02-28,SPY,0.600000
sixty_forty,2013-02-28,EEM,0.000000
sixty_forty,2013-02-28,IEF,0.400000
sixty_forty,2013-02-28,TIP,0.000000
sixty_forty,2013-02-28,HYG,0.000000
sixty_forty,2013-02-28,DBC,0.000000
sixty_forty,2013-02-28,GLD,0.000000
sixty_forty,2013-02-28,BIL,0.000000
sixty_forty,2013-03-28,SPY,0.600000
sixty_forty,2013-03-28,EEM,0.000000
sixty_forty,2013-03-28,IEF,0.400000
sixty_forty,2013-03-28,TIP,0.000000
sixty_forty,2013-03-28,HYG,0.000000
sixty_forty,2013-03-28,DBC,0.000000
sixty_forty,2013-03-28,GLD,0.000000
sixty_forty,2013-03-28,BIL,0.000000
sixty_forty,2013-04-30,SPY,0.600000
sixty_forty,2013-04-30,EEM,0.000000
sixty_forty,2013-04-30,IEF,0.400000
sixty_forty,2013-04-30,TIP,0.000000
sixty_forty,2013-04-30,HYG,0.000000
sixty_forty,2013-04-30,DBC,0.000000
sixty_forty,2013-04-30,GLD,0.000000
sixty_forty,2013-04-30,BIL,0.000000
sixty_forty,2013-05-31,SPY,0.600000
sixty_forty,2013-05-31,EEM,0.000000
sixty_forty,2013-05-31,IEF,0.400000
sixty_forty,2013-05-31,TIP,0.000000
sixty_forty,2013-05-31,HYG,0.000000
sixty_forty,2013-05-31,DBC,0.000000
sixty_forty,2013-05-31,GLD,0.000000
sixty_forty,2013-05-31,BIL,0.000000
sixty_forty,2013-06-28,SPY,0.600000
sixty_forty,2013-06-28,EEM,0.000000
sixty_forty,2013-06-28,IEF,0.400000
sixty_forty,2013-06-28,TIP,0.000000
sixty_forty,2013-06-28,HYG,0.000000
sixty_forty,2013-06-28,DBC,0.000000
sixty_forty,2013-06-28,GLD,0.000000
sixty_forty,2013-06-28,BIL,0.000000
sixty_forty,2013-07-31,SPY,0.600000
sixty_forty,2013-07-31,EEM,0.000000
sixty_forty,2013-07-31,IEF,0.400000
sixty_forty,2013-07-31,TIP,0.000000
sixty_forty,2013-07-31,HYG,0.000000
sixty_forty,2013-07-31,DBC,0.000000
sixty_forty,2013-07-31,GLD,0.000000
sixty_forty,2013-07-31,BIL,0.000000
sixty_forty,2013-08-30,SPY,0.600000
sixty_forty,2013-08-30,EEM,0.000000
sixty_forty,2013-08-30,IEF,0.400000
sixty_forty,2013-08-30,TIP,0.000000
sixty_forty,2013-08-30,HYG,0.000000
sixty_forty,2013-08-30,DBC,0.000000
sixty_forty,2013-08-30,GLD,0.000000
sixty_forty,2013-08-30,BIL,0.000000
sixty_forty,2013-09-30,SPY,0.600000
sixty_forty,2013-09-30,EEM,0.000000
sixty_forty,2013-09-30,IEF,0.400000
sixty_forty,2013-09-30,TIP,0.000000
sixty_forty,2013-09-30,HYG,0.000000
sixty_forty,2013-09-30,DBC,0.000000
sixty_forty,2013-09-30,GLD,0.000000
sixty_forty,2013-09-30,BIL,0.000000
sixty_forty,2013-10-31,SPY,0.600000
sixty_forty,2013-10-31,EEM,0.000000
sixty_forty,2013-10-31,IEF,0.400000
sixty_forty,2013-10-31,TIP,0.000000
sixty_forty,2013-10-31,HYG,0.000000
sixty_forty,2013-10-31,DBC,0.000000
sixty_forty,2013-10-31,GLD,0.000000
sixty_forty,2013-10-31,BIL,0.000000
sixty_forty,2013-11-29,SPY,0.600000
sixty_forty,2013-11-29,EEM,0.000000
sixty_forty,2013-11-29,IEF,0.400000
sixty_forty,2013-11-29,TIP,0.000000
sixty_forty,2013-11-29,HYG,0.000000
sixty_forty,2013-11-29,DBC,0.000000
sixty_forty,2013-11-29,GLD,0.000000
sixty_forty,2013-11-29,BIL,0.000000
sixty_forty,2013-12-31,SPY,0.600000
sixty_forty,2013-12-31,EEM,0.000000
sixty_forty,2013-12-31,IEF,0.400000
sixty_forty,2013-12-31,TIP,0.000000
sixty_forty,2013-12-31,HYG,0.000000
sixty_forty,2013-12-31,DBC,0.000000
sixty_forty,2013-12-31,GLD,0.000000
sixty_forty,2013-12-31,BIL,0.000000
sixty_forty,2014-01-31,SPY,0.600000
sixty_forty,2014-01-31,EEM,0.000000
sixty_forty,2014-01-31,IEF,0.400000
sixty_forty,2014-01-31,TIP,0.000000
sixty_forty,2014-01-31,HYG,0.000000
sixty_forty,2014-01-31,DBC,0.000000
sixty_forty,2014-01-31,GLD,0.000000
sixty_forty,2014-01-31,BIL,0.000000
sixty_forty,2014-02-28,SPY,0.600000
sixty_forty,2014-02-28,EEM,0.000000
sixty_forty,2014-02-28,IEF,0.400000
sixty_forty,2014-02-28,TIP,0.000000
sixty_forty,2014-02-28,HYG,0.000000
sixty_forty,2014-02-28,DBC,0.000000
sixty_forty,2014-02-28,GLD,0.000000
sixty_forty,2014-02-28,BIL,0.000000
sixty_forty,2014-03-31,SPY,0.600000
sixty_forty,2014-03-31,EEM,0.000000
sixty_forty,2014-03-31,IEF,0.400000
sixty_forty,2014-03-31,TIP,0.000000
sixty_forty,2014-03-31,HYG,0.000000
sixty_forty,2014-03-31,DBC,0.000000
sixty_forty,2014-03-31,GLD,0.000000
sixty_forty,2014-03-31,BIL,0.000000
sixty_forty,2014-04-30,SPY,0.600000
sixty_forty,2014-04-30,EEM,0.000000
sixty_forty,2014-04-30,IEF,0.400000
sixty_forty,2014-04-30,TIP,0.000000
sixty_forty,2014-04-30,HYG,0.000000
sixty_forty,2014-04-30,DBC,0.000000
sixty_forty,2014-04-30,GLD,0.000000
sixty_forty,2014-04-30,BIL,0.000000
sixty_forty,2014-05-30,SPY,0.600000
sixty_forty,2014-05-30,EEM,0.000000
sixty_forty,2014-05-30,IEF,0.400000
sixty_forty,2014-05-30,TIP,0.000000
sixty_forty,2014-05-30,HYG,0.000000
sixty_forty,2014-05-30,DBC,0.000000
sixty_forty,2014-05-30,GLD,0.000000
sixty_forty,2014-05-30,BIL,0.000000
sixty_forty,2014-06-30,SPY,0.600000
sixty_forty,2014-06-30,EEM,0.000000
sixty_forty,2014-06-30,IEF,0.400000
sixty_forty,2014-06-30,TIP,0.000000
sixty_forty,2014-06-30,HYG,0.000000
sixty_forty,2014-06-30,DBC,0.000000
sixty_forty,2014-06-30,GLD,0.000000
sixty_forty,2014-06-30,BIL,0.000000
sixty_forty,2014-07-31,SPY,0.600000
sixty_forty,2014-07-31,EEM,0.000000
sixty_forty,2014-07-31,IEF,0.400000
sixty_forty,2014-07-31,TIP,0.000000
sixty_forty,2014-07-31,HYG,0.000000
sixty_forty,2014-07-31,DBC,0.000000
sixty_forty,2014-07-31,GLD,0.000000
sixty_forty,2014-07-31,BIL,0.000000
sixty_forty,2014-08-29,SPY,0.600000
sixty_forty,2014-08-29,EEM,0.000000
sixty_forty,2014-08-29,IEF,0.400000
sixty_forty,2014-08-29,TIP,0.000000
sixty_forty,2014-08-29,HYG,0.000000
sixty_forty,2014-08-29,DBC,0.000000
sixty_forty,2014-08-29,GLD,0.000000
sixty_forty,2014-08-29,BIL,0.000000
sixty_forty,2014-09-30,SPY,0.600000
sixty_forty,2014-09-30,EEM,0.000000
sixty_forty,2014-09-30,IEF,0.400000
sixty_forty,2014-09-30,TIP,0.000000
sixty_forty,2014-09-30,HYG,0.000000
sixty_forty,2014-09-30,DBC,0.000000
sixty_forty,2014-09-30,GLD,0.000000
sixty_forty,2014-09-30,BIL,0.000000
sixty_forty,2014-10-31,SPY,0.600000
sixty_forty,2014-10-31,EEM,0.000000
sixty_forty,2014-10-31,IEF,0.400000
sixty_forty,2014-10-31,TIP,0.000000
sixty_forty,2014-10-31,HYG,0.000000
sixty_forty,2014-10-31,DBC,0.000000
sixty_forty,2014-10-31,GLD,0.000000
sixty_forty,2014-10-31,BIL,0.000000
sixty_forty,2014-11-28,SPY,0.600000
sixty_forty,2014-11-28,EEM,0.000000
sixty_forty,2014-11-28,IEF,0.400000
sixty_forty,2014-11-28,TIP,0.000000
sixty_forty,2014-11-28,HYG,0.000000
sixty_forty,2014-11-28,DBC,0.000000
sixty_forty,2014-11-28,GLD,0.000000
sixty_forty,2014-11-28,BIL,0.000000
sixty_forty,2014-12-31,SPY,0.600000
sixty_forty,2014-12-31,EEM,0.000000
sixty_forty,2014-12-31,IEF,0.400000
sixty_forty,2014-12-31,TIP,0.000000
sixty_forty,2014-12-31,HYG,0.000000
sixty_forty,2014-12-31,DBC,0.000000
sixty_forty,2014-12-31,GLD,0.000000
sixty_forty,2014-12-31,BIL,0.000000
sixty_forty,2015-01-30,SPY,0.600000
sixty_forty,2015-01-30,EEM,0.000000
sixty_forty,2015-01-30,IEF,0.400000
sixty_forty,2015-01-30,TIP,0.000000
sixty_forty,2015-01-30,HYG,0.000000
sixty_forty,2015-01-30,DBC,0.000000
sixty_forty,2015-01-30,GLD,0.000000
sixty_forty,2015-01-30,BIL,0.000000
sixty_forty,2015-02-27,SPY,0.600000
sixty_forty,2015-02-27,EEM,0.000000
sixty_forty,2015-02-27,IEF,0.400000
sixty_forty,2015-02-27,TIP,0.000000
sixty_forty,2015-02-27,HYG,0.000000
sixty_forty,2015-02-27,DBC,0.000000
sixty_forty,2015-02-27,GLD,0.000000
sixty_forty,2015-02-27,BIL,0.000000
sixty_forty,2015-03-31,SPY,0.600000
sixty_forty,2015-03-31,EEM,0.000000
sixty_forty,2015-03-31,IEF,0.400000
sixty_forty,2015-03-31,TIP,0.000000
sixty_forty,2015-03-31,HYG,0.000000
sixty_forty,2015-03-31,DBC,0.000000
sixty_forty,2015-03-31,GLD,0.000000
sixty_forty,2015-03-31,BIL,0.000000
sixty_forty,2015-04-30,SPY,0.600000
sixty_forty,2015-04-30,EEM,0.000000
sixty_forty,2015-04-30,IEF,0.400000
sixty_forty,2015-04-30,TIP,0.000000
sixty_forty,2015-04-30,HYG,0.000000
sixty_forty,2015-04-30,DBC,0.000000
sixty_forty,2015-04-30,GLD,0.000000
sixty_forty,2015-04-30,BIL,0.000000
sixty_forty,2015-05-29,SPY,0.600000
sixty_forty,2015-05-29,EEM,0.000000
sixty_forty,2015-05-29,IEF,0.400000
sixty_forty,2015-05-29,TIP,0.000000
sixty_forty,2015-05-29,HYG,0.000000
sixty_forty,2015-05-29,DBC,0.000000
sixty_forty,2015-05-29,GLD,0.000000
sixty_forty,2015-05-29,BIL,0.000000
sixty_forty,2015-06-30,SPY,0.600000
sixty_forty,2015-06-30,EEM,0.000000
sixty_forty,2015-06-30,IEF,0.400000
sixty_forty,2015-06-30,TIP,0.000000
sixty_forty,2015-06-30,HYG,0.000000
sixty_forty,2015-06-30,DBC,0.000000
sixty_forty,2015-06-30,GLD,0.000000
sixty_forty,2015-06-30,BIL,0.000000
sixty_forty,2015-07-31,SPY,0.600000
sixty_forty,2015-07-31,EEM,0.000000
sixty_forty,2015-07-31,IEF,0.400000
sixty_forty,2015-07-31,TIP,0.000000
sixty_forty,2015-07-31,HYG,0.000000
sixty_forty,2015-07-31,DBC,0.000000
sixty_forty,2015-07-31,GLD,0.000000
sixty_forty,2015-07-31,BIL,0.000000
sixty_forty,2015-08-31,SPY,0.600000
sixty_forty,2015-08-31,EEM,0.000000
sixty_forty,2015-08-31,IEF,0.400000
sixty_forty,2015-08-31,TIP,0.000000
sixty_forty,2015-08-31,HYG,0.000000
sixty_forty,2015-08-31,DBC,0.000000
sixty_forty,2015-08-31,GLD,0.000000
sixty_forty,2015-08-31,BIL,0.000000
sixty_forty,2015-09-30,SPY,0.600000
sixty_forty,2015-09-30,EEM,0.000000
sixty_forty,2015-09-30,IEF,0.400000
sixty_forty,2015-09-30,TIP,0.000000
sixty_forty,2015-09-30,HYG,0.000000
sixty_forty,2015-09-30,DBC,0.000000
sixty_forty,2015-09-30,GLD,0.000000
sixty_forty,2015-09-30,BIL,0.000000
sixty_forty,2015-10-30,SPY,0.600000
sixty_forty,2015-10-30,EEM,0.000000
sixty_forty,2015-10-30,IEF,0.400000
sixty_forty,2015-10-30,TIP,0.000000
sixty_forty,2015-10-30,HYG,0.000000
sixty_forty,2015-10-30,DBC,0.000000
sixty_forty,2015-10-30,GLD,0.000000
sixty_forty,2015-10-30,BIL,0.000000
sixty_forty,2015-11-30,SPY,0.600000
sixty_forty,2015-11-30,EEM,0.000000
sixty_forty,2015-11-30,IEF,0.400000
sixty_forty,2015-11-30,TIP,0.000000
sixty_forty,2015-11-30,HYG,0.000000
sixty_forty,2015-11-30,DBC,0.000000
sixty_forty,2015-11-30,GLD,0.000000
sixty_forty,2015-11-30,BIL,0.000000
sixty_forty,2015-12-31,SPY,0.600000
sixty_forty,2015-12-31,EEM,0.000000
sixty_forty,2015-12-31,IEF,0.400000
sixty_forty,2015-12-31,TIP,0.000000
sixty_forty,2015-12-31,HYG,0.000000
sixty_forty,2015-12-31,DBC,0.000000
sixty_forty,2015-12-31,GLD,0.000000
sixty_forty,2015-12-31,BIL,0.000000
sixty_forty,2016-01-29,SPY,0.600000
sixty_forty,2016-01-29,EEM,0.000000
sixty_forty,2016-01-29,IEF,0.400000
sixty_forty,2016-01-29,TIP,0.000000
sixty_forty,2016-01-29,HYG,0.000000
sixty_forty,2016-01-29,DBC,0.000000
sixty_forty,2016-01-29,GLD,0.000000
sixty_forty,2016-01-29,BIL,0.000000
sixty_forty,2016-02-29,SPY,0.600000
sixty_forty,2016-02-29,EEM,0.000000
sixty_forty,2016-02-29,IEF,0.400000
sixty_forty,2016-02-29,TIP,0.000000
sixty_forty,2016-02-29,HYG,0.000000
sixty_forty,2016-02-29,DBC,0.000000
sixty_forty,2016-02-29,GLD,0.000000
sixty_forty,2016-02-29,BIL,0.000000
sixty_forty,2016-03-31,SPY,0.600000
sixty_forty,2016-03-31,EEM,0.000000
sixty_forty,2016-03-31,IEF,0.400000
sixty_forty,2016-03-31,TIP,0.000000
sixty_forty,2016-03-31,HYG,0.000000
sixty_forty,2016-03-31,DBC,0.000000
sixty_forty,2016-03-31,GLD,0.000000
sixty_forty,2016-03-31,BIL,0.000000
sixty_forty,2016-04-29,SPY,0.600000
sixty_forty,2016-04-29,EEM,0.000000
sixty_forty,2016-04-29,IEF,0.400000
sixty_forty,2016-04-29,TIP,0.000000
sixty_forty,2016-04-29,HYG,0.000000
sixty_forty,2016-04-29,DBC,0.000000
sixty_forty,2016-04-29,GLD,0.000000
sixty_forty,2016-04-29,BIL,0.000000
sixty_forty,2016-05-31,SPY,0.600000
sixty_forty,2016-05-31,EEM,0.000000
sixty_forty,2016-05-31,IEF,0.400000
sixty_forty,2016-05-31,TIP,0.000000
sixty_forty,2016-05-31,HYG,0.000000
sixty_forty,2016-05-31,DBC,0.000000
sixty_forty,2016-05-31,GLD,0.000000
sixty_forty,2016-05-31,BIL,0.000000
sixty_forty,2016-06-30,SPY,0.600000
sixty_forty,2016-06-30,EEM,0.000000
sixty_forty,2016-06-30,IEF,0.400000
sixty_forty,2016-06-30,TIP,0.000000
sixty_forty,2016-06-30,HYG,0.000000
sixty_forty,2016-06-30,DBC,0.000000
sixty_forty,2016-06-30,GLD,0.000000
sixty_forty,2016-06-30,BIL,0.000000
sixty_forty,2016-07-29,SPY,0.600000
sixty_forty,2016-07-29,EEM,0.000000
sixty_forty,2016-07-29,IEF,0.400000
sixty_forty,2016-07-29,TIP,0.000000
sixty_forty,2016-07-29,HYG,0.000000
sixty_forty,2016-07-29,DBC,0.000000
sixty_forty,2016-07-29,GLD,0.000000
sixty_forty,2016-07-29,BIL,0.000000
sixty_forty,2016-08-31,SPY,0.600000
sixty_forty,2016-08-31,EEM,0.000000
sixty_forty,2016-08-31,IEF,0.400000
sixty_forty,2016-08-31,TIP,0.000000
sixty_forty,2016-08-31,HYG,0.000000
sixty_forty,2016-08-31,DBC,0.000000
sixty_forty,2016-08-31,GLD,0.000000
sixty_forty,2016-08-31,BIL,0.000000
sixty_forty,2016-09-30,SPY,0.600000
sixty_forty,2016-09-30,EEM,0.000000
sixty_forty,2016-09-30,IEF,0.400000
sixty_forty,2016-09-30,TIP,0.000000
sixty_forty,2016-09-30,HYG,0.000000
sixty_forty,2016-09-30,DBC,0.000000
sixty_forty,2016-09-30,GLD,0.000000
sixty_forty,2016-09-30,BIL,0.000000
sixty_forty,2016-10-31,SPY,0.600000
sixty_forty,2016-10-31,EEM,0.000000
sixty_forty,2016-10-31,IEF,0.400000
sixty_forty,2016-10-31,TIP,0.000000
sixty_forty,2016-10-31,HYG,0.000000
sixty_forty,2016-10-31,DBC,0.000000
sixty_forty,2016-10-31,GLD,0.000000
sixty_forty,2016-10-31,BIL,0.000000
sixty_forty,2016-11-30,SPY,0.600000
sixty_forty,2016-11-30,EEM,0.000000
sixty_forty,2016-11-30,IEF,0.400000
sixty_forty,2016-11-30,TIP,0.000000
sixty_forty,2016-11-30,HYG,0.000000
sixty_forty,2016-11-30,DBC,0.000000
sixty_forty,2016-11-30,GLD,0.000000
sixty_forty,2016-11-30,BIL,0.000000
sixty_forty,2016-12-30,SPY,0.600000
sixty_forty,2016-12-30,EEM,0.000000
sixty_forty,2016-12-30,IEF,0.400000
sixty_forty,2016-12-30,TIP,0.000000
sixty_forty,2016-12-30,HYG,0.000000
sixty_forty,2016-12-30,DBC,0.000000
sixty_forty,2016-12-30,GLD,0.000000
sixty_forty,2016-12-30,BIL,0.000000
sixty_forty,2017-01-31,SPY,0.600000
sixty_forty,2017-01-31,EEM,0.000000
sixty_forty,2017-01-31,IEF,0.400000
sixty_forty,2017-01-31,TIP,0.000000
sixty_forty,2017-01-31,HYG,0.000000
sixty_forty,2017-01-31,DBC,0.000000
sixty_forty,2017-01-31,GLD,0.000000
sixty_forty,2017-01-31,BIL,0.000000
sixty_forty,2017-02-28,SPY,0.600000
sixty_forty,2017-02-28,EEM,0.000000
sixty_forty,2017-02-28,IEF,0.400000
sixty_forty,2017-02-28,TIP,0.000000
sixty_forty,2017-02-28,HYG,0.000000
sixty_forty,2017-02-28,DBC,0.000000
sixty_forty,2017-02-28,GLD,0.000000
sixty_forty,2017-02-28,BIL,0.000000
sixty_forty,2017-03-31,SPY,0.600000
sixty_forty,2017-03-31,EEM,0.000000
sixty_forty,2017-03-31,IEF,0.400000
sixty_forty,2017-03-31,TIP,0.000000
sixty_forty,2017-03-31,HYG,0.000000
sixty_forty,2017-03-31,DBC,0.000000
sixty_forty,2017-03-31,GLD,0.000000
sixty_forty,2017-03-31,BIL,0.000000
sixty_forty,2017-04-28,SPY,0.600000
sixty_forty,2017-04-28,EEM,0.000000
sixty_forty,2017-04-28,IEF,0.400000
sixty_forty,2017-04-28,TIP,0.000000
sixty_forty,2017-04-28,HYG,0.000000
sixty_forty,2017-04-28,DBC,0.000000
sixty_forty,2017-04-28,GLD,0.000000
sixty_forty,2017-04-28,BIL,0.000000
sixty_forty,2017-05-31,SPY,0.600000
sixty_forty,2017-05-31,EEM,0.000000
sixty_forty,2017-05-31,IEF,0.400000
sixty_forty,2017-05-31,TIP,0.000000
sixty_forty,2017-05-31,HYG,0.000000
sixty_forty,2017-05-31,DBC,0.000000
sixty_forty,2017-05-31,GLD,0.000000
sixty_forty,2017-05-31,BIL,0.000000
sixty_forty,2017-06-30,SPY,0.600000
sixty_forty,2017-06-30,EEM,0.000000
sixty_forty,2017-06-30,IEF,0.400000
sixty_forty,2017-06-30,TIP,0.000000
sixty_forty,2017-06-30,HYG,0.000000
sixty_forty,2017-06-30,DBC,0.000000
sixty_forty,2017-06-30,GLD,0.000000
sixty_forty,2017-06-30,BIL,0.000000
sixty_forty,2017-07-31,SPY,0.600000
sixty_forty,2017-07-31,EEM,0.000000
sixty_forty,2017-07-31,IEF,0.400000
sixty_forty,2017-07-31,TIP,0.000000
sixty_forty,2017-07-31,HYG,0.000000
sixty_forty,2017-07-31,DBC,0.000000
sixty_forty,2017-07-31,GLD,0.000000
sixty_forty,2017-07-31,BIL,0.000000
sixty_forty,2017-08-31,SPY,0.600000
sixty_forty,2017-08-31,EEM,0.000000
sixty_forty,2017-08-31,IEF,0.400000
sixty_forty,2017-08-31,TIP,0.000000
sixty_forty,2017-08-31,HYG,0.000000
sixty_forty,2017-08-31,DBC,0.000000
sixty_forty,2017-08-31,GLD,0.000000
sixty_forty,2017-08-31,BIL,0.000000
sixty_forty,2017-09-29,SPY,0.600000
sixty_forty,2017-09-29,EEM,0.000000
sixty_forty,2017-09-29,IEF,0.400000
sixty_forty,2017-09-29,TIP,0.000000
sixty_forty,2017-09-29,HYG,0.000000
sixty_forty,2017-09-29,DBC,0.000000
sixty_forty,2017-09-29,GLD,0.000000
sixty_forty,2017-09-29,BIL,0.000000
sixty_forty,2017-10-31,SPY,0.600000
sixty_forty,2017-10-31,EEM,0.000000
sixty_forty,2017-10-31,IEF,0.400000
sixty_forty,2017-10-31,TIP,0.000000
sixty_forty,2017-10-31,HYG,0.000000
sixty_forty,2017-10-31,DBC,0.000000
sixty_forty,2017-10-31,GLD,0.000000
sixty_forty,2017-10-31,BIL,0.000000
sixty_forty,2017-11-30,SPY,0.600000
sixty_forty,2017-11-30,EEM,0.000000
sixty_forty,2017-11-30,IEF,0.400000
sixty_forty,2017-11-30,TIP,0.000000
sixty_forty,2017-11-30,HYG,0.000000
sixty_forty,2017-11-30,DBC,0.000000
sixty_forty,2017-11-30,GLD,0.000000
sixty_forty,2017-11-30,BIL,0.000000
sixty_forty,2017-12-29,SPY,0.600000
sixty_forty,2017-12-29,EEM,0.000000
sixty_forty,2017-12-29,IEF,0.400000
sixty_forty,2017-12-29,TIP,0.000000
sixty_forty,2017-12-29,HYG,0.000000
sixty_forty,2017-12-29,DBC,0.000000
sixty_forty,2017-12-29,GLD,0.000000
sixty_forty,2017-12-29,BIL,0.000000
sixty_forty,2018-01-31,SPY,0.600000
sixty_forty,2018-01-31,EEM,0.000000
sixty_forty,2018-01-31,IEF,0.400000
sixty_forty,2018-01-31,TIP,0.000000
sixty_forty,2018-01-31,HYG,0.000000
sixty_forty,2018-01-31,DBC,0.000000
sixty_forty,2018-01-31,GLD,0.000000
sixty_forty,2018-01-31,BIL,0.000000
sixty_forty,2018-02-28,SPY,0.600000
sixty_forty,2018-02-28,EEM,0.000000
sixty_forty,2018-02-28,IEF,0.400000
sixty_forty,2018-02-28,TIP,0.000000
sixty_forty,2018-02-28,HYG,0.000000
sixty_forty,2018-02-28,DBC,0.000000
sixty_forty,2018-02-28,GLD,0.000000
sixty_forty,2018-02-28,BIL,0.000000
sixty_forty,2018-03-29,SPY,0.600000
sixty_forty,2018-03-29,EEM,0.000000
sixty_forty,2018-03-29,IEF,0.400000
sixty_forty,2018-03-29,TIP,0.000000
sixty_forty,2018-03-29,HYG,0.000000
sixty_forty,2018-03-29,DBC,0.000000
sixty_forty,2018-03-29,GLD,0.000000
sixty_forty,2018-03-29,BIL,0.000000
sixty_forty,2018-04-30,SPY,0.600000
sixty_forty,2018-04-30,EEM,0.000000
sixty_forty,2018-04-30,IEF,0.400000
sixty_forty,2018-04-30,TIP,0.000000
sixty_forty,2018-04-30,HYG,0.000000
sixty_forty,2018-04-30,DBC,0.000000
sixty_forty,2018-04-30,GLD,0.000000
sixty_forty,2018-04-30,BIL,0.000000
sixty_forty,2018-05-31,SPY,0.600000
sixty_forty,2018-05-31,EEM,0.000000
sixty_forty,2018-05-31,IEF,0.400000
sixty_forty,2018-05-31,TIP,0.000000
sixty_forty,2018-05-31,HYG,0.000000
sixty_forty,2018-05-31,DBC,0.000000
sixty_forty,2018-05-31,GLD,0.000000
sixty_forty,2018-05-31,BIL,0.000000
sixty_forty,2018-06-29,SPY,0.600000
sixty_forty,2018-06-29,EEM,0.000000
sixty_forty,2018-06-29,IEF,0.400000
sixty_forty,2018-06-29,TIP,0.000000
sixty_forty,2018-06-29,HYG,0.000000
sixty_forty,2018-06-29,DBC,0.000000
sixty_forty,2018-06-29,GLD,0.000000
sixty_forty,2018-06-29,BIL,0.000000
sixty_forty,2018-07-31,SPY,0.600000
sixty_forty,2018-07-31,EEM,0.000000
sixty_forty,2018-07-31,IEF,0.400000
sixty_forty,2018-07-31,TIP,0.000000
sixty_forty,2018-07-31,HYG,0.000000
sixty_forty,2018-07-31,DBC,0.000000
sixty_forty,2018-07-31,GLD,0.000000
sixty_forty,2018-07-31,BIL,0.000000
sixty_forty,2018-08-31,SPY,0.600000
sixty_forty,2018-08-31,EEM,0.000000
sixty_forty,2018-08-31,IEF,0.400000
sixty_forty,2018-08-31,TIP,0.000000
sixty_forty,2018-08-31,HYG,0.000000
sixty_forty,2018-08-31,DBC,0.000000
sixty_forty,2018-08-31,GLD,0.000000
sixty_forty,2018-08-31,BIL,0.000000
sixty_forty,2018-09-28,SPY,0.600000
sixty_forty,2018-09-28,EEM,0.000000
sixty_forty,2018-09-28,IEF,0.400000
sixty_forty,2018-09-28,TIP,0.000000
sixty_forty,2018-09-28,HYG,0.000000
sixty_forty,2018-09-28,DBC,0.000000
sixty_forty,2018-09-28,GLD,0.000000
sixty_forty,2018-09-28,BIL,0.000000
sixty_forty,2018-10-31,SPY,0.600000
sixty_forty,2018-10-31,EEM,0.000000
sixty_forty,2018-10-31,IEF,0.400000
sixty_forty,2018-10-31,TIP,0.000000
sixty_forty,2018-10-31,HYG,0.000000
sixty_forty,2018-10-31,DBC,0.000000
sixty_forty,2018-10-31,GLD,0.000000
sixty_forty,2018-10-31,BIL,0.000000
sixty_forty,2018-11-30,SPY,0.600000
sixty_forty,2018-11-30,EEM,0.000000
sixty_forty,2018-11-30,IEF,0.400000
sixty_forty,2018-11-30,TIP,0.000000
sixty_forty,2018-11-30,HYG,0.000000
sixty_forty,2018-11-30,DBC,0.000000
sixty_forty,2018-11-30,GLD,0.000000
sixty_forty,2018-11-30,BIL,0.000000
sixty_forty,2018-12-31,SPY,0.600000
sixty_forty,2018-12-31,EEM,0.000000
sixty_forty,2018-12-31,IEF,0.400000
sixty_forty,2018-12-31,TIP,0.000000
sixty_forty,2018-12-31,HYG,0.000000
sixty_forty,2018-12-31,DBC,0.000000
sixty_forty,2018-12-31,GLD,0.000000
sixty_forty,2018-12-31,BIL,0.000000
sixty_forty,2019-01-31,SPY,0.600000
sixty_forty,2019-01-31,EEM,0.000000
sixty_forty,2019-01-31,IEF,0.400000
sixty_forty,2019-01-31,TIP,0.000000
sixty_forty,2019-01-31,HYG,0.000000
sixty_forty,2019-01-31,DBC,0.000000
sixty_forty,2019-01-31,GLD,0.000000
sixty_forty,2019-01-31,BIL,0.000000
sixty_forty,2019-02-28,SPY,0.600000
sixty_forty,2019-02-28,EEM,0.000000
sixty_forty,2019-02-28,IEF,0.400000
sixty_forty,2019-02-28,TIP,0.000000
sixty_forty,2019-02-28,HYG,0.000000
sixty_forty,2019-02-28,DBC,0.000000
sixty_forty,2019-02-28,GLD,0.000000
sixty_forty,2019-02-28,BIL,0.000000
sixty_forty,2019-03-29,SPY,0.600000
sixty_forty,2019-03-29,EEM,0.000000
sixty_forty,2019-03-29,IEF,0.400000
sixty_forty,2019-03-29,TIP,0.000000
sixty_forty,2019-03-29,HYG,0.000000
sixty_forty,2019-03-29,DBC,0.000000
sixty_forty,2019-03-29,GLD,0.000000
sixty_forty,2019-03-29,BIL,0.000000
sixty_forty,2019-04-30,SPY,0.600000
sixty_forty,2019-04-30,EEM,0.000000
sixty_forty,2019-04-30,IEF,0.400000
sixty_forty,2019-04-30,TIP,0.000000
sixty_forty,2019-04-30,HYG,0.000000
sixty_forty,2019-04-30,DBC,0.000000
sixty_forty,2019-04-30,GLD,0.000000
sixty_forty,2019-04-30,BIL,0.000000
sixty_forty,2019-05-31,SPY,0.600000
sixty_forty,2019-05-31,EEM,0.000000
sixty_forty,2019-05-31,IEF,0.400000
sixty_forty,2019-05-31,TIP,0.000000
sixty_forty,2019-05-31,HYG,0.000000
sixty_forty,2019-05-31,DBC,0.000000
sixty_forty,2019-05-31,GLD,0.000000
sixty_forty,2019-05-31,BIL,0.000000
sixty_forty,2019-06-28,SPY,0.600000
sixty_forty,2019-06-28,EEM,0.000000
sixty_forty,2019-06-28,IEF,0.400000
sixty_forty,2019-06-28,TIP,0.000000
sixty_forty,2019-06-28,HYG,0.000000
sixty_forty,2019-06-28,DBC,0.000000
sixty_forty,2019-06-28,GLD,0.000000
sixty_forty,2019-06-28,BIL,0.000000
sixty_forty,2019-07-31,SPY,0.600000
sixty_forty,2019-07-31,EEM,0.000000
sixty_forty,2019-07-31,IEF,0.400000
sixty_forty,2019-07-31,TIP,0.000000
sixty_forty,2019-07-31,HYG,0.000000
sixty_forty,2019-07-31,DBC,0.000000
sixty_forty,2019-07-31,GLD,0.000000
sixty_forty,2019-07-31,BIL,0.000000
sixty_forty,2019-08-30,SPY,0.600000
sixty_forty,2019-08-30,EEM,0.000000
sixty_forty,2019-08-30,IEF,0.400000
sixty_forty,2019-08-30,TIP,0.000000
sixty_forty,2019-08-30,HYG,0.000000
sixty_forty,2019-08-30,DBC,0.000000
sixty_forty,2019-08-30,GLD,0.000000
sixty_forty,2019-08-30,BIL,0.000000
sixty_forty,2019-09-30,SPY,0.600000
sixty_forty,2019-09-30,EEM,0.000000
sixty_forty,2019-09-30,IEF,0.400000
sixty_forty,2019-09-30,TIP,0.000000
sixty_forty,2019-09-30,HYG,0.000000
sixty_forty,2019-09-30,DBC,0.000000
sixty_forty,2019-09-30,GLD,0.000000
sixty_forty,2019-09-30,BIL,0.000000
sixty_forty,2019-10-31,SPY,0.600000
sixty_forty,2019-10-31,EEM,0.000000
sixty_forty,2019-10-31,IEF,0.400000
sixty_forty,2019-10-31,TIP,0.000000
sixty_forty,2019-10-31,HYG,0.000000
sixty_forty,2019-10-31,DBC,0.000000
sixty_forty,2019-10-31,GLD,0.000000
sixty_forty,2019-10-31,BIL,0.000000
sixty_forty,2019-11-29,SPY,0.600000
sixty_forty,2019-11-29,EEM,0.000000
sixty_forty,2019-11-29,IEF,0.400000
sixty_forty,2019-11-29,TIP,0.000000
sixty_forty,2019-11-29,HYG,0.000000
sixty_forty,2019-11-29,DBC,0.000000
sixty_forty,2019-11-29,GLD,0.000000
sixty_forty,2019-11-29,BIL,0.000000
sixty_forty,2019-12-31,SPY,0.600000
sixty_forty,2019-12-31,EEM,0.000000
sixty_forty,2019-12-31,IEF,0.400000
sixty_forty,2019-12-31,TIP,0.000000
sixty_forty,2019-12-31,HYG,0.000000
sixty_forty,2019-12-31,DBC,0.000000
sixty_forty,2019-12-31,GLD,0.000000
sixty_forty,2019-12-31,BIL,0.000000
sixty_forty,2020-01-31,SPY,0.600000
sixty_forty,2020-01-31,EEM,0.000000
sixty_forty,2020-01-31,IEF,0.400000
sixty_forty,2020-01-31,TIP,0.000000
sixty_forty,2020-01-31,HYG,0.000000
sixty_forty,2020-01-31,DBC,0.000000
sixty_forty,2020-01-31,GLD,0.000000
sixty_forty,2020-01-31,BIL,0.000000
sixty_forty,2020-02-28,SPY,0.600000
sixty_forty,2020-02-28,EEM,0.000000
sixty_forty,2020-02-28,IEF,0.400000
sixty_forty,2020-02-28,TIP,0.000000
sixty_forty,2020-02-28,HYG,0.000000
sixty_forty,2020-02-28,DBC,0.000000
sixty_forty,2020-02-28,GLD,0.000000
sixty_forty,2020-02-28,BIL,0.000000
sixty_forty,2020-03-31,SPY,0.600000
sixty_forty,2020-03-31,EEM,0.000000
sixty_forty,2020-03-31,IEF,0.400000
sixty_forty,2020-03-31,TIP,0.000000
sixty_forty,2020-03-31,HYG,0.000000
sixty_forty,2020-03-31,DBC,0.000000
sixty_forty,2020-03-31,GLD,0.000000
sixty_forty,2020-03-31,BIL,0.000000
sixty_forty,2020-04-30,SPY,0.600000
sixty_forty,2020-04-30,EEM,0.000000
sixty_forty,2020-04-30,IEF,0.400000
sixty_forty,2020-04-30,TIP,0.000000
sixty_forty,2020-04-30,HYG,0.000000
sixty_forty,2020-04-30,DBC,0.000000
sixty_forty,2020-04-30,GLD,0.000000
sixty_forty,2020-04-30,BIL,0.000000
sixty_forty,2020-05-29,SPY,0.600000
sixty_forty,2020-05-29,EEM,0.000000
sixty_forty,2020-05-29,IEF,0.400000
sixty_forty,2020-05-29,TIP,0.000000
sixty_forty,2020-05-29,HYG,0.000000
sixty_forty,2020-05-29,DBC,0.000000
sixty_forty,2020-05-29,GLD,0.000000
sixty_forty,2020-05-29,BIL,0.000000
sixty_forty,2020-06-30,SPY,0.600000
sixty_forty,2020-06-30,EEM,0.000000
sixty_forty,2020-06-30,IEF,0.400000
sixty_forty,2020-06-30,TIP,0.000000
sixty_forty,2020-06-30,HYG,0.000000
sixty_forty,2020-06-30,DBC,0.000000
sixty_forty,2020-06-30,GLD,0.000000
sixty_forty,2020-06-30,BIL,0.000000
sixty_forty,2020-07-31,SPY,0.600000
sixty_forty,2020-07-31,EEM,0.000000
sixty_forty,2020-07-31,IEF,0.400000
sixty_forty,2020-07-31,TIP,0.000000
sixty_forty,2020-07-31,HYG,0.000000
sixty_forty,2020-07-31,DBC,0.000000
sixty_forty,2020-07-31,GLD,0.000000
sixty_forty,2020-07-31,BIL,0.000000
sixty_forty,2020-08-31,SPY,0.600000
sixty_forty,2020-08-31,EEM,0.000000
sixty_forty,2020-08-31,IEF,0.400000
sixty_forty,2020-08-31,TIP,0.000000
sixty_forty,2020-08-31,HYG,0.000000
sixty_forty,2020-08-31,DBC,0.000000
sixty_forty,2020-08-31,GLD,0.000000
sixty_forty,2020-08-31,BIL,0.000000
sixty_forty,2020-09-30,SPY,0.600000
sixty_forty,2020-09-30,EEM,0.000000
sixty_forty,2020-09-30,IEF,0.400000
sixty_forty,2020-09-30,TIP,0.000000
sixty_forty,2020-09-30,HYG,0.000000
sixty_forty,2020-09-30,DBC,0.000000
sixty_forty,2020-09-30,GLD,0.000000
sixty_forty,2020-09-30,BIL,0.000000
sixty_forty,2020-10-30,SPY,0.600000
sixty_forty,2020-10-30,EEM,0.000000
sixty_forty,2020-10-30,IEF,0.400000
sixty_forty,2020-10-30,TIP,0.000000
sixty_forty,2020-10-30,HYG,0.000000
sixty_forty,2020-10-30,DBC,0.000000
sixty_forty,2020-10-30,GLD,0.000000
sixty_forty,2020-10-30,BIL,0.000000
sixty_forty,2020-11-30,SPY,0.600000
sixty_forty,2020-11-30,EEM,0.000000
sixty_forty,2020-11-30,IEF,0.400000
sixty_forty,2020-11-30,TIP,0.000000
sixty_forty,2020-11-30,HYG,0.000000
sixty_forty,2020-11-30,DBC,0.000000
sixty_forty,2020-11-30,GLD,0.000000
sixty_forty,2020-11-30,BIL,0.000000
sixty_forty,2020-12-31,SPY,0.600000
sixty_forty,2020-12-31,EEM,0.000000
sixty_forty,2020-12-31,IEF,0.400000
sixty_forty,2020-12-31,TIP,0.000000
sixty_forty,2020-12-31,HYG,0.000000
sixty_forty,2020-12-31,DBC,0.000000
sixty_forty,2020-12-31,GLD,0.000000
sixty_forty,2020-12-31,BIL,0.000000
sixty_forty,2021-01-29,SPY,0.600000
sixty_forty,2021-01-29,EEM,0.000000
sixty_forty,2021-01-29,IEF,0.400000
sixty_forty,2021-01-29,TIP,0.000000
sixty_forty,2021-01-29,HYG,0.000000
sixty_forty,2021-01-29,DBC,0.000000
sixty_forty,2021-01-29,GLD,0.000000
sixty_forty,2021-01-29,BIL,0.000000
sixty_forty,2021-02-26,SPY,0.600000
sixty_forty,2021-02-26,EEM,0.000000
sixty_forty,2021-02-26,IEF,0.400000
sixty_forty,2021-02-26,TIP,0.000000
sixty_forty,2021-02-26,HYG,0.000000
sixty_forty,2021-02-26,DBC,0.000000
sixty_forty,2021-02-26,GLD,0.000000
sixty_forty,2021-02-26,BIL,0.000000
sixty_forty,2021-03-31,SPY,0.600000
sixty_forty,2021-03-31,EEM,0.000000
sixty_forty,2021-03-31,IEF,0.400000
sixty_forty,2021-03-31,TIP,0.000000
sixty_forty,2021-03-31,HYG,0.000000
sixty_forty,2021-03-31,DBC,0.000000
sixty_forty,2021-03-31,GLD,0.000000
sixty_forty,2021-03-31,BIL,0.000000
sixty_forty,2021-04-30,SPY,0.600000
sixty_forty,2021-04-30,EEM,0.000000
sixty_forty,2021-04-30,IEF,0.400000
sixty_forty,2021-04-30,TIP,0.000000
sixty_forty,2021-04-30,HYG,0.000000
sixty_forty,2021-04-30,DBC,0.000000
sixty_forty,2021-04-30,GLD,0.000000
sixty_forty,2021-04-30,BIL,0.000000
sixty_forty,2021-05-28,SPY,0.600000
sixty_forty,2021-05-28,EEM,0.000000
sixty_forty,2021-05-28,IEF,0.400000
sixty_forty,2021-05-28,TIP,0.000000
sixty_forty,2021-05-28,HYG,0.000000
sixty_forty,2021-05-28,DBC,0.000000
sixty_forty,2021-05-28,GLD,0.000000
sixty_forty,2021-05-28,BIL,0.000000
sixty_forty,2021-06-30,SPY,0.600000
sixty_forty,2021-06-30,EEM,0.000000
sixty_forty,2021-06-30,IEF,0.400000
sixty_forty,2021-06-30,TIP,0.000000
sixty_forty,2021-06-30,HYG,0.000000
sixty_forty,2021-06-30,DBC,0.000000
sixty_forty,2021-06-30,GLD,0.000000
sixty_forty,2021-06-30,BIL,0.000000
sixty_forty,2021-07-30,SPY,0.600000
sixty_forty,2021-07-30,EEM,0.000000
sixty_forty,2021-07-30,IEF,0.400000
sixty_forty,2021-07-30,TIP,0.000000
sixty_forty,2021-07-30,HYG,0.000000
sixty_forty,2021-07-30,DBC,0.000000
sixty_forty,2021-07-30,GLD,0.000000
sixty_forty,2021-07-30,BIL,0.000000
sixty_forty,2021-08-31,SPY,0.600000
sixty_forty,2021-08-31,EEM,0.000000
sixty_forty,2021-08-31,IEF,0.400000
sixty_forty,2021-08-31,TIP,0.000000
sixty_forty,2021-08-31,HYG,0.000000
sixty_forty,2021-08-31,DBC,0.000000
sixty_forty,2021-08-31,GLD,0.000000
sixty_forty,2021-08-31,BIL,0.000000
sixty_forty,2021-09-30,SPY,0.600000
sixty_forty,2021-09-30,EEM,0.000000
sixty_forty,2021-09-30,IEF,0.400000
sixty_forty,2021-09-30,TIP,0.000000
sixty_forty,2021-09-30,HYG,0.000000
sixty_forty,2021-09-30,DBC,0.000000
sixty_forty,2021-09-30,GLD,0.000000
sixty_forty,2021-09-30,BIL,0.000000
sixty_forty,2021-10-29,SPY,0.600000
sixty_forty,2021-10-29,EEM,0.000000
sixty_forty,2021-10-29,IEF,0.400000
sixty_forty,2021-10-29,TIP,0.000000
sixty_forty,2021-10-29,HYG,0.000000
sixty_forty,2021-10-29,DBC,0.000000
sixty_forty,2021-10-29,GLD,0.000000
sixty_forty,2021-10-29,BIL,0.000000
sixty_forty,2021-11-30,SPY,0.600000
sixty_forty,2021-11-30,EEM,0.000000
sixty_forty,2021-11-30,IEF,0.400000
sixty_forty,2021-11-30,TIP,0.000000
sixty_forty,2021-11-30,HYG,0.000000
sixty_forty,2021-11-30,DBC,0.000000
sixty_forty,2021-11-30,GLD,0.000000
sixty_forty,2021-11-30,BIL,0.000000
sixty_forty,2021-12-31,SPY,0.600000
sixty_forty,2021-12-31,EEM,0.000000
sixty_forty,2021-12-31,IEF,0.400000
sixty_forty,2021-12-31,TIP,0.000000
sixty_forty,2021-12-31,HYG,0.000000
sixty_forty,2021-12-31,DBC,0.000000
sixty_forty,2021-12-31,GLD,0.000000
sixty_forty,2021-12-31,BIL,0.000000
sixty_forty,2022-01-31,SPY,0.600000
sixty_forty,2022-01-31,EEM,0.000000
sixty_forty,2022-01-31,IEF,0.400000
sixty_forty,2022-01-31,TIP,0.000000
sixty_forty,2022-01-31,HYG,0.000000
sixty_forty,2022-01-31,DBC,0.000000
sixty_forty,2022-01-31,GLD,0.000000
sixty_forty,2022-01-31,BIL,0.000000
sixty_forty,2022-02-28,SPY,0.600000
sixty_forty,2022-02-28,EEM,0.000000
sixty_forty,2022-02-28,IEF,0.400000
sixty_forty,2022-02-28,TIP,0.000000
sixty_forty,2022-02-28,HYG,0.000000
sixty_forty,2022-02-28,DBC,0.000000
sixty_forty,2022-02-28,GLD,0.000000
sixty_forty,2022-02-28,BIL,0.000000
sixty_forty,2022-03-31,SPY,0.600000
sixty_forty,2022-03-31,EEM,0.000000
sixty_forty,2022-03-31,IEF,0.400000
sixty_forty,2022-03-31,TIP,0.000000
sixty_forty,2022-03-31,HYG,0.000000
sixty_forty,2022-03-31,DBC,0.000000
sixty_forty,2022-03-31,GLD,0.000000
sixty_forty,2022-03-31,BIL,0.000000
sixty_forty,2022-04-29,SPY,0.600000
sixty_forty,2022-04-29,EEM,0.000000
sixty_forty,2022-04-29,IEF,0.400000
sixty_forty,2022-04-29,TIP,0.000000
sixty_forty,2022-04-29,HYG,0.000000
sixty_forty,2022-04-29,DBC,0.000000
sixty_forty,2022-04-29,GLD,0.000000
sixty_forty,2022-04-29,BIL,0.000000
sixty_forty,2022-05-31,SPY,0.600000
sixty_forty,2022-05-31,EEM,0.000000
sixty_forty,2022-05-31,IEF,0.400000
sixty_forty,2022-05-31,TIP,0.000000
sixty_forty,2022-05-31,HYG,0.000000
sixty_forty,2022-05-31,DBC,0.000000
sixty_forty,2022-05-31,GLD,0.000000
sixty_forty,2022-05-31,BIL,0.000000
sixty_forty,2022-06-30,SPY,0.600000
sixty_forty,2022-06-30,EEM,0.000000
sixty_forty,2022-06-30,IEF,0.400000
sixty_forty,2022-06-30,TIP,0.000000
sixty_forty,2022-06-30,HYG,0.000000
sixty_forty,2022-06-30,DBC,0.000000
sixty_forty,2022-06-30,GLD,0.000000
sixty_forty,2022-06-30,BIL,0.000000
sixty_forty,2022-07-29,SPY,0.600000
sixty_forty,2022-07-29,EEM,0.000000
sixty_forty,2022-07-29,IEF,0.400000
sixty_forty,2022-07-29,TIP,0.000000
sixty_forty,2022-07-29,HYG,0.000000
sixty_forty,2022-07-29,DBC,0.000000
sixty_forty,2022-07-29,GLD,0.000000
sixty_forty,2022-07-29,BIL,0.000000
sixty_forty,2022-08-31,SPY,0.600000
sixty_forty,2022-08-31,EEM,0.000000
sixty_forty,2022-08-31,IEF,0.400000
sixty_forty,2022-08-31,TIP,0.000000
sixty_forty,2022-08-31,HYG,0.000000
sixty_forty,2022-08-31,DBC,0.000000
sixty_forty,2022-08-31,GLD,0.000000
sixty_forty,2022-08-31,BIL,0.000000
sixty_forty,2022-09-30,SPY,0.600000
sixty_forty,2022-09-30,EEM,0.000000
sixty_forty,2022-09-30,IEF,0.400000
sixty_forty,2022-09-30,TIP,0.000000
sixty_forty,2022-09-30,HYG,0.000000
sixty_forty,2022-09-30,DBC,0.000000
sixty_forty,2022-09-30,GLD,0.000000
sixty_forty,2022-09-30,BIL,0.000000
sixty_forty,2022-10-31,SPY,0.600000
sixty_forty,2022-10-31,EEM,0.000000
sixty_forty,2022-10-31,IEF,0.400000
sixty_forty,2022-10-31,TIP,0.000000
sixty_forty,2022-10-31,HYG,0.000000
sixty_forty,2022-10-31,DBC,0.000000
sixty_forty,2022-10-31,GLD,0.000000
sixty_forty,2022-10-31,BIL,0.000000
sixty_forty,2022-11-30,SPY,0.600000
sixty_forty,2022-11-30,EEM,0.000000
sixty_forty,2022-11-30,IEF,0.400000
sixty_forty,2022-11-30,TIP,0.000000
sixty_forty,2022-11-30,HYG,0.000000
sixty_forty,2022-11-30,DBC,0.000000
sixty_forty,2022-11-30,GLD,0.000000
sixty_forty,2022-11-30,BIL,0.000000
sixty_forty,2022-12-30,SPY,0.600000
sixty_forty,2022-12-30,EEM,0.000000
sixty_forty,2022-12-30,IEF,0.400000
sixty_forty,2022-12-30,TIP,0.000000
sixty_forty,2022-12-30,HYG,0.000000
sixty_forty,2022-12-30,DBC,0.000000
sixty_forty,2022-12-30,GLD,0.000000
sixty_forty,2022-12-30,BIL,0.000000
sixty_forty,2023-01-31,SPY,0.600000
sixty_forty,2023-01-31,EEM,0.000000
sixty_forty,2023-01-31,IEF,0.400000
sixty_forty,2023-01-31,TIP,0.000000
sixty_forty,2023-01-31,HYG,0.000000
sixty_forty,2023-01-31,DBC,0.000000
sixty_forty,2023-01-31,GLD,0.000000
sixty_forty,2023-01-31,BIL,0.000000
sixty_forty,2023-02-28,SPY,0.600000
sixty_forty,2023-02-28,EEM,0.000000
sixty_forty,2023-02-28,IEF,0.400000
sixty_forty,2023-02-28,TIP,0.000000
sixty_forty,2023-02-28,HYG,0.000000
sixty_forty,2023-02-28,DBC,0.000000
sixty_forty,2023-02-28,GLD,0.000000
sixty_forty,2023-02-28,BIL,0.000000
sixty_forty,2023-03-31,SPY,0.600000
sixty_forty,2023-03-31,EEM,0.000000
sixty_forty,2023-03-31,IEF,0.400000
sixty_forty,2023-03-31,TIP,0.000000
sixty_forty,2023-03-31,HYG,0.000000
sixty_forty,2023-03-31,DBC,0.000000
sixty_forty,2023-03-31,GLD,0.000000
sixty_forty,2023-03-31,BIL,0.000000
sixty_forty,2023-04-28,SPY,0.600000
sixty_forty,2023-04-28,EEM,0.000000
sixty_forty,2023-04-28,IEF,0.400000
sixty_forty,2023-04-28,TIP,0.000000
sixty_forty,2023-04-28,HYG,0.000000
sixty_forty,2023-04-28,DBC,0.000000
sixty_forty,2023-04-28,GLD,0.000000
sixty_forty,2023-04-28,BIL,0.000000
sixty_forty,2023-05-31,SPY,0.600000
sixty_forty,2023-05-31,EEM,0.000000
sixty_forty,2023-05-31,IEF,0.400000
sixty_forty,2023-05-31,TIP,0.000000
sixty_forty,2023-05-31,HYG,0.000000
sixty_forty,2023-05-31,DBC,0.000000
sixty_forty,2023-05-31,GLD,0.000000
sixty_forty,2023-05-31,BIL,0.000000
sixty_forty,2023-06-30,SPY,0.600000
sixty_forty,2023-06-30,EEM,0.000000
sixty_forty,2023-06-30,IEF,0.400000
sixty_forty,2023-06-30,TIP,0.000000
sixty_forty,2023-06-30,HYG,0.000000
sixty_forty,2023-06-30,DBC,0.000000
sixty_forty,2023-06-30,GLD,0.000000
sixty_forty,2023-06-30,BIL,0.000000
sixty_forty,2023-07-31,SPY,0.600000
sixty_forty,2023-07-31,EEM,0.000000
sixty_forty,2023-07-31,IEF,0.400000
sixty_forty,2023-07-31,TIP,0.000000
sixty_forty,2023-07-31,HYG,0.000000
sixty_forty,2023-07-31,DBC,0.000000
sixty_forty,2023-07-31,GLD,0.000000
sixty_forty,2023-07-31,BIL,0.000000
sixty_forty,2023-08-31,SPY,0.600000
sixty_forty,2023-08-31,EEM,0.000000
sixty_forty,2023-08-31,IEF,0.400000
sixty_forty,2023-08-31,TIP,0.000000
sixty_forty,2023-08-31,HYG,0.000000
sixty_forty,2023-08-31,DBC,0.000000
sixty_forty,2023-08-31,GLD,0.000000
sixty_forty,2023-08-31,BIL,0.000000
sixty_forty,2023-09-29,SPY,0.600000
sixty_forty,2023-09-29,EEM,0.000000
sixty_forty,2023-09-29,IEF,0.400000
sixty_forty,2023-09-29,TIP,0.000000
sixty_forty,2023-09-29,HYG,0.000000
sixty_forty,2023-09-29,DBC,0.000000
sixty_forty,2023-09-29,GLD,0.000000
sixty_forty,2023-09-29,BIL,0.000000
sixty_forty,2023-10-31,SPY,0.600000
sixty_forty,2023-10-31,EEM,0.000000
sixty_forty,2023-10-31,IEF,0.400000
sixty_forty,2023-10-31,TIP,0.000000
sixty_forty,2023-10-31,HYG,0.000000
sixty_forty,2023-10-31,DBC,0.000000
sixty_forty,2023-10-31,GLD,0.000000
sixty_forty,2023-10-31,BIL,0.000000
sixty_forty,2023-11-30,SPY,0.600000
sixty_forty,2023-11-30,EEM,0.000000
sixty_forty,2023-11-30,IEF,0.400000
sixty_forty,2023-11-30,TIP,0.000000
sixty_forty,2023-11-30,HYG,0.000000
sixty_forty,2023-11-30,DBC,0.000000
sixty_forty,2023-11-30,GLD,0.000000
sixty_forty,2023-11-30,BIL,0.000000
sixty_forty,2023-12-29,SPY,0.600000
sixty_forty,2023-12-29,EEM,0.000000
sixty_forty,2023-12-29,IEF,0.400000
sixty_forty,2023-12-29,TIP,0.000000
sixty_forty,2023-12-29,HYG,0.000000
sixty_forty,2023-12-29,DBC,0.000000
sixty_forty,2023-12-29,GLD,0.000000
sixty_forty,2023-12-29,BIL,0.000000
sixty_forty,2024-01-31,SPY,0.600000
sixty_forty,2024-01-31,EEM,0.000000
sixty_forty,2024-01-31,IEF,0.400000
sixty_forty,2024-01-31,TIP,0.000000
sixty_forty,2024-01-31,HYG,0.000000
sixty_forty,2024-01-31,DBC,0.000000
sixty_forty,2024-01-31,GLD,0.000000
sixty_forty,2024-01-31,BIL,0.000000
sixty_forty,2024-02-29,SPY,0.600000
sixty_forty,2024-02-29,EEM,0.000000
sixty_forty,2024-02-29,IEF,0.400000
sixty_forty,2024-02-29,TIP,0.000000
sixty_forty,2024-02-29,HYG,0.000000
sixty_forty,2024-02-29,DBC,0.000000
sixty_forty,2024-02-29,GLD,0.000000
sixty_forty,2024-02-29,BIL,0.000000
sixty_forty,2024-03-28,SPY,0.600000
sixty_forty,2024-03-28,EEM,0.000000
sixty_forty,2024-03-28,IEF,0.400000
sixty_forty,2024-03-28,TIP,0.000000
sixty_forty,2024-03-28,HYG,0.000000
sixty_forty,2024-03-28,DBC,0.000000
sixty_forty,2024-03-28,GLD,0.000000
sixty_forty,2024-03-28,BIL,0.000000
sixty_forty,2024-04-30,SPY,0.600000
sixty_forty,2024-04-30,EEM,0.000000
sixty_forty,2024-04-30,IEF,0.400000
sixty_forty,2024-04-30,TIP,0.000000
sixty_forty,2024-04-30,HYG,0.000000
sixty_forty,2024-04-30,DBC,0.000000
sixty_forty,2024-04-30,GLD,0.000000
sixty_forty,2024-04-30,BIL,0.000000
sixty_forty,2024-05-31,SPY,0.600000
sixty_forty,2024-05-31,EEM,0.000000
sixty_forty,2024-05-31,IEF,0.400000
sixty_forty,2024-05-31,TIP,0.000000
sixty_forty,2024-05-31,HYG,0.000000
sixty_forty,2024-05-31,DBC,0.000000
sixty_forty,2024-05-31,GLD,0.000000
sixty_forty,2024-05-31,BIL,0.000000
sixty_forty,2024-06-28,SPY,0.600000
sixty_forty,2024-06-28,EEM,0.000000
sixty_forty,2024-06-28,IEF,0.400000
sixty_forty,2024-06-28,TIP,0.000000
sixty_forty,2024-06-28,HYG,0.000000
sixty_forty,2024-06-28,DBC,0.000000
sixty_forty,2024-06-28,GLD,0.000000
sixty_forty,2024-06-28,BIL,0.000000
sixty_forty,2024-07-31,SPY,0.600000
sixty_forty,2024-07-31,EEM,0.000000
sixty_forty,2024-07-31,IEF,0.400000
sixty_forty,2024-07-31,TIP,0.000000
sixty_forty,2024-07-31,HYG,0.000000
sixty_forty,2024-07-31,DBC,0.000000
sixty_forty,2024-07-31,GLD,0.000000
sixty_forty,2024-07-31,BIL,0.000000
sixty_forty,2024-08-30,SPY,0.600000
sixty_forty,2024-08-30,EEM,0.000000
sixty_forty,2024-08-30,IEF,0.400000
sixty_forty,2024-08-30,TIP,0.000000
sixty_forty,2024-08-30,HYG,0.000000
sixty_forty,2024-08-30,DBC,0.000000
sixty_forty,2024-08-30,GLD,0.000000
sixty_forty,2024-08-30,BIL,0.000000
sixty_forty,2024-09-30,SPY,0.600000
sixty_forty,2024-09-30,EEM,0.000000
sixty_forty,2024-09-30,IEF,0.400000
sixty_forty,2024-09-30,TIP,0.000000
sixty_forty,2024-09-30,HYG,0.000000
sixty_forty,2024-09-30,DBC,0.000000
sixty_forty,2024-09-30,GLD,0.000000
sixty_forty,2024-09-30,BIL,0.000000
sixty_forty,2024-10-31,SPY,0.600000
sixty_forty,2024-10-31,EEM,0.000000
sixty_forty,2024-10-31,IEF,0.400000
sixty_forty,2024-10-31,TIP,0.000000
sixty_forty,2024-10-31,HYG,0.000000
sixty_forty,2024-10-31,DBC,0.000000
sixty_forty,2024-10-31,GLD,0.000000
sixty_forty,2024-10-31,BIL,0.000000
sixty_forty,2024-11-29,SPY,0.600000
sixty_forty,2024-11-29,EEM,0.000000
sixty_forty,2024-11-29,IEF,0.400000
sixty_forty,2024-11-29,TIP,0.000000
sixty_forty,2024-11-29,HYG,0.000000
sixty_forty,2024-11-29,DBC,0.000000
sixty_forty,2024-11-29,GLD,0.000000
sixty_forty,2024-11-29,BIL,0.000000
sixty_forty,2024-12-31,SPY,0.600000
sixty_forty,2024-12-31,EEM,0.000000
sixty_forty,2024-12-31,IEF,0.400000
sixty_forty,2024-12-31,TIP,0.000000
sixty_forty,2024-12-31,HYG,0.000000
sixty_forty,2024-12-31,DBC,0.000000
sixty_forty,2024-12-31,GLD,0.000000
sixty_forty,2024-12-31,BIL,0.000000
sixty_forty,2025-01-31,SPY,0.600000
sixty_forty,2025-01-31,EEM,0.000000
sixty_forty,2025-01-31,IEF,0.400000
sixty_forty,2025-01-31,TIP,0.000000
sixty_forty,2025-01-31,HYG,0.000000
sixty_forty,2025-01-31,DBC,0.000000
sixty_forty,2025-01-31,GLD,0.000000
sixty_forty,2025-01-31,BIL,0.000000
sixty_forty,2025-02-28,SPY,0.600000
sixty_forty,2025-02-28,EEM,0.000000
sixty_forty,2025-02-28,IEF,0.400000
sixty_forty,2025-02-28,TIP,0.000000
sixty_forty,2025-02-28,HYG,0.000000
sixty_forty,2025-02-28,DBC,0.000000
sixty_forty,2025-02-28,GLD,0.000000
sixty_forty,2025-02-28,BIL,0.000000
sixty_forty,2025-03-31,SPY,0.600000
sixty_forty,2025-03-31,EEM,0.000000
sixty_forty,2025-03-31,IEF,0.400000
sixty_forty,2025-03-31,TIP,0.000000
sixty_forty,2025-03-31,HYG,0.000000
sixty_forty,2025-03-31,DBC,0.000000
sixty_forty,2025-03-31,GLD,0.000000
sixty_forty,2025-03-31,BIL,0.000000
sixty_forty,2025-04-30,SPY,0.600000
sixty_forty,2025-04-30,EEM,0.000000
sixty_forty,2025-04-30,IEF,0.400000
sixty_forty,2025-04-30,TIP,0.000000
sixty_forty,2025-04-30,HYG,0.000000
sixty_forty,2025-04-30,DBC,0.000000
sixty_forty,2025-04-30,GLD,0.000000
sixty_forty,2025-04-30,BIL,0.000000
sixty_forty,2025-05-30,SPY,0.600000
sixty_forty,2025-05-30,EEM,0.000000
sixty_forty,2025-05-30,IEF,0.400000
sixty_forty,2025-05-30,TIP,0.000000
sixty_forty,2025-05-30,HYG,0.000000
sixty_forty,2025-05-30,DBC,0.000000
sixty_forty,2025-05-30,GLD,0.000000
sixty_forty,2025-05-30,BIL,0.000000
sixty_forty,2025-06-30,SPY,0.600000
sixty_forty,2025-06-30,EEM,0.000000
sixty_forty,2025-06-30,IEF,0.400000
sixty_forty,2025-06-30,TIP,0.000000
sixty_forty,2025-06-30,HYG,0.000000
sixty_forty,2025-06-30,DBC,0.000000
sixty_forty,2025-06-30,GLD,0.000000
sixty_forty,2025-06-30,BIL,0.000000
sixty_forty,2025-07-31,SPY,0.600000
sixty_forty,2025-07-31,EEM,0.000000
sixty_forty,2025-07-31,IEF,0.400000
sixty_forty,2025-07-31,TIP,0.000000
sixty_forty,2025-07-31,HYG,0.000000
sixty_forty,2025-07-31,DBC,0.000000
sixty_forty,2025-07-31,GLD,0.000000
sixty_forty,2025-07-31,BIL,0.000000
sixty_forty,2025-08-29,SPY,0.600000
sixty_forty,2025-08-29,EEM,0.000000
sixty_forty,2025-08-29,IEF,0.400000
sixty_forty,2025-08-29,TIP,0.000000
sixty_forty,2025-08-29,HYG,0.000000
sixty_forty,2025-08-29,DBC,0.000000
sixty_forty,2025-08-29,GLD,0.000000
sixty_forty,2025-08-29,BIL,0.000000
sixty_forty,2025-09-30,SPY,0.600000
sixty_forty,2025-09-30,EEM,0.000000
sixty_forty,2025-09-30,IEF,0.400000
sixty_forty,2025-09-30,TIP,0.000000
sixty_forty,2025-09-30,HYG,0.000000
sixty_forty,2025-09-30,DBC,0.000000
sixty_forty,2025-09-30,GLD,0.000000
sixty_forty,2025-09-30,BIL,0.000000
sixty_forty,2025-10-31,SPY,0.600000
sixty_forty,2025-10-31,EEM,0.000000
sixty_forty,2025-10-31,IEF,0.400000
sixty_forty,2025-10-31,TIP,0.000000
sixty_forty,2025-10-31,HYG,0.000000
sixty_forty,2025-10-31,DBC,0.000000
sixty_forty,2025-10-31,GLD,0.000000
sixty_forty,2025-10-31,BIL,0.000000
sixty_forty,2025-11-28,SPY,0.600000
sixty_forty,2025-11-28,EEM,0.000000
sixty_forty,2025-11-28,IEF,0.400000
sixty_forty,2025-11-28,TIP,0.000000
sixty_forty,2025-11-28,HYG,0.000000
sixty_forty,2025-11-28,DBC,0.000000
sixty_forty,2025-11-28,GLD,0.000000
sixty_forty,2025-11-28,BIL,0.000000
sixty_forty,2025-12-31,SPY,0.600000
sixty_forty,2025-12-31,EEM,0.000000
sixty_forty,2025-12-31,IEF,0.400000
sixty_forty,2025-12-31,TIP,0.000000
sixty_forty,2025-12-31,HYG,0.000000
sixty_forty,2025-12-31,DBC,0.000000
sixty_forty,2025-12-31,GLD,0.000000
sixty_forty,2025-12-31,BIL,0.000000
sixty_forty,2026-01-30,SPY,0.600000
sixty_forty,2026-01-30,EEM,0.000000
sixty_forty,2026-01-30,IEF,0.400000
sixty_forty,2026-01-30,TIP,0.000000
sixty_forty,2026-01-30,HYG,0.000000
sixty_forty,2026-01-30,DBC,0.000000
sixty_forty,2026-01-30,GLD,0.000000
sixty_forty,2026-01-30,BIL,0.000000
sixty_forty,2026-02-27,SPY,0.600000
sixty_forty,2026-02-27,EEM,0.000000
sixty_forty,2026-02-27,IEF,0.400000
sixty_forty,2026-02-27,TIP,0.000000
sixty_forty,2026-02-27,HYG,0.000000
sixty_forty,2026-02-27,DBC,0.000000
sixty_forty,2026-02-27,GLD,0.000000
sixty_forty,2026-02-27,BIL,0.000000
sixty_forty,2026-03-31,SPY,0.600000
sixty_forty,2026-03-31,EEM,0.000000
sixty_forty,2026-03-31,IEF,0.400000
sixty_forty,2026-03-31,TIP,0.000000
sixty_forty,2026-03-31,HYG,0.000000
sixty_forty,2026-03-31,DBC,0.000000
sixty_forty,2026-03-31,GLD,0.000000
sixty_forty,2026-03-31,BIL,0.000000
sixty_forty,2026-04-30,SPY,0.600000
sixty_forty,2026-04-30,EEM,0.000000
sixty_forty,2026-04-30,IEF,0.400000
sixty_forty,2026-04-30,TIP,0.000000
sixty_forty,2026-04-30,HYG,0.000000
sixty_forty,2026-04-30,DBC,0.000000
sixty_forty,2026-04-30,GLD,0.000000
sixty_forty,2026-04-30,BIL,0.000000
sixty_forty,2026-05-29,SPY,0.600000
sixty_forty,2026-05-29,EEM,0.000000
sixty_forty,2026-05-29,IEF,0.400000
sixty_forty,2026-05-29,TIP,0.000000
sixty_forty,2026-05-29,HYG,0.000000
sixty_forty,2026-05-29,DBC,0.000000
sixty_forty,2026-05-29,GLD,0.000000
sixty_forty,2026-05-29,BIL,0.000000
reference_static,2007-12-31,SPY,0.350000
reference_static,2007-12-31,EEM,0.100000
reference_static,2007-12-31,IEF,0.250000
reference_static,2007-12-31,TIP,0.050000
reference_static,2007-12-31,HYG,0.100000
reference_static,2007-12-31,DBC,0.050000
reference_static,2007-12-31,GLD,0.050000
reference_static,2007-12-31,BIL,0.050000
reference_static,2008-01-31,SPY,0.350000
reference_static,2008-01-31,EEM,0.100000
reference_static,2008-01-31,IEF,0.250000
reference_static,2008-01-31,TIP,0.050000
reference_static,2008-01-31,HYG,0.100000
reference_static,2008-01-31,DBC,0.050000
reference_static,2008-01-31,GLD,0.050000
reference_static,2008-01-31,BIL,0.050000
reference_static,2008-02-29,SPY,0.350000
reference_static,2008-02-29,EEM,0.100000
reference_static,2008-02-29,IEF,0.250000
reference_static,2008-02-29,TIP,0.050000
reference_static,2008-02-29,HYG,0.100000
reference_static,2008-02-29,DBC,0.050000
reference_static,2008-02-29,GLD,0.050000
reference_static,2008-02-29,BIL,0.050000
reference_static,2008-03-31,SPY,0.350000
reference_static,2008-03-31,EEM,0.100000
reference_static,2008-03-31,IEF,0.250000
reference_static,2008-03-31,TIP,0.050000
reference_static,2008-03-31,HYG,0.100000
reference_static,2008-03-31,DBC,0.050000
reference_static,2008-03-31,GLD,0.050000
reference_static,2008-03-31,BIL,0.050000
reference_static,2008-04-30,SPY,0.350000
reference_static,2008-04-30,EEM,0.100000
reference_static,2008-04-30,IEF,0.250000
reference_static,2008-04-30,TIP,0.050000
reference_static,2008-04-30,HYG,0.100000
reference_static,2008-04-30,DBC,0.050000
reference_static,2008-04-30,GLD,0.050000
reference_static,2008-04-30,BIL,0.050000
reference_static,2008-05-30,SPY,0.350000
reference_static,2008-05-30,EEM,0.100000
reference_static,2008-05-30,IEF,0.250000
reference_static,2008-05-30,TIP,0.050000
reference_static,2008-05-30,HYG,0.100000
reference_static,2008-05-30,DBC,0.050000
reference_static,2008-05-30,GLD,0.050000
reference_static,2008-05-30,BIL,0.050000
reference_static,2008-06-30,SPY,0.350000
reference_static,2008-06-30,EEM,0.100000
reference_static,2008-06-30,IEF,0.250000
reference_static,2008-06-30,TIP,0.050000
reference_static,2008-06-30,HYG,0.100000
reference_static,2008-06-30,DBC,0.050000
reference_static,2008-06-30,GLD,0.050000
reference_static,2008-06-30,BIL,0.050000
reference_static,2008-07-31,SPY,0.350000
reference_static,2008-07-31,EEM,0.100000
reference_static,2008-07-31,IEF,0.250000
reference_static,2008-07-31,TIP,0.050000
reference_static,2008-07-31,HYG,0.100000
reference_static,2008-07-31,DBC,0.050000
reference_static,2008-07-31,GLD,0.050000
reference_static,2008-07-31,BIL,0.050000
reference_static,2008-08-29,SPY,0.350000
reference_static,2008-08-29,EEM,0.100000
reference_static,2008-08-29,IEF,0.250000
reference_static,2008-08-29,TIP,0.050000
reference_static,2008-08-29,HYG,0.100000
reference_static,2008-08-29,DBC,0.050000
reference_static,2008-08-29,GLD,0.050000
reference_static,2008-08-29,BIL,0.050000
reference_static,2008-09-30,SPY,0.350000
reference_static,2008-09-30,EEM,0.100000
reference_static,2008-09-30,IEF,0.250000
reference_static,2008-09-30,TIP,0.050000
reference_static,2008-09-30,HYG,0.100000
reference_static,2008-09-30,DBC,0.050000
reference_static,2008-09-30,GLD,0.050000
reference_static,2008-09-30,BIL,0.050000
reference_static,2008-10-31,SPY,0.350000
reference_static,2008-10-31,EEM,0.100000
reference_static,2008-10-31,IEF,0.250000
reference_static,2008-10-31,TIP,0.050000
reference_static,2008-10-31,HYG,0.100000
reference_static,2008-10-31,DBC,0.050000
reference_static,2008-10-31,GLD,0.050000
reference_static,2008-10-31,BIL,0.050000
reference_static,2008-11-28,SPY,0.350000
reference_static,2008-11-28,EEM,0.100000
reference_static,2008-11-28,IEF,0.250000
reference_static,2008-11-28,TIP,0.050000
reference_static,2008-11-28,HYG,0.100000
reference_static,2008-11-28,DBC,0.050000
reference_static,2008-11-28,GLD,0.050000
reference_static,2008-11-28,BIL,0.050000
reference_static,2008-12-31,SPY,0.350000
reference_static,2008-12-31,EEM,0.100000
reference_static,2008-12-31,IEF,0.250000
reference_static,2008-12-31,TIP,0.050000
reference_static,2008-12-31,HYG,0.100000
reference_static,2008-12-31,DBC,0.050000
reference_static,2008-12-31,GLD,0.050000
reference_static,2008-12-31,BIL,0.050000
reference_static,2009-01-30,SPY,0.350000
reference_static,2009-01-30,EEM,0.100000
reference_static,2009-01-30,IEF,0.250000
reference_static,2009-01-30,TIP,0.050000
reference_static,2009-01-30,HYG,0.100000
reference_static,2009-01-30,DBC,0.050000
reference_static,2009-01-30,GLD,0.050000
reference_static,2009-01-30,BIL,0.050000
reference_static,2009-02-27,SPY,0.350000
reference_static,2009-02-27,EEM,0.100000
reference_static,2009-02-27,IEF,0.250000
reference_static,2009-02-27,TIP,0.050000
reference_static,2009-02-27,HYG,0.100000
reference_static,2009-02-27,DBC,0.050000
reference_static,2009-02-27,GLD,0.050000
reference_static,2009-02-27,BIL,0.050000
reference_static,2009-03-31,SPY,0.350000
reference_static,2009-03-31,EEM,0.100000
reference_static,2009-03-31,IEF,0.250000
reference_static,2009-03-31,TIP,0.050000
reference_static,2009-03-31,HYG,0.100000
reference_static,2009-03-31,DBC,0.050000
reference_static,2009-03-31,GLD,0.050000
reference_static,2009-03-31,BIL,0.050000
reference_static,2009-04-30,SPY,0.350000
reference_static,2009-04-30,EEM,0.100000
reference_static,2009-04-30,IEF,0.250000
reference_static,2009-04-30,TIP,0.050000
reference_static,2009-04-30,HYG,0.100000
reference_static,2009-04-30,DBC,0.050000
reference_static,2009-04-30,GLD,0.050000
reference_static,2009-04-30,BIL,0.050000
reference_static,2009-05-29,SPY,0.350000
reference_static,2009-05-29,EEM,0.100000
reference_static,2009-05-29,IEF,0.250000
reference_static,2009-05-29,TIP,0.050000
reference_static,2009-05-29,HYG,0.100000
reference_static,2009-05-29,DBC,0.050000
reference_static,2009-05-29,GLD,0.050000
reference_static,2009-05-29,BIL,0.050000
reference_static,2009-06-30,SPY,0.350000
reference_static,2009-06-30,EEM,0.100000
reference_static,2009-06-30,IEF,0.250000
reference_static,2009-06-30,TIP,0.050000
reference_static,2009-06-30,HYG,0.100000
reference_static,2009-06-30,DBC,0.050000
reference_static,2009-06-30,GLD,0.050000
reference_static,2009-06-30,BIL,0.050000
reference_static,2009-07-31,SPY,0.350000
reference_static,2009-07-31,EEM,0.100000
reference_static,2009-07-31,IEF,0.250000
reference_static,2009-07-31,TIP,0.050000
reference_static,2009-07-31,HYG,0.100000
reference_static,2009-07-31,DBC,0.050000
reference_static,2009-07-31,GLD,0.050000
reference_static,2009-07-31,BIL,0.050000
reference_static,2009-08-31,SPY,0.350000
reference_static,2009-08-31,EEM,0.100000
reference_static,2009-08-31,IEF,0.250000
reference_static,2009-08-31,TIP,0.050000
reference_static,2009-08-31,HYG,0.100000
reference_static,2009-08-31,DBC,0.050000
reference_static,2009-08-31,GLD,0.050000
reference_static,2009-08-31,BIL,0.050000
reference_static,2009-09-30,SPY,0.350000
reference_static,2009-09-30,EEM,0.100000
reference_static,2009-09-30,IEF,0.250000
reference_static,2009-09-30,TIP,0.050000
reference_static,2009-09-30,HYG,0.100000
reference_static,2009-09-30,DBC,0.050000
reference_static,2009-09-30,GLD,0.050000
reference_static,2009-09-30,BIL,0.050000
reference_static,2009-10-30,SPY,0.350000
reference_static,2009-10-30,EEM,0.100000
reference_static,2009-10-30,IEF,0.250000
reference_static,2009-10-30,TIP,0.050000
reference_static,2009-10-30,HYG,0.100000
reference_static,2009-10-30,DBC,0.050000
reference_static,2009-10-30,GLD,0.050000
reference_static,2009-10-30,BIL,0.050000
reference_static,2009-11-30,SPY,0.350000
reference_static,2009-11-30,EEM,0.100000
reference_static,2009-11-30,IEF,0.250000
reference_static,2009-11-30,TIP,0.050000
reference_static,2009-11-30,HYG,0.100000
reference_static,2009-11-30,DBC,0.050000
reference_static,2009-11-30,GLD,0.050000
reference_static,2009-11-30,BIL,0.050000
reference_static,2009-12-31,SPY,0.350000
reference_static,2009-12-31,EEM,0.100000
reference_static,2009-12-31,IEF,0.250000
reference_static,2009-12-31,TIP,0.050000
reference_static,2009-12-31,HYG,0.100000
reference_static,2009-12-31,DBC,0.050000
reference_static,2009-12-31,GLD,0.050000
reference_static,2009-12-31,BIL,0.050000
reference_static,2010-01-29,SPY,0.350000
reference_static,2010-01-29,EEM,0.100000
reference_static,2010-01-29,IEF,0.250000
reference_static,2010-01-29,TIP,0.050000
reference_static,2010-01-29,HYG,0.100000
reference_static,2010-01-29,DBC,0.050000
reference_static,2010-01-29,GLD,0.050000
reference_static,2010-01-29,BIL,0.050000
reference_static,2010-02-26,SPY,0.350000
reference_static,2010-02-26,EEM,0.100000
reference_static,2010-02-26,IEF,0.250000
reference_static,2010-02-26,TIP,0.050000
reference_static,2010-02-26,HYG,0.100000
reference_static,2010-02-26,DBC,0.050000
reference_static,2010-02-26,GLD,0.050000
reference_static,2010-02-26,BIL,0.050000
reference_static,2010-03-31,SPY,0.350000
reference_static,2010-03-31,EEM,0.100000
reference_static,2010-03-31,IEF,0.250000
reference_static,2010-03-31,TIP,0.050000
reference_static,2010-03-31,HYG,0.100000
reference_static,2010-03-31,DBC,0.050000
reference_static,2010-03-31,GLD,0.050000
reference_static,2010-03-31,BIL,0.050000
reference_static,2010-04-30,SPY,0.350000
reference_static,2010-04-30,EEM,0.100000
reference_static,2010-04-30,IEF,0.250000
reference_static,2010-04-30,TIP,0.050000
reference_static,2010-04-30,HYG,0.100000
reference_static,2010-04-30,DBC,0.050000
reference_static,2010-04-30,GLD,0.050000
reference_static,2010-04-30,BIL,0.050000
reference_static,2010-05-28,SPY,0.350000
reference_static,2010-05-28,EEM,0.100000
reference_static,2010-05-28,IEF,0.250000
reference_static,2010-05-28,TIP,0.050000
reference_static,2010-05-28,HYG,0.100000
reference_static,2010-05-28,DBC,0.050000
reference_static,2010-05-28,GLD,0.050000
reference_static,2010-05-28,BIL,0.050000
reference_static,2010-06-30,SPY,0.350000
reference_static,2010-06-30,EEM,0.100000
reference_static,2010-06-30,IEF,0.250000
reference_static,2010-06-30,TIP,0.050000
reference_static,2010-06-30,HYG,0.100000
reference_static,2010-06-30,DBC,0.050000
reference_static,2010-06-30,GLD,0.050000
reference_static,2010-06-30,BIL,0.050000
reference_static,2010-07-30,SPY,0.350000
reference_static,2010-07-30,EEM,0.100000
reference_static,2010-07-30,IEF,0.250000
reference_static,2010-07-30,TIP,0.050000
reference_static,2010-07-30,HYG,0.100000
reference_static,2010-07-30,DBC,0.050000
reference_static,2010-07-30,GLD,0.050000
reference_static,2010-07-30,BIL,0.050000
reference_static,2010-08-31,SPY,0.350000
reference_static,2010-08-31,EEM,0.100000
reference_static,2010-08-31,IEF,0.250000
reference_static,2010-08-31,TIP,0.050000
reference_static,2010-08-31,HYG,0.100000
reference_static,2010-08-31,DBC,0.050000
reference_static,2010-08-31,GLD,0.050000
reference_static,2010-08-31,BIL,0.050000
reference_static,2010-09-30,SPY,0.350000
reference_static,2010-09-30,EEM,0.100000
reference_static,2010-09-30,IEF,0.250000
reference_static,2010-09-30,TIP,0.050000
reference_static,2010-09-30,HYG,0.100000
reference_static,2010-09-30,DBC,0.050000
reference_static,2010-09-30,GLD,0.050000
reference_static,2010-09-30,BIL,0.050000
reference_static,2010-10-29,SPY,0.350000
reference_static,2010-10-29,EEM,0.100000
reference_static,2010-10-29,IEF,0.250000
reference_static,2010-10-29,TIP,0.050000
reference_static,2010-10-29,HYG,0.100000
reference_static,2010-10-29,DBC,0.050000
reference_static,2010-10-29,GLD,0.050000
reference_static,2010-10-29,BIL,0.050000
reference_static,2010-11-30,SPY,0.350000
reference_static,2010-11-30,EEM,0.100000
reference_static,2010-11-30,IEF,0.250000
reference_static,2010-11-30,TIP,0.050000
reference_static,2010-11-30,HYG,0.100000
reference_static,2010-11-30,DBC,0.050000
reference_static,2010-11-30,GLD,0.050000
reference_static,2010-11-30,BIL,0.050000
reference_static,2010-12-31,SPY,0.350000
reference_static,2010-12-31,EEM,0.100000
reference_static,2010-12-31,IEF,0.250000
reference_static,2010-12-31,TIP,0.050000
reference_static,2010-12-31,HYG,0.100000
reference_static,2010-12-31,DBC,0.050000
reference_static,2010-12-31,GLD,0.050000
reference_static,2010-12-31,BIL,0.050000
reference_static,2011-01-31,SPY,0.350000
reference_static,2011-01-31,EEM,0.100000
reference_static,2011-01-31,IEF,0.250000
reference_static,2011-01-31,TIP,0.050000
reference_static,2011-01-31,HYG,0.100000
reference_static,2011-01-31,DBC,0.050000
reference_static,2011-01-31,GLD,0.050000
reference_static,2011-01-31,BIL,0.050000
reference_static,2011-02-28,SPY,0.350000
reference_static,2011-02-28,EEM,0.100000
reference_static,2011-02-28,IEF,0.250000
reference_static,2011-02-28,TIP,0.050000
reference_static,2011-02-28,HYG,0.100000
reference_static,2011-02-28,DBC,0.050000
reference_static,2011-02-28,GLD,0.050000
reference_static,2011-02-28,BIL,0.050000
reference_static,2011-03-31,SPY,0.350000
reference_static,2011-03-31,EEM,0.100000
reference_static,2011-03-31,IEF,0.250000
reference_static,2011-03-31,TIP,0.050000
reference_static,2011-03-31,HYG,0.100000
reference_static,2011-03-31,DBC,0.050000
reference_static,2011-03-31,GLD,0.050000
reference_static,2011-03-31,BIL,0.050000
reference_static,2011-04-29,SPY,0.350000
reference_static,2011-04-29,EEM,0.100000
reference_static,2011-04-29,IEF,0.250000
reference_static,2011-04-29,TIP,0.050000
reference_static,2011-04-29,HYG,0.100000
reference_static,2011-04-29,DBC,0.050000
reference_static,2011-04-29,GLD,0.050000
reference_static,2011-04-29,BIL,0.050000
reference_static,2011-05-31,SPY,0.350000
reference_static,2011-05-31,EEM,0.100000
reference_static,2011-05-31,IEF,0.250000
reference_static,2011-05-31,TIP,0.050000
reference_static,2011-05-31,HYG,0.100000
reference_static,2011-05-31,DBC,0.050000
reference_static,2011-05-31,GLD,0.050000
reference_static,2011-05-31,BIL,0.050000
reference_static,2011-06-30,SPY,0.350000
reference_static,2011-06-30,EEM,0.100000
reference_static,2011-06-30,IEF,0.250000
reference_static,2011-06-30,TIP,0.050000
reference_static,2011-06-30,HYG,0.100000
reference_static,2011-06-30,DBC,0.050000
reference_static,2011-06-30,GLD,0.050000
reference_static,2011-06-30,BIL,0.050000
reference_static,2011-07-29,SPY,0.350000
reference_static,2011-07-29,EEM,0.100000
reference_static,2011-07-29,IEF,0.250000
reference_static,2011-07-29,TIP,0.050000
reference_static,2011-07-29,HYG,0.100000
reference_static,2011-07-29,DBC,0.050000
reference_static,2011-07-29,GLD,0.050000
reference_static,2011-07-29,BIL,0.050000
reference_static,2011-08-31,SPY,0.350000
reference_static,2011-08-31,EEM,0.100000
reference_static,2011-08-31,IEF,0.250000
reference_static,2011-08-31,TIP,0.050000
reference_static,2011-08-31,HYG,0.100000
reference_static,2011-08-31,DBC,0.050000
reference_static,2011-08-31,GLD,0.050000
reference_static,2011-08-31,BIL,0.050000
reference_static,2011-09-30,SPY,0.350000
reference_static,2011-09-30,EEM,0.100000
reference_static,2011-09-30,IEF,0.250000
reference_static,2011-09-30,TIP,0.050000
reference_static,2011-09-30,HYG,0.100000
reference_static,2011-09-30,DBC,0.050000
reference_static,2011-09-30,GLD,0.050000
reference_static,2011-09-30,BIL,0.050000
reference_static,2011-10-31,SPY,0.350000
reference_static,2011-10-31,EEM,0.100000
reference_static,2011-10-31,IEF,0.250000
reference_static,2011-10-31,TIP,0.050000
reference_static,2011-10-31,HYG,0.100000
reference_static,2011-10-31,DBC,0.050000
reference_static,2011-10-31,GLD,0.050000
reference_static,2011-10-31,BIL,0.050000
reference_static,2011-11-30,SPY,0.350000
reference_static,2011-11-30,EEM,0.100000
reference_static,2011-11-30,IEF,0.250000
reference_static,2011-11-30,TIP,0.050000
reference_static,2011-11-30,HYG,0.100000
reference_static,2011-11-30,DBC,0.050000
reference_static,2011-11-30,GLD,0.050000
reference_static,2011-11-30,BIL,0.050000
reference_static,2011-12-30,SPY,0.350000
reference_static,2011-12-30,EEM,0.100000
reference_static,2011-12-30,IEF,0.250000
reference_static,2011-12-30,TIP,0.050000
reference_static,2011-12-30,HYG,0.100000
reference_static,2011-12-30,DBC,0.050000
reference_static,2011-12-30,GLD,0.050000
reference_static,2011-12-30,BIL,0.050000
reference_static,2012-01-31,SPY,0.350000
reference_static,2012-01-31,EEM,0.100000
reference_static,2012-01-31,IEF,0.250000
reference_static,2012-01-31,TIP,0.050000
reference_static,2012-01-31,HYG,0.100000
reference_static,2012-01-31,DBC,0.050000
reference_static,2012-01-31,GLD,0.050000
reference_static,2012-01-31,BIL,0.050000
reference_static,2012-02-29,SPY,0.350000
reference_static,2012-02-29,EEM,0.100000
reference_static,2012-02-29,IEF,0.250000
reference_static,2012-02-29,TIP,0.050000
reference_static,2012-02-29,HYG,0.100000
reference_static,2012-02-29,DBC,0.050000
reference_static,2012-02-29,GLD,0.050000
reference_static,2012-02-29,BIL,0.050000
reference_static,2012-03-30,SPY,0.350000
reference_static,2012-03-30,EEM,0.100000
reference_static,2012-03-30,IEF,0.250000
reference_static,2012-03-30,TIP,0.050000
reference_static,2012-03-30,HYG,0.100000
reference_static,2012-03-30,DBC,0.050000
reference_static,2012-03-30,GLD,0.050000
reference_static,2012-03-30,BIL,0.050000
reference_static,2012-04-30,SPY,0.350000
reference_static,2012-04-30,EEM,0.100000
reference_static,2012-04-30,IEF,0.250000
reference_static,2012-04-30,TIP,0.050000
reference_static,2012-04-30,HYG,0.100000
reference_static,2012-04-30,DBC,0.050000
reference_static,2012-04-30,GLD,0.050000
reference_static,2012-04-30,BIL,0.050000
reference_static,2012-05-31,SPY,0.350000
reference_static,2012-05-31,EEM,0.100000
reference_static,2012-05-31,IEF,0.250000
reference_static,2012-05-31,TIP,0.050000
reference_static,2012-05-31,HYG,0.100000
reference_static,2012-05-31,DBC,0.050000
reference_static,2012-05-31,GLD,0.050000
reference_static,2012-05-31,BIL,0.050000
reference_static,2012-06-29,SPY,0.350000
reference_static,2012-06-29,EEM,0.100000
reference_static,2012-06-29,IEF,0.250000
reference_static,2012-06-29,TIP,0.050000
reference_static,2012-06-29,HYG,0.100000
reference_static,2012-06-29,DBC,0.050000
reference_static,2012-06-29,GLD,0.050000
reference_static,2012-06-29,BIL,0.050000
reference_static,2012-07-31,SPY,0.350000
reference_static,2012-07-31,EEM,0.100000
reference_static,2012-07-31,IEF,0.250000
reference_static,2012-07-31,TIP,0.050000
reference_static,2012-07-31,HYG,0.100000
reference_static,2012-07-31,DBC,0.050000
reference_static,2012-07-31,GLD,0.050000
reference_static,2012-07-31,BIL,0.050000
reference_static,2012-08-31,SPY,0.350000
reference_static,2012-08-31,EEM,0.100000
reference_static,2012-08-31,IEF,0.250000
reference_static,2012-08-31,TIP,0.050000
reference_static,2012-08-31,HYG,0.100000
reference_static,2012-08-31,DBC,0.050000
reference_static,2012-08-31,GLD,0.050000
reference_static,2012-08-31,BIL,0.050000
reference_static,2012-09-28,SPY,0.350000
reference_static,2012-09-28,EEM,0.100000
reference_static,2012-09-28,IEF,0.250000
reference_static,2012-09-28,TIP,0.050000
reference_static,2012-09-28,HYG,0.100000
reference_static,2012-09-28,DBC,0.050000
reference_static,2012-09-28,GLD,0.050000
reference_static,2012-09-28,BIL,0.050000
reference_static,2012-10-31,SPY,0.350000
reference_static,2012-10-31,EEM,0.100000
reference_static,2012-10-31,IEF,0.250000
reference_static,2012-10-31,TIP,0.050000
reference_static,2012-10-31,HYG,0.100000
reference_static,2012-10-31,DBC,0.050000
reference_static,2012-10-31,GLD,0.050000
reference_static,2012-10-31,BIL,0.050000
reference_static,2012-11-30,SPY,0.350000
reference_static,2012-11-30,EEM,0.100000
reference_static,2012-11-30,IEF,0.250000
reference_static,2012-11-30,TIP,0.050000
reference_static,2012-11-30,HYG,0.100000
reference_static,2012-11-30,DBC,0.050000
reference_static,2012-11-30,GLD,0.050000
reference_static,2012-11-30,BIL,0.050000
reference_static,2012-12-31,SPY,0.350000
reference_static,2012-12-31,EEM,0.100000
reference_static,2012-12-31,IEF,0.250000
reference_static,2012-12-31,TIP,0.050000
reference_static,2012-12-31,HYG,0.100000
reference_static,2012-12-31,DBC,0.050000
reference_static,2012-12-31,GLD,0.050000
reference_static,2012-12-31,BIL,0.050000
reference_static,2013-01-31,SPY,0.350000
reference_static,2013-01-31,EEM,0.100000
reference_static,2013-01-31,IEF,0.250000
reference_static,2013-01-31,TIP,0.050000
reference_static,2013-01-31,HYG,0.100000
reference_static,2013-01-31,DBC,0.050000
reference_static,2013-01-31,GLD,0.050000
reference_static,2013-01-31,BIL,0.050000
reference_static,2013-02-28,SPY,0.350000
reference_static,2013-02-28,EEM,0.100000
reference_static,2013-02-28,IEF,0.250000
reference_static,2013-02-28,TIP,0.050000
reference_static,2013-02-28,HYG,0.100000
reference_static,2013-02-28,DBC,0.050000
reference_static,2013-02-28,GLD,0.050000
reference_static,2013-02-28,BIL,0.050000
reference_static,2013-03-28,SPY,0.350000
reference_static,2013-03-28,EEM,0.100000
reference_static,2013-03-28,IEF,0.250000
reference_static,2013-03-28,TIP,0.050000
reference_static,2013-03-28,HYG,0.100000
reference_static,2013-03-28,DBC,0.050000
reference_static,2013-03-28,GLD,0.050000
reference_static,2013-03-28,BIL,0.050000
reference_static,2013-04-30,SPY,0.350000
reference_static,2013-04-30,EEM,0.100000
reference_static,2013-04-30,IEF,0.250000
reference_static,2013-04-30,TIP,0.050000
reference_static,2013-04-30,HYG,0.100000
reference_static,2013-04-30,DBC,0.050000
reference_static,2013-04-30,GLD,0.050000
reference_static,2013-04-30,BIL,0.050000
reference_static,2013-05-31,SPY,0.350000
reference_static,2013-05-31,EEM,0.100000
reference_static,2013-05-31,IEF,0.250000
reference_static,2013-05-31,TIP,0.050000
reference_static,2013-05-31,HYG,0.100000
reference_static,2013-05-31,DBC,0.050000
reference_static,2013-05-31,GLD,0.050000
reference_static,2013-05-31,BIL,0.050000
reference_static,2013-06-28,SPY,0.350000
reference_static,2013-06-28,EEM,0.100000
reference_static,2013-06-28,IEF,0.250000
reference_static,2013-06-28,TIP,0.050000
reference_static,2013-06-28,HYG,0.100000
reference_static,2013-06-28,DBC,0.050000
reference_static,2013-06-28,GLD,0.050000
reference_static,2013-06-28,BIL,0.050000
reference_static,2013-07-31,SPY,0.350000
reference_static,2013-07-31,EEM,0.100000
reference_static,2013-07-31,IEF,0.250000
reference_static,2013-07-31,TIP,0.050000
reference_static,2013-07-31,HYG,0.100000
reference_static,2013-07-31,DBC,0.050000
reference_static,2013-07-31,GLD,0.050000
reference_static,2013-07-31,BIL,0.050000
reference_static,2013-08-30,SPY,0.350000
reference_static,2013-08-30,EEM,0.100000
reference_static,2013-08-30,IEF,0.250000
reference_static,2013-08-30,TIP,0.050000
reference_static,2013-08-30,HYG,0.100000
reference_static,2013-08-30,DBC,0.050000
reference_static,2013-08-30,GLD,0.050000
reference_static,2013-08-30,BIL,0.050000
reference_static,2013-09-30,SPY,0.350000
reference_static,2013-09-30,EEM,0.100000
reference_static,2013-09-30,IEF,0.250000
reference_static,2013-09-30,TIP,0.050000
reference_static,2013-09-30,HYG,0.100000
reference_static,2013-09-30,DBC,0.050000
reference_static,2013-09-30,GLD,0.050000
reference_static,2013-09-30,BIL,0.050000
reference_static,2013-10-31,SPY,0.350000
reference_static,2013-10-31,EEM,0.100000
reference_static,2013-10-31,IEF,0.250000
reference_static,2013-10-31,TIP,0.050000
reference_static,2013-10-31,HYG,0.100000
reference_static,2013-10-31,DBC,0.050000
reference_static,2013-10-31,GLD,0.050000
reference_static,2013-10-31,BIL,0.050000
reference_static,2013-11-29,SPY,0.350000
reference_static,2013-11-29,EEM,0.100000
reference_static,2013-11-29,IEF,0.250000
reference_static,2013-11-29,TIP,0.050000
reference_static,2013-11-29,HYG,0.100000
reference_static,2013-11-29,DBC,0.050000
reference_static,2013-11-29,GLD,0.050000
reference_static,2013-11-29,BIL,0.050000
reference_static,2013-12-31,SPY,0.350000
reference_static,2013-12-31,EEM,0.100000
reference_static,2013-12-31,IEF,0.250000
reference_static,2013-12-31,TIP,0.050000
reference_static,2013-12-31,HYG,0.100000
reference_static,2013-12-31,DBC,0.050000
reference_static,2013-12-31,GLD,0.050000
reference_static,2013-12-31,BIL,0.050000
reference_static,2014-01-31,SPY,0.350000
reference_static,2014-01-31,EEM,0.100000
reference_static,2014-01-31,IEF,0.250000
reference_static,2014-01-31,TIP,0.050000
reference_static,2014-01-31,HYG,0.100000
reference_static,2014-01-31,DBC,0.050000
reference_static,2014-01-31,GLD,0.050000
reference_static,2014-01-31,BIL,0.050000
reference_static,2014-02-28,SPY,0.350000
reference_static,2014-02-28,EEM,0.100000
reference_static,2014-02-28,IEF,0.250000
reference_static,2014-02-28,TIP,0.050000
reference_static,2014-02-28,HYG,0.100000
reference_static,2014-02-28,DBC,0.050000
reference_static,2014-02-28,GLD,0.050000
reference_static,2014-02-28,BIL,0.050000
reference_static,2014-03-31,SPY,0.350000
reference_static,2014-03-31,EEM,0.100000
reference_static,2014-03-31,IEF,0.250000
reference_static,2014-03-31,TIP,0.050000
reference_static,2014-03-31,HYG,0.100000
reference_static,2014-03-31,DBC,0.050000
reference_static,2014-03-31,GLD,0.050000
reference_static,2014-03-31,BIL,0.050000
reference_static,2014-04-30,SPY,0.350000
reference_static,2014-04-30,EEM,0.100000
reference_static,2014-04-30,IEF,0.250000
reference_static,2014-04-30,TIP,0.050000
reference_static,2014-04-30,HYG,0.100000
reference_static,2014-04-30,DBC,0.050000
reference_static,2014-04-30,GLD,0.050000
reference_static,2014-04-30,BIL,0.050000
reference_static,2014-05-30,SPY,0.350000
reference_static,2014-05-30,EEM,0.100000
reference_static,2014-05-30,IEF,0.250000
reference_static,2014-05-30,TIP,0.050000
reference_static,2014-05-30,HYG,0.100000
reference_static,2014-05-30,DBC,0.050000
reference_static,2014-05-30,GLD,0.050000
reference_static,2014-05-30,BIL,0.050000
reference_static,2014-06-30,SPY,0.350000
reference_static,2014-06-30,EEM,0.100000
reference_static,2014-06-30,IEF,0.250000
reference_static,2014-06-30,TIP,0.050000
reference_static,2014-06-30,HYG,0.100000
reference_static,2014-06-30,DBC,0.050000
reference_static,2014-06-30,GLD,0.050000
reference_static,2014-06-30,BIL,0.050000
reference_static,2014-07-31,SPY,0.350000
reference_static,2014-07-31,EEM,0.100000
reference_static,2014-07-31,IEF,0.250000
reference_static,2014-07-31,TIP,0.050000
reference_static,2014-07-31,HYG,0.100000
reference_static,2014-07-31,DBC,0.050000
reference_static,2014-07-31,GLD,0.050000
reference_static,2014-07-31,BIL,0.050000
reference_static,2014-08-29,SPY,0.350000
reference_static,2014-08-29,EEM,0.100000
reference_static,2014-08-29,IEF,0.250000
reference_static,2014-08-29,TIP,0.050000
reference_static,2014-08-29,HYG,0.100000
reference_static,2014-08-29,DBC,0.050000
reference_static,2014-08-29,GLD,0.050000
reference_static,2014-08-29,BIL,0.050000
reference_static,2014-09-30,SPY,0.350000
reference_static,2014-09-30,EEM,0.100000
reference_static,2014-09-30,IEF,0.250000
reference_static,2014-09-30,TIP,0.050000
reference_static,2014-09-30,HYG,0.100000
reference_static,2014-09-30,DBC,0.050000
reference_static,2014-09-30,GLD,0.050000
reference_static,2014-09-30,BIL,0.050000
reference_static,2014-10-31,SPY,0.350000
reference_static,2014-10-31,EEM,0.100000
reference_static,2014-10-31,IEF,0.250000
reference_static,2014-10-31,TIP,0.050000
reference_static,2014-10-31,HYG,0.100000
reference_static,2014-10-31,DBC,0.050000
reference_static,2014-10-31,GLD,0.050000
reference_static,2014-10-31,BIL,0.050000
reference_static,2014-11-28,SPY,0.350000
reference_static,2014-11-28,EEM,0.100000
reference_static,2014-11-28,IEF,0.250000
reference_static,2014-11-28,TIP,0.050000
reference_static,2014-11-28,HYG,0.100000
reference_static,2014-11-28,DBC,0.050000
reference_static,2014-11-28,GLD,0.050000
reference_static,2014-11-28,BIL,0.050000
reference_static,2014-12-31,SPY,0.350000
reference_static,2014-12-31,EEM,0.100000
reference_static,2014-12-31,IEF,0.250000
reference_static,2014-12-31,TIP,0.050000
reference_static,2014-12-31,HYG,0.100000
reference_static,2014-12-31,DBC,0.050000
reference_static,2014-12-31,GLD,0.050000
reference_static,2014-12-31,BIL,0.050000
reference_static,2015-01-30,SPY,0.350000
reference_static,2015-01-30,EEM,0.100000
reference_static,2015-01-30,IEF,0.250000
reference_static,2015-01-30,TIP,0.050000
reference_static,2015-01-30,HYG,0.100000
reference_static,2015-01-30,DBC,0.050000
reference_static,2015-01-30,GLD,0.050000
reference_static,2015-01-30,BIL,0.050000
reference_static,2015-02-27,SPY,0.350000
reference_static,2015-02-27,EEM,0.100000
reference_static,2015-02-27,IEF,0.250000
reference_static,2015-02-27,TIP,0.050000
reference_static,2015-02-27,HYG,0.100000
reference_static,2015-02-27,DBC,0.050000
reference_static,2015-02-27,GLD,0.050000
reference_static,2015-02-27,BIL,0.050000
reference_static,2015-03-31,SPY,0.350000
reference_static,2015-03-31,EEM,0.100000
reference_static,2015-03-31,IEF,0.250000
reference_static,2015-03-31,TIP,0.050000
reference_static,2015-03-31,HYG,0.100000
reference_static,2015-03-31,DBC,0.050000
reference_static,2015-03-31,GLD,0.050000
reference_static,2015-03-31,BIL,0.050000
reference_static,2015-04-30,SPY,0.350000
reference_static,2015-04-30,EEM,0.100000
reference_static,2015-04-30,IEF,0.250000
reference_static,2015-04-30,TIP,0.050000
reference_static,2015-04-30,HYG,0.100000
reference_static,2015-04-30,DBC,0.050000
reference_static,2015-04-30,GLD,0.050000
reference_static,2015-04-30,BIL,0.050000
reference_static,2015-05-29,SPY,0.350000
reference_static,2015-05-29,EEM,0.100000
reference_static,2015-05-29,IEF,0.250000
reference_static,2015-05-29,TIP,0.050000
reference_static,2015-05-29,HYG,0.100000
reference_static,2015-05-29,DBC,0.050000
reference_static,2015-05-29,GLD,0.050000
reference_static,2015-05-29,BIL,0.050000
reference_static,2015-06-30,SPY,0.350000
reference_static,2015-06-30,EEM,0.100000
reference_static,2015-06-30,IEF,0.250000
reference_static,2015-06-30,TIP,0.050000
reference_static,2015-06-30,HYG,0.100000
reference_static,2015-06-30,DBC,0.050000
reference_static,2015-06-30,GLD,0.050000
reference_static,2015-06-30,BIL,0.050000
reference_static,2015-07-31,SPY,0.350000
reference_static,2015-07-31,EEM,0.100000
reference_static,2015-07-31,IEF,0.250000
reference_static,2015-07-31,TIP,0.050000
reference_static,2015-07-31,HYG,0.100000
reference_static,2015-07-31,DBC,0.050000
reference_static,2015-07-31,GLD,0.050000
reference_static,2015-07-31,BIL,0.050000
reference_static,2015-08-31,SPY,0.350000
reference_static,2015-08-31,EEM,0.100000
reference_static,2015-08-31,IEF,0.250000
reference_static,2015-08-31,TIP,0.050000
reference_static,2015-08-31,HYG,0.100000
reference_static,2015-08-31,DBC,0.050000
reference_static,2015-08-31,GLD,0.050000
reference_static,2015-08-31,BIL,0.050000
reference_static,2015-09-30,SPY,0.350000
reference_static,2015-09-30,EEM,0.100000
reference_static,2015-09-30,IEF,0.250000
reference_static,2015-09-30,TIP,0.050000
reference_static,2015-09-30,HYG,0.100000
reference_static,2015-09-30,DBC,0.050000
reference_static,2015-09-30,GLD,0.050000
reference_static,2015-09-30,BIL,0.050000
reference_static,2015-10-30,SPY,0.350000
reference_static,2015-10-30,EEM,0.100000
reference_static,2015-10-30,IEF,0.250000
reference_static,2015-10-30,TIP,0.050000
reference_static,2015-10-30,HYG,0.100000
reference_static,2015-10-30,DBC,0.050000
reference_static,2015-10-30,GLD,0.050000
reference_static,2015-10-30,BIL,0.050000
reference_static,2015-11-30,SPY,0.350000
reference_static,2015-11-30,EEM,0.100000
reference_static,2015-11-30,IEF,0.250000
reference_static,2015-11-30,TIP,0.050000
reference_static,2015-11-30,HYG,0.100000
reference_static,2015-11-30,DBC,0.050000
reference_static,2015-11-30,GLD,0.050000
reference_static,2015-11-30,BIL,0.050000
reference_static,2015-12-31,SPY,0.350000
reference_static,2015-12-31,EEM,0.100000
reference_static,2015-12-31,IEF,0.250000
reference_static,2015-12-31,TIP,0.050000
reference_static,2015-12-31,HYG,0.100000
reference_static,2015-12-31,DBC,0.050000
reference_static,2015-12-31,GLD,0.050000
reference_static,2015-12-31,BIL,0.050000
reference_static,2016-01-29,SPY,0.350000
reference_static,2016-01-29,EEM,0.100000
reference_static,2016-01-29,IEF,0.250000
reference_static,2016-01-29,TIP,0.050000
reference_static,2016-01-29,HYG,0.100000
reference_static,2016-01-29,DBC,0.050000
reference_static,2016-01-29,GLD,0.050000
reference_static,2016-01-29,BIL,0.050000
reference_static,2016-02-29,SPY,0.350000
reference_static,2016-02-29,EEM,0.100000
reference_static,2016-02-29,IEF,0.250000
reference_static,2016-02-29,TIP,0.050000
reference_static,2016-02-29,HYG,0.100000
reference_static,2016-02-29,DBC,0.050000
reference_static,2016-02-29,GLD,0.050000
reference_static,2016-02-29,BIL,0.050000
reference_static,2016-03-31,SPY,0.350000
reference_static,2016-03-31,EEM,0.100000
reference_static,2016-03-31,IEF,0.250000
reference_static,2016-03-31,TIP,0.050000
reference_static,2016-03-31,HYG,0.100000
reference_static,2016-03-31,DBC,0.050000
reference_static,2016-03-31,GLD,0.050000
reference_static,2016-03-31,BIL,0.050000
reference_static,2016-04-29,SPY,0.350000
reference_static,2016-04-29,EEM,0.100000
reference_static,2016-04-29,IEF,0.250000
reference_static,2016-04-29,TIP,0.050000
reference_static,2016-04-29,HYG,0.100000
reference_static,2016-04-29,DBC,0.050000
reference_static,2016-04-29,GLD,0.050000
reference_static,2016-04-29,BIL,0.050000
reference_static,2016-05-31,SPY,0.350000
reference_static,2016-05-31,EEM,0.100000
reference_static,2016-05-31,IEF,0.250000
reference_static,2016-05-31,TIP,0.050000
reference_static,2016-05-31,HYG,0.100000
reference_static,2016-05-31,DBC,0.050000
reference_static,2016-05-31,GLD,0.050000
reference_static,2016-05-31,BIL,0.050000
reference_static,2016-06-30,SPY,0.350000
reference_static,2016-06-30,EEM,0.100000
reference_static,2016-06-30,IEF,0.250000
reference_static,2016-06-30,TIP,0.050000
reference_static,2016-06-30,HYG,0.100000
reference_static,2016-06-30,DBC,0.050000
reference_static,2016-06-30,GLD,0.050000
reference_static,2016-06-30,BIL,0.050000
reference_static,2016-07-29,SPY,0.350000
reference_static,2016-07-29,EEM,0.100000
reference_static,2016-07-29,IEF,0.250000
reference_static,2016-07-29,TIP,0.050000
reference_static,2016-07-29,HYG,0.100000
reference_static,2016-07-29,DBC,0.050000
reference_static,2016-07-29,GLD,0.050000
reference_static,2016-07-29,BIL,0.050000
reference_static,2016-08-31,SPY,0.350000
reference_static,2016-08-31,EEM,0.100000
reference_static,2016-08-31,IEF,0.250000
reference_static,2016-08-31,TIP,0.050000
reference_static,2016-08-31,HYG,0.100000
reference_static,2016-08-31,DBC,0.050000
reference_static,2016-08-31,GLD,0.050000
reference_static,2016-08-31,BIL,0.050000
reference_static,2016-09-30,SPY,0.350000
reference_static,2016-09-30,EEM,0.100000
reference_static,2016-09-30,IEF,0.250000
reference_static,2016-09-30,TIP,0.050000
reference_static,2016-09-30,HYG,0.100000
reference_static,2016-09-30,DBC,0.050000
reference_static,2016-09-30,GLD,0.050000
reference_static,2016-09-30,BIL,0.050000
reference_static,2016-10-31,SPY,0.350000
reference_static,2016-10-31,EEM,0.100000
reference_static,2016-10-31,IEF,0.250000
reference_static,2016-10-31,TIP,0.050000
reference_static,2016-10-31,HYG,0.100000
reference_static,2016-10-31,DBC,0.050000
reference_static,2016-10-31,GLD,0.050000
reference_static,2016-10-31,BIL,0.050000
reference_static,2016-11-30,SPY,0.350000
reference_static,2016-11-30,EEM,0.100000
reference_static,2016-11-30,IEF,0.250000
reference_static,2016-11-30,TIP,0.050000
reference_static,2016-11-30,HYG,0.100000
reference_static,2016-11-30,DBC,0.050000
reference_static,2016-11-30,GLD,0.050000
reference_static,2016-11-30,BIL,0.050000
reference_static,2016-12-30,SPY,0.350000
reference_static,2016-12-30,EEM,0.100000
reference_static,2016-12-30,IEF,0.250000
reference_static,2016-12-30,TIP,0.050000
reference_static,2016-12-30,HYG,0.100000
reference_static,2016-12-30,DBC,0.050000
reference_static,2016-12-30,GLD,0.050000
reference_static,2016-12-30,BIL,0.050000
reference_static,2017-01-31,SPY,0.350000
reference_static,2017-01-31,EEM,0.100000
reference_static,2017-01-31,IEF,0.250000
reference_static,2017-01-31,TIP,0.050000
reference_static,2017-01-31,HYG,0.100000
reference_static,2017-01-31,DBC,0.050000
reference_static,2017-01-31,GLD,0.050000
reference_static,2017-01-31,BIL,0.050000
reference_static,2017-02-28,SPY,0.350000
reference_static,2017-02-28,EEM,0.100000
reference_static,2017-02-28,IEF,0.250000
reference_static,2017-02-28,TIP,0.050000
reference_static,2017-02-28,HYG,0.100000
reference_static,2017-02-28,DBC,0.050000
reference_static,2017-02-28,GLD,0.050000
reference_static,2017-02-28,BIL,0.050000
reference_static,2017-03-31,SPY,0.350000
reference_static,2017-03-31,EEM,0.100000
reference_static,2017-03-31,IEF,0.250000
reference_static,2017-03-31,TIP,0.050000
reference_static,2017-03-31,HYG,0.100000
reference_static,2017-03-31,DBC,0.050000
reference_static,2017-03-31,GLD,0.050000
reference_static,2017-03-31,BIL,0.050000
reference_static,2017-04-28,SPY,0.350000
reference_static,2017-04-28,EEM,0.100000
reference_static,2017-04-28,IEF,0.250000
reference_static,2017-04-28,TIP,0.050000
reference_static,2017-04-28,HYG,0.100000
reference_static,2017-04-28,DBC,0.050000
reference_static,2017-04-28,GLD,0.050000
reference_static,2017-04-28,BIL,0.050000
reference_static,2017-05-31,SPY,0.350000
reference_static,2017-05-31,EEM,0.100000
reference_static,2017-05-31,IEF,0.250000
reference_static,2017-05-31,TIP,0.050000
reference_static,2017-05-31,HYG,0.100000
reference_static,2017-05-31,DBC,0.050000
reference_static,2017-05-31,GLD,0.050000
reference_static,2017-05-31,BIL,0.050000
reference_static,2017-06-30,SPY,0.350000
reference_static,2017-06-30,EEM,0.100000
reference_static,2017-06-30,IEF,0.250000
reference_static,2017-06-30,TIP,0.050000
reference_static,2017-06-30,HYG,0.100000
reference_static,2017-06-30,DBC,0.050000
reference_static,2017-06-30,GLD,0.050000
reference_static,2017-06-30,BIL,0.050000
reference_static,2017-07-31,SPY,0.350000
reference_static,2017-07-31,EEM,0.100000
reference_static,2017-07-31,IEF,0.250000
reference_static,2017-07-31,TIP,0.050000
reference_static,2017-07-31,HYG,0.100000
reference_static,2017-07-31,DBC,0.050000
reference_static,2017-07-31,GLD,0.050000
reference_static,2017-07-31,BIL,0.050000
reference_static,2017-08-31,SPY,0.350000
reference_static,2017-08-31,EEM,0.100000
reference_static,2017-08-31,IEF,0.250000
reference_static,2017-08-31,TIP,0.050000
reference_static,2017-08-31,HYG,0.100000
reference_static,2017-08-31,DBC,0.050000
reference_static,2017-08-31,GLD,0.050000
reference_static,2017-08-31,BIL,0.050000
reference_static,2017-09-29,SPY,0.350000
reference_static,2017-09-29,EEM,0.100000
reference_static,2017-09-29,IEF,0.250000
reference_static,2017-09-29,TIP,0.050000
reference_static,2017-09-29,HYG,0.100000
reference_static,2017-09-29,DBC,0.050000
reference_static,2017-09-29,GLD,0.050000
reference_static,2017-09-29,BIL,0.050000
reference_static,2017-10-31,SPY,0.350000
reference_static,2017-10-31,EEM,0.100000
reference_static,2017-10-31,IEF,0.250000
reference_static,2017-10-31,TIP,0.050000
reference_static,2017-10-31,HYG,0.100000
reference_static,2017-10-31,DBC,0.050000
reference_static,2017-10-31,GLD,0.050000
reference_static,2017-10-31,BIL,0.050000
reference_static,2017-11-30,SPY,0.350000
reference_static,2017-11-30,EEM,0.100000
reference_static,2017-11-30,IEF,0.250000
reference_static,2017-11-30,TIP,0.050000
reference_static,2017-11-30,HYG,0.100000
reference_static,2017-11-30,DBC,0.050000
reference_static,2017-11-30,GLD,0.050000
reference_static,2017-11-30,BIL,0.050000
reference_static,2017-12-29,SPY,0.350000
reference_static,2017-12-29,EEM,0.100000
reference_static,2017-12-29,IEF,0.250000
reference_static,2017-12-29,TIP,0.050000
reference_static,2017-12-29,HYG,0.100000
reference_static,2017-12-29,DBC,0.050000
reference_static,2017-12-29,GLD,0.050000
reference_static,2017-12-29,BIL,0.050000
reference_static,2018-01-31,SPY,0.350000
reference_static,2018-01-31,EEM,0.100000
reference_static,2018-01-31,IEF,0.250000
reference_static,2018-01-31,TIP,0.050000
reference_static,2018-01-31,HYG,0.100000
reference_static,2018-01-31,DBC,0.050000
reference_static,2018-01-31,GLD,0.050000
reference_static,2018-01-31,BIL,0.050000
reference_static,2018-02-28,SPY,0.350000
reference_static,2018-02-28,EEM,0.100000
reference_static,2018-02-28,IEF,0.250000
reference_static,2018-02-28,TIP,0.050000
reference_static,2018-02-28,HYG,0.100000
reference_static,2018-02-28,DBC,0.050000
reference_static,2018-02-28,GLD,0.050000
reference_static,2018-02-28,BIL,0.050000
reference_static,2018-03-29,SPY,0.350000
reference_static,2018-03-29,EEM,0.100000
reference_static,2018-03-29,IEF,0.250000
reference_static,2018-03-29,TIP,0.050000
reference_static,2018-03-29,HYG,0.100000
reference_static,2018-03-29,DBC,0.050000
reference_static,2018-03-29,GLD,0.050000
reference_static,2018-03-29,BIL,0.050000
reference_static,2018-04-30,SPY,0.350000
reference_static,2018-04-30,EEM,0.100000
reference_static,2018-04-30,IEF,0.250000
reference_static,2018-04-30,TIP,0.050000
reference_static,2018-04-30,HYG,0.100000
reference_static,2018-04-30,DBC,0.050000
reference_static,2018-04-30,GLD,0.050000
reference_static,2018-04-30,BIL,0.050000
reference_static,2018-05-31,SPY,0.350000
reference_static,2018-05-31,EEM,0.100000
reference_static,2018-05-31,IEF,0.250000
reference_static,2018-05-31,TIP,0.050000
reference_static,2018-05-31,HYG,0.100000
reference_static,2018-05-31,DBC,0.050000
reference_static,2018-05-31,GLD,0.050000
reference_static,2018-05-31,BIL,0.050000
reference_static,2018-06-29,SPY,0.350000
reference_static,2018-06-29,EEM,0.100000
reference_static,2018-06-29,IEF,0.250000
reference_static,2018-06-29,TIP,0.050000
reference_static,2018-06-29,HYG,0.100000
reference_static,2018-06-29,DBC,0.050000
reference_static,2018-06-29,GLD,0.050000
reference_static,2018-06-29,BIL,0.050000
reference_static,2018-07-31,SPY,0.350000
reference_static,2018-07-31,EEM,0.100000
reference_static,2018-07-31,IEF,0.250000
reference_static,2018-07-31,TIP,0.050000
reference_static,2018-07-31,HYG,0.100000
reference_static,2018-07-31,DBC,0.050000
reference_static,2018-07-31,GLD,0.050000
reference_static,2018-07-31,BIL,0.050000
reference_static,2018-08-31,SPY,0.350000
reference_static,2018-08-31,EEM,0.100000
reference_static,2018-08-31,IEF,0.250000
reference_static,2018-08-31,TIP,0.050000
reference_static,2018-08-31,HYG,0.100000
reference_static,2018-08-31,DBC,0.050000
reference_static,2018-08-31,GLD,0.050000
reference_static,2018-08-31,BIL,0.050000
reference_static,2018-09-28,SPY,0.350000
reference_static,2018-09-28,EEM,0.100000
reference_static,2018-09-28,IEF,0.250000
reference_static,2018-09-28,TIP,0.050000
reference_static,2018-09-28,HYG,0.100000
reference_static,2018-09-28,DBC,0.050000
reference_static,2018-09-28,GLD,0.050000
reference_static,2018-09-28,BIL,0.050000
reference_static,2018-10-31,SPY,0.350000
reference_static,2018-10-31,EEM,0.100000
reference_static,2018-10-31,IEF,0.250000
reference_static,2018-10-31,TIP,0.050000
reference_static,2018-10-31,HYG,0.100000
reference_static,2018-10-31,DBC,0.050000
reference_static,2018-10-31,GLD,0.050000
reference_static,2018-10-31,BIL,0.050000
reference_static,2018-11-30,SPY,0.350000
reference_static,2018-11-30,EEM,0.100000
reference_static,2018-11-30,IEF,0.250000
reference_static,2018-11-30,TIP,0.050000
reference_static,2018-11-30,HYG,0.100000
reference_static,2018-11-30,DBC,0.050000
reference_static,2018-11-30,GLD,0.050000
reference_static,2018-11-30,BIL,0.050000
reference_static,2018-12-31,SPY,0.350000
reference_static,2018-12-31,EEM,0.100000
reference_static,2018-12-31,IEF,0.250000
reference_static,2018-12-31,TIP,0.050000
reference_static,2018-12-31,HYG,0.100000
reference_static,2018-12-31,DBC,0.050000
reference_static,2018-12-31,GLD,0.050000
reference_static,2018-12-31,BIL,0.050000
reference_static,2019-01-31,SPY,0.350000
reference_static,2019-01-31,EEM,0.100000
reference_static,2019-01-31,IEF,0.250000
reference_static,2019-01-31,TIP,0.050000
reference_static,2019-01-31,HYG,0.100000
reference_static,2019-01-31,DBC,0.050000
reference_static,2019-01-31,GLD,0.050000
reference_static,2019-01-31,BIL,0.050000
reference_static,2019-02-28,SPY,0.350000
reference_static,2019-02-28,EEM,0.100000
reference_static,2019-02-28,IEF,0.250000
reference_static,2019-02-28,TIP,0.050000
reference_static,2019-02-28,HYG,0.100000
reference_static,2019-02-28,DBC,0.050000
reference_static,2019-02-28,GLD,0.050000
reference_static,2019-02-28,BIL,0.050000
reference_static,2019-03-29,SPY,0.350000
reference_static,2019-03-29,EEM,0.100000
reference_static,2019-03-29,IEF,0.250000
reference_static,2019-03-29,TIP,0.050000
reference_static,2019-03-29,HYG,0.100000
reference_static,2019-03-29,DBC,0.050000
reference_static,2019-03-29,GLD,0.050000
reference_static,2019-03-29,BIL,0.050000
reference_static,2019-04-30,SPY,0.350000
reference_static,2019-04-30,EEM,0.100000
reference_static,2019-04-30,IEF,0.250000
reference_static,2019-04-30,TIP,0.050000
reference_static,2019-04-30,HYG,0.100000
reference_static,2019-04-30,DBC,0.050000
reference_static,2019-04-30,GLD,0.050000
reference_static,2019-04-30,BIL,0.050000
reference_static,2019-05-31,SPY,0.350000
reference_static,2019-05-31,EEM,0.100000
reference_static,2019-05-31,IEF,0.250000
reference_static,2019-05-31,TIP,0.050000
reference_static,2019-05-31,HYG,0.100000
reference_static,2019-05-31,DBC,0.050000
reference_static,2019-05-31,GLD,0.050000
reference_static,2019-05-31,BIL,0.050000
reference_static,2019-06-28,SPY,0.350000
reference_static,2019-06-28,EEM,0.100000
reference_static,2019-06-28,IEF,0.250000
reference_static,2019-06-28,TIP,0.050000
reference_static,2019-06-28,HYG,0.100000
reference_static,2019-06-28,DBC,0.050000
reference_static,2019-06-28,GLD,0.050000
reference_static,2019-06-28,BIL,0.050000
reference_static,2019-07-31,SPY,0.350000
reference_static,2019-07-31,EEM,0.100000
reference_static,2019-07-31,IEF,0.250000
reference_static,2019-07-31,TIP,0.050000
reference_static,2019-07-31,HYG,0.100000
reference_static,2019-07-31,DBC,0.050000
reference_static,2019-07-31,GLD,0.050000
reference_static,2019-07-31,BIL,0.050000
reference_static,2019-08-30,SPY,0.350000
reference_static,2019-08-30,EEM,0.100000
reference_static,2019-08-30,IEF,0.250000
reference_static,2019-08-30,TIP,0.050000
reference_static,2019-08-30,HYG,0.100000
reference_static,2019-08-30,DBC,0.050000
reference_static,2019-08-30,GLD,0.050000
reference_static,2019-08-30,BIL,0.050000
reference_static,2019-09-30,SPY,0.350000
reference_static,2019-09-30,EEM,0.100000
reference_static,2019-09-30,IEF,0.250000
reference_static,2019-09-30,TIP,0.050000
reference_static,2019-09-30,HYG,0.100000
reference_static,2019-09-30,DBC,0.050000
reference_static,2019-09-30,GLD,0.050000
reference_static,2019-09-30,BIL,0.050000
reference_static,2019-10-31,SPY,0.350000
reference_static,2019-10-31,EEM,0.100000
reference_static,2019-10-31,IEF,0.250000
reference_static,2019-10-31,TIP,0.050000
reference_static,2019-10-31,HYG,0.100000
reference_static,2019-10-31,DBC,0.050000
reference_static,2019-10-31,GLD,0.050000
reference_static,2019-10-31,BIL,0.050000
reference_static,2019-11-29,SPY,0.350000
reference_static,2019-11-29,EEM,0.100000
reference_static,2019-11-29,IEF,0.250000
reference_static,2019-11-29,TIP,0.050000
reference_static,2019-11-29,HYG,0.100000
reference_static,2019-11-29,DBC,0.050000
reference_static,2019-11-29,GLD,0.050000
reference_static,2019-11-29,BIL,0.050000
reference_static,2019-12-31,SPY,0.350000
reference_static,2019-12-31,EEM,0.100000
reference_static,2019-12-31,IEF,0.250000
reference_static,2019-12-31,TIP,0.050000
reference_static,2019-12-31,HYG,0.100000
reference_static,2019-12-31,DBC,0.050000
reference_static,2019-12-31,GLD,0.050000
reference_static,2019-12-31,BIL,0.050000
reference_static,2020-01-31,SPY,0.350000
reference_static,2020-01-31,EEM,0.100000
reference_static,2020-01-31,IEF,0.250000
reference_static,2020-01-31,TIP,0.050000
reference_static,2020-01-31,HYG,0.100000
reference_static,2020-01-31,DBC,0.050000
reference_static,2020-01-31,GLD,0.050000
reference_static,2020-01-31,BIL,0.050000
reference_static,2020-02-28,SPY,0.350000
reference_static,2020-02-28,EEM,0.100000
reference_static,2020-02-28,IEF,0.250000
reference_static,2020-02-28,TIP,0.050000
reference_static,2020-02-28,HYG,0.100000
reference_static,2020-02-28,DBC,0.050000
reference_static,2020-02-28,GLD,0.050000
reference_static,2020-02-28,BIL,0.050000
reference_static,2020-03-31,SPY,0.350000
reference_static,2020-03-31,EEM,0.100000
reference_static,2020-03-31,IEF,0.250000
reference_static,2020-03-31,TIP,0.050000
reference_static,2020-03-31,HYG,0.100000
reference_static,2020-03-31,DBC,0.050000
reference_static,2020-03-31,GLD,0.050000
reference_static,2020-03-31,BIL,0.050000
reference_static,2020-04-30,SPY,0.350000
reference_static,2020-04-30,EEM,0.100000
reference_static,2020-04-30,IEF,0.250000
reference_static,2020-04-30,TIP,0.050000
reference_static,2020-04-30,HYG,0.100000
reference_static,2020-04-30,DBC,0.050000
reference_static,2020-04-30,GLD,0.050000
reference_static,2020-04-30,BIL,0.050000
reference_static,2020-05-29,SPY,0.350000
reference_static,2020-05-29,EEM,0.100000
reference_static,2020-05-29,IEF,0.250000
reference_static,2020-05-29,TIP,0.050000
reference_static,2020-05-29,HYG,0.100000
reference_static,2020-05-29,DBC,0.050000
reference_static,2020-05-29,GLD,0.050000
reference_static,2020-05-29,BIL,0.050000
reference_static,2020-06-30,SPY,0.350000
reference_static,2020-06-30,EEM,0.100000
reference_static,2020-06-30,IEF,0.250000
reference_static,2020-06-30,TIP,0.050000
reference_static,2020-06-30,HYG,0.100000
reference_static,2020-06-30,DBC,0.050000
reference_static,2020-06-30,GLD,0.050000
reference_static,2020-06-30,BIL,0.050000
reference_static,2020-07-31,SPY,0.350000
reference_static,2020-07-31,EEM,0.100000
reference_static,2020-07-31,IEF,0.250000
reference_static,2020-07-31,TIP,0.050000
reference_static,2020-07-31,HYG,0.100000
reference_static,2020-07-31,DBC,0.050000
reference_static,2020-07-31,GLD,0.050000
reference_static,2020-07-31,BIL,0.050000
reference_static,2020-08-31,SPY,0.350000
reference_static,2020-08-31,EEM,0.100000
reference_static,2020-08-31,IEF,0.250000
reference_static,2020-08-31,TIP,0.050000
reference_static,2020-08-31,HYG,0.100000
reference_static,2020-08-31,DBC,0.050000
reference_static,2020-08-31,GLD,0.050000
reference_static,2020-08-31,BIL,0.050000
reference_static,2020-09-30,SPY,0.350000
reference_static,2020-09-30,EEM,0.100000
reference_static,2020-09-30,IEF,0.250000
reference_static,2020-09-30,TIP,0.050000
reference_static,2020-09-30,HYG,0.100000
reference_static,2020-09-30,DBC,0.050000
reference_static,2020-09-30,GLD,0.050000
reference_static,2020-09-30,BIL,0.050000
reference_static,2020-10-30,SPY,0.350000
reference_static,2020-10-30,EEM,0.100000
reference_static,2020-10-30,IEF,0.250000
reference_static,2020-10-30,TIP,0.050000
reference_static,2020-10-30,HYG,0.100000
reference_static,2020-10-30,DBC,0.050000
reference_static,2020-10-30,GLD,0.050000
reference_static,2020-10-30,BIL,0.050000
reference_static,2020-11-30,SPY,0.350000
reference_static,2020-11-30,EEM,0.100000
reference_static,2020-11-30,IEF,0.250000
reference_static,2020-11-30,TIP,0.050000
reference_static,2020-11-30,HYG,0.100000
reference_static,2020-11-30,DBC,0.050000
reference_static,2020-11-30,GLD,0.050000
reference_static,2020-11-30,BIL,0.050000
reference_static,2020-12-31,SPY,0.350000
reference_static,2020-12-31,EEM,0.100000
reference_static,2020-12-31,IEF,0.250000
reference_static,2020-12-31,TIP,0.050000
reference_static,2020-12-31,HYG,0.100000
reference_static,2020-12-31,DBC,0.050000
reference_static,2020-12-31,GLD,0.050000
reference_static,2020-12-31,BIL,0.050000
reference_static,2021-01-29,SPY,0.350000
reference_static,2021-01-29,EEM,0.100000
reference_static,2021-01-29,IEF,0.250000
reference_static,2021-01-29,TIP,0.050000
reference_static,2021-01-29,HYG,0.100000
reference_static,2021-01-29,DBC,0.050000
reference_static,2021-01-29,GLD,0.050000
reference_static,2021-01-29,BIL,0.050000
reference_static,2021-02-26,SPY,0.350000
reference_static,2021-02-26,EEM,0.100000
reference_static,2021-02-26,IEF,0.250000
reference_static,2021-02-26,TIP,0.050000
reference_static,2021-02-26,HYG,0.100000
reference_static,2021-02-26,DBC,0.050000
reference_static,2021-02-26,GLD,0.050000
reference_static,2021-02-26,BIL,0.050000
reference_static,2021-03-31,SPY,0.350000
reference_static,2021-03-31,EEM,0.100000
reference_static,2021-03-31,IEF,0.250000
reference_static,2021-03-31,TIP,0.050000
reference_static,2021-03-31,HYG,0.100000
reference_static,2021-03-31,DBC,0.050000
reference_static,2021-03-31,GLD,0.050000
reference_static,2021-03-31,BIL,0.050000
reference_static,2021-04-30,SPY,0.350000
reference_static,2021-04-30,EEM,0.100000
reference_static,2021-04-30,IEF,0.250000
reference_static,2021-04-30,TIP,0.050000
reference_static,2021-04-30,HYG,0.100000
reference_static,2021-04-30,DBC,0.050000
reference_static,2021-04-30,GLD,0.050000
reference_static,2021-04-30,BIL,0.050000
reference_static,2021-05-28,SPY,0.350000
reference_static,2021-05-28,EEM,0.100000
reference_static,2021-05-28,IEF,0.250000
reference_static,2021-05-28,TIP,0.050000
reference_static,2021-05-28,HYG,0.100000
reference_static,2021-05-28,DBC,0.050000
reference_static,2021-05-28,GLD,0.050000
reference_static,2021-05-28,BIL,0.050000
reference_static,2021-06-30,SPY,0.350000
reference_static,2021-06-30,EEM,0.100000
reference_static,2021-06-30,IEF,0.250000
reference_static,2021-06-30,TIP,0.050000
reference_static,2021-06-30,HYG,0.100000
reference_static,2021-06-30,DBC,0.050000
reference_static,2021-06-30,GLD,0.050000
reference_static,2021-06-30,BIL,0.050000
reference_static,2021-07-30,SPY,0.350000
reference_static,2021-07-30,EEM,0.100000
reference_static,2021-07-30,IEF,0.250000
reference_static,2021-07-30,TIP,0.050000
reference_static,2021-07-30,HYG,0.100000
reference_static,2021-07-30,DBC,0.050000
reference_static,2021-07-30,GLD,0.050000
reference_static,2021-07-30,BIL,0.050000
reference_static,2021-08-31,SPY,0.350000
reference_static,2021-08-31,EEM,0.100000
reference_static,2021-08-31,IEF,0.250000
reference_static,2021-08-31,TIP,0.050000
reference_static,2021-08-31,HYG,0.100000
reference_static,2021-08-31,DBC,0.050000
reference_static,2021-08-31,GLD,0.050000
reference_static,2021-08-31,BIL,0.050000
reference_static,2021-09-30,SPY,0.350000
reference_static,2021-09-30,EEM,0.100000
reference_static,2021-09-30,IEF,0.250000
reference_static,2021-09-30,TIP,0.050000
reference_static,2021-09-30,HYG,0.100000
reference_static,2021-09-30,DBC,0.050000
reference_static,2021-09-30,GLD,0.050000
reference_static,2021-09-30,BIL,0.050000
reference_static,2021-10-29,SPY,0.350000
reference_static,2021-10-29,EEM,0.100000
reference_static,2021-10-29,IEF,0.250000
reference_static,2021-10-29,TIP,0.050000
reference_static,2021-10-29,HYG,0.100000
reference_static,2021-10-29,DBC,0.050000
reference_static,2021-10-29,GLD,0.050000
reference_static,2021-10-29,BIL,0.050000
reference_static,2021-11-30,SPY,0.350000
reference_static,2021-11-30,EEM,0.100000
reference_static,2021-11-30,IEF,0.250000
reference_static,2021-11-30,TIP,0.050000
reference_static,2021-11-30,HYG,0.100000
reference_static,2021-11-30,DBC,0.050000
reference_static,2021-11-30,GLD,0.050000
reference_static,2021-11-30,BIL,0.050000
reference_static,2021-12-31,SPY,0.350000
reference_static,2021-12-31,EEM,0.100000
reference_static,2021-12-31,IEF,0.250000
reference_static,2021-12-31,TIP,0.050000
reference_static,2021-12-31,HYG,0.100000
reference_static,2021-12-31,DBC,0.050000
reference_static,2021-12-31,GLD,0.050000
reference_static,2021-12-31,BIL,0.050000
reference_static,2022-01-31,SPY,0.350000
reference_static,2022-01-31,EEM,0.100000
reference_static,2022-01-31,IEF,0.250000
reference_static,2022-01-31,TIP,0.050000
reference_static,2022-01-31,HYG,0.100000
reference_static,2022-01-31,DBC,0.050000
reference_static,2022-01-31,GLD,0.050000
reference_static,2022-01-31,BIL,0.050000
reference_static,2022-02-28,SPY,0.350000
reference_static,2022-02-28,EEM,0.100000
reference_static,2022-02-28,IEF,0.250000
reference_static,2022-02-28,TIP,0.050000
reference_static,2022-02-28,HYG,0.100000
reference_static,2022-02-28,DBC,0.050000
reference_static,2022-02-28,GLD,0.050000
reference_static,2022-02-28,BIL,0.050000
reference_static,2022-03-31,SPY,0.350000
reference_static,2022-03-31,EEM,0.100000
reference_static,2022-03-31,IEF,0.250000
reference_static,2022-03-31,TIP,0.050000
reference_static,2022-03-31,HYG,0.100000
reference_static,2022-03-31,DBC,0.050000
reference_static,2022-03-31,GLD,0.050000
reference_static,2022-03-31,BIL,0.050000
reference_static,2022-04-29,SPY,0.350000
reference_static,2022-04-29,EEM,0.100000
reference_static,2022-04-29,IEF,0.250000
reference_static,2022-04-29,TIP,0.050000
reference_static,2022-04-29,HYG,0.100000
reference_static,2022-04-29,DBC,0.050000
reference_static,2022-04-29,GLD,0.050000
reference_static,2022-04-29,BIL,0.050000
reference_static,2022-05-31,SPY,0.350000
reference_static,2022-05-31,EEM,0.100000
reference_static,2022-05-31,IEF,0.250000
reference_static,2022-05-31,TIP,0.050000
reference_static,2022-05-31,HYG,0.100000
reference_static,2022-05-31,DBC,0.050000
reference_static,2022-05-31,GLD,0.050000
reference_static,2022-05-31,BIL,0.050000
reference_static,2022-06-30,SPY,0.350000
reference_static,2022-06-30,EEM,0.100000
reference_static,2022-06-30,IEF,0.250000
reference_static,2022-06-30,TIP,0.050000
reference_static,2022-06-30,HYG,0.100000
reference_static,2022-06-30,DBC,0.050000
reference_static,2022-06-30,GLD,0.050000
reference_static,2022-06-30,BIL,0.050000
reference_static,2022-07-29,SPY,0.350000
reference_static,2022-07-29,EEM,0.100000
reference_static,2022-07-29,IEF,0.250000
reference_static,2022-07-29,TIP,0.050000
reference_static,2022-07-29,HYG,0.100000
reference_static,2022-07-29,DBC,0.050000
reference_static,2022-07-29,GLD,0.050000
reference_static,2022-07-29,BIL,0.050000
reference_static,2022-08-31,SPY,0.350000
reference_static,2022-08-31,EEM,0.100000
reference_static,2022-08-31,IEF,0.250000
reference_static,2022-08-31,TIP,0.050000
reference_static,2022-08-31,HYG,0.100000
reference_static,2022-08-31,DBC,0.050000
reference_static,2022-08-31,GLD,0.050000
reference_static,2022-08-31,BIL,0.050000
reference_static,2022-09-30,SPY,0.350000
reference_static,2022-09-30,EEM,0.100000
reference_static,2022-09-30,IEF,0.250000
reference_static,2022-09-30,TIP,0.050000
reference_static,2022-09-30,HYG,0.100000
reference_static,2022-09-30,DBC,0.050000
reference_static,2022-09-30,GLD,0.050000
reference_static,2022-09-30,BIL,0.050000
reference_static,2022-10-31,SPY,0.350000
reference_static,2022-10-31,EEM,0.100000
reference_static,2022-10-31,IEF,0.250000
reference_static,2022-10-31,TIP,0.050000
reference_static,2022-10-31,HYG,0.100000
reference_static,2022-10-31,DBC,0.050000
reference_static,2022-10-31,GLD,0.050000
reference_static,2022-10-31,BIL,0.050000
reference_static,2022-11-30,SPY,0.350000
reference_static,2022-11-30,EEM,0.100000
reference_static,2022-11-30,IEF,0.250000
reference_static,2022-11-30,TIP,0.050000
reference_static,2022-11-30,HYG,0.100000
reference_static,2022-11-30,DBC,0.050000
reference_static,2022-11-30,GLD,0.050000
reference_static,2022-11-30,BIL,0.050000
reference_static,2022-12-30,SPY,0.350000
reference_static,2022-12-30,EEM,0.100000
reference_static,2022-12-30,IEF,0.250000
reference_static,2022-12-30,TIP,0.050000
reference_static,2022-12-30,HYG,0.100000
reference_static,2022-12-30,DBC,0.050000
reference_static,2022-12-30,GLD,0.050000
reference_static,2022-12-30,BIL,0.050000
reference_static,2023-01-31,SPY,0.350000
reference_static,2023-01-31,EEM,0.100000
reference_static,2023-01-31,IEF,0.250000
reference_static,2023-01-31,TIP,0.050000
reference_static,2023-01-31,HYG,0.100000
reference_static,2023-01-31,DBC,0.050000
reference_static,2023-01-31,GLD,0.050000
reference_static,2023-01-31,BIL,0.050000
reference_static,2023-02-28,SPY,0.350000
reference_static,2023-02-28,EEM,0.100000
reference_static,2023-02-28,IEF,0.250000
reference_static,2023-02-28,TIP,0.050000
reference_static,2023-02-28,HYG,0.100000
reference_static,2023-02-28,DBC,0.050000
reference_static,2023-02-28,GLD,0.050000
reference_static,2023-02-28,BIL,0.050000
reference_static,2023-03-31,SPY,0.350000
reference_static,2023-03-31,EEM,0.100000
reference_static,2023-03-31,IEF,0.250000
reference_static,2023-03-31,TIP,0.050000
reference_static,2023-03-31,HYG,0.100000
reference_static,2023-03-31,DBC,0.050000
reference_static,2023-03-31,GLD,0.050000
reference_static,2023-03-31,BIL,0.050000
reference_static,2023-04-28,SPY,0.350000
reference_static,2023-04-28,EEM,0.100000
reference_static,2023-04-28,IEF,0.250000
reference_static,2023-04-28,TIP,0.050000
reference_static,2023-04-28,HYG,0.100000
reference_static,2023-04-28,DBC,0.050000
reference_static,2023-04-28,GLD,0.050000
reference_static,2023-04-28,BIL,0.050000
reference_static,2023-05-31,SPY,0.350000
reference_static,2023-05-31,EEM,0.100000
reference_static,2023-05-31,IEF,0.250000
reference_static,2023-05-31,TIP,0.050000
reference_static,2023-05-31,HYG,0.100000
reference_static,2023-05-31,DBC,0.050000
reference_static,2023-05-31,GLD,0.050000
reference_static,2023-05-31,BIL,0.050000
reference_static,2023-06-30,SPY,0.350000
reference_static,2023-06-30,EEM,0.100000
reference_static,2023-06-30,IEF,0.250000
reference_static,2023-06-30,TIP,0.050000
reference_static,2023-06-30,HYG,0.100000
reference_static,2023-06-30,DBC,0.050000
reference_static,2023-06-30,GLD,0.050000
reference_static,2023-06-30,BIL,0.050000
reference_static,2023-07-31,SPY,0.350000
reference_static,2023-07-31,EEM,0.100000
reference_static,2023-07-31,IEF,0.250000
reference_static,2023-07-31,TIP,0.050000
reference_static,2023-07-31,HYG,0.100000
reference_static,2023-07-31,DBC,0.050000
reference_static,2023-07-31,GLD,0.050000
reference_static,2023-07-31,BIL,0.050000
reference_static,2023-08-31,SPY,0.350000
reference_static,2023-08-31,EEM,0.100000
reference_static,2023-08-31,IEF,0.250000
reference_static,2023-08-31,TIP,0.050000
reference_static,2023-08-31,HYG,0.100000
reference_static,2023-08-31,DBC,0.050000
reference_static,2023-08-31,GLD,0.050000
reference_static,2023-08-31,BIL,0.050000
reference_static,2023-09-29,SPY,0.350000
reference_static,2023-09-29,EEM,0.100000
reference_static,2023-09-29,IEF,0.250000
reference_static,2023-09-29,TIP,0.050000
reference_static,2023-09-29,HYG,0.100000
reference_static,2023-09-29,DBC,0.050000
reference_static,2023-09-29,GLD,0.050000
reference_static,2023-09-29,BIL,0.050000
reference_static,2023-10-31,SPY,0.350000
reference_static,2023-10-31,EEM,0.100000
reference_static,2023-10-31,IEF,0.250000
reference_static,2023-10-31,TIP,0.050000
reference_static,2023-10-31,HYG,0.100000
reference_static,2023-10-31,DBC,0.050000
reference_static,2023-10-31,GLD,0.050000
reference_static,2023-10-31,BIL,0.050000
reference_static,2023-11-30,SPY,0.350000
reference_static,2023-11-30,EEM,0.100000
reference_static,2023-11-30,IEF,0.250000
reference_static,2023-11-30,TIP,0.050000
reference_static,2023-11-30,HYG,0.100000
reference_static,2023-11-30,DBC,0.050000
reference_static,2023-11-30,GLD,0.050000
reference_static,2023-11-30,BIL,0.050000
reference_static,2023-12-29,SPY,0.350000
reference_static,2023-12-29,EEM,0.100000
reference_static,2023-12-29,IEF,0.250000
reference_static,2023-12-29,TIP,0.050000
reference_static,2023-12-29,HYG,0.100000
reference_static,2023-12-29,DBC,0.050000
reference_static,2023-12-29,GLD,0.050000
reference_static,2023-12-29,BIL,0.050000
reference_static,2024-01-31,SPY,0.350000
reference_static,2024-01-31,EEM,0.100000
reference_static,2024-01-31,IEF,0.250000
reference_static,2024-01-31,TIP,0.050000
reference_static,2024-01-31,HYG,0.100000
reference_static,2024-01-31,DBC,0.050000
reference_static,2024-01-31,GLD,0.050000
reference_static,2024-01-31,BIL,0.050000
reference_static,2024-02-29,SPY,0.350000
reference_static,2024-02-29,EEM,0.100000
reference_static,2024-02-29,IEF,0.250000
reference_static,2024-02-29,TIP,0.050000
reference_static,2024-02-29,HYG,0.100000
reference_static,2024-02-29,DBC,0.050000
reference_static,2024-02-29,GLD,0.050000
reference_static,2024-02-29,BIL,0.050000
reference_static,2024-03-28,SPY,0.350000
reference_static,2024-03-28,EEM,0.100000
reference_static,2024-03-28,IEF,0.250000
reference_static,2024-03-28,TIP,0.050000
reference_static,2024-03-28,HYG,0.100000
reference_static,2024-03-28,DBC,0.050000
reference_static,2024-03-28,GLD,0.050000
reference_static,2024-03-28,BIL,0.050000
reference_static,2024-04-30,SPY,0.350000
reference_static,2024-04-30,EEM,0.100000
reference_static,2024-04-30,IEF,0.250000
reference_static,2024-04-30,TIP,0.050000
reference_static,2024-04-30,HYG,0.100000
reference_static,2024-04-30,DBC,0.050000
reference_static,2024-04-30,GLD,0.050000
reference_static,2024-04-30,BIL,0.050000
reference_static,2024-05-31,SPY,0.350000
reference_static,2024-05-31,EEM,0.100000
reference_static,2024-05-31,IEF,0.250000
reference_static,2024-05-31,TIP,0.050000
reference_static,2024-05-31,HYG,0.100000
reference_static,2024-05-31,DBC,0.050000
reference_static,2024-05-31,GLD,0.050000
reference_static,2024-05-31,BIL,0.050000
reference_static,2024-06-28,SPY,0.350000
reference_static,2024-06-28,EEM,0.100000
reference_static,2024-06-28,IEF,0.250000
reference_static,2024-06-28,TIP,0.050000
reference_static,2024-06-28,HYG,0.100000
reference_static,2024-06-28,DBC,0.050000
reference_static,2024-06-28,GLD,0.050000
reference_static,2024-06-28,BIL,0.050000
reference_static,2024-07-31,SPY,0.350000
reference_static,2024-07-31,EEM,0.100000
reference_static,2024-07-31,IEF,0.250000
reference_static,2024-07-31,TIP,0.050000
reference_static,2024-07-31,HYG,0.100000
reference_static,2024-07-31,DBC,0.050000
reference_static,2024-07-31,GLD,0.050000
reference_static,2024-07-31,BIL,0.050000
reference_static,2024-08-30,SPY,0.350000
reference_static,2024-08-30,EEM,0.100000
reference_static,2024-08-30,IEF,0.250000
reference_static,2024-08-30,TIP,0.050000
reference_static,2024-08-30,HYG,0.100000
reference_static,2024-08-30,DBC,0.050000
reference_static,2024-08-30,GLD,0.050000
reference_static,2024-08-30,BIL,0.050000
reference_static,2024-09-30,SPY,0.350000
reference_static,2024-09-30,EEM,0.100000
reference_static,2024-09-30,IEF,0.250000
reference_static,2024-09-30,TIP,0.050000
reference_static,2024-09-30,HYG,0.100000
reference_static,2024-09-30,DBC,0.050000
reference_static,2024-09-30,GLD,0.050000
reference_static,2024-09-30,BIL,0.050000
reference_static,2024-10-31,SPY,0.350000
reference_static,2024-10-31,EEM,0.100000
reference_static,2024-10-31,IEF,0.250000
reference_static,2024-10-31,TIP,0.050000
reference_static,2024-10-31,HYG,0.100000
reference_static,2024-10-31,DBC,0.050000
reference_static,2024-10-31,GLD,0.050000
reference_static,2024-10-31,BIL,0.050000
reference_static,2024-11-29,SPY,0.350000
reference_static,2024-11-29,EEM,0.100000
reference_static,2024-11-29,IEF,0.250000
reference_static,2024-11-29,TIP,0.050000
reference_static,2024-11-29,HYG,0.100000
reference_static,2024-11-29,DBC,0.050000
reference_static,2024-11-29,GLD,0.050000
reference_static,2024-11-29,BIL,0.050000
reference_static,2024-12-31,SPY,0.350000
reference_static,2024-12-31,EEM,0.100000
reference_static,2024-12-31,IEF,0.250000
reference_static,2024-12-31,TIP,0.050000
reference_static,2024-12-31,HYG,0.100000
reference_static,2024-12-31,DBC,0.050000
reference_static,2024-12-31,GLD,0.050000
reference_static,2024-12-31,BIL,0.050000
reference_static,2025-01-31,SPY,0.350000
reference_static,2025-01-31,EEM,0.100000
reference_static,2025-01-31,IEF,0.250000
reference_static,2025-01-31,TIP,0.050000
reference_static,2025-01-31,HYG,0.100000
reference_static,2025-01-31,DBC,0.050000
reference_static,2025-01-31,GLD,0.050000
reference_static,2025-01-31,BIL,0.050000
reference_static,2025-02-28,SPY,0.350000
reference_static,2025-02-28,EEM,0.100000
reference_static,2025-02-28,IEF,0.250000
reference_static,2025-02-28,TIP,0.050000
reference_static,2025-02-28,HYG,0.100000
reference_static,2025-02-28,DBC,0.050000
reference_static,2025-02-28,GLD,0.050000
reference_static,2025-02-28,BIL,0.050000
reference_static,2025-03-31,SPY,0.350000
reference_static,2025-03-31,EEM,0.100000
reference_static,2025-03-31,IEF,0.250000
reference_static,2025-03-31,TIP,0.050000
reference_static,2025-03-31,HYG,0.100000
reference_static,2025-03-31,DBC,0.050000
reference_static,2025-03-31,GLD,0.050000
reference_static,2025-03-31,BIL,0.050000
reference_static,2025-04-30,SPY,0.350000
reference_static,2025-04-30,EEM,0.100000
reference_static,2025-04-30,IEF,0.250000
reference_static,2025-04-30,TIP,0.050000
reference_static,2025-04-30,HYG,0.100000
reference_static,2025-04-30,DBC,0.050000
reference_static,2025-04-30,GLD,0.050000
reference_static,2025-04-30,BIL,0.050000
reference_static,2025-05-30,SPY,0.350000
reference_static,2025-05-30,EEM,0.100000
reference_static,2025-05-30,IEF,0.250000
reference_static,2025-05-30,TIP,0.050000
reference_static,2025-05-30,HYG,0.100000
reference_static,2025-05-30,DBC,0.050000
reference_static,2025-05-30,GLD,0.050000
reference_static,2025-05-30,BIL,0.050000
reference_static,2025-06-30,SPY,0.350000
reference_static,2025-06-30,EEM,0.100000
reference_static,2025-06-30,IEF,0.250000
reference_static,2025-06-30,TIP,0.050000
reference_static,2025-06-30,HYG,0.100000
reference_static,2025-06-30,DBC,0.050000
reference_static,2025-06-30,GLD,0.050000
reference_static,2025-06-30,BIL,0.050000
reference_static,2025-07-31,SPY,0.350000
reference_static,2025-07-31,EEM,0.100000
reference_static,2025-07-31,IEF,0.250000
reference_static,2025-07-31,TIP,0.050000
reference_static,2025-07-31,HYG,0.100000
reference_static,2025-07-31,DBC,0.050000
reference_static,2025-07-31,GLD,0.050000
reference_static,2025-07-31,BIL,0.050000
reference_static,2025-08-29,SPY,0.350000
reference_static,2025-08-29,EEM,0.100000
reference_static,2025-08-29,IEF,0.250000
reference_static,2025-08-29,TIP,0.050000
reference_static,2025-08-29,HYG,0.100000
reference_static,2025-08-29,DBC,0.050000
reference_static,2025-08-29,GLD,0.050000
reference_static,2025-08-29,BIL,0.050000
reference_static,2025-09-30,SPY,0.350000
reference_static,2025-09-30,EEM,0.100000
reference_static,2025-09-30,IEF,0.250000
reference_static,2025-09-30,TIP,0.050000
reference_static,2025-09-30,HYG,0.100000
reference_static,2025-09-30,DBC,0.050000
reference_static,2025-09-30,GLD,0.050000
reference_static,2025-09-30,BIL,0.050000
reference_static,2025-10-31,SPY,0.350000
reference_static,2025-10-31,EEM,0.100000
reference_static,2025-10-31,IEF,0.250000
reference_static,2025-10-31,TIP,0.050000
reference_static,2025-10-31,HYG,0.100000
reference_static,2025-10-31,DBC,0.050000
reference_static,2025-10-31,GLD,0.050000
reference_static,2025-10-31,BIL,0.050000
reference_static,2025-11-28,SPY,0.350000
reference_static,2025-11-28,EEM,0.100000
reference_static,2025-11-28,IEF,0.250000
reference_static,2025-11-28,TIP,0.050000
reference_static,2025-11-28,HYG,0.100000
reference_static,2025-11-28,DBC,0.050000
reference_static,2025-11-28,GLD,0.050000
reference_static,2025-11-28,BIL,0.050000
reference_static,2025-12-31,SPY,0.350000
reference_static,2025-12-31,EEM,0.100000
reference_static,2025-12-31,IEF,0.250000
reference_static,2025-12-31,TIP,0.050000
reference_static,2025-12-31,HYG,0.100000
reference_static,2025-12-31,DBC,0.050000
reference_static,2025-12-31,GLD,0.050000
reference_static,2025-12-31,BIL,0.050000
reference_static,2026-01-30,SPY,0.350000
reference_static,2026-01-30,EEM,0.100000
reference_static,2026-01-30,IEF,0.250000
reference_static,2026-01-30,TIP,0.050000
reference_static,2026-01-30,HYG,0.100000
reference_static,2026-01-30,DBC,0.050000
reference_static,2026-01-30,GLD,0.050000
reference_static,2026-01-30,BIL,0.050000
reference_static,2026-02-27,SPY,0.350000
reference_static,2026-02-27,EEM,0.100000
reference_static,2026-02-27,IEF,0.250000
reference_static,2026-02-27,TIP,0.050000
reference_static,2026-02-27,HYG,0.100000
reference_static,2026-02-27,DBC,0.050000
reference_static,2026-02-27,GLD,0.050000
reference_static,2026-02-27,BIL,0.050000
reference_static,2026-03-31,SPY,0.350000
reference_static,2026-03-31,EEM,0.100000
reference_static,2026-03-31,IEF,0.250000
reference_static,2026-03-31,TIP,0.050000
reference_static,2026-03-31,HYG,0.100000
reference_static,2026-03-31,DBC,0.050000
reference_static,2026-03-31,GLD,0.050000
reference_static,2026-03-31,BIL,0.050000
reference_static,2026-04-30,SPY,0.350000
reference_static,2026-04-30,EEM,0.100000
reference_static,2026-04-30,IEF,0.250000
reference_static,2026-04-30,TIP,0.050000
reference_static,2026-04-30,HYG,0.100000
reference_static,2026-04-30,DBC,0.050000
reference_static,2026-04-30,GLD,0.050000
reference_static,2026-04-30,BIL,0.050000
reference_static,2026-05-29,SPY,0.350000
reference_static,2026-05-29,EEM,0.100000
reference_static,2026-05-29,IEF,0.250000
reference_static,2026-05-29,TIP,0.050000
reference_static,2026-05-29,HYG,0.100000
reference_static,2026-05-29,DBC,0.050000
reference_static,2026-05-29,GLD,0.050000
reference_static,2026-05-29,BIL,0.050000
rule_playbook,2007-12-31,SPY,0.100000
rule_playbook,2007-12-31,EEM,0.000000
rule_playbook,2007-12-31,IEF,0.150000
rule_playbook,2007-12-31,TIP,0.250000
rule_playbook,2007-12-31,HYG,0.050000
rule_playbook,2007-12-31,DBC,0.150000
rule_playbook,2007-12-31,GLD,0.200000
rule_playbook,2007-12-31,BIL,0.100000
rule_playbook,2008-01-31,SPY,0.300000
rule_playbook,2008-01-31,EEM,0.150000
rule_playbook,2008-01-31,IEF,0.050000
rule_playbook,2008-01-31,TIP,0.150000
rule_playbook,2008-01-31,HYG,0.100000
rule_playbook,2008-01-31,DBC,0.150000
rule_playbook,2008-01-31,GLD,0.050000
rule_playbook,2008-01-31,BIL,0.050000
rule_playbook,2008-02-29,SPY,0.300000
rule_playbook,2008-02-29,EEM,0.150000
rule_playbook,2008-02-29,IEF,0.050000
rule_playbook,2008-02-29,TIP,0.150000
rule_playbook,2008-02-29,HYG,0.100000
rule_playbook,2008-02-29,DBC,0.150000
rule_playbook,2008-02-29,GLD,0.050000
rule_playbook,2008-02-29,BIL,0.050000
rule_playbook,2008-03-31,SPY,0.300000
rule_playbook,2008-03-31,EEM,0.150000
rule_playbook,2008-03-31,IEF,0.050000
rule_playbook,2008-03-31,TIP,0.150000
rule_playbook,2008-03-31,HYG,0.100000
rule_playbook,2008-03-31,DBC,0.150000
rule_playbook,2008-03-31,GLD,0.050000
rule_playbook,2008-03-31,BIL,0.050000
rule_playbook,2008-04-30,SPY,0.100000
rule_playbook,2008-04-30,EEM,0.000000
rule_playbook,2008-04-30,IEF,0.150000
rule_playbook,2008-04-30,TIP,0.250000
rule_playbook,2008-04-30,HYG,0.050000
rule_playbook,2008-04-30,DBC,0.150000
rule_playbook,2008-04-30,GLD,0.200000
rule_playbook,2008-04-30,BIL,0.100000
rule_playbook,2008-05-30,SPY,0.100000
rule_playbook,2008-05-30,EEM,0.000000
rule_playbook,2008-05-30,IEF,0.150000
rule_playbook,2008-05-30,TIP,0.250000
rule_playbook,2008-05-30,HYG,0.050000
rule_playbook,2008-05-30,DBC,0.150000
rule_playbook,2008-05-30,GLD,0.200000
rule_playbook,2008-05-30,BIL,0.100000
rule_playbook,2008-06-30,SPY,0.100000
rule_playbook,2008-06-30,EEM,0.000000
rule_playbook,2008-06-30,IEF,0.150000
rule_playbook,2008-06-30,TIP,0.250000
rule_playbook,2008-06-30,HYG,0.050000
rule_playbook,2008-06-30,DBC,0.150000
rule_playbook,2008-06-30,GLD,0.200000
rule_playbook,2008-06-30,BIL,0.100000
rule_playbook,2008-07-31,SPY,0.100000
rule_playbook,2008-07-31,EEM,0.000000
rule_playbook,2008-07-31,IEF,0.150000
rule_playbook,2008-07-31,TIP,0.250000
rule_playbook,2008-07-31,HYG,0.050000
rule_playbook,2008-07-31,DBC,0.150000
rule_playbook,2008-07-31,GLD,0.200000
rule_playbook,2008-07-31,BIL,0.100000
rule_playbook,2008-08-29,SPY,0.100000
rule_playbook,2008-08-29,EEM,0.000000
rule_playbook,2008-08-29,IEF,0.150000
rule_playbook,2008-08-29,TIP,0.250000
rule_playbook,2008-08-29,HYG,0.050000
rule_playbook,2008-08-29,DBC,0.150000
rule_playbook,2008-08-29,GLD,0.200000
rule_playbook,2008-08-29,BIL,0.100000
rule_playbook,2008-09-30,SPY,0.100000
rule_playbook,2008-09-30,EEM,0.000000
rule_playbook,2008-09-30,IEF,0.150000
rule_playbook,2008-09-30,TIP,0.250000
rule_playbook,2008-09-30,HYG,0.050000
rule_playbook,2008-09-30,DBC,0.150000
rule_playbook,2008-09-30,GLD,0.200000
rule_playbook,2008-09-30,BIL,0.100000
rule_playbook,2008-10-31,SPY,0.100000
rule_playbook,2008-10-31,EEM,0.000000
rule_playbook,2008-10-31,IEF,0.150000
rule_playbook,2008-10-31,TIP,0.250000
rule_playbook,2008-10-31,HYG,0.050000
rule_playbook,2008-10-31,DBC,0.150000
rule_playbook,2008-10-31,GLD,0.200000
rule_playbook,2008-10-31,BIL,0.100000
rule_playbook,2008-11-28,SPY,0.100000
rule_playbook,2008-11-28,EEM,0.000000
rule_playbook,2008-11-28,IEF,0.150000
rule_playbook,2008-11-28,TIP,0.250000
rule_playbook,2008-11-28,HYG,0.050000
rule_playbook,2008-11-28,DBC,0.150000
rule_playbook,2008-11-28,GLD,0.200000
rule_playbook,2008-11-28,BIL,0.100000
rule_playbook,2008-12-31,SPY,0.100000
rule_playbook,2008-12-31,EEM,0.000000
rule_playbook,2008-12-31,IEF,0.450000
rule_playbook,2008-12-31,TIP,0.100000
rule_playbook,2008-12-31,HYG,0.000000
rule_playbook,2008-12-31,DBC,0.000000
rule_playbook,2008-12-31,GLD,0.200000
rule_playbook,2008-12-31,BIL,0.150000
rule_playbook,2009-01-30,SPY,0.100000
rule_playbook,2009-01-30,EEM,0.000000
rule_playbook,2009-01-30,IEF,0.450000
rule_playbook,2009-01-30,TIP,0.100000
rule_playbook,2009-01-30,HYG,0.000000
rule_playbook,2009-01-30,DBC,0.000000
rule_playbook,2009-01-30,GLD,0.200000
rule_playbook,2009-01-30,BIL,0.150000
rule_playbook,2009-02-27,SPY,0.100000
rule_playbook,2009-02-27,EEM,0.000000
rule_playbook,2009-02-27,IEF,0.450000
rule_playbook,2009-02-27,TIP,0.100000
rule_playbook,2009-02-27,HYG,0.000000
rule_playbook,2009-02-27,DBC,0.000000
rule_playbook,2009-02-27,GLD,0.200000
rule_playbook,2009-02-27,BIL,0.150000
rule_playbook,2009-03-31,SPY,0.100000
rule_playbook,2009-03-31,EEM,0.000000
rule_playbook,2009-03-31,IEF,0.450000
rule_playbook,2009-03-31,TIP,0.100000
rule_playbook,2009-03-31,HYG,0.000000
rule_playbook,2009-03-31,DBC,0.000000
rule_playbook,2009-03-31,GLD,0.200000
rule_playbook,2009-03-31,BIL,0.150000
rule_playbook,2009-04-30,SPY,0.100000
rule_playbook,2009-04-30,EEM,0.000000
rule_playbook,2009-04-30,IEF,0.450000
rule_playbook,2009-04-30,TIP,0.100000
rule_playbook,2009-04-30,HYG,0.000000
rule_playbook,2009-04-30,DBC,0.000000
rule_playbook,2009-04-30,GLD,0.200000
rule_playbook,2009-04-30,BIL,0.150000
rule_playbook,2009-05-29,SPY,0.100000
rule_playbook,2009-05-29,EEM,0.000000
rule_playbook,2009-05-29,IEF,0.450000
rule_playbook,2009-05-29,TIP,0.100000
rule_playbook,2009-05-29,HYG,0.000000
rule_playbook,2009-05-29,DBC,0.000000
rule_playbook,2009-05-29,GLD,0.200000
rule_playbook,2009-05-29,BIL,0.150000
rule_playbook,2009-06-30,SPY,0.100000
rule_playbook,2009-06-30,EEM,0.000000
rule_playbook,2009-06-30,IEF,0.450000
rule_playbook,2009-06-30,TIP,0.100000
rule_playbook,2009-06-30,HYG,0.000000
rule_playbook,2009-06-30,DBC,0.000000
rule_playbook,2009-06-30,GLD,0.200000
rule_playbook,2009-06-30,BIL,0.150000
rule_playbook,2009-07-31,SPY,0.100000
rule_playbook,2009-07-31,EEM,0.000000
rule_playbook,2009-07-31,IEF,0.450000
rule_playbook,2009-07-31,TIP,0.100000
rule_playbook,2009-07-31,HYG,0.000000
rule_playbook,2009-07-31,DBC,0.000000
rule_playbook,2009-07-31,GLD,0.200000
rule_playbook,2009-07-31,BIL,0.150000
rule_playbook,2009-08-31,SPY,0.100000
rule_playbook,2009-08-31,EEM,0.000000
rule_playbook,2009-08-31,IEF,0.450000
rule_playbook,2009-08-31,TIP,0.100000
rule_playbook,2009-08-31,HYG,0.000000
rule_playbook,2009-08-31,DBC,0.000000
rule_playbook,2009-08-31,GLD,0.200000
rule_playbook,2009-08-31,BIL,0.150000
rule_playbook,2009-09-30,SPY,0.100000
rule_playbook,2009-09-30,EEM,0.000000
rule_playbook,2009-09-30,IEF,0.450000
rule_playbook,2009-09-30,TIP,0.100000
rule_playbook,2009-09-30,HYG,0.000000
rule_playbook,2009-09-30,DBC,0.000000
rule_playbook,2009-09-30,GLD,0.200000
rule_playbook,2009-09-30,BIL,0.150000
rule_playbook,2009-10-30,SPY,0.400000
rule_playbook,2009-10-30,EEM,0.150000
rule_playbook,2009-10-30,IEF,0.150000
rule_playbook,2009-10-30,TIP,0.050000
rule_playbook,2009-10-30,HYG,0.150000
rule_playbook,2009-10-30,DBC,0.000000
rule_playbook,2009-10-30,GLD,0.050000
rule_playbook,2009-10-30,BIL,0.050000
rule_playbook,2009-11-30,SPY,0.400000
rule_playbook,2009-11-30,EEM,0.150000
rule_playbook,2009-11-30,IEF,0.150000
rule_playbook,2009-11-30,TIP,0.050000
rule_playbook,2009-11-30,HYG,0.150000
rule_playbook,2009-11-30,DBC,0.000000
rule_playbook,2009-11-30,GLD,0.050000
rule_playbook,2009-11-30,BIL,0.050000
rule_playbook,2009-12-31,SPY,0.300000
rule_playbook,2009-12-31,EEM,0.150000
rule_playbook,2009-12-31,IEF,0.050000
rule_playbook,2009-12-31,TIP,0.150000
rule_playbook,2009-12-31,HYG,0.100000
rule_playbook,2009-12-31,DBC,0.150000
rule_playbook,2009-12-31,GLD,0.050000
rule_playbook,2009-12-31,BIL,0.050000
rule_playbook,2010-01-29,SPY,0.300000
rule_playbook,2010-01-29,EEM,0.150000
rule_playbook,2010-01-29,IEF,0.050000
rule_playbook,2010-01-29,TIP,0.150000
rule_playbook,2010-01-29,HYG,0.100000
rule_playbook,2010-01-29,DBC,0.150000
rule_playbook,2010-01-29,GLD,0.050000
rule_playbook,2010-01-29,BIL,0.050000
rule_playbook,2010-02-26,SPY,0.300000
rule_playbook,2010-02-26,EEM,0.150000
rule_playbook,2010-02-26,IEF,0.050000
rule_playbook,2010-02-26,TIP,0.150000
rule_playbook,2010-02-26,HYG,0.100000
rule_playbook,2010-02-26,DBC,0.150000
rule_playbook,2010-02-26,GLD,0.050000
rule_playbook,2010-02-26,BIL,0.050000
rule_playbook,2010-03-31,SPY,0.300000
rule_playbook,2010-03-31,EEM,0.150000
rule_playbook,2010-03-31,IEF,0.050000
rule_playbook,2010-03-31,TIP,0.150000
rule_playbook,2010-03-31,HYG,0.100000
rule_playbook,2010-03-31,DBC,0.150000
rule_playbook,2010-03-31,GLD,0.050000
rule_playbook,2010-03-31,BIL,0.050000
rule_playbook,2010-04-30,SPY,0.300000
rule_playbook,2010-04-30,EEM,0.150000
rule_playbook,2010-04-30,IEF,0.050000
rule_playbook,2010-04-30,TIP,0.150000
rule_playbook,2010-04-30,HYG,0.100000
rule_playbook,2010-04-30,DBC,0.150000
rule_playbook,2010-04-30,GLD,0.050000
rule_playbook,2010-04-30,BIL,0.050000
rule_playbook,2010-05-28,SPY,0.300000
rule_playbook,2010-05-28,EEM,0.150000
rule_playbook,2010-05-28,IEF,0.050000
rule_playbook,2010-05-28,TIP,0.150000
rule_playbook,2010-05-28,HYG,0.100000
rule_playbook,2010-05-28,DBC,0.150000
rule_playbook,2010-05-28,GLD,0.050000
rule_playbook,2010-05-28,BIL,0.050000
rule_playbook,2010-06-30,SPY,0.300000
rule_playbook,2010-06-30,EEM,0.150000
rule_playbook,2010-06-30,IEF,0.050000
rule_playbook,2010-06-30,TIP,0.150000
rule_playbook,2010-06-30,HYG,0.100000
rule_playbook,2010-06-30,DBC,0.150000
rule_playbook,2010-06-30,GLD,0.050000
rule_playbook,2010-06-30,BIL,0.050000
rule_playbook,2010-07-30,SPY,0.300000
rule_playbook,2010-07-30,EEM,0.150000
rule_playbook,2010-07-30,IEF,0.050000
rule_playbook,2010-07-30,TIP,0.150000
rule_playbook,2010-07-30,HYG,0.100000
rule_playbook,2010-07-30,DBC,0.150000
rule_playbook,2010-07-30,GLD,0.050000
rule_playbook,2010-07-30,BIL,0.050000
rule_playbook,2010-08-31,SPY,0.400000
rule_playbook,2010-08-31,EEM,0.150000
rule_playbook,2010-08-31,IEF,0.150000
rule_playbook,2010-08-31,TIP,0.050000
rule_playbook,2010-08-31,HYG,0.150000
rule_playbook,2010-08-31,DBC,0.000000
rule_playbook,2010-08-31,GLD,0.050000
rule_playbook,2010-08-31,BIL,0.050000
rule_playbook,2010-09-30,SPY,0.400000
rule_playbook,2010-09-30,EEM,0.150000
rule_playbook,2010-09-30,IEF,0.150000
rule_playbook,2010-09-30,TIP,0.050000
rule_playbook,2010-09-30,HYG,0.150000
rule_playbook,2010-09-30,DBC,0.000000
rule_playbook,2010-09-30,GLD,0.050000
rule_playbook,2010-09-30,BIL,0.050000
rule_playbook,2010-10-29,SPY,0.400000
rule_playbook,2010-10-29,EEM,0.150000
rule_playbook,2010-10-29,IEF,0.150000
rule_playbook,2010-10-29,TIP,0.050000
rule_playbook,2010-10-29,HYG,0.150000
rule_playbook,2010-10-29,DBC,0.000000
rule_playbook,2010-10-29,GLD,0.050000
rule_playbook,2010-10-29,BIL,0.050000
rule_playbook,2010-11-30,SPY,0.400000
rule_playbook,2010-11-30,EEM,0.150000
rule_playbook,2010-11-30,IEF,0.150000
rule_playbook,2010-11-30,TIP,0.050000
rule_playbook,2010-11-30,HYG,0.150000
rule_playbook,2010-11-30,DBC,0.000000
rule_playbook,2010-11-30,GLD,0.050000
rule_playbook,2010-11-30,BIL,0.050000
rule_playbook,2010-12-31,SPY,0.100000
rule_playbook,2010-12-31,EEM,0.000000
rule_playbook,2010-12-31,IEF,0.450000
rule_playbook,2010-12-31,TIP,0.100000
rule_playbook,2010-12-31,HYG,0.000000
rule_playbook,2010-12-31,DBC,0.000000
rule_playbook,2010-12-31,GLD,0.200000
rule_playbook,2010-12-31,BIL,0.150000
rule_playbook,2011-01-31,SPY,0.100000
rule_playbook,2011-01-31,EEM,0.000000
rule_playbook,2011-01-31,IEF,0.450000
rule_playbook,2011-01-31,TIP,0.100000
rule_playbook,2011-01-31,HYG,0.000000
rule_playbook,2011-01-31,DBC,0.000000
rule_playbook,2011-01-31,GLD,0.200000
rule_playbook,2011-01-31,BIL,0.150000
rule_playbook,2011-02-28,SPY,0.100000
rule_playbook,2011-02-28,EEM,0.000000
rule_playbook,2011-02-28,IEF,0.450000
rule_playbook,2011-02-28,TIP,0.100000
rule_playbook,2011-02-28,HYG,0.000000
rule_playbook,2011-02-28,DBC,0.000000
rule_playbook,2011-02-28,GLD,0.200000
rule_playbook,2011-02-28,BIL,0.150000
rule_playbook,2011-03-31,SPY,0.100000
rule_playbook,2011-03-31,EEM,0.000000
rule_playbook,2011-03-31,IEF,0.150000
rule_playbook,2011-03-31,TIP,0.250000
rule_playbook,2011-03-31,HYG,0.050000
rule_playbook,2011-03-31,DBC,0.150000
rule_playbook,2011-03-31,GLD,0.200000
rule_playbook,2011-03-31,BIL,0.100000
rule_playbook,2011-04-29,SPY,0.100000
rule_playbook,2011-04-29,EEM,0.000000
rule_playbook,2011-04-29,IEF,0.150000
rule_playbook,2011-04-29,TIP,0.250000
rule_playbook,2011-04-29,HYG,0.050000
rule_playbook,2011-04-29,DBC,0.150000
rule_playbook,2011-04-29,GLD,0.200000
rule_playbook,2011-04-29,BIL,0.100000
rule_playbook,2011-05-31,SPY,0.100000
rule_playbook,2011-05-31,EEM,0.000000
rule_playbook,2011-05-31,IEF,0.150000
rule_playbook,2011-05-31,TIP,0.250000
rule_playbook,2011-05-31,HYG,0.050000
rule_playbook,2011-05-31,DBC,0.150000
rule_playbook,2011-05-31,GLD,0.200000
rule_playbook,2011-05-31,BIL,0.100000
rule_playbook,2011-06-30,SPY,0.100000
rule_playbook,2011-06-30,EEM,0.000000
rule_playbook,2011-06-30,IEF,0.150000
rule_playbook,2011-06-30,TIP,0.250000
rule_playbook,2011-06-30,HYG,0.050000
rule_playbook,2011-06-30,DBC,0.150000
rule_playbook,2011-06-30,GLD,0.200000
rule_playbook,2011-06-30,BIL,0.100000
rule_playbook,2011-07-29,SPY,0.100000
rule_playbook,2011-07-29,EEM,0.000000
rule_playbook,2011-07-29,IEF,0.150000
rule_playbook,2011-07-29,TIP,0.250000
rule_playbook,2011-07-29,HYG,0.050000
rule_playbook,2011-07-29,DBC,0.150000
rule_playbook,2011-07-29,GLD,0.200000
rule_playbook,2011-07-29,BIL,0.100000
rule_playbook,2011-08-31,SPY,0.100000
rule_playbook,2011-08-31,EEM,0.000000
rule_playbook,2011-08-31,IEF,0.150000
rule_playbook,2011-08-31,TIP,0.250000
rule_playbook,2011-08-31,HYG,0.050000
rule_playbook,2011-08-31,DBC,0.150000
rule_playbook,2011-08-31,GLD,0.200000
rule_playbook,2011-08-31,BIL,0.100000
rule_playbook,2011-09-30,SPY,0.100000
rule_playbook,2011-09-30,EEM,0.000000
rule_playbook,2011-09-30,IEF,0.150000
rule_playbook,2011-09-30,TIP,0.250000
rule_playbook,2011-09-30,HYG,0.050000
rule_playbook,2011-09-30,DBC,0.150000
rule_playbook,2011-09-30,GLD,0.200000
rule_playbook,2011-09-30,BIL,0.100000
rule_playbook,2011-10-31,SPY,0.100000
rule_playbook,2011-10-31,EEM,0.000000
rule_playbook,2011-10-31,IEF,0.150000
rule_playbook,2011-10-31,TIP,0.250000
rule_playbook,2011-10-31,HYG,0.050000
rule_playbook,2011-10-31,DBC,0.150000
rule_playbook,2011-10-31,GLD,0.200000
rule_playbook,2011-10-31,BIL,0.100000
rule_playbook,2011-11-30,SPY,0.100000
rule_playbook,2011-11-30,EEM,0.000000
rule_playbook,2011-11-30,IEF,0.150000
rule_playbook,2011-11-30,TIP,0.250000
rule_playbook,2011-11-30,HYG,0.050000
rule_playbook,2011-11-30,DBC,0.150000
rule_playbook,2011-11-30,GLD,0.200000
rule_playbook,2011-11-30,BIL,0.100000
rule_playbook,2011-12-30,SPY,0.100000
rule_playbook,2011-12-30,EEM,0.000000
rule_playbook,2011-12-30,IEF,0.150000
rule_playbook,2011-12-30,TIP,0.250000
rule_playbook,2011-12-30,HYG,0.050000
rule_playbook,2011-12-30,DBC,0.150000
rule_playbook,2011-12-30,GLD,0.200000
rule_playbook,2011-12-30,BIL,0.100000
rule_playbook,2012-01-31,SPY,0.100000
rule_playbook,2012-01-31,EEM,0.000000
rule_playbook,2012-01-31,IEF,0.450000
rule_playbook,2012-01-31,TIP,0.100000
rule_playbook,2012-01-31,HYG,0.000000
rule_playbook,2012-01-31,DBC,0.000000
rule_playbook,2012-01-31,GLD,0.200000
rule_playbook,2012-01-31,BIL,0.150000
rule_playbook,2012-02-29,SPY,0.400000
rule_playbook,2012-02-29,EEM,0.150000
rule_playbook,2012-02-29,IEF,0.150000
rule_playbook,2012-02-29,TIP,0.050000
rule_playbook,2012-02-29,HYG,0.150000
rule_playbook,2012-02-29,DBC,0.000000
rule_playbook,2012-02-29,GLD,0.050000
rule_playbook,2012-02-29,BIL,0.050000
rule_playbook,2012-03-30,SPY,0.400000
rule_playbook,2012-03-30,EEM,0.150000
rule_playbook,2012-03-30,IEF,0.150000
rule_playbook,2012-03-30,TIP,0.050000
rule_playbook,2012-03-30,HYG,0.150000
rule_playbook,2012-03-30,DBC,0.000000
rule_playbook,2012-03-30,GLD,0.050000
rule_playbook,2012-03-30,BIL,0.050000
rule_playbook,2012-04-30,SPY,0.400000
rule_playbook,2012-04-30,EEM,0.150000
rule_playbook,2012-04-30,IEF,0.150000
rule_playbook,2012-04-30,TIP,0.050000
rule_playbook,2012-04-30,HYG,0.150000
rule_playbook,2012-04-30,DBC,0.000000
rule_playbook,2012-04-30,GLD,0.050000
rule_playbook,2012-04-30,BIL,0.050000
rule_playbook,2012-05-31,SPY,0.400000
rule_playbook,2012-05-31,EEM,0.150000
rule_playbook,2012-05-31,IEF,0.150000
rule_playbook,2012-05-31,TIP,0.050000
rule_playbook,2012-05-31,HYG,0.150000
rule_playbook,2012-05-31,DBC,0.000000
rule_playbook,2012-05-31,GLD,0.050000
rule_playbook,2012-05-31,BIL,0.050000
rule_playbook,2012-06-29,SPY,0.400000
rule_playbook,2012-06-29,EEM,0.150000
rule_playbook,2012-06-29,IEF,0.150000
rule_playbook,2012-06-29,TIP,0.050000
rule_playbook,2012-06-29,HYG,0.150000
rule_playbook,2012-06-29,DBC,0.000000
rule_playbook,2012-06-29,GLD,0.050000
rule_playbook,2012-06-29,BIL,0.050000
rule_playbook,2012-07-31,SPY,0.400000
rule_playbook,2012-07-31,EEM,0.150000
rule_playbook,2012-07-31,IEF,0.150000
rule_playbook,2012-07-31,TIP,0.050000
rule_playbook,2012-07-31,HYG,0.150000
rule_playbook,2012-07-31,DBC,0.000000
rule_playbook,2012-07-31,GLD,0.050000
rule_playbook,2012-07-31,BIL,0.050000
rule_playbook,2012-08-31,SPY,0.400000
rule_playbook,2012-08-31,EEM,0.150000
rule_playbook,2012-08-31,IEF,0.150000
rule_playbook,2012-08-31,TIP,0.050000
rule_playbook,2012-08-31,HYG,0.150000
rule_playbook,2012-08-31,DBC,0.000000
rule_playbook,2012-08-31,GLD,0.050000
rule_playbook,2012-08-31,BIL,0.050000
rule_playbook,2012-09-28,SPY,0.100000
rule_playbook,2012-09-28,EEM,0.000000
rule_playbook,2012-09-28,IEF,0.450000
rule_playbook,2012-09-28,TIP,0.100000
rule_playbook,2012-09-28,HYG,0.000000
rule_playbook,2012-09-28,DBC,0.000000
rule_playbook,2012-09-28,GLD,0.200000
rule_playbook,2012-09-28,BIL,0.150000
rule_playbook,2012-10-31,SPY,0.100000
rule_playbook,2012-10-31,EEM,0.000000
rule_playbook,2012-10-31,IEF,0.450000
rule_playbook,2012-10-31,TIP,0.100000
rule_playbook,2012-10-31,HYG,0.000000
rule_playbook,2012-10-31,DBC,0.000000
rule_playbook,2012-10-31,GLD,0.200000
rule_playbook,2012-10-31,BIL,0.150000
rule_playbook,2012-11-30,SPY,0.100000
rule_playbook,2012-11-30,EEM,0.000000
rule_playbook,2012-11-30,IEF,0.450000
rule_playbook,2012-11-30,TIP,0.100000
rule_playbook,2012-11-30,HYG,0.000000
rule_playbook,2012-11-30,DBC,0.000000
rule_playbook,2012-11-30,GLD,0.200000
rule_playbook,2012-11-30,BIL,0.150000
rule_playbook,2012-12-31,SPY,0.100000
rule_playbook,2012-12-31,EEM,0.000000
rule_playbook,2012-12-31,IEF,0.450000
rule_playbook,2012-12-31,TIP,0.100000
rule_playbook,2012-12-31,HYG,0.000000
rule_playbook,2012-12-31,DBC,0.000000
rule_playbook,2012-12-31,GLD,0.200000
rule_playbook,2012-12-31,BIL,0.150000
rule_playbook,2013-01-31,SPY,0.100000
rule_playbook,2013-01-31,EEM,0.000000
rule_playbook,2013-01-31,IEF,0.450000
rule_playbook,2013-01-31,TIP,0.100000
rule_playbook,2013-01-31,HYG,0.000000
rule_playbook,2013-01-31,DBC,0.000000
rule_playbook,2013-01-31,GLD,0.200000
rule_playbook,2013-01-31,BIL,0.150000
rule_playbook,2013-02-28,SPY,0.100000
rule_playbook,2013-02-28,EEM,0.000000
rule_playbook,2013-02-28,IEF,0.150000
rule_playbook,2013-02-28,TIP,0.250000
rule_playbook,2013-02-28,HYG,0.050000
rule_playbook,2013-02-28,DBC,0.150000
rule_playbook,2013-02-28,GLD,0.200000
rule_playbook,2013-02-28,BIL,0.100000
rule_playbook,2013-03-28,SPY,0.100000
rule_playbook,2013-03-28,EEM,0.000000
rule_playbook,2013-03-28,IEF,0.150000
rule_playbook,2013-03-28,TIP,0.250000
rule_playbook,2013-03-28,HYG,0.050000
rule_playbook,2013-03-28,DBC,0.150000
rule_playbook,2013-03-28,GLD,0.200000
rule_playbook,2013-03-28,BIL,0.100000
rule_playbook,2013-04-30,SPY,0.100000
rule_playbook,2013-04-30,EEM,0.000000
rule_playbook,2013-04-30,IEF,0.450000
rule_playbook,2013-04-30,TIP,0.100000
rule_playbook,2013-04-30,HYG,0.000000
rule_playbook,2013-04-30,DBC,0.000000
rule_playbook,2013-04-30,GLD,0.200000
rule_playbook,2013-04-30,BIL,0.150000
rule_playbook,2013-05-31,SPY,0.100000
rule_playbook,2013-05-31,EEM,0.000000
rule_playbook,2013-05-31,IEF,0.450000
rule_playbook,2013-05-31,TIP,0.100000
rule_playbook,2013-05-31,HYG,0.000000
rule_playbook,2013-05-31,DBC,0.000000
rule_playbook,2013-05-31,GLD,0.200000
rule_playbook,2013-05-31,BIL,0.150000
rule_playbook,2013-06-28,SPY,0.100000
rule_playbook,2013-06-28,EEM,0.000000
rule_playbook,2013-06-28,IEF,0.450000
rule_playbook,2013-06-28,TIP,0.100000
rule_playbook,2013-06-28,HYG,0.000000
rule_playbook,2013-06-28,DBC,0.000000
rule_playbook,2013-06-28,GLD,0.200000
rule_playbook,2013-06-28,BIL,0.150000
rule_playbook,2013-07-31,SPY,0.100000
rule_playbook,2013-07-31,EEM,0.000000
rule_playbook,2013-07-31,IEF,0.450000
rule_playbook,2013-07-31,TIP,0.100000
rule_playbook,2013-07-31,HYG,0.000000
rule_playbook,2013-07-31,DBC,0.000000
rule_playbook,2013-07-31,GLD,0.200000
rule_playbook,2013-07-31,BIL,0.150000
rule_playbook,2013-08-30,SPY,0.100000
rule_playbook,2013-08-30,EEM,0.000000
rule_playbook,2013-08-30,IEF,0.450000
rule_playbook,2013-08-30,TIP,0.100000
rule_playbook,2013-08-30,HYG,0.000000
rule_playbook,2013-08-30,DBC,0.000000
rule_playbook,2013-08-30,GLD,0.200000
rule_playbook,2013-08-30,BIL,0.150000
rule_playbook,2013-09-30,SPY,0.100000
rule_playbook,2013-09-30,EEM,0.000000
rule_playbook,2013-09-30,IEF,0.450000
rule_playbook,2013-09-30,TIP,0.100000
rule_playbook,2013-09-30,HYG,0.000000
rule_playbook,2013-09-30,DBC,0.000000
rule_playbook,2013-09-30,GLD,0.200000
rule_playbook,2013-09-30,BIL,0.150000
rule_playbook,2013-10-31,SPY,0.400000
rule_playbook,2013-10-31,EEM,0.150000
rule_playbook,2013-10-31,IEF,0.150000
rule_playbook,2013-10-31,TIP,0.050000
rule_playbook,2013-10-31,HYG,0.150000
rule_playbook,2013-10-31,DBC,0.000000
rule_playbook,2013-10-31,GLD,0.050000
rule_playbook,2013-10-31,BIL,0.050000
rule_playbook,2013-11-29,SPY,0.400000
rule_playbook,2013-11-29,EEM,0.150000
rule_playbook,2013-11-29,IEF,0.150000
rule_playbook,2013-11-29,TIP,0.050000
rule_playbook,2013-11-29,HYG,0.150000
rule_playbook,2013-11-29,DBC,0.000000
rule_playbook,2013-11-29,GLD,0.050000
rule_playbook,2013-11-29,BIL,0.050000
rule_playbook,2013-12-31,SPY,0.400000
rule_playbook,2013-12-31,EEM,0.150000
rule_playbook,2013-12-31,IEF,0.150000
rule_playbook,2013-12-31,TIP,0.050000
rule_playbook,2013-12-31,HYG,0.150000
rule_playbook,2013-12-31,DBC,0.000000
rule_playbook,2013-12-31,GLD,0.050000
rule_playbook,2013-12-31,BIL,0.050000
rule_playbook,2014-01-31,SPY,0.400000
rule_playbook,2014-01-31,EEM,0.150000
rule_playbook,2014-01-31,IEF,0.150000
rule_playbook,2014-01-31,TIP,0.050000
rule_playbook,2014-01-31,HYG,0.150000
rule_playbook,2014-01-31,DBC,0.000000
rule_playbook,2014-01-31,GLD,0.050000
rule_playbook,2014-01-31,BIL,0.050000
rule_playbook,2014-02-28,SPY,0.400000
rule_playbook,2014-02-28,EEM,0.150000
rule_playbook,2014-02-28,IEF,0.150000
rule_playbook,2014-02-28,TIP,0.050000
rule_playbook,2014-02-28,HYG,0.150000
rule_playbook,2014-02-28,DBC,0.000000
rule_playbook,2014-02-28,GLD,0.050000
rule_playbook,2014-02-28,BIL,0.050000
rule_playbook,2014-03-31,SPY,0.400000
rule_playbook,2014-03-31,EEM,0.150000
rule_playbook,2014-03-31,IEF,0.150000
rule_playbook,2014-03-31,TIP,0.050000
rule_playbook,2014-03-31,HYG,0.150000
rule_playbook,2014-03-31,DBC,0.000000
rule_playbook,2014-03-31,GLD,0.050000
rule_playbook,2014-03-31,BIL,0.050000
rule_playbook,2014-04-30,SPY,0.400000
rule_playbook,2014-04-30,EEM,0.150000
rule_playbook,2014-04-30,IEF,0.150000
rule_playbook,2014-04-30,TIP,0.050000
rule_playbook,2014-04-30,HYG,0.150000
rule_playbook,2014-04-30,DBC,0.000000
rule_playbook,2014-04-30,GLD,0.050000
rule_playbook,2014-04-30,BIL,0.050000
rule_playbook,2014-05-30,SPY,0.300000
rule_playbook,2014-05-30,EEM,0.150000
rule_playbook,2014-05-30,IEF,0.050000
rule_playbook,2014-05-30,TIP,0.150000
rule_playbook,2014-05-30,HYG,0.100000
rule_playbook,2014-05-30,DBC,0.150000
rule_playbook,2014-05-30,GLD,0.050000
rule_playbook,2014-05-30,BIL,0.050000
rule_playbook,2014-06-30,SPY,0.300000
rule_playbook,2014-06-30,EEM,0.150000
rule_playbook,2014-06-30,IEF,0.050000
rule_playbook,2014-06-30,TIP,0.150000
rule_playbook,2014-06-30,HYG,0.100000
rule_playbook,2014-06-30,DBC,0.150000
rule_playbook,2014-06-30,GLD,0.050000
rule_playbook,2014-06-30,BIL,0.050000
rule_playbook,2014-07-31,SPY,0.300000
rule_playbook,2014-07-31,EEM,0.150000
rule_playbook,2014-07-31,IEF,0.050000
rule_playbook,2014-07-31,TIP,0.150000
rule_playbook,2014-07-31,HYG,0.100000
rule_playbook,2014-07-31,DBC,0.150000
rule_playbook,2014-07-31,GLD,0.050000
rule_playbook,2014-07-31,BIL,0.050000
rule_playbook,2014-08-29,SPY,0.300000
rule_playbook,2014-08-29,EEM,0.150000
rule_playbook,2014-08-29,IEF,0.050000
rule_playbook,2014-08-29,TIP,0.150000
rule_playbook,2014-08-29,HYG,0.100000
rule_playbook,2014-08-29,DBC,0.150000
rule_playbook,2014-08-29,GLD,0.050000
rule_playbook,2014-08-29,BIL,0.050000
rule_playbook,2014-09-30,SPY,0.300000
rule_playbook,2014-09-30,EEM,0.150000
rule_playbook,2014-09-30,IEF,0.050000
rule_playbook,2014-09-30,TIP,0.150000
rule_playbook,2014-09-30,HYG,0.100000
rule_playbook,2014-09-30,DBC,0.150000
rule_playbook,2014-09-30,GLD,0.050000
rule_playbook,2014-09-30,BIL,0.050000
rule_playbook,2014-10-31,SPY,0.300000
rule_playbook,2014-10-31,EEM,0.150000
rule_playbook,2014-10-31,IEF,0.050000
rule_playbook,2014-10-31,TIP,0.150000
rule_playbook,2014-10-31,HYG,0.100000
rule_playbook,2014-10-31,DBC,0.150000
rule_playbook,2014-10-31,GLD,0.050000
rule_playbook,2014-10-31,BIL,0.050000
rule_playbook,2014-11-28,SPY,0.300000
rule_playbook,2014-11-28,EEM,0.150000
rule_playbook,2014-11-28,IEF,0.050000
rule_playbook,2014-11-28,TIP,0.150000
rule_playbook,2014-11-28,HYG,0.100000
rule_playbook,2014-11-28,DBC,0.150000
rule_playbook,2014-11-28,GLD,0.050000
rule_playbook,2014-11-28,BIL,0.050000
rule_playbook,2014-12-31,SPY,0.400000
rule_playbook,2014-12-31,EEM,0.150000
rule_playbook,2014-12-31,IEF,0.150000
rule_playbook,2014-12-31,TIP,0.050000
rule_playbook,2014-12-31,HYG,0.150000
rule_playbook,2014-12-31,DBC,0.000000
rule_playbook,2014-12-31,GLD,0.050000
rule_playbook,2014-12-31,BIL,0.050000
rule_playbook,2015-01-30,SPY,0.400000
rule_playbook,2015-01-30,EEM,0.150000
rule_playbook,2015-01-30,IEF,0.150000
rule_playbook,2015-01-30,TIP,0.050000
rule_playbook,2015-01-30,HYG,0.150000
rule_playbook,2015-01-30,DBC,0.000000
rule_playbook,2015-01-30,GLD,0.050000
rule_playbook,2015-01-30,BIL,0.050000
rule_playbook,2015-02-27,SPY,0.400000
rule_playbook,2015-02-27,EEM,0.150000
rule_playbook,2015-02-27,IEF,0.150000
rule_playbook,2015-02-27,TIP,0.050000
rule_playbook,2015-02-27,HYG,0.150000
rule_playbook,2015-02-27,DBC,0.000000
rule_playbook,2015-02-27,GLD,0.050000
rule_playbook,2015-02-27,BIL,0.050000
rule_playbook,2015-03-31,SPY,0.100000
rule_playbook,2015-03-31,EEM,0.000000
rule_playbook,2015-03-31,IEF,0.450000
rule_playbook,2015-03-31,TIP,0.100000
rule_playbook,2015-03-31,HYG,0.000000
rule_playbook,2015-03-31,DBC,0.000000
rule_playbook,2015-03-31,GLD,0.200000
rule_playbook,2015-03-31,BIL,0.150000
rule_playbook,2015-04-30,SPY,0.100000
rule_playbook,2015-04-30,EEM,0.000000
rule_playbook,2015-04-30,IEF,0.450000
rule_playbook,2015-04-30,TIP,0.100000
rule_playbook,2015-04-30,HYG,0.000000
rule_playbook,2015-04-30,DBC,0.000000
rule_playbook,2015-04-30,GLD,0.200000
rule_playbook,2015-04-30,BIL,0.150000
rule_playbook,2015-05-29,SPY,0.100000
rule_playbook,2015-05-29,EEM,0.000000
rule_playbook,2015-05-29,IEF,0.450000
rule_playbook,2015-05-29,TIP,0.100000
rule_playbook,2015-05-29,HYG,0.000000
rule_playbook,2015-05-29,DBC,0.000000
rule_playbook,2015-05-29,GLD,0.200000
rule_playbook,2015-05-29,BIL,0.150000
rule_playbook,2015-06-30,SPY,0.100000
rule_playbook,2015-06-30,EEM,0.000000
rule_playbook,2015-06-30,IEF,0.450000
rule_playbook,2015-06-30,TIP,0.100000
rule_playbook,2015-06-30,HYG,0.000000
rule_playbook,2015-06-30,DBC,0.000000
rule_playbook,2015-06-30,GLD,0.200000
rule_playbook,2015-06-30,BIL,0.150000
rule_playbook,2015-07-31,SPY,0.100000
rule_playbook,2015-07-31,EEM,0.000000
rule_playbook,2015-07-31,IEF,0.450000
rule_playbook,2015-07-31,TIP,0.100000
rule_playbook,2015-07-31,HYG,0.000000
rule_playbook,2015-07-31,DBC,0.000000
rule_playbook,2015-07-31,GLD,0.200000
rule_playbook,2015-07-31,BIL,0.150000
rule_playbook,2015-08-31,SPY,0.100000
rule_playbook,2015-08-31,EEM,0.000000
rule_playbook,2015-08-31,IEF,0.450000
rule_playbook,2015-08-31,TIP,0.100000
rule_playbook,2015-08-31,HYG,0.000000
rule_playbook,2015-08-31,DBC,0.000000
rule_playbook,2015-08-31,GLD,0.200000
rule_playbook,2015-08-31,BIL,0.150000
rule_playbook,2015-09-30,SPY,0.100000
rule_playbook,2015-09-30,EEM,0.000000
rule_playbook,2015-09-30,IEF,0.150000
rule_playbook,2015-09-30,TIP,0.250000
rule_playbook,2015-09-30,HYG,0.050000
rule_playbook,2015-09-30,DBC,0.150000
rule_playbook,2015-09-30,GLD,0.200000
rule_playbook,2015-09-30,BIL,0.100000
rule_playbook,2015-10-30,SPY,0.100000
rule_playbook,2015-10-30,EEM,0.000000
rule_playbook,2015-10-30,IEF,0.150000
rule_playbook,2015-10-30,TIP,0.250000
rule_playbook,2015-10-30,HYG,0.050000
rule_playbook,2015-10-30,DBC,0.150000
rule_playbook,2015-10-30,GLD,0.200000
rule_playbook,2015-10-30,BIL,0.100000
rule_playbook,2015-11-30,SPY,0.100000
rule_playbook,2015-11-30,EEM,0.000000
rule_playbook,2015-11-30,IEF,0.150000
rule_playbook,2015-11-30,TIP,0.250000
rule_playbook,2015-11-30,HYG,0.050000
rule_playbook,2015-11-30,DBC,0.150000
rule_playbook,2015-11-30,GLD,0.200000
rule_playbook,2015-11-30,BIL,0.100000
rule_playbook,2015-12-31,SPY,0.100000
rule_playbook,2015-12-31,EEM,0.000000
rule_playbook,2015-12-31,IEF,0.150000
rule_playbook,2015-12-31,TIP,0.250000
rule_playbook,2015-12-31,HYG,0.050000
rule_playbook,2015-12-31,DBC,0.150000
rule_playbook,2015-12-31,GLD,0.200000
rule_playbook,2015-12-31,BIL,0.100000
rule_playbook,2016-01-29,SPY,0.100000
rule_playbook,2016-01-29,EEM,0.000000
rule_playbook,2016-01-29,IEF,0.150000
rule_playbook,2016-01-29,TIP,0.250000
rule_playbook,2016-01-29,HYG,0.050000
rule_playbook,2016-01-29,DBC,0.150000
rule_playbook,2016-01-29,GLD,0.200000
rule_playbook,2016-01-29,BIL,0.100000
rule_playbook,2016-02-29,SPY,0.100000
rule_playbook,2016-02-29,EEM,0.000000
rule_playbook,2016-02-29,IEF,0.150000
rule_playbook,2016-02-29,TIP,0.250000
rule_playbook,2016-02-29,HYG,0.050000
rule_playbook,2016-02-29,DBC,0.150000
rule_playbook,2016-02-29,GLD,0.200000
rule_playbook,2016-02-29,BIL,0.100000
rule_playbook,2016-03-31,SPY,0.100000
rule_playbook,2016-03-31,EEM,0.000000
rule_playbook,2016-03-31,IEF,0.150000
rule_playbook,2016-03-31,TIP,0.250000
rule_playbook,2016-03-31,HYG,0.050000
rule_playbook,2016-03-31,DBC,0.150000
rule_playbook,2016-03-31,GLD,0.200000
rule_playbook,2016-03-31,BIL,0.100000
rule_playbook,2016-04-29,SPY,0.100000
rule_playbook,2016-04-29,EEM,0.000000
rule_playbook,2016-04-29,IEF,0.150000
rule_playbook,2016-04-29,TIP,0.250000
rule_playbook,2016-04-29,HYG,0.050000
rule_playbook,2016-04-29,DBC,0.150000
rule_playbook,2016-04-29,GLD,0.200000
rule_playbook,2016-04-29,BIL,0.100000
rule_playbook,2016-05-31,SPY,0.100000
rule_playbook,2016-05-31,EEM,0.000000
rule_playbook,2016-05-31,IEF,0.150000
rule_playbook,2016-05-31,TIP,0.250000
rule_playbook,2016-05-31,HYG,0.050000
rule_playbook,2016-05-31,DBC,0.150000
rule_playbook,2016-05-31,GLD,0.200000
rule_playbook,2016-05-31,BIL,0.100000
rule_playbook,2016-06-30,SPY,0.100000
rule_playbook,2016-06-30,EEM,0.000000
rule_playbook,2016-06-30,IEF,0.150000
rule_playbook,2016-06-30,TIP,0.250000
rule_playbook,2016-06-30,HYG,0.050000
rule_playbook,2016-06-30,DBC,0.150000
rule_playbook,2016-06-30,GLD,0.200000
rule_playbook,2016-06-30,BIL,0.100000
rule_playbook,2016-07-29,SPY,0.300000
rule_playbook,2016-07-29,EEM,0.150000
rule_playbook,2016-07-29,IEF,0.050000
rule_playbook,2016-07-29,TIP,0.150000
rule_playbook,2016-07-29,HYG,0.100000
rule_playbook,2016-07-29,DBC,0.150000
rule_playbook,2016-07-29,GLD,0.050000
rule_playbook,2016-07-29,BIL,0.050000
rule_playbook,2016-08-31,SPY,0.300000
rule_playbook,2016-08-31,EEM,0.150000
rule_playbook,2016-08-31,IEF,0.050000
rule_playbook,2016-08-31,TIP,0.150000
rule_playbook,2016-08-31,HYG,0.100000
rule_playbook,2016-08-31,DBC,0.150000
rule_playbook,2016-08-31,GLD,0.050000
rule_playbook,2016-08-31,BIL,0.050000
rule_playbook,2016-09-30,SPY,0.300000
rule_playbook,2016-09-30,EEM,0.150000
rule_playbook,2016-09-30,IEF,0.050000
rule_playbook,2016-09-30,TIP,0.150000
rule_playbook,2016-09-30,HYG,0.100000
rule_playbook,2016-09-30,DBC,0.150000
rule_playbook,2016-09-30,GLD,0.050000
rule_playbook,2016-09-30,BIL,0.050000
rule_playbook,2016-10-31,SPY,0.300000
rule_playbook,2016-10-31,EEM,0.150000
rule_playbook,2016-10-31,IEF,0.050000
rule_playbook,2016-10-31,TIP,0.150000
rule_playbook,2016-10-31,HYG,0.100000
rule_playbook,2016-10-31,DBC,0.150000
rule_playbook,2016-10-31,GLD,0.050000
rule_playbook,2016-10-31,BIL,0.050000
rule_playbook,2016-11-30,SPY,0.300000
rule_playbook,2016-11-30,EEM,0.150000
rule_playbook,2016-11-30,IEF,0.050000
rule_playbook,2016-11-30,TIP,0.150000
rule_playbook,2016-11-30,HYG,0.100000
rule_playbook,2016-11-30,DBC,0.150000
rule_playbook,2016-11-30,GLD,0.050000
rule_playbook,2016-11-30,BIL,0.050000
rule_playbook,2016-12-30,SPY,0.300000
rule_playbook,2016-12-30,EEM,0.150000
rule_playbook,2016-12-30,IEF,0.050000
rule_playbook,2016-12-30,TIP,0.150000
rule_playbook,2016-12-30,HYG,0.100000
rule_playbook,2016-12-30,DBC,0.150000
rule_playbook,2016-12-30,GLD,0.050000
rule_playbook,2016-12-30,BIL,0.050000
rule_playbook,2017-01-31,SPY,0.300000
rule_playbook,2017-01-31,EEM,0.150000
rule_playbook,2017-01-31,IEF,0.050000
rule_playbook,2017-01-31,TIP,0.150000
rule_playbook,2017-01-31,HYG,0.100000
rule_playbook,2017-01-31,DBC,0.150000
rule_playbook,2017-01-31,GLD,0.050000
rule_playbook,2017-01-31,BIL,0.050000
rule_playbook,2017-02-28,SPY,0.300000
rule_playbook,2017-02-28,EEM,0.150000
rule_playbook,2017-02-28,IEF,0.050000
rule_playbook,2017-02-28,TIP,0.150000
rule_playbook,2017-02-28,HYG,0.100000
rule_playbook,2017-02-28,DBC,0.150000
rule_playbook,2017-02-28,GLD,0.050000
rule_playbook,2017-02-28,BIL,0.050000
rule_playbook,2017-03-31,SPY,0.300000
rule_playbook,2017-03-31,EEM,0.150000
rule_playbook,2017-03-31,IEF,0.050000
rule_playbook,2017-03-31,TIP,0.150000
rule_playbook,2017-03-31,HYG,0.100000
rule_playbook,2017-03-31,DBC,0.150000
rule_playbook,2017-03-31,GLD,0.050000
rule_playbook,2017-03-31,BIL,0.050000
rule_playbook,2017-04-28,SPY,0.300000
rule_playbook,2017-04-28,EEM,0.150000
rule_playbook,2017-04-28,IEF,0.050000
rule_playbook,2017-04-28,TIP,0.150000
rule_playbook,2017-04-28,HYG,0.100000
rule_playbook,2017-04-28,DBC,0.150000
rule_playbook,2017-04-28,GLD,0.050000
rule_playbook,2017-04-28,BIL,0.050000
rule_playbook,2017-05-31,SPY,0.300000
rule_playbook,2017-05-31,EEM,0.150000
rule_playbook,2017-05-31,IEF,0.050000
rule_playbook,2017-05-31,TIP,0.150000
rule_playbook,2017-05-31,HYG,0.100000
rule_playbook,2017-05-31,DBC,0.150000
rule_playbook,2017-05-31,GLD,0.050000
rule_playbook,2017-05-31,BIL,0.050000
rule_playbook,2017-06-30,SPY,0.300000
rule_playbook,2017-06-30,EEM,0.150000
rule_playbook,2017-06-30,IEF,0.050000
rule_playbook,2017-06-30,TIP,0.150000
rule_playbook,2017-06-30,HYG,0.100000
rule_playbook,2017-06-30,DBC,0.150000
rule_playbook,2017-06-30,GLD,0.050000
rule_playbook,2017-06-30,BIL,0.050000
rule_playbook,2017-07-31,SPY,0.300000
rule_playbook,2017-07-31,EEM,0.150000
rule_playbook,2017-07-31,IEF,0.050000
rule_playbook,2017-07-31,TIP,0.150000
rule_playbook,2017-07-31,HYG,0.100000
rule_playbook,2017-07-31,DBC,0.150000
rule_playbook,2017-07-31,GLD,0.050000
rule_playbook,2017-07-31,BIL,0.050000
rule_playbook,2017-08-31,SPY,0.400000
rule_playbook,2017-08-31,EEM,0.150000
rule_playbook,2017-08-31,IEF,0.150000
rule_playbook,2017-08-31,TIP,0.050000
rule_playbook,2017-08-31,HYG,0.150000
rule_playbook,2017-08-31,DBC,0.000000
rule_playbook,2017-08-31,GLD,0.050000
rule_playbook,2017-08-31,BIL,0.050000
rule_playbook,2017-09-29,SPY,0.400000
rule_playbook,2017-09-29,EEM,0.150000
rule_playbook,2017-09-29,IEF,0.150000
rule_playbook,2017-09-29,TIP,0.050000
rule_playbook,2017-09-29,HYG,0.150000
rule_playbook,2017-09-29,DBC,0.000000
rule_playbook,2017-09-29,GLD,0.050000
rule_playbook,2017-09-29,BIL,0.050000
rule_playbook,2017-10-31,SPY,0.400000
rule_playbook,2017-10-31,EEM,0.150000
rule_playbook,2017-10-31,IEF,0.150000
rule_playbook,2017-10-31,TIP,0.050000
rule_playbook,2017-10-31,HYG,0.150000
rule_playbook,2017-10-31,DBC,0.000000
rule_playbook,2017-10-31,GLD,0.050000
rule_playbook,2017-10-31,BIL,0.050000
rule_playbook,2017-11-30,SPY,0.400000
rule_playbook,2017-11-30,EEM,0.150000
rule_playbook,2017-11-30,IEF,0.150000
rule_playbook,2017-11-30,TIP,0.050000
rule_playbook,2017-11-30,HYG,0.150000
rule_playbook,2017-11-30,DBC,0.000000
rule_playbook,2017-11-30,GLD,0.050000
rule_playbook,2017-11-30,BIL,0.050000
rule_playbook,2017-12-29,SPY,0.300000
rule_playbook,2017-12-29,EEM,0.150000
rule_playbook,2017-12-29,IEF,0.050000
rule_playbook,2017-12-29,TIP,0.150000
rule_playbook,2017-12-29,HYG,0.100000
rule_playbook,2017-12-29,DBC,0.150000
rule_playbook,2017-12-29,GLD,0.050000
rule_playbook,2017-12-29,BIL,0.050000
rule_playbook,2018-01-31,SPY,0.300000
rule_playbook,2018-01-31,EEM,0.150000
rule_playbook,2018-01-31,IEF,0.050000
rule_playbook,2018-01-31,TIP,0.150000
rule_playbook,2018-01-31,HYG,0.100000
rule_playbook,2018-01-31,DBC,0.150000
rule_playbook,2018-01-31,GLD,0.050000
rule_playbook,2018-01-31,BIL,0.050000
rule_playbook,2018-02-28,SPY,0.300000
rule_playbook,2018-02-28,EEM,0.150000
rule_playbook,2018-02-28,IEF,0.050000
rule_playbook,2018-02-28,TIP,0.150000
rule_playbook,2018-02-28,HYG,0.100000
rule_playbook,2018-02-28,DBC,0.150000
rule_playbook,2018-02-28,GLD,0.050000
rule_playbook,2018-02-28,BIL,0.050000
rule_playbook,2018-03-29,SPY,0.300000
rule_playbook,2018-03-29,EEM,0.150000
rule_playbook,2018-03-29,IEF,0.050000
rule_playbook,2018-03-29,TIP,0.150000
rule_playbook,2018-03-29,HYG,0.100000
rule_playbook,2018-03-29,DBC,0.150000
rule_playbook,2018-03-29,GLD,0.050000
rule_playbook,2018-03-29,BIL,0.050000
rule_playbook,2018-04-30,SPY,0.300000
rule_playbook,2018-04-30,EEM,0.150000
rule_playbook,2018-04-30,IEF,0.050000
rule_playbook,2018-04-30,TIP,0.150000
rule_playbook,2018-04-30,HYG,0.100000
rule_playbook,2018-04-30,DBC,0.150000
rule_playbook,2018-04-30,GLD,0.050000
rule_playbook,2018-04-30,BIL,0.050000
rule_playbook,2018-05-31,SPY,0.300000
rule_playbook,2018-05-31,EEM,0.150000
rule_playbook,2018-05-31,IEF,0.050000
rule_playbook,2018-05-31,TIP,0.150000
rule_playbook,2018-05-31,HYG,0.100000
rule_playbook,2018-05-31,DBC,0.150000
rule_playbook,2018-05-31,GLD,0.050000
rule_playbook,2018-05-31,BIL,0.050000
rule_playbook,2018-06-29,SPY,0.300000
rule_playbook,2018-06-29,EEM,0.150000
rule_playbook,2018-06-29,IEF,0.050000
rule_playbook,2018-06-29,TIP,0.150000
rule_playbook,2018-06-29,HYG,0.100000
rule_playbook,2018-06-29,DBC,0.150000
rule_playbook,2018-06-29,GLD,0.050000
rule_playbook,2018-06-29,BIL,0.050000
rule_playbook,2018-07-31,SPY,0.300000
rule_playbook,2018-07-31,EEM,0.150000
rule_playbook,2018-07-31,IEF,0.050000
rule_playbook,2018-07-31,TIP,0.150000
rule_playbook,2018-07-31,HYG,0.100000
rule_playbook,2018-07-31,DBC,0.150000
rule_playbook,2018-07-31,GLD,0.050000
rule_playbook,2018-07-31,BIL,0.050000
rule_playbook,2018-08-31,SPY,0.300000
rule_playbook,2018-08-31,EEM,0.150000
rule_playbook,2018-08-31,IEF,0.050000
rule_playbook,2018-08-31,TIP,0.150000
rule_playbook,2018-08-31,HYG,0.100000
rule_playbook,2018-08-31,DBC,0.150000
rule_playbook,2018-08-31,GLD,0.050000
rule_playbook,2018-08-31,BIL,0.050000
rule_playbook,2018-09-28,SPY,0.300000
rule_playbook,2018-09-28,EEM,0.150000
rule_playbook,2018-09-28,IEF,0.050000
rule_playbook,2018-09-28,TIP,0.150000
rule_playbook,2018-09-28,HYG,0.100000
rule_playbook,2018-09-28,DBC,0.150000
rule_playbook,2018-09-28,GLD,0.050000
rule_playbook,2018-09-28,BIL,0.050000
rule_playbook,2018-10-31,SPY,0.300000
rule_playbook,2018-10-31,EEM,0.150000
rule_playbook,2018-10-31,IEF,0.050000
rule_playbook,2018-10-31,TIP,0.150000
rule_playbook,2018-10-31,HYG,0.100000
rule_playbook,2018-10-31,DBC,0.150000
rule_playbook,2018-10-31,GLD,0.050000
rule_playbook,2018-10-31,BIL,0.050000
rule_playbook,2018-11-30,SPY,0.300000
rule_playbook,2018-11-30,EEM,0.150000
rule_playbook,2018-11-30,IEF,0.050000
rule_playbook,2018-11-30,TIP,0.150000
rule_playbook,2018-11-30,HYG,0.100000
rule_playbook,2018-11-30,DBC,0.150000
rule_playbook,2018-11-30,GLD,0.050000
rule_playbook,2018-11-30,BIL,0.050000
rule_playbook,2018-12-31,SPY,0.400000
rule_playbook,2018-12-31,EEM,0.150000
rule_playbook,2018-12-31,IEF,0.150000
rule_playbook,2018-12-31,TIP,0.050000
rule_playbook,2018-12-31,HYG,0.150000
rule_playbook,2018-12-31,DBC,0.000000
rule_playbook,2018-12-31,GLD,0.050000
rule_playbook,2018-12-31,BIL,0.050000
rule_playbook,2019-01-31,SPY,0.400000
rule_playbook,2019-01-31,EEM,0.150000
rule_playbook,2019-01-31,IEF,0.150000
rule_playbook,2019-01-31,TIP,0.050000
rule_playbook,2019-01-31,HYG,0.150000
rule_playbook,2019-01-31,DBC,0.000000
rule_playbook,2019-01-31,GLD,0.050000
rule_playbook,2019-01-31,BIL,0.050000
rule_playbook,2019-02-28,SPY,0.400000
rule_playbook,2019-02-28,EEM,0.150000
rule_playbook,2019-02-28,IEF,0.150000
rule_playbook,2019-02-28,TIP,0.050000
rule_playbook,2019-02-28,HYG,0.150000
rule_playbook,2019-02-28,DBC,0.000000
rule_playbook,2019-02-28,GLD,0.050000
rule_playbook,2019-02-28,BIL,0.050000
rule_playbook,2019-03-29,SPY,0.100000
rule_playbook,2019-03-29,EEM,0.000000
rule_playbook,2019-03-29,IEF,0.450000
rule_playbook,2019-03-29,TIP,0.100000
rule_playbook,2019-03-29,HYG,0.000000
rule_playbook,2019-03-29,DBC,0.000000
rule_playbook,2019-03-29,GLD,0.200000
rule_playbook,2019-03-29,BIL,0.150000
rule_playbook,2019-04-30,SPY,0.100000
rule_playbook,2019-04-30,EEM,0.000000
rule_playbook,2019-04-30,IEF,0.450000
rule_playbook,2019-04-30,TIP,0.100000
rule_playbook,2019-04-30,HYG,0.000000
rule_playbook,2019-04-30,DBC,0.000000
rule_playbook,2019-04-30,GLD,0.200000
rule_playbook,2019-04-30,BIL,0.150000
rule_playbook,2019-05-31,SPY,0.100000
rule_playbook,2019-05-31,EEM,0.000000
rule_playbook,2019-05-31,IEF,0.450000
rule_playbook,2019-05-31,TIP,0.100000
rule_playbook,2019-05-31,HYG,0.000000
rule_playbook,2019-05-31,DBC,0.000000
rule_playbook,2019-05-31,GLD,0.200000
rule_playbook,2019-05-31,BIL,0.150000
rule_playbook,2019-06-28,SPY,0.100000
rule_playbook,2019-06-28,EEM,0.000000
rule_playbook,2019-06-28,IEF,0.450000
rule_playbook,2019-06-28,TIP,0.100000
rule_playbook,2019-06-28,HYG,0.000000
rule_playbook,2019-06-28,DBC,0.000000
rule_playbook,2019-06-28,GLD,0.200000
rule_playbook,2019-06-28,BIL,0.150000
rule_playbook,2019-07-31,SPY,0.100000
rule_playbook,2019-07-31,EEM,0.000000
rule_playbook,2019-07-31,IEF,0.450000
rule_playbook,2019-07-31,TIP,0.100000
rule_playbook,2019-07-31,HYG,0.000000
rule_playbook,2019-07-31,DBC,0.000000
rule_playbook,2019-07-31,GLD,0.200000
rule_playbook,2019-07-31,BIL,0.150000
rule_playbook,2019-08-30,SPY,0.100000
rule_playbook,2019-08-30,EEM,0.000000
rule_playbook,2019-08-30,IEF,0.450000
rule_playbook,2019-08-30,TIP,0.100000
rule_playbook,2019-08-30,HYG,0.000000
rule_playbook,2019-08-30,DBC,0.000000
rule_playbook,2019-08-30,GLD,0.200000
rule_playbook,2019-08-30,BIL,0.150000
rule_playbook,2019-09-30,SPY,0.100000
rule_playbook,2019-09-30,EEM,0.000000
rule_playbook,2019-09-30,IEF,0.150000
rule_playbook,2019-09-30,TIP,0.250000
rule_playbook,2019-09-30,HYG,0.050000
rule_playbook,2019-09-30,DBC,0.150000
rule_playbook,2019-09-30,GLD,0.200000
rule_playbook,2019-09-30,BIL,0.100000
rule_playbook,2019-10-31,SPY,0.100000
rule_playbook,2019-10-31,EEM,0.000000
rule_playbook,2019-10-31,IEF,0.150000
rule_playbook,2019-10-31,TIP,0.250000
rule_playbook,2019-10-31,HYG,0.050000
rule_playbook,2019-10-31,DBC,0.150000
rule_playbook,2019-10-31,GLD,0.200000
rule_playbook,2019-10-31,BIL,0.100000
rule_playbook,2019-11-29,SPY,0.100000
rule_playbook,2019-11-29,EEM,0.000000
rule_playbook,2019-11-29,IEF,0.450000
rule_playbook,2019-11-29,TIP,0.100000
rule_playbook,2019-11-29,HYG,0.000000
rule_playbook,2019-11-29,DBC,0.000000
rule_playbook,2019-11-29,GLD,0.200000
rule_playbook,2019-11-29,BIL,0.150000
rule_playbook,2019-12-31,SPY,0.100000
rule_playbook,2019-12-31,EEM,0.000000
rule_playbook,2019-12-31,IEF,0.450000
rule_playbook,2019-12-31,TIP,0.100000
rule_playbook,2019-12-31,HYG,0.000000
rule_playbook,2019-12-31,DBC,0.000000
rule_playbook,2019-12-31,GLD,0.200000
rule_playbook,2019-12-31,BIL,0.150000
rule_playbook,2020-01-31,SPY,0.100000
rule_playbook,2020-01-31,EEM,0.000000
rule_playbook,2020-01-31,IEF,0.150000
rule_playbook,2020-01-31,TIP,0.250000
rule_playbook,2020-01-31,HYG,0.050000
rule_playbook,2020-01-31,DBC,0.150000
rule_playbook,2020-01-31,GLD,0.200000
rule_playbook,2020-01-31,BIL,0.100000
rule_playbook,2020-02-28,SPY,0.100000
rule_playbook,2020-02-28,EEM,0.000000
rule_playbook,2020-02-28,IEF,0.150000
rule_playbook,2020-02-28,TIP,0.250000
rule_playbook,2020-02-28,HYG,0.050000
rule_playbook,2020-02-28,DBC,0.150000
rule_playbook,2020-02-28,GLD,0.200000
rule_playbook,2020-02-28,BIL,0.100000
rule_playbook,2020-03-31,SPY,0.100000
rule_playbook,2020-03-31,EEM,0.000000
rule_playbook,2020-03-31,IEF,0.150000
rule_playbook,2020-03-31,TIP,0.250000
rule_playbook,2020-03-31,HYG,0.050000
rule_playbook,2020-03-31,DBC,0.150000
rule_playbook,2020-03-31,GLD,0.200000
rule_playbook,2020-03-31,BIL,0.100000
rule_playbook,2020-04-30,SPY,0.100000
rule_playbook,2020-04-30,EEM,0.000000
rule_playbook,2020-04-30,IEF,0.150000
rule_playbook,2020-04-30,TIP,0.250000
rule_playbook,2020-04-30,HYG,0.050000
rule_playbook,2020-04-30,DBC,0.150000
rule_playbook,2020-04-30,GLD,0.200000
rule_playbook,2020-04-30,BIL,0.100000
rule_playbook,2020-05-29,SPY,0.100000
rule_playbook,2020-05-29,EEM,0.000000
rule_playbook,2020-05-29,IEF,0.450000
rule_playbook,2020-05-29,TIP,0.100000
rule_playbook,2020-05-29,HYG,0.000000
rule_playbook,2020-05-29,DBC,0.000000
rule_playbook,2020-05-29,GLD,0.200000
rule_playbook,2020-05-29,BIL,0.150000
rule_playbook,2020-06-30,SPY,0.100000
rule_playbook,2020-06-30,EEM,0.000000
rule_playbook,2020-06-30,IEF,0.450000
rule_playbook,2020-06-30,TIP,0.100000
rule_playbook,2020-06-30,HYG,0.000000
rule_playbook,2020-06-30,DBC,0.000000
rule_playbook,2020-06-30,GLD,0.200000
rule_playbook,2020-06-30,BIL,0.150000
rule_playbook,2020-07-31,SPY,0.100000
rule_playbook,2020-07-31,EEM,0.000000
rule_playbook,2020-07-31,IEF,0.450000
rule_playbook,2020-07-31,TIP,0.100000
rule_playbook,2020-07-31,HYG,0.000000
rule_playbook,2020-07-31,DBC,0.000000
rule_playbook,2020-07-31,GLD,0.200000
rule_playbook,2020-07-31,BIL,0.150000
rule_playbook,2020-08-31,SPY,0.100000
rule_playbook,2020-08-31,EEM,0.000000
rule_playbook,2020-08-31,IEF,0.450000
rule_playbook,2020-08-31,TIP,0.100000
rule_playbook,2020-08-31,HYG,0.000000
rule_playbook,2020-08-31,DBC,0.000000
rule_playbook,2020-08-31,GLD,0.200000
rule_playbook,2020-08-31,BIL,0.150000
rule_playbook,2020-09-30,SPY,0.100000
rule_playbook,2020-09-30,EEM,0.000000
rule_playbook,2020-09-30,IEF,0.450000
rule_playbook,2020-09-30,TIP,0.100000
rule_playbook,2020-09-30,HYG,0.000000
rule_playbook,2020-09-30,DBC,0.000000
rule_playbook,2020-09-30,GLD,0.200000
rule_playbook,2020-09-30,BIL,0.150000
rule_playbook,2020-10-30,SPY,0.100000
rule_playbook,2020-10-30,EEM,0.000000
rule_playbook,2020-10-30,IEF,0.450000
rule_playbook,2020-10-30,TIP,0.100000
rule_playbook,2020-10-30,HYG,0.000000
rule_playbook,2020-10-30,DBC,0.000000
rule_playbook,2020-10-30,GLD,0.200000
rule_playbook,2020-10-30,BIL,0.150000
rule_playbook,2020-11-30,SPY,0.400000
rule_playbook,2020-11-30,EEM,0.150000
rule_playbook,2020-11-30,IEF,0.150000
rule_playbook,2020-11-30,TIP,0.050000
rule_playbook,2020-11-30,HYG,0.150000
rule_playbook,2020-11-30,DBC,0.000000
rule_playbook,2020-11-30,GLD,0.050000
rule_playbook,2020-11-30,BIL,0.050000
rule_playbook,2020-12-31,SPY,0.300000
rule_playbook,2020-12-31,EEM,0.150000
rule_playbook,2020-12-31,IEF,0.050000
rule_playbook,2020-12-31,TIP,0.150000
rule_playbook,2020-12-31,HYG,0.100000
rule_playbook,2020-12-31,DBC,0.150000
rule_playbook,2020-12-31,GLD,0.050000
rule_playbook,2020-12-31,BIL,0.050000
rule_playbook,2021-01-29,SPY,0.300000
rule_playbook,2021-01-29,EEM,0.150000
rule_playbook,2021-01-29,IEF,0.050000
rule_playbook,2021-01-29,TIP,0.150000
rule_playbook,2021-01-29,HYG,0.100000
rule_playbook,2021-01-29,DBC,0.150000
rule_playbook,2021-01-29,GLD,0.050000
rule_playbook,2021-01-29,BIL,0.050000
rule_playbook,2021-02-26,SPY,0.300000
rule_playbook,2021-02-26,EEM,0.150000
rule_playbook,2021-02-26,IEF,0.050000
rule_playbook,2021-02-26,TIP,0.150000
rule_playbook,2021-02-26,HYG,0.100000
rule_playbook,2021-02-26,DBC,0.150000
rule_playbook,2021-02-26,GLD,0.050000
rule_playbook,2021-02-26,BIL,0.050000
rule_playbook,2021-03-31,SPY,0.300000
rule_playbook,2021-03-31,EEM,0.150000
rule_playbook,2021-03-31,IEF,0.050000
rule_playbook,2021-03-31,TIP,0.150000
rule_playbook,2021-03-31,HYG,0.100000
rule_playbook,2021-03-31,DBC,0.150000
rule_playbook,2021-03-31,GLD,0.050000
rule_playbook,2021-03-31,BIL,0.050000
rule_playbook,2021-04-30,SPY,0.300000
rule_playbook,2021-04-30,EEM,0.150000
rule_playbook,2021-04-30,IEF,0.050000
rule_playbook,2021-04-30,TIP,0.150000
rule_playbook,2021-04-30,HYG,0.100000
rule_playbook,2021-04-30,DBC,0.150000
rule_playbook,2021-04-30,GLD,0.050000
rule_playbook,2021-04-30,BIL,0.050000
rule_playbook,2021-05-28,SPY,0.300000
rule_playbook,2021-05-28,EEM,0.150000
rule_playbook,2021-05-28,IEF,0.050000
rule_playbook,2021-05-28,TIP,0.150000
rule_playbook,2021-05-28,HYG,0.100000
rule_playbook,2021-05-28,DBC,0.150000
rule_playbook,2021-05-28,GLD,0.050000
rule_playbook,2021-05-28,BIL,0.050000
rule_playbook,2021-06-30,SPY,0.300000
rule_playbook,2021-06-30,EEM,0.150000
rule_playbook,2021-06-30,IEF,0.050000
rule_playbook,2021-06-30,TIP,0.150000
rule_playbook,2021-06-30,HYG,0.100000
rule_playbook,2021-06-30,DBC,0.150000
rule_playbook,2021-06-30,GLD,0.050000
rule_playbook,2021-06-30,BIL,0.050000
rule_playbook,2021-07-30,SPY,0.300000
rule_playbook,2021-07-30,EEM,0.150000
rule_playbook,2021-07-30,IEF,0.050000
rule_playbook,2021-07-30,TIP,0.150000
rule_playbook,2021-07-30,HYG,0.100000
rule_playbook,2021-07-30,DBC,0.150000
rule_playbook,2021-07-30,GLD,0.050000
rule_playbook,2021-07-30,BIL,0.050000
rule_playbook,2021-08-31,SPY,0.300000
rule_playbook,2021-08-31,EEM,0.150000
rule_playbook,2021-08-31,IEF,0.050000
rule_playbook,2021-08-31,TIP,0.150000
rule_playbook,2021-08-31,HYG,0.100000
rule_playbook,2021-08-31,DBC,0.150000
rule_playbook,2021-08-31,GLD,0.050000
rule_playbook,2021-08-31,BIL,0.050000
rule_playbook,2021-09-30,SPY,0.300000
rule_playbook,2021-09-30,EEM,0.150000
rule_playbook,2021-09-30,IEF,0.050000
rule_playbook,2021-09-30,TIP,0.150000
rule_playbook,2021-09-30,HYG,0.100000
rule_playbook,2021-09-30,DBC,0.150000
rule_playbook,2021-09-30,GLD,0.050000
rule_playbook,2021-09-30,BIL,0.050000
rule_playbook,2021-10-29,SPY,0.300000
rule_playbook,2021-10-29,EEM,0.150000
rule_playbook,2021-10-29,IEF,0.050000
rule_playbook,2021-10-29,TIP,0.150000
rule_playbook,2021-10-29,HYG,0.100000
rule_playbook,2021-10-29,DBC,0.150000
rule_playbook,2021-10-29,GLD,0.050000
rule_playbook,2021-10-29,BIL,0.050000
rule_playbook,2021-11-30,SPY,0.300000
rule_playbook,2021-11-30,EEM,0.150000
rule_playbook,2021-11-30,IEF,0.050000
rule_playbook,2021-11-30,TIP,0.150000
rule_playbook,2021-11-30,HYG,0.100000
rule_playbook,2021-11-30,DBC,0.150000
rule_playbook,2021-11-30,GLD,0.050000
rule_playbook,2021-11-30,BIL,0.050000
rule_playbook,2021-12-31,SPY,0.100000
rule_playbook,2021-12-31,EEM,0.000000
rule_playbook,2021-12-31,IEF,0.150000
rule_playbook,2021-12-31,TIP,0.250000
rule_playbook,2021-12-31,HYG,0.050000
rule_playbook,2021-12-31,DBC,0.150000
rule_playbook,2021-12-31,GLD,0.200000
rule_playbook,2021-12-31,BIL,0.100000
rule_playbook,2022-01-31,SPY,0.100000
rule_playbook,2022-01-31,EEM,0.000000
rule_playbook,2022-01-31,IEF,0.150000
rule_playbook,2022-01-31,TIP,0.250000
rule_playbook,2022-01-31,HYG,0.050000
rule_playbook,2022-01-31,DBC,0.150000
rule_playbook,2022-01-31,GLD,0.200000
rule_playbook,2022-01-31,BIL,0.100000
rule_playbook,2022-02-28,SPY,0.100000
rule_playbook,2022-02-28,EEM,0.000000
rule_playbook,2022-02-28,IEF,0.150000
rule_playbook,2022-02-28,TIP,0.250000
rule_playbook,2022-02-28,HYG,0.050000
rule_playbook,2022-02-28,DBC,0.150000
rule_playbook,2022-02-28,GLD,0.200000
rule_playbook,2022-02-28,BIL,0.100000
rule_playbook,2022-03-31,SPY,0.100000
rule_playbook,2022-03-31,EEM,0.000000
rule_playbook,2022-03-31,IEF,0.150000
rule_playbook,2022-03-31,TIP,0.250000
rule_playbook,2022-03-31,HYG,0.050000
rule_playbook,2022-03-31,DBC,0.150000
rule_playbook,2022-03-31,GLD,0.200000
rule_playbook,2022-03-31,BIL,0.100000
rule_playbook,2022-04-29,SPY,0.100000
rule_playbook,2022-04-29,EEM,0.000000
rule_playbook,2022-04-29,IEF,0.150000
rule_playbook,2022-04-29,TIP,0.250000
rule_playbook,2022-04-29,HYG,0.050000
rule_playbook,2022-04-29,DBC,0.150000
rule_playbook,2022-04-29,GLD,0.200000
rule_playbook,2022-04-29,BIL,0.100000
rule_playbook,2022-05-31,SPY,0.300000
rule_playbook,2022-05-31,EEM,0.150000
rule_playbook,2022-05-31,IEF,0.050000
rule_playbook,2022-05-31,TIP,0.150000
rule_playbook,2022-05-31,HYG,0.100000
rule_playbook,2022-05-31,DBC,0.150000
rule_playbook,2022-05-31,GLD,0.050000
rule_playbook,2022-05-31,BIL,0.050000
rule_playbook,2022-06-30,SPY,0.300000
rule_playbook,2022-06-30,EEM,0.150000
rule_playbook,2022-06-30,IEF,0.050000
rule_playbook,2022-06-30,TIP,0.150000
rule_playbook,2022-06-30,HYG,0.100000
rule_playbook,2022-06-30,DBC,0.150000
rule_playbook,2022-06-30,GLD,0.050000
rule_playbook,2022-06-30,BIL,0.050000
rule_playbook,2022-07-29,SPY,0.300000
rule_playbook,2022-07-29,EEM,0.150000
rule_playbook,2022-07-29,IEF,0.050000
rule_playbook,2022-07-29,TIP,0.150000
rule_playbook,2022-07-29,HYG,0.100000
rule_playbook,2022-07-29,DBC,0.150000
rule_playbook,2022-07-29,GLD,0.050000
rule_playbook,2022-07-29,BIL,0.050000
rule_playbook,2022-08-31,SPY,0.300000
rule_playbook,2022-08-31,EEM,0.150000
rule_playbook,2022-08-31,IEF,0.050000
rule_playbook,2022-08-31,TIP,0.150000
rule_playbook,2022-08-31,HYG,0.100000
rule_playbook,2022-08-31,DBC,0.150000
rule_playbook,2022-08-31,GLD,0.050000
rule_playbook,2022-08-31,BIL,0.050000
rule_playbook,2022-09-30,SPY,0.100000
rule_playbook,2022-09-30,EEM,0.000000
rule_playbook,2022-09-30,IEF,0.150000
rule_playbook,2022-09-30,TIP,0.250000
rule_playbook,2022-09-30,HYG,0.050000
rule_playbook,2022-09-30,DBC,0.150000
rule_playbook,2022-09-30,GLD,0.200000
rule_playbook,2022-09-30,BIL,0.100000
rule_playbook,2022-10-31,SPY,0.100000
rule_playbook,2022-10-31,EEM,0.000000
rule_playbook,2022-10-31,IEF,0.150000
rule_playbook,2022-10-31,TIP,0.250000
rule_playbook,2022-10-31,HYG,0.050000
rule_playbook,2022-10-31,DBC,0.150000
rule_playbook,2022-10-31,GLD,0.200000
rule_playbook,2022-10-31,BIL,0.100000
rule_playbook,2022-11-30,SPY,0.100000
rule_playbook,2022-11-30,EEM,0.000000
rule_playbook,2022-11-30,IEF,0.450000
rule_playbook,2022-11-30,TIP,0.100000
rule_playbook,2022-11-30,HYG,0.000000
rule_playbook,2022-11-30,DBC,0.000000
rule_playbook,2022-11-30,GLD,0.200000
rule_playbook,2022-11-30,BIL,0.150000
rule_playbook,2022-12-30,SPY,0.100000
rule_playbook,2022-12-30,EEM,0.000000
rule_playbook,2022-12-30,IEF,0.450000
rule_playbook,2022-12-30,TIP,0.100000
rule_playbook,2022-12-30,HYG,0.000000
rule_playbook,2022-12-30,DBC,0.000000
rule_playbook,2022-12-30,GLD,0.200000
rule_playbook,2022-12-30,BIL,0.150000
rule_playbook,2023-01-31,SPY,0.100000
rule_playbook,2023-01-31,EEM,0.000000
rule_playbook,2023-01-31,IEF,0.450000
rule_playbook,2023-01-31,TIP,0.100000
rule_playbook,2023-01-31,HYG,0.000000
rule_playbook,2023-01-31,DBC,0.000000
rule_playbook,2023-01-31,GLD,0.200000
rule_playbook,2023-01-31,BIL,0.150000
rule_playbook,2023-02-28,SPY,0.100000
rule_playbook,2023-02-28,EEM,0.000000
rule_playbook,2023-02-28,IEF,0.450000
rule_playbook,2023-02-28,TIP,0.100000
rule_playbook,2023-02-28,HYG,0.000000
rule_playbook,2023-02-28,DBC,0.000000
rule_playbook,2023-02-28,GLD,0.200000
rule_playbook,2023-02-28,BIL,0.150000
rule_playbook,2023-03-31,SPY,0.100000
rule_playbook,2023-03-31,EEM,0.000000
rule_playbook,2023-03-31,IEF,0.450000
rule_playbook,2023-03-31,TIP,0.100000
rule_playbook,2023-03-31,HYG,0.000000
rule_playbook,2023-03-31,DBC,0.000000
rule_playbook,2023-03-31,GLD,0.200000
rule_playbook,2023-03-31,BIL,0.150000
rule_playbook,2023-04-28,SPY,0.100000
rule_playbook,2023-04-28,EEM,0.000000
rule_playbook,2023-04-28,IEF,0.450000
rule_playbook,2023-04-28,TIP,0.100000
rule_playbook,2023-04-28,HYG,0.000000
rule_playbook,2023-04-28,DBC,0.000000
rule_playbook,2023-04-28,GLD,0.200000
rule_playbook,2023-04-28,BIL,0.150000
rule_playbook,2023-05-31,SPY,0.100000
rule_playbook,2023-05-31,EEM,0.000000
rule_playbook,2023-05-31,IEF,0.450000
rule_playbook,2023-05-31,TIP,0.100000
rule_playbook,2023-05-31,HYG,0.000000
rule_playbook,2023-05-31,DBC,0.000000
rule_playbook,2023-05-31,GLD,0.200000
rule_playbook,2023-05-31,BIL,0.150000
rule_playbook,2023-06-30,SPY,0.100000
rule_playbook,2023-06-30,EEM,0.000000
rule_playbook,2023-06-30,IEF,0.450000
rule_playbook,2023-06-30,TIP,0.100000
rule_playbook,2023-06-30,HYG,0.000000
rule_playbook,2023-06-30,DBC,0.000000
rule_playbook,2023-06-30,GLD,0.200000
rule_playbook,2023-06-30,BIL,0.150000
rule_playbook,2023-07-31,SPY,0.100000
rule_playbook,2023-07-31,EEM,0.000000
rule_playbook,2023-07-31,IEF,0.450000
rule_playbook,2023-07-31,TIP,0.100000
rule_playbook,2023-07-31,HYG,0.000000
rule_playbook,2023-07-31,DBC,0.000000
rule_playbook,2023-07-31,GLD,0.200000
rule_playbook,2023-07-31,BIL,0.150000
rule_playbook,2023-08-31,SPY,0.100000
rule_playbook,2023-08-31,EEM,0.000000
rule_playbook,2023-08-31,IEF,0.450000
rule_playbook,2023-08-31,TIP,0.100000
rule_playbook,2023-08-31,HYG,0.000000
rule_playbook,2023-08-31,DBC,0.000000
rule_playbook,2023-08-31,GLD,0.200000
rule_playbook,2023-08-31,BIL,0.150000
rule_playbook,2023-09-29,SPY,0.100000
rule_playbook,2023-09-29,EEM,0.000000
rule_playbook,2023-09-29,IEF,0.450000
rule_playbook,2023-09-29,TIP,0.100000
rule_playbook,2023-09-29,HYG,0.000000
rule_playbook,2023-09-29,DBC,0.000000
rule_playbook,2023-09-29,GLD,0.200000
rule_playbook,2023-09-29,BIL,0.150000
rule_playbook,2023-10-31,SPY,0.100000
rule_playbook,2023-10-31,EEM,0.000000
rule_playbook,2023-10-31,IEF,0.450000
rule_playbook,2023-10-31,TIP,0.100000
rule_playbook,2023-10-31,HYG,0.000000
rule_playbook,2023-10-31,DBC,0.000000
rule_playbook,2023-10-31,GLD,0.200000
rule_playbook,2023-10-31,BIL,0.150000
rule_playbook,2023-11-30,SPY,0.100000
rule_playbook,2023-11-30,EEM,0.000000
rule_playbook,2023-11-30,IEF,0.450000
rule_playbook,2023-11-30,TIP,0.100000
rule_playbook,2023-11-30,HYG,0.000000
rule_playbook,2023-11-30,DBC,0.000000
rule_playbook,2023-11-30,GLD,0.200000
rule_playbook,2023-11-30,BIL,0.150000
rule_playbook,2023-12-29,SPY,0.100000
rule_playbook,2023-12-29,EEM,0.000000
rule_playbook,2023-12-29,IEF,0.450000
rule_playbook,2023-12-29,TIP,0.100000
rule_playbook,2023-12-29,HYG,0.000000
rule_playbook,2023-12-29,DBC,0.000000
rule_playbook,2023-12-29,GLD,0.200000
rule_playbook,2023-12-29,BIL,0.150000
rule_playbook,2024-01-31,SPY,0.100000
rule_playbook,2024-01-31,EEM,0.000000
rule_playbook,2024-01-31,IEF,0.450000
rule_playbook,2024-01-31,TIP,0.100000
rule_playbook,2024-01-31,HYG,0.000000
rule_playbook,2024-01-31,DBC,0.000000
rule_playbook,2024-01-31,GLD,0.200000
rule_playbook,2024-01-31,BIL,0.150000
rule_playbook,2024-02-29,SPY,0.400000
rule_playbook,2024-02-29,EEM,0.150000
rule_playbook,2024-02-29,IEF,0.150000
rule_playbook,2024-02-29,TIP,0.050000
rule_playbook,2024-02-29,HYG,0.150000
rule_playbook,2024-02-29,DBC,0.000000
rule_playbook,2024-02-29,GLD,0.050000
rule_playbook,2024-02-29,BIL,0.050000
rule_playbook,2024-03-28,SPY,0.400000
rule_playbook,2024-03-28,EEM,0.150000
rule_playbook,2024-03-28,IEF,0.150000
rule_playbook,2024-03-28,TIP,0.050000
rule_playbook,2024-03-28,HYG,0.150000
rule_playbook,2024-03-28,DBC,0.000000
rule_playbook,2024-03-28,GLD,0.050000
rule_playbook,2024-03-28,BIL,0.050000
rule_playbook,2024-04-30,SPY,0.100000
rule_playbook,2024-04-30,EEM,0.000000
rule_playbook,2024-04-30,IEF,0.450000
rule_playbook,2024-04-30,TIP,0.100000
rule_playbook,2024-04-30,HYG,0.000000
rule_playbook,2024-04-30,DBC,0.000000
rule_playbook,2024-04-30,GLD,0.200000
rule_playbook,2024-04-30,BIL,0.150000
rule_playbook,2024-05-31,SPY,0.400000
rule_playbook,2024-05-31,EEM,0.150000
rule_playbook,2024-05-31,IEF,0.150000
rule_playbook,2024-05-31,TIP,0.050000
rule_playbook,2024-05-31,HYG,0.150000
rule_playbook,2024-05-31,DBC,0.000000
rule_playbook,2024-05-31,GLD,0.050000
rule_playbook,2024-05-31,BIL,0.050000
rule_playbook,2024-06-28,SPY,0.300000
rule_playbook,2024-06-28,EEM,0.150000
rule_playbook,2024-06-28,IEF,0.050000
rule_playbook,2024-06-28,TIP,0.150000
rule_playbook,2024-06-28,HYG,0.100000
rule_playbook,2024-06-28,DBC,0.150000
rule_playbook,2024-06-28,GLD,0.050000
rule_playbook,2024-06-28,BIL,0.050000
rule_playbook,2024-07-31,SPY,0.400000
rule_playbook,2024-07-31,EEM,0.150000
rule_playbook,2024-07-31,IEF,0.150000
rule_playbook,2024-07-31,TIP,0.050000
rule_playbook,2024-07-31,HYG,0.150000
rule_playbook,2024-07-31,DBC,0.000000
rule_playbook,2024-07-31,GLD,0.050000
rule_playbook,2024-07-31,BIL,0.050000
rule_playbook,2024-08-30,SPY,0.400000
rule_playbook,2024-08-30,EEM,0.150000
rule_playbook,2024-08-30,IEF,0.150000
rule_playbook,2024-08-30,TIP,0.050000
rule_playbook,2024-08-30,HYG,0.150000
rule_playbook,2024-08-30,DBC,0.000000
rule_playbook,2024-08-30,GLD,0.050000
rule_playbook,2024-08-30,BIL,0.050000
rule_playbook,2024-09-30,SPY,0.400000
rule_playbook,2024-09-30,EEM,0.150000
rule_playbook,2024-09-30,IEF,0.150000
rule_playbook,2024-09-30,TIP,0.050000
rule_playbook,2024-09-30,HYG,0.150000
rule_playbook,2024-09-30,DBC,0.000000
rule_playbook,2024-09-30,GLD,0.050000
rule_playbook,2024-09-30,BIL,0.050000
rule_playbook,2024-10-31,SPY,0.400000
rule_playbook,2024-10-31,EEM,0.150000
rule_playbook,2024-10-31,IEF,0.150000
rule_playbook,2024-10-31,TIP,0.050000
rule_playbook,2024-10-31,HYG,0.150000
rule_playbook,2024-10-31,DBC,0.000000
rule_playbook,2024-10-31,GLD,0.050000
rule_playbook,2024-10-31,BIL,0.050000
rule_playbook,2024-11-29,SPY,0.400000
rule_playbook,2024-11-29,EEM,0.150000
rule_playbook,2024-11-29,IEF,0.150000
rule_playbook,2024-11-29,TIP,0.050000
rule_playbook,2024-11-29,HYG,0.150000
rule_playbook,2024-11-29,DBC,0.000000
rule_playbook,2024-11-29,GLD,0.050000
rule_playbook,2024-11-29,BIL,0.050000
rule_playbook,2024-12-31,SPY,0.100000
rule_playbook,2024-12-31,EEM,0.000000
rule_playbook,2024-12-31,IEF,0.450000
rule_playbook,2024-12-31,TIP,0.100000
rule_playbook,2024-12-31,HYG,0.000000
rule_playbook,2024-12-31,DBC,0.000000
rule_playbook,2024-12-31,GLD,0.200000
rule_playbook,2024-12-31,BIL,0.150000
rule_playbook,2025-01-31,SPY,0.100000
rule_playbook,2025-01-31,EEM,0.000000
rule_playbook,2025-01-31,IEF,0.450000
rule_playbook,2025-01-31,TIP,0.100000
rule_playbook,2025-01-31,HYG,0.000000
rule_playbook,2025-01-31,DBC,0.000000
rule_playbook,2025-01-31,GLD,0.200000
rule_playbook,2025-01-31,BIL,0.150000
rule_playbook,2025-02-28,SPY,0.400000
rule_playbook,2025-02-28,EEM,0.150000
rule_playbook,2025-02-28,IEF,0.150000
rule_playbook,2025-02-28,TIP,0.050000
rule_playbook,2025-02-28,HYG,0.150000
rule_playbook,2025-02-28,DBC,0.000000
rule_playbook,2025-02-28,GLD,0.050000
rule_playbook,2025-02-28,BIL,0.050000
rule_playbook,2025-03-31,SPY,0.300000
rule_playbook,2025-03-31,EEM,0.150000
rule_playbook,2025-03-31,IEF,0.050000
rule_playbook,2025-03-31,TIP,0.150000
rule_playbook,2025-03-31,HYG,0.100000
rule_playbook,2025-03-31,DBC,0.150000
rule_playbook,2025-03-31,GLD,0.050000
rule_playbook,2025-03-31,BIL,0.050000
rule_playbook,2025-04-30,SPY,0.300000
rule_playbook,2025-04-30,EEM,0.150000
rule_playbook,2025-04-30,IEF,0.050000
rule_playbook,2025-04-30,TIP,0.150000
rule_playbook,2025-04-30,HYG,0.100000
rule_playbook,2025-04-30,DBC,0.150000
rule_playbook,2025-04-30,GLD,0.050000
rule_playbook,2025-04-30,BIL,0.050000
rule_playbook,2025-05-30,SPY,0.400000
rule_playbook,2025-05-30,EEM,0.150000
rule_playbook,2025-05-30,IEF,0.150000
rule_playbook,2025-05-30,TIP,0.050000
rule_playbook,2025-05-30,HYG,0.150000
rule_playbook,2025-05-30,DBC,0.000000
rule_playbook,2025-05-30,GLD,0.050000
rule_playbook,2025-05-30,BIL,0.050000
rule_playbook,2025-06-30,SPY,0.400000
rule_playbook,2025-06-30,EEM,0.150000
rule_playbook,2025-06-30,IEF,0.150000
rule_playbook,2025-06-30,TIP,0.050000
rule_playbook,2025-06-30,HYG,0.150000
rule_playbook,2025-06-30,DBC,0.000000
rule_playbook,2025-06-30,GLD,0.050000
rule_playbook,2025-06-30,BIL,0.050000
rule_playbook,2025-07-31,SPY,0.400000
rule_playbook,2025-07-31,EEM,0.150000
rule_playbook,2025-07-31,IEF,0.150000
rule_playbook,2025-07-31,TIP,0.050000
rule_playbook,2025-07-31,HYG,0.150000
rule_playbook,2025-07-31,DBC,0.000000
rule_playbook,2025-07-31,GLD,0.050000
rule_playbook,2025-07-31,BIL,0.050000
rule_playbook,2025-08-29,SPY,0.400000
rule_playbook,2025-08-29,EEM,0.150000
rule_playbook,2025-08-29,IEF,0.150000
rule_playbook,2025-08-29,TIP,0.050000
rule_playbook,2025-08-29,HYG,0.150000
rule_playbook,2025-08-29,DBC,0.000000
rule_playbook,2025-08-29,GLD,0.050000
rule_playbook,2025-08-29,BIL,0.050000
rule_playbook,2025-09-30,SPY,0.400000
rule_playbook,2025-09-30,EEM,0.150000
rule_playbook,2025-09-30,IEF,0.150000
rule_playbook,2025-09-30,TIP,0.050000
rule_playbook,2025-09-30,HYG,0.150000
rule_playbook,2025-09-30,DBC,0.000000
rule_playbook,2025-09-30,GLD,0.050000
rule_playbook,2025-09-30,BIL,0.050000
rule_playbook,2025-10-31,SPY,0.300000
rule_playbook,2025-10-31,EEM,0.150000
rule_playbook,2025-10-31,IEF,0.050000
rule_playbook,2025-10-31,TIP,0.150000
rule_playbook,2025-10-31,HYG,0.100000
rule_playbook,2025-10-31,DBC,0.150000
rule_playbook,2025-10-31,GLD,0.050000
rule_playbook,2025-10-31,BIL,0.050000
rule_playbook,2025-11-28,SPY,0.300000
rule_playbook,2025-11-28,EEM,0.150000
rule_playbook,2025-11-28,IEF,0.050000
rule_playbook,2025-11-28,TIP,0.150000
rule_playbook,2025-11-28,HYG,0.100000
rule_playbook,2025-11-28,DBC,0.150000
rule_playbook,2025-11-28,GLD,0.050000
rule_playbook,2025-11-28,BIL,0.050000
rule_playbook,2025-12-31,SPY,0.300000
rule_playbook,2025-12-31,EEM,0.150000
rule_playbook,2025-12-31,IEF,0.050000
rule_playbook,2025-12-31,TIP,0.150000
rule_playbook,2025-12-31,HYG,0.100000
rule_playbook,2025-12-31,DBC,0.150000
rule_playbook,2025-12-31,GLD,0.050000
rule_playbook,2025-12-31,BIL,0.050000
rule_playbook,2026-01-30,SPY,0.300000
rule_playbook,2026-01-30,EEM,0.150000
rule_playbook,2026-01-30,IEF,0.050000
rule_playbook,2026-01-30,TIP,0.150000
rule_playbook,2026-01-30,HYG,0.100000
rule_playbook,2026-01-30,DBC,0.150000
rule_playbook,2026-01-30,GLD,0.050000
rule_playbook,2026-01-30,BIL,0.050000
rule_playbook,2026-02-27,SPY,0.300000
rule_playbook,2026-02-27,EEM,0.150000
rule_playbook,2026-02-27,IEF,0.050000
rule_playbook,2026-02-27,TIP,0.150000
rule_playbook,2026-02-27,HYG,0.100000
rule_playbook,2026-02-27,DBC,0.150000
rule_playbook,2026-02-27,GLD,0.050000
rule_playbook,2026-02-27,BIL,0.050000
rule_playbook,2026-03-31,SPY,0.400000
rule_playbook,2026-03-31,EEM,0.150000
rule_playbook,2026-03-31,IEF,0.150000
rule_playbook,2026-03-31,TIP,0.050000
rule_playbook,2026-03-31,HYG,0.150000
rule_playbook,2026-03-31,DBC,0.000000
rule_playbook,2026-03-31,GLD,0.050000
rule_playbook,2026-03-31,BIL,0.050000
rule_playbook,2026-04-30,SPY,0.100000
rule_playbook,2026-04-30,EEM,0.000000
rule_playbook,2026-04-30,IEF,0.450000
rule_playbook,2026-04-30,TIP,0.100000
rule_playbook,2026-04-30,HYG,0.000000
rule_playbook,2026-04-30,DBC,0.000000
rule_playbook,2026-04-30,GLD,0.200000
rule_playbook,2026-04-30,BIL,0.150000
rule_playbook,2026-05-29,SPY,0.100000
rule_playbook,2026-05-29,EEM,0.000000
rule_playbook,2026-05-29,IEF,0.150000
rule_playbook,2026-05-29,TIP,0.250000
rule_playbook,2026-05-29,HYG,0.050000
rule_playbook,2026-05-29,DBC,0.150000
rule_playbook,2026-05-29,GLD,0.200000
rule_playbook,2026-05-29,BIL,0.100000
ml_logit_playbook,2007-12-31,SPY,0.216366
ml_logit_playbook,2007-12-31,EEM,0.076442
ml_logit_playbook,2007-12-31,IEF,0.249686
ml_logit_playbook,2007-12-31,TIP,0.116493
ml_logit_playbook,2007-12-31,HYG,0.060002
ml_logit_playbook,2007-12-31,DBC,0.060232
ml_logit_playbook,2007-12-31,GLD,0.123558
ml_logit_playbook,2007-12-31,BIL,0.097220
ml_logit_playbook,2008-01-31,SPY,0.259645
ml_logit_playbook,2008-01-31,EEM,0.118381
ml_logit_playbook,2008-01-31,IEF,0.132221
ml_logit_playbook,2008-01-31,TIP,0.139606
ml_logit_playbook,2008-01-31,HYG,0.080472
ml_logit_playbook,2008-01-31,DBC,0.117625
ml_logit_playbook,2008-01-31,GLD,0.081619
ml_logit_playbook,2008-01-31,BIL,0.070429
ml_logit_playbook,2008-02-29,SPY,0.296327
ml_logit_playbook,2008-02-29,EEM,0.147163
ml_logit_playbook,2008-02-29,IEF,0.057248
ml_logit_playbook,2008-02-29,TIP,0.149158
ml_logit_playbook,2008-02-29,HYG,0.098235
ml_logit_playbook,2008-02-29,DBC,0.147212
ml_logit_playbook,2008-02-29,GLD,0.052837
ml_logit_playbook,2008-02-29,BIL,0.051820
ml_logit_playbook,2008-03-31,SPY,0.266696
ml_logit_playbook,2008-03-31,EEM,0.124131
ml_logit_playbook,2008-03-31,IEF,0.087123
ml_logit_playbook,2008-03-31,TIP,0.156713
ml_logit_playbook,2008-03-31,HYG,0.088856
ml_logit_playbook,2008-03-31,DBC,0.138874
ml_logit_playbook,2008-03-31,GLD,0.075869
ml_logit_playbook,2008-03-31,BIL,0.061738
ml_logit_playbook,2008-04-30,SPY,0.166040
ml_logit_playbook,2008-04-30,EEM,0.035954
ml_logit_playbook,2008-04-30,IEF,0.194341
ml_logit_playbook,2008-04-30,TIP,0.182825
ml_logit_playbook,2008-04-30,HYG,0.062667
ml_logit_playbook,2008-04-30,DBC,0.097743
ml_logit_playbook,2008-04-30,GLD,0.164046
ml_logit_playbook,2008-04-30,BIL,0.096383
ml_logit_playbook,2008-05-30,SPY,0.107265
ml_logit_playbook,2008-05-30,EEM,0.003699
ml_logit_playbook,2008-05-30,IEF,0.441929
ml_logit_playbook,2008-05-30,TIP,0.099170
ml_logit_playbook,2008-05-30,HYG,0.003722
ml_logit_playbook,2008-05-30,DBC,0.000470
ml_logit_playbook,2008-05-30,GLD,0.196301
ml_logit_playbook,2008-05-30,BIL,0.147444
ml_logit_playbook,2008-06-30,SPY,0.104510
ml_logit_playbook,2008-06-30,EEM,0.002545
ml_logit_playbook,2008-06-30,IEF,0.443483
ml_logit_playbook,2008-06-30,TIP,0.100155
ml_logit_playbook,2008-06-30,HYG,0.002396
ml_logit_playbook,2008-06-30,DBC,0.001294
ml_logit_playbook,2008-06-30,GLD,0.197455
ml_logit_playbook,2008-06-30,BIL,0.148162
ml_logit_playbook,2008-07-31,SPY,0.137141
ml_logit_playbook,2008-07-31,EEM,0.021870
ml_logit_playbook,2008-07-31,IEF,0.391607
ml_logit_playbook,2008-07-31,TIP,0.103336
ml_logit_playbook,2008-07-31,HYG,0.019913
ml_logit_playbook,2008-07-31,DBC,0.013925
ml_logit_playbook,2008-07-31,GLD,0.178130
ml_logit_playbook,2008-07-31,BIL,0.134078
ml_logit_playbook,2008-08-29,SPY,0.327139
ml_logit_playbook,2008-08-29,EEM,0.115725
ml_logit_playbook,2008-08-29,IEF,0.207111
ml_logit_playbook,2008-08-29,TIP,0.069300
ml_logit_playbook,2008-08-29,HYG,0.114757
ml_logit_playbook,2008-08-29,DBC,0.010030
ml_logit_playbook,2008-08-29,GLD,0.084275
ml_logit_playbook,2008-08-29,BIL,0.071662
ml_logit_playbook,2008-09-30,SPY,0.236219
ml_logit_playbook,2008-09-30,EEM,0.100970
ml_logit_playbook,2008-09-30,IEF,0.096672
ml_logit_playbook,2008-09-30,TIP,0.174898
ml_logit_playbook,2008-09-30,HYG,0.082387
ml_logit_playbook,2008-09-30,DBC,0.141416
ml_logit_playbook,2008-09-30,GLD,0.099030
ml_logit_playbook,2008-09-30,BIL,0.068409
ml_logit_playbook,2008-10-31,SPY,0.100211
ml_logit_playbook,2008-10-31,EEM,0.000159
ml_logit_playbook,2008-10-31,IEF,0.149894
ml_logit_playbook,2008-10-31,TIP,0.249894
ml_logit_playbook,2008-10-31,HYG,0.050053
ml_logit_playbook,2008-10-31,DBC,0.150000
ml_logit_playbook,2008-10-31,GLD,0.199841
ml_logit_playbook,2008-10-31,BIL,0.099947
ml_logit_playbook,2008-11-28,SPY,0.101268
ml_logit_playbook,2008-11-28,EEM,0.000951
ml_logit_playbook,2008-11-28,IEF,0.421191
ml_logit_playbook,2008-11-28,TIP,0.113453
ml_logit_playbook,2008-11-28,HYG,0.005013
ml_logit_playbook,2008-11-28,DBC,0.014087
ml_logit_playbook,2008-11-28,GLD,0.199049
ml_logit_playbook,2008-11-28,BIL,0.144987
ml_logit_playbook,2008-12-31,SPY,0.100376
ml_logit_playbook,2008-12-31,EEM,0.000279
ml_logit_playbook,2008-12-31,IEF,0.445060
ml_logit_playbook,2008-12-31,TIP,0.102189
ml_logit_playbook,2008-12-31,HYG,0.000888
ml_logit_playbook,2008-12-31,DBC,0.002372
ml_logit_playbook,2008-12-31,GLD,0.199721
ml_logit_playbook,2008-12-31,BIL,0.149114
ml_logit_playbook,2009-01-30,SPY,0.101446
ml_logit_playbook,2009-01-30,EEM,0.001084
ml_logit_playbook,2009-01-30,IEF,0.433366
ml_logit_playbook,2009-01-30,TIP,0.107233
ml_logit_playbook,2009-01-30,HYG,0.003013
ml_logit_playbook,2009-01-30,DBC,0.007956
ml_logit_playbook,2009-01-30,GLD,0.198916
ml_logit_playbook,2009-01-30,BIL,0.146987
ml_logit_playbook,2009-02-27,SPY,0.102456
ml_logit_playbook,2009-02-27,EEM,0.001841
ml_logit_playbook,2009-02-27,IEF,0.435370
ml_logit_playbook,2009-02-27,TIP,0.105474
ml_logit_playbook,2009-02-27,HYG,0.002848
ml_logit_playbook,2009-02-27,DBC,0.006701
ml_logit_playbook,2009-02-27,GLD,0.198159
ml_logit_playbook,2009-02-27,BIL,0.147152
ml_logit_playbook,2009-03-31,SPY,0.118348
ml_logit_playbook,2009-03-31,EEM,0.013672
ml_logit_playbook,2009-03-31,IEF,0.403063
ml_logit_playbook,2009-03-31,TIP,0.109737
ml_logit_playbook,2009-03-31,HYG,0.010940
ml_logit_playbook,2009-03-31,DBC,0.018793
ml_logit_playbook,2009-03-31,GLD,0.186328
ml_logit_playbook,2009-03-31,BIL,0.139119
ml_logit_playbook,2009-04-30,SPY,0.148577
ml_logit_playbook,2009-04-30,EEM,0.035655
ml_logit_playbook,2009-04-30,IEF,0.347210
ml_logit_playbook,2009-04-30,TIP,0.115222
ml_logit_playbook,2009-04-30,HYG,0.025746
ml_logit_playbook,2009-04-30,DBC,0.038473
ml_logit_playbook,2009-04-30,GLD,0.164345
ml_logit_playbook,2009-04-30,BIL,0.124772
ml_logit_playbook,2009-05-29,SPY,0.257973
ml_logit_playbook,2009-05-29,EEM,0.114588
ml_logit_playbook,2009-05-29,IEF,0.146971
ml_logit_playbook,2009-05-29,TIP,0.134332
ml_logit_playbook,2009-05-29,HYG,0.079428
ml_logit_playbook,2009-05-29,DBC,0.108130
ml_logit_playbook,2009-05-29,GLD,0.085412
ml_logit_playbook,2009-05-29,BIL,0.073166
ml_logit_playbook,2009-06-30,SPY,0.265610
ml_logit_playbook,2009-06-30,EEM,0.119197
ml_logit_playbook,2009-06-30,IEF,0.137349
ml_logit_playbook,2009-06-30,TIP,0.133788
ml_logit_playbook,2009-06-30,HYG,0.083051
ml_logit_playbook,2009-06-30,DBC,0.109913
ml_logit_playbook,2009-06-30,GLD,0.080803
ml_logit_playbook,2009-06-30,BIL,0.070290
ml_logit_playbook,2009-07-31,SPY,0.266578
ml_logit_playbook,2009-07-31,EEM,0.112212
ml_logit_playbook,2009-07-31,IEF,0.165781
ml_logit_playbook,2009-07-31,TIP,0.121416
ml_logit_playbook,2009-07-31,HYG,0.083614
ml_logit_playbook,2009-07-31,DBC,0.087744
ml_logit_playbook,2009-07-31,GLD,0.087788
ml_logit_playbook,2009-07-31,BIL,0.074867
ml_logit_playbook,2009-08-31,SPY,0.221342
ml_logit_playbook,2009-08-31,EEM,0.076662
ml_logit_playbook,2009-08-31,IEF,0.262526
ml_logit_playbook,2009-08-31,TIP,0.107512
ml_logit_playbook,2009-08-31,HYG,0.061032
ml_logit_playbook,2009-08-31,DBC,0.049057
ml_logit_playbook,2009-08-31,GLD,0.123338
ml_logit_playbook,2009-08-31,BIL,0.098531
ml_logit_playbook,2009-09-30,SPY,0.359028
ml_logit_playbook,2009-09-30,EEM,0.137453
ml_logit_playbook,2009-09-30,IEF,0.157148
ml_logit_playbook,2009-09-30,TIP,0.071094
ml_logit_playbook,2009-09-30,HYG,0.129858
ml_logit_playbook,2009-09-30,DBC,0.024851
ml_logit_playbook,2009-09-30,GLD,0.062547
ml_logit_playbook,2009-09-30,BIL,0.058020
ml_logit_playbook,2009-10-30,SPY,0.290825
ml_logit_playbook,2009-10-30,EEM,0.124839
ml_logit_playbook,2009-10-30,IEF,0.124998
ml_logit_playbook,2009-10-30,TIP,0.125476
ml_logit_playbook,2009-10-30,HYG,0.098158
ml_logit_playbook,2009-10-30,DBC,0.096515
ml_logit_playbook,2009-10-30,GLD,0.075161
ml_logit_playbook,2009-10-30,BIL,0.064029
ml_logit_playbook,2009-11-30,SPY,0.301999
ml_logit_playbook,2009-11-30,EEM,0.148387
ml_logit_playbook,2009-11-30,IEF,0.055981
ml_logit_playbook,2009-11-30,TIP,0.146547
ml_logit_playbook,2009-11-30,HYG,0.101411
ml_logit_playbook,2009-11-30,DBC,0.143398
ml_logit_playbook,2009-11-30,GLD,0.051613
ml_logit_playbook,2009-11-30,BIL,0.050664
ml_logit_playbook,2009-12-31,SPY,0.300031
ml_logit_playbook,2009-12-31,EEM,0.149698
ml_logit_playbook,2009-12-31,IEF,0.050728
ml_logit_playbook,2009-12-31,TIP,0.149721
ml_logit_playbook,2009-12-31,HYG,0.100100
ml_logit_playbook,2009-12-31,DBC,0.149304
ml_logit_playbook,2009-12-31,GLD,0.050302
ml_logit_playbook,2009-12-31,BIL,0.050116
ml_logit_playbook,2010-01-29,SPY,0.300976
ml_logit_playbook,2010-01-29,EEM,0.148370
ml_logit_playbook,2010-01-29,IEF,0.054897
ml_logit_playbook,2010-01-29,TIP,0.147607
ml_logit_playbook,2010-01-29,HYG,0.100921
ml_logit_playbook,2010-01-29,DBC,0.144946
ml_logit_playbook,2010-01-29,GLD,0.051630
ml_logit_playbook,2010-01-29,BIL,0.050654
ml_logit_playbook,2010-02-26,SPY,0.299069
ml_logit_playbook,2010-02-26,EEM,0.148461
ml_logit_playbook,2010-02-26,IEF,0.053303
ml_logit_playbook,2010-02-26,TIP,0.149327
ml_logit_playbook,2010-02-26,HYG,0.099855
ml_logit_playbook,2010-02-26,DBC,0.147741
ml_logit_playbook,2010-02-26,GLD,0.051539
ml_logit_playbook,2010-02-26,BIL,0.050706
ml_logit_playbook,2010-03-31,SPY,0.300306
ml_logit_playbook,2010-03-31,EEM,0.149534
ml_logit_playbook,2010-03-31,IEF,0.051854
ml_logit_playbook,2010-03-31,TIP,0.149075
ml_logit_playbook,2010-03-31,HYG,0.100205
ml_logit_playbook,2010-03-31,DBC,0.148301
ml_logit_playbook,2010-03-31,GLD,0.050466
ml_logit_playbook,2010-03-31,BIL,0.050258
ml_logit_playbook,2010-04-30,SPY,0.298159
ml_logit_playbook,2010-04-30,EEM,0.147688
ml_logit_playbook,2010-04-30,IEF,0.055685
ml_logit_playbook,2010-04-30,TIP,0.148848
ml_logit_playbook,2010-04-30,HYG,0.099367
ml_logit_playbook,2010-04-30,DBC,0.146686
ml_logit_playbook,2010-04-30,GLD,0.052312
ml_logit_playbook,2010-04-30,BIL,0.051254
ml_logit_playbook,2010-05-28,SPY,0.299607
ml_logit_playbook,2010-05-28,EEM,0.149705
ml_logit_playbook,2010-05-28,IEF,0.050681
ml_logit_playbook,2010-05-28,TIP,0.149954
ml_logit_playbook,2010-05-28,HYG,0.099821
ml_logit_playbook,2010-05-28,DBC,0.149758
ml_logit_playbook,2010-05-28,GLD,0.050295
ml_logit_playbook,2010-05-28,BIL,0.050179
ml_logit_playbook,2010-06-30,SPY,0.253194
ml_logit_playbook,2010-06-30,EEM,0.114643
ml_logit_playbook,2010-06-30,IEF,0.129064
ml_logit_playbook,2010-06-30,TIP,0.145657
ml_logit_playbook,2010-06-30,HYG,0.079190
ml_logit_playbook,2010-06-30,DBC,0.121917
ml_logit_playbook,2010-06-30,GLD,0.085357
ml_logit_playbook,2010-06-30,BIL,0.070978
ml_logit_playbook,2010-07-30,SPY,0.201654
ml_logit_playbook,2010-07-30,EEM,0.061646
ml_logit_playbook,2010-07-30,IEF,0.283365
ml_logit_playbook,2010-07-30,TIP,0.111942
ml_logit_playbook,2010-07-30,HYG,0.054444
ml_logit_playbook,2010-07-30,DBC,0.043310
ml_logit_playbook,2010-07-30,GLD,0.138354
ml_logit_playbook,2010-07-30,BIL,0.105285
ml_logit_playbook,2010-08-31,SPY,0.316069
ml_logit_playbook,2010-08-31,EEM,0.113431
ml_logit_playbook,2010-08-31,IEF,0.194771
ml_logit_playbook,2010-08-31,TIP,0.081770
ml_logit_playbook,2010-08-31,HYG,0.110963
ml_logit_playbook,2010-08-31,DBC,0.024977
ml_logit_playbook,2010-08-31,GLD,0.086569
ml_logit_playbook,2010-08-31,BIL,0.071450
ml_logit_playbook,2010-09-30,SPY,0.222897
ml_logit_playbook,2010-09-30,EEM,0.068772
ml_logit_playbook,2010-09-30,IEF,0.248557
ml_logit_playbook,2010-09-30,TIP,0.116349
ml_logit_playbook,2010-09-30,HYG,0.069657
ml_logit_playbook,2010-09-30,DBC,0.046597
ml_logit_playbook,2010-09-30,GLD,0.131228
ml_logit_playbook,2010-09-30,BIL,0.095943
ml_logit_playbook,2010-10-29,SPY,0.162030
ml_logit_playbook,2010-10-29,EEM,0.041183
ml_logit_playbook,2010-10-29,IEF,0.293730
ml_logit_playbook,2010-10-29,TIP,0.133392
ml_logit_playbook,2010-10-29,HYG,0.039943
ml_logit_playbook,2010-10-29,DBC,0.057288
ml_logit_playbook,2010-10-29,GLD,0.158817
ml_logit_playbook,2010-10-29,BIL,0.113617
ml_logit_playbook,2010-11-30,SPY,0.140863
ml_logit_playbook,2010-11-30,EEM,0.027039
ml_logit_playbook,2010-11-30,IEF,0.350046
ml_logit_playbook,2010-11-30,TIP,0.120533
ml_logit_playbook,2010-11-30,HYG,0.025875
ml_logit_playbook,2010-11-30,DBC,0.036153
ml_logit_playbook,2010-11-30,GLD,0.172961
ml_logit_playbook,2010-11-30,BIL,0.126530
ml_logit_playbook,2010-12-31,SPY,0.201504
ml_logit_playbook,2010-12-31,EEM,0.068022
ml_logit_playbook,2010-12-31,IEF,0.234905
ml_logit_playbook,2010-12-31,TIP,0.134121
ml_logit_playbook,2010-12-31,HYG,0.058171
ml_logit_playbook,2010-12-31,DBC,0.074065
ml_logit_playbook,2010-12-31,GLD,0.131978
ml_logit_playbook,2010-12-31,BIL,0.097233
ml_logit_playbook,2011-01-31,SPY,0.219996
ml_logit_playbook,2011-01-31,EEM,0.074327
ml_logit_playbook,2011-01-31,IEF,0.239033
ml_logit_playbook,2011-01-31,TIP,0.120710
ml_logit_playbook,2011-01-31,HYG,0.065607
ml_logit_playbook,2011-01-31,DBC,0.059814
ml_logit_playbook,2011-01-31,GLD,0.125673
ml_logit_playbook,2011-01-31,BIL,0.094840
ml_logit_playbook,2011-02-28,SPY,0.284125
ml_logit_playbook,2011-02-28,EEM,0.114625
ml_logit_playbook,2011-02-28,IEF,0.146074
ml_logit_playbook,2011-02-28,TIP,0.121692
ml_logit_playbook,2011-02-28,HYG,0.096988
ml_logit_playbook,2011-02-28,DBC,0.082463
ml_logit_playbook,2011-02-28,GLD,0.085375
ml_logit_playbook,2011-02-28,BIL,0.068658
ml_logit_playbook,2011-03-31,SPY,0.336794
ml_logit_playbook,2011-03-31,EEM,0.135589
ml_logit_playbook,2011-03-31,IEF,0.134588
ml_logit_playbook,2011-03-31,TIP,0.094112
ml_logit_playbook,2011-03-31,HYG,0.120039
ml_logit_playbook,2011-03-31,DBC,0.056500
ml_logit_playbook,2011-03-31,GLD,0.064411
ml_logit_playbook,2011-03-31,BIL,0.057966
ml_logit_playbook,2011-04-29,SPY,0.287226
ml_logit_playbook,2011-04-29,EEM,0.108559
ml_logit_playbook,2011-04-29,IEF,0.137797
ml_logit_playbook,2011-04-29,TIP,0.126302
ml_logit_playbook,2011-04-29,HYG,0.104479
ml_logit_playbook,2011-04-29,DBC,0.077434
ml_logit_playbook,2011-04-29,GLD,0.091441
ml_logit_playbook,2011-04-29,BIL,0.066762
ml_logit_playbook,2011-05-31,SPY,0.275886
ml_logit_playbook,2011-05-31,EEM,0.097210
ml_logit_playbook,2011-05-31,IEF,0.164517
ml_logit_playbook,2011-05-31,TIP,0.122395
ml_logit_playbook,2011-05-31,HYG,0.100031
ml_logit_playbook,2011-05-31,DBC,0.064066
ml_logit_playbook,2011-05-31,GLD,0.102790
ml_logit_playbook,2011-05-31,BIL,0.073105
ml_logit_playbook,2011-06-30,SPY,0.197708
ml_logit_playbook,2011-06-30,EEM,0.065419
ml_logit_playbook,2011-06-30,IEF,0.186968
ml_logit_playbook,2011-06-30,TIP,0.160856
ml_logit_playbook,2011-06-30,HYG,0.065364
ml_logit_playbook,2011-06-30,DBC,0.099227
ml_logit_playbook,2011-06-30,GLD,0.134581
ml_logit_playbook,2011-06-30,BIL,0.089877
ml_logit_playbook,2011-07-29,SPY,0.218254
ml_logit_playbook,2011-07-29,EEM,0.079874
ml_logit_playbook,2011-07-29,IEF,0.181086
ml_logit_playbook,2011-07-29,TIP,0.148705
ml_logit_playbook,2011-07-29,HYG,0.070406
ml_logit_playbook,2011-07-29,DBC,0.096077
ml_logit_playbook,2011-07-29,GLD,0.120126
ml_logit_playbook,2011-07-29,BIL,0.085472
ml_logit_playbook,2011-08-31,SPY,0.150034
ml_logit_playbook,2011-08-31,EEM,0.036632
ml_logit_playbook,2011-08-31,IEF,0.242386
ml_logit_playbook,2011-08-31,TIP,0.166579
ml_logit_playbook,2011-08-31,HYG,0.043537
ml_logit_playbook,2011-08-31,DBC,0.090405
ml_logit_playbook,2011-08-31,GLD,0.163368
ml_logit_playbook,2011-08-31,BIL,0.107059
ml_logit_playbook,2011-09-30,SPY,0.130676
ml_logit_playbook,2011-09-30,EEM,0.016739
ml_logit_playbook,2011-09-30,IEF,0.409307
ml_logit_playbook,2011-09-30,TIP,0.099429
ml_logit_playbook,2011-09-30,HYG,0.016074
ml_logit_playbook,2011-09-30,DBC,0.006409
ml_logit_playbook,2011-09-30,GLD,0.183261
ml_logit_playbook,2011-09-30,BIL,0.138105
ml_logit_playbook,2011-10-31,SPY,0.197108
ml_logit_playbook,2011-10-31,EEM,0.049296
ml_logit_playbook,2011-10-31,IEF,0.307799
ml_logit_playbook,2011-10-31,TIP,0.106114
ml_logit_playbook,2011-10-31,HYG,0.055575
ml_logit_playbook,2011-10-31,DBC,0.023288
ml_logit_playbook,2011-10-31,GLD,0.150704
ml_logit_playbook,2011-10-31,BIL,0.110115
ml_logit_playbook,2011-11-30,SPY,0.139118
ml_logit_playbook,2011-11-30,EEM,0.020530
ml_logit_playbook,2011-11-30,IEF,0.359175
ml_logit_playbook,2011-11-30,TIP,0.119010
ml_logit_playbook,2011-11-30,HYG,0.027530
ml_logit_playbook,2011-11-30,DBC,0.026824
ml_logit_playbook,2011-11-30,GLD,0.179470
ml_logit_playbook,2011-11-30,BIL,0.128343
ml_logit_playbook,2011-12-30,SPY,0.160332
ml_logit_playbook,2011-12-30,EEM,0.030491
ml_logit_playbook,2011-12-30,IEF,0.359449
ml_logit_playbook,2011-12-30,TIP,0.104946
ml_logit_playbook,2011-12-30,HYG,0.034986
ml_logit_playbook,2011-12-30,DBC,0.015434
ml_logit_playbook,2011-12-30,GLD,0.169509
ml_logit_playbook,2011-12-30,BIL,0.124853
ml_logit_playbook,2012-01-31,SPY,0.249192
ml_logit_playbook,2012-01-31,EEM,0.075304
ml_logit_playbook,2012-01-31,IEF,0.263294
ml_logit_playbook,2012-01-31,TIP,0.093656
ml_logit_playbook,2012-01-31,HYG,0.080376
ml_logit_playbook,2012-01-31,DBC,0.019466
ml_logit_playbook,2012-01-31,GLD,0.124696
ml_logit_playbook,2012-01-31,BIL,0.094017
ml_logit_playbook,2012-02-29,SPY,0.247646
ml_logit_playbook,2012-02-29,EEM,0.074112
ml_logit_playbook,2012-02-29,IEF,0.259395
ml_logit_playbook,2012-02-29,TIP,0.096776
ml_logit_playbook,2012-02-29,HYG,0.080790
ml_logit_playbook,2012-02-29,DBC,0.021768
ml_logit_playbook,2012-02-29,GLD,0.125888
ml_logit_playbook,2012-02-29,BIL,0.093625
ml_logit_playbook,2012-03-30,SPY,0.324426
ml_logit_playbook,2012-03-30,EEM,0.113034
ml_logit_playbook,2012-03-30,IEF,0.166576
ml_logit_playbook,2012-03-30,TIP,0.091821
ml_logit_playbook,2012-03-30,HYG,0.121499
ml_logit_playbook,2012-03-30,DBC,0.030320
ml_logit_playbook,2012-03-30,GLD,0.086966
ml_logit_playbook,2012-03-30,BIL,0.065358
ml_logit_playbook,2012-04-30,SPY,0.385476
ml_logit_playbook,2012-04-30,EEM,0.143005
ml_logit_playbook,2012-04-30,IEF,0.159948
ml_logit_playbook,2012-04-30,TIP,0.054620
ml_logit_playbook,2012-04-30,HYG,0.143323
ml_logit_playbook,2012-04-30,DBC,0.002555
ml_logit_playbook,2012-04-30,GLD,0.056995
ml_logit_playbook,2012-04-30,BIL,0.054079
ml_logit_playbook,2012-05-31,SPY,0.381071
ml_logit_playbook,2012-05-31,EEM,0.141867
ml_logit_playbook,2012-05-31,IEF,0.162681
ml_logit_playbook,2012-05-31,TIP,0.055835
ml_logit_playbook,2012-05-31,HYG,0.140690
ml_logit_playbook,2012-05-31,DBC,0.004455
ml_logit_playbook,2012-05-31,GLD,0.058133
ml_logit_playbook,2012-05-31,BIL,0.055268
ml_logit_playbook,2012-06-29,SPY,0.388885
ml_logit_playbook,2012-06-29,EEM,0.144961
ml_logit_playbook,2012-06-29,IEF,0.158535
ml_logit_playbook,2012-06-29,TIP,0.052969
ml_logit_playbook,2012-06-29,HYG,0.144527
ml_logit_playbook,2012-06-29,DBC,0.001808
ml_logit_playbook,2012-06-29,GLD,0.055039
ml_logit_playbook,2012-06-29,BIL,0.053275
ml_logit_playbook,2012-07-31,SPY,0.363367
ml_logit_playbook,2012-07-31,EEM,0.132674
ml_logit_playbook,2012-07-31,IEF,0.182287
ml_logit_playbook,2012-07-31,TIP,0.057948
ml_logit_playbook,2012-07-31,HYG,0.131748
ml_logit_playbook,2012-07-31,DBC,0.003163
ml_logit_playbook,2012-07-31,GLD,0.067326
ml_logit_playbook,2012-07-31,BIL,0.061487
ml_logit_playbook,2012-08-31,SPY,0.310412
ml_logit_playbook,2012-08-31,EEM,0.108965
ml_logit_playbook,2012-08-31,IEF,0.215247
ml_logit_playbook,2012-08-31,TIP,0.075849
ml_logit_playbook,2012-08-31,HYG,0.106757
ml_logit_playbook,2012-08-31,DBC,0.015929
ml_logit_playbook,2012-08-31,GLD,0.091035
ml_logit_playbook,2012-08-31,BIL,0.075806
ml_logit_playbook,2012-09-28,SPY,0.180486
ml_logit_playbook,2012-09-28,EEM,0.048364
ml_logit_playbook,2012-09-28,IEF,0.221358
ml_logit_playbook,2012-09-28,TIP,0.157957
ml_logit_playbook,2012-09-28,HYG,0.059522
ml_logit_playbook,2012-09-28,DBC,0.082199
ml_logit_playbook,2012-09-28,GLD,0.151636
ml_logit_playbook,2012-09-28,BIL,0.098479
ml_logit_playbook,2012-10-31,SPY,0.163378
ml_logit_playbook,2012-10-31,EEM,0.036700
ml_logit_playbook,2012-10-31,IEF,0.279129
ml_logit_playbook,2012-10-31,TIP,0.141513
ml_logit_playbook,2012-10-31,HYG,0.046264
ml_logit_playbook,2012-10-31,DBC,0.058758
ml_logit_playbook,2012-10-31,GLD,0.163300
ml_logit_playbook,2012-10-31,BIL,0.110959
ml_logit_playbook,2012-11-30,SPY,0.144495
ml_logit_playbook,2012-11-30,EEM,0.025592
ml_logit_playbook,2012-11-30,IEF,0.191827
ml_logit_playbook,2012-11-30,TIP,0.198308
ml_logit_playbook,2012-11-30,HYG,0.055631
ml_logit_playbook,2012-11-30,DBC,0.110183
ml_logit_playbook,2012-11-30,GLD,0.174408
ml_logit_playbook,2012-11-30,BIL,0.099555
ml_logit_playbook,2012-12-31,SPY,0.138202
ml_logit_playbook,2012-12-31,EEM,0.025036
ml_logit_playbook,2012-12-31,IEF,0.162297
ml_logit_playbook,2012-12-31,TIP,0.216405
ml_logit_playbook,2012-12-31,HYG,0.056728
ml_logit_playbook,2012-12-31,DBC,0.130685
ml_logit_playbook,2012-12-31,GLD,0.174964
ml_logit_playbook,2012-12-31,BIL,0.095683
ml_logit_playbook,2013-01-31,SPY,0.126350
ml_logit_playbook,2013-01-31,EEM,0.016618
ml_logit_playbook,2013-01-31,IEF,0.171697
ml_logit_playbook,2013-01-31,TIP,0.220437
ml_logit_playbook,2013-01-31,HYG,0.052872
ml_logit_playbook,2013-01-31,DBC,0.129420
ml_logit_playbook,2013-01-31,GLD,0.183382
ml_logit_playbook,2013-01-31,BIL,0.099224
ml_logit_playbook,2013-02-28,SPY,0.201981
ml_logit_playbook,2013-02-28,EEM,0.054577
ml_logit_playbook,2013-02-28,IEF,0.193735
ml_logit_playbook,2013-02-28,TIP,0.158950
ml_logit_playbook,2013-02-28,HYG,0.074314
ml_logit_playbook,2013-02-28,DBC,0.080728
ml_logit_playbook,2013-02-28,GLD,0.145423
ml_logit_playbook,2013-02-28,BIL,0.090292
ml_logit_playbook,2013-03-28,SPY,0.222669
ml_logit_playbook,2013-03-28,EEM,0.062960
ml_logit_playbook,2013-03-28,IEF,0.214172
ml_logit_playbook,2013-03-28,TIP,0.135592
ml_logit_playbook,2013-03-28,HYG,0.079111
ml_logit_playbook,2013-03-28,DBC,0.058205
ml_logit_playbook,2013-03-28,GLD,0.137040
ml_logit_playbook,2013-03-28,BIL,0.090250
ml_logit_playbook,2013-04-30,SPY,0.248410
ml_logit_playbook,2013-04-30,EEM,0.075458
ml_logit_playbook,2013-04-30,IEF,0.291817
ml_logit_playbook,2013-04-30,TIP,0.079734
ml_logit_playbook,2013-04-30,HYG,0.074999
ml_logit_playbook,2013-04-30,DBC,0.006139
ml_logit_playbook,2013-04-30,GLD,0.124542
ml_logit_playbook,2013-04-30,BIL,0.098901
ml_logit_playbook,2013-05-31,SPY,0.147891
ml_logit_playbook,2013-05-31,EEM,0.027356
ml_logit_playbook,2013-05-31,IEF,0.333914
ml_logit_playbook,2013-05-31,TIP,0.124979
ml_logit_playbook,2013-05-31,HYG,0.033037
ml_logit_playbook,2013-05-31,DBC,0.037508
ml_logit_playbook,2013-05-31,GLD,0.172644
ml_logit_playbook,2013-05-31,BIL,0.122671
ml_logit_playbook,2013-06-28,SPY,0.138369
ml_logit_playbook,2013-06-28,EEM,0.021685
ml_logit_playbook,2013-06-28,IEF,0.385605
ml_logit_playbook,2013-06-28,TIP,0.105785
ml_logit_playbook,2013-06-28,HYG,0.021855
ml_logit_playbook,2013-06-28,DBC,0.015513
ml_logit_playbook,2013-06-28,GLD,0.178315
ml_logit_playbook,2013-06-28,BIL,0.132873
ml_logit_playbook,2013-07-31,SPY,0.170731
ml_logit_playbook,2013-07-31,EEM,0.042990
ml_logit_playbook,2013-07-31,IEF,0.271483
ml_logit_playbook,2013-07-31,TIP,0.139563
ml_logit_playbook,2013-07-31,HYG,0.048247
ml_logit_playbook,2013-07-31,DBC,0.061518
ml_logit_playbook,2013-07-31,GLD,0.157010
ml_logit_playbook,2013-07-31,BIL,0.108459
ml_logit_playbook,2013-08-30,SPY,0.219866
ml_logit_playbook,2013-08-30,EEM,0.077244
ml_logit_playbook,2013-08-30,IEF,0.146811
ml_logit_playbook,2013-08-30,TIP,0.165913
ml_logit_playbook,2013-08-30,HYG,0.078946
ml_logit_playbook,2013-08-30,DBC,0.108973
ml_logit_playbook,2013-08-30,GLD,0.122756
ml_logit_playbook,2013-08-30,BIL,0.079491
ml_logit_playbook,2013-09-30,SPY,0.296976
ml_logit_playbook,2013-09-30,EEM,0.110930
ml_logit_playbook,2013-09-30,IEF,0.158840
ml_logit_playbook,2013-09-30,TIP,0.110115
ml_logit_playbook,2013-09-30,HYG,0.105890
ml_logit_playbook,2013-09-30,DBC,0.059535
ml_logit_playbook,2013-09-30,GLD,0.089070
ml_logit_playbook,2013-09-30,BIL,0.068644
ml_logit_playbook,2013-10-31,SPY,0.289922
ml_logit_playbook,2013-10-31,EEM,0.121391
ml_logit_playbook,2013-10-31,IEF,0.124101
ml_logit_playbook,2013-10-31,TIP,0.127525
ml_logit_playbook,2013-10-31,HYG,0.100004
ml_logit_playbook,2013-10-31,DBC,0.094418
ml_logit_playbook,2013-10-31,GLD,0.078609
ml_logit_playbook,2013-10-31,BIL,0.064030
ml_logit_playbook,2013-11-29,SPY,0.304824
ml_logit_playbook,2013-11-29,EEM,0.117314
ml_logit_playbook,2013-11-29,IEF,0.159496
ml_logit_playbook,2013-11-29,TIP,0.103735
ml_logit_playbook,2013-11-29,HYG,0.106758
ml_logit_playbook,2013-11-29,DBC,0.057741
ml_logit_playbook,2013-11-29,GLD,0.082686
ml_logit_playbook,2013-11-29,BIL,0.067445
ml_logit_playbook,2013-12-31,SPY,0.306095
ml_logit_playbook,2013-12-31,EEM,0.123515
ml_logit_playbook,2013-12-31,IEF,0.128171
ml_logit_playbook,2013-12-31,TIP,0.116696
ml_logit_playbook,2013-12-31,HYG,0.108692
ml_logit_playbook,2013-12-31,DBC,0.078335
ml_logit_playbook,2013-12-31,GLD,0.076485
ml_logit_playbook,2013-12-31,BIL,0.062013
ml_logit_playbook,2014-01-31,SPY,0.332246
ml_logit_playbook,2014-01-31,EEM,0.130833
ml_logit_playbook,2014-01-31,IEF,0.145808
ml_logit_playbook,2014-01-31,TIP,0.092362
ml_logit_playbook,2014-01-31,HYG,0.118307
ml_logit_playbook,2014-01-31,DBC,0.050683
ml_logit_playbook,2014-01-31,GLD,0.069167
ml_logit_playbook,2014-01-31,BIL,0.060594
ml_logit_playbook,2014-02-28,SPY,0.278132
ml_logit_playbook,2014-02-28,EEM,0.102806
ml_logit_playbook,2014-02-28,IEF,0.164039
ml_logit_playbook,2014-02-28,TIP,0.119646
ml_logit_playbook,2014-02-28,HYG,0.097878
ml_logit_playbook,2014-02-28,DBC,0.067654
ml_logit_playbook,2014-02-28,GLD,0.097194
ml_logit_playbook,2014-02-28,BIL,0.072651
ml_logit_playbook,2014-03-31,SPY,0.204465
ml_logit_playbook,2014-03-31,EEM,0.059825
ml_logit_playbook,2014-03-31,IEF,0.190269
ml_logit_playbook,2014-03-31,TIP,0.157692
ml_logit_playbook,2014-03-31,HYG,0.073048
ml_logit_playbook,2014-03-31,DBC,0.085226
ml_logit_playbook,2014-03-31,GLD,0.140175
ml_logit_playbook,2014-03-31,BIL,0.089301
ml_logit_playbook,2014-04-30,SPY,0.197904
ml_logit_playbook,2014-04-30,EEM,0.057943
ml_logit_playbook,2014-04-30,IEF,0.163334
ml_logit_playbook,2014-04-30,TIP,0.175067
ml_logit_playbook,2014-04-30,HYG,0.074418
ml_logit_playbook,2014-04-30,DBC,0.103373
ml_logit_playbook,2014-04-30,GLD,0.142057
ml_logit_playbook,2014-04-30,BIL,0.085905
ml_logit_playbook,2014-05-30,SPY,0.221069
ml_logit_playbook,2014-05-30,EEM,0.067142
ml_logit_playbook,2014-05-30,IEF,0.210316
ml_logit_playbook,2014-05-30,TIP,0.136927
ml_logit_playbook,2014-05-30,HYG,0.075898
ml_logit_playbook,2014-05-30,DBC,0.065915
ml_logit_playbook,2014-05-30,GLD,0.132858
ml_logit_playbook,2014-05-30,BIL,0.089874
ml_logit_playbook,2014-06-30,SPY,0.190903
ml_logit_playbook,2014-06-30,EEM,0.057944
ml_logit_playbook,2014-06-30,IEF,0.164505
ml_logit_playbook,2014-06-30,TIP,0.177981
ml_logit_playbook,2014-06-30,HYG,0.069555
ml_logit_playbook,2014-06-30,DBC,0.109788
ml_logit_playbook,2014-06-30,GLD,0.142056
ml_logit_playbook,2014-06-30,BIL,0.087267
ml_logit_playbook,2014-07-31,SPY,0.172401
ml_logit_playbook,2014-07-31,EEM,0.043278
ml_logit_playbook,2014-07-31,IEF,0.172809
ml_logit_playbook,2014-07-31,TIP,0.187969
ml_logit_playbook,2014-07-31,HYG,0.065614
ml_logit_playbook,2014-07-31,DBC,0.109473
ml_logit_playbook,2014-07-31,GLD,0.156722
ml_logit_playbook,2014-07-31,BIL,0.091735
ml_logit_playbook,2014-08-29,SPY,0.247028
ml_logit_playbook,2014-08-29,EEM,0.089716
ml_logit_playbook,2014-08-29,IEF,0.160648
ml_logit_playbook,2014-08-29,TIP,0.141257
ml_logit_playbook,2014-08-29,HYG,0.086434
ml_logit_playbook,2014-08-29,DBC,0.087364
ml_logit_playbook,2014-08-29,GLD,0.110284
ml_logit_playbook,2014-08-29,BIL,0.077270
ml_logit_playbook,2014-09-30,SPY,0.164357
ml_logit_playbook,2014-09-30,EEM,0.043071
ml_logit_playbook,2014-09-30,IEF,0.267819
ml_logit_playbook,2014-09-30,TIP,0.144555
ml_logit_playbook,2014-09-30,HYG,0.044554
ml_logit_playbook,2014-09-30,DBC,0.069804
ml_logit_playbook,2014-09-30,GLD,0.156929
ml_logit_playbook,2014-09-30,BIL,0.108910
ml_logit_playbook,2014-10-31,SPY,0.221480
ml_logit_playbook,2014-10-31,EEM,0.065735
ml_logit_playbook,2014-10-31,IEF,0.279436
ml_logit_playbook,2014-10-31,TIP,0.102630
ml_logit_playbook,2014-10-31,HYG,0.065591
ml_logit_playbook,2014-10-31,DBC,0.029537
ml_logit_playbook,2014-10-31,GLD,0.134265
ml_logit_playbook,2014-10-31,BIL,0.101326
ml_logit_playbook,2014-11-28,SPY,0.196475
ml_logit_playbook,2014-11-28,EEM,0.049605
ml_logit_playbook,2014-11-28,IEF,0.336078
ml_logit_playbook,2014-11-28,TIP,0.092189
ml_logit_playbook,2014-11-28,HYG,0.050233
ml_logit_playbook,2014-11-28,DBC,0.010092
ml_logit_playbook,2014-11-28,GLD,0.150395
ml_logit_playbook,2014-11-28,BIL,0.114934
ml_logit_playbook,2014-12-31,SPY,0.243073
ml_logit_playbook,2014-12-31,EEM,0.073154
ml_logit_playbook,2014-12-31,IEF,0.283512
ml_logit_playbook,2014-12-31,TIP,0.087323
ml_logit_playbook,2014-12-31,HYG,0.074361
ml_logit_playbook,2014-12-31,DBC,0.013325
ml_logit_playbook,2014-12-31,GLD,0.126846
ml_logit_playbook,2014-12-31,BIL,0.098406
ml_logit_playbook,2015-01-30,SPY,0.263075
ml_logit_playbook,2015-01-30,EEM,0.085556
ml_logit_playbook,2015-01-30,IEF,0.259350
ml_logit_playbook,2015-01-30,TIP,0.085269
ml_logit_playbook,2015-01-30,HYG,0.083454
ml_logit_playbook,2015-01-30,DBC,0.017806
ml_logit_playbook,2015-01-30,GLD,0.114444
ml_logit_playbook,2015-01-30,BIL,0.091046
ml_logit_playbook,2015-02-27,SPY,0.160622
ml_logit_playbook,2015-02-27,EEM,0.033782
ml_logit_playbook,2015-02-27,IEF,0.355929
ml_logit_playbook,2015-02-27,TIP,0.105464
ml_logit_playbook,2015-02-27,HYG,0.033572
ml_logit_playbook,2015-02-27,DBC,0.020196
ml_logit_playbook,2015-02-27,GLD,0.166218
ml_logit_playbook,2015-02-27,BIL,0.124218
ml_logit_playbook,2015-03-31,SPY,0.189042
ml_logit_playbook,2015-03-31,EEM,0.046234
ml_logit_playbook,2015-03-31,IEF,0.338663
ml_logit_playbook,2015-03-31,TIP,0.095736
ml_logit_playbook,2015-03-31,HYG,0.047095
ml_logit_playbook,2015-03-31,DBC,0.012860
ml_logit_playbook,2015-03-31,GLD,0.153766
ml_logit_playbook,2015-03-31,BIL,0.116603
ml_logit_playbook,2015-04-30,SPY,0.142801
ml_logit_playbook,2015-04-30,EEM,0.023599
ml_logit_playbook,2015-04-30,IEF,0.373711
ml_logit_playbook,2015-04-30,TIP,0.108878
ml_logit_playbook,2015-04-30,HYG,0.025516
ml_logit_playbook,2015-04-30,DBC,0.018943
ml_logit_playbook,2015-04-30,GLD,0.176401
ml_logit_playbook,2015-04-30,BIL,0.130152
ml_logit_playbook,2015-05-29,SPY,0.140161
ml_logit_playbook,2015-05-29,EEM,0.023259
ml_logit_playbook,2015-05-29,IEF,0.349051
ml_logit_playbook,2015-05-29,TIP,0.122641
ml_logit_playbook,2015-05-29,HYG,0.028093
ml_logit_playbook,2015-05-29,DBC,0.033572
ml_logit_playbook,2015-05-29,GLD,0.176741
ml_logit_playbook,2015-05-29,BIL,0.126482
ml_logit_playbook,2015-06-30,SPY,0.125560
ml_logit_playbook,2015-06-30,EEM,0.016482
ml_logit_playbook,2015-06-30,IEF,0.321307
ml_logit_playbook,2015-06-30,TIP,0.146072
ml_logit_playbook,2015-06-30,HYG,0.027501
ml_logit_playbook,2015-06-30,DBC,0.055268
ml_logit_playbook,2015-06-30,GLD,0.183518
ml_logit_playbook,2015-06-30,BIL,0.124291
ml_logit_playbook,2015-07-31,SPY,0.219978
ml_logit_playbook,2015-07-31,EEM,0.061183
ml_logit_playbook,2015-07-31,IEF,0.312318
ml_logit_playbook,2015-07-31,TIP,0.088458
ml_logit_playbook,2015-07-31,HYG,0.062144
ml_logit_playbook,2015-07-31,DBC,0.010046
ml_logit_playbook,2015-07-31,GLD,0.138817
ml_logit_playbook,2015-07-31,BIL,0.107057
ml_logit_playbook,2015-08-31,SPY,0.135340
ml_logit_playbook,2015-08-31,EEM,0.023270
ml_logit_playbook,2015-08-31,IEF,0.258592
ml_logit_playbook,2015-08-31,TIP,0.170277
ml_logit_playbook,2015-08-31,HYG,0.039948
ml_logit_playbook,2015-08-31,DBC,0.083634
ml_logit_playbook,2015-08-31,GLD,0.176730
ml_logit_playbook,2015-08-31,BIL,0.112209
ml_logit_playbook,2015-09-30,SPY,0.146887
ml_logit_playbook,2015-09-30,EEM,0.025680
ml_logit_playbook,2015-09-30,IEF,0.340326
ml_logit_playbook,2015-09-30,TIP,0.122834
ml_logit_playbook,2015-09-30,HYG,0.032417
ml_logit_playbook,2015-09-30,DBC,0.033629
ml_logit_playbook,2015-09-30,GLD,0.174320
ml_logit_playbook,2015-09-30,BIL,0.123906
ml_logit_playbook,2015-10-30,SPY,0.144761
ml_logit_playbook,2015-10-30,EEM,0.027331
ml_logit_playbook,2015-10-30,IEF,0.205761
ml_logit_playbook,2015-10-30,TIP,0.190629
ml_logit_playbook,2015-10-30,HYG,0.052327
ml_logit_playbook,2015-10-30,DBC,0.104690
ml_logit_playbook,2015-10-30,GLD,0.172669
ml_logit_playbook,2015-10-30,BIL,0.101833
ml_logit_playbook,2015-11-30,SPY,0.125925
ml_logit_playbook,2015-11-30,EEM,0.014353
ml_logit_playbook,2015-11-30,IEF,0.260439
ml_logit_playbook,2015-11-30,TIP,0.177034
ml_logit_playbook,2015-11-30,HYG,0.039308
ml_logit_playbook,2015-11-30,DBC,0.083209
ml_logit_playbook,2015-11-30,GLD,0.185647
ml_logit_playbook,2015-11-30,BIL,0.114086
ml_logit_playbook,2015-12-31,SPY,0.110449
ml_logit_playbook,2015-12-31,EEM,0.006409
ml_logit_playbook,2015-12-31,IEF,0.217027
ml_logit_playbook,2015-12-31,TIP,0.209126
ml_logit_playbook,2015-12-31,HYG,0.041522
ml_logit_playbook,2015-12-31,DBC,0.112447
ml_logit_playbook,2015-12-31,GLD,0.193591
ml_logit_playbook,2015-12-31,BIL,0.109430
ml_logit_playbook,2016-01-29,SPY,0.122697
ml_logit_playbook,2016-01-29,EEM,0.015019
ml_logit_playbook,2016-01-29,IEF,0.278801
ml_logit_playbook,2016-01-29,TIP,0.169245
ml_logit_playbook,2016-01-29,HYG,0.033652
ml_logit_playbook,2016-01-29,DBC,0.077921
ml_logit_playbook,2016-01-29,GLD,0.184981
ml_logit_playbook,2016-01-29,BIL,0.117684
ml_logit_playbook,2016-02-29,SPY,0.148702
ml_logit_playbook,2016-02-29,EEM,0.029053
ml_logit_playbook,2016-02-29,IEF,0.284648
ml_logit_playbook,2016-02-29,TIP,0.148641
ml_logit_playbook,2016-02-29,HYG,0.040659
ml_logit_playbook,2016-02-29,DBC,0.063026
ml_logit_playbook,2016-02-29,GLD,0.170947
ml_logit_playbook,2016-02-29,BIL,0.114324
ml_logit_playbook,2016-03-31,SPY,0.236911
ml_logit_playbook,2016-03-31,EEM,0.074096
ml_logit_playbook,2016-03-31,IEF,0.193933
ml_logit_playbook,2016-03-31,TIP,0.134880
ml_logit_playbook,2016-03-31,HYG,0.084554
ml_logit_playbook,2016-03-31,DBC,0.065219
ml_logit_playbook,2016-03-31,GLD,0.125904
ml_logit_playbook,2016-03-31,BIL,0.084504
ml_logit_playbook,2016-04-29,SPY,0.194487
ml_logit_playbook,2016-04-29,EEM,0.051466
ml_logit_playbook,2016-04-29,IEF,0.192728
ml_logit_playbook,2016-04-29,TIP,0.164237
ml_logit_playbook,2016-04-29,HYG,0.071559
ml_logit_playbook,2016-04-29,DBC,0.085616
ml_logit_playbook,2016-04-29,GLD,0.148534
ml_logit_playbook,2016-04-29,BIL,0.091373
ml_logit_playbook,2016-05-31,SPY,0.235482
ml_logit_playbook,2016-05-31,EEM,0.073971
ml_logit_playbook,2016-05-31,IEF,0.232974
ml_logit_playbook,2016-05-31,TIP,0.116115
ml_logit_playbook,2016-05-31,HYG,0.077178
ml_logit_playbook,2016-05-31,DBC,0.047002
ml_logit_playbook,2016-05-31,GLD,0.126029
ml_logit_playbook,2016-05-31,BIL,0.091249
ml_logit_playbook,2016-06-30,SPY,0.284998
ml_logit_playbook,2016-06-30,EEM,0.104710
ml_logit_playbook,2016-06-30,IEF,0.190860
ml_logit_playbook,2016-06-30,TIP,0.102168
ml_logit_playbook,2016-06-30,HYG,0.096715
ml_logit_playbook,2016-06-30,DBC,0.049282
ml_logit_playbook,2016-06-30,GLD,0.095290
ml_logit_playbook,2016-06-30,BIL,0.075977
ml_logit_playbook,2016-07-29,SPY,0.301183
ml_logit_playbook,2016-07-29,EEM,0.113796
ml_logit_playbook,2016-07-29,IEF,0.184343
ml_logit_playbook,2016-07-29,TIP,0.094305
ml_logit_playbook,2016-07-29,HYG,0.102534
ml_logit_playbook,2016-07-29,DBC,0.045442
ml_logit_playbook,2016-07-29,GLD,0.086204
ml_logit_playbook,2016-07-29,BIL,0.072193
ml_logit_playbook,2016-08-31,SPY,0.266254
ml_logit_playbook,2016-08-31,EEM,0.113029
ml_logit_playbook,2016-08-31,IEF,0.127860
ml_logit_playbook,2016-08-31,TIP,0.140267
ml_logit_playbook,2016-08-31,HYG,0.089173
ml_logit_playbook,2016-08-31,DBC,0.107845
ml_logit_playbook,2016-08-31,GLD,0.086971
ml_logit_playbook,2016-08-31,BIL,0.068601
ml_logit_playbook,2016-09-30,SPY,0.264371
ml_logit_playbook,2016-09-30,EEM,0.105987
ml_logit_playbook,2016-09-30,IEF,0.140291
ml_logit_playbook,2016-09-30,TIP,0.137340
ml_logit_playbook,2016-09-30,HYG,0.090541
ml_logit_playbook,2016-09-30,DBC,0.096471
ml_logit_playbook,2016-09-30,GLD,0.094013
ml_logit_playbook,2016-09-30,BIL,0.070987
ml_logit_playbook,2016-10-31,SPY,0.225300
ml_logit_playbook,2016-10-31,EEM,0.077120
ml_logit_playbook,2016-10-31,IEF,0.176690
ml_logit_playbook,2016-10-31,TIP,0.148298
ml_logit_playbook,2016-10-31,HYG,0.077672
ml_logit_playbook,2016-10-31,DBC,0.088475
ml_logit_playbook,2016-10-31,GLD,0.122880
ml_logit_playbook,2016-10-31,BIL,0.083565
ml_logit_playbook,2016-11-30,SPY,0.168395
ml_logit_playbook,2016-11-30,EEM,0.039957
ml_logit_playbook,2016-11-30,IEF,0.152482
ml_logit_playbook,2016-11-30,TIP,0.201243
ml_logit_playbook,2016-11-30,HYG,0.068545
ml_logit_playbook,2016-11-30,DBC,0.120321
ml_logit_playbook,2016-11-30,GLD,0.160043
ml_logit_playbook,2016-11-30,BIL,0.089014
ml_logit_playbook,2016-12-30,SPY,0.263926
ml_logit_playbook,2016-12-30,EEM,0.090575
ml_logit_playbook,2016-12-30,IEF,0.143954
ml_logit_playbook,2016-12-30,TIP,0.140868
ml_logit_playbook,2016-12-30,HYG,0.099908
ml_logit_playbook,2016-12-30,DBC,0.079672
ml_logit_playbook,2016-12-30,GLD,0.109425
ml_logit_playbook,2016-12-30,BIL,0.071671
ml_logit_playbook,2017-01-31,SPY,0.286038
ml_logit_playbook,2017-01-31,EEM,0.117335
ml_logit_playbook,2017-01-31,IEF,0.105386
ml_logit_playbook,2017-01-31,TIP,0.140176
ml_logit_playbook,2017-01-31,HYG,0.103237
ml_logit_playbook,2017-01-31,DBC,0.103605
ml_logit_playbook,2017-01-31,GLD,0.082665
ml_logit_playbook,2017-01-31,BIL,0.061558
ml_logit_playbook,2017-02-28,SPY,0.316360
ml_logit_playbook,2017-02-28,EEM,0.134640
ml_logit_playbook,2017-02-28,IEF,0.100317
ml_logit_playbook,2017-02-28,TIP,0.121782
ml_logit_playbook,2017-02-28,HYG,0.112760
ml_logit_playbook,2017-02-28,DBC,0.093122
ml_logit_playbook,2017-02-28,GLD,0.065360
ml_logit_playbook,2017-02-28,BIL,0.055659
ml_logit_playbook,2017-03-31,SPY,0.310560
ml_logit_playbook,2017-03-31,EEM,0.136809
ml_logit_playbook,2017-03-31,IEF,0.092780
ml_logit_playbook,2017-03-31,TIP,0.127727
ml_logit_playbook,2017-03-31,HYG,0.108704
ml_logit_playbook,2017-03-31,DBC,0.104859
ml_logit_playbook,2017-03-31,GLD,0.063191
ml_logit_playbook,2017-03-31,BIL,0.055370
ml_logit_playbook,2017-04-28,SPY,0.313674
ml_logit_playbook,2017-04-28,EEM,0.129852
ml_logit_playbook,2017-04-28,IEF,0.116480
ml_logit_playbook,2017-04-28,TIP,0.116639
ml_logit_playbook,2017-04-28,HYG,0.111468
ml_logit_playbook,2017-04-28,DBC,0.082938
ml_logit_playbook,2017-04-28,GLD,0.070148
ml_logit_playbook,2017-04-28,BIL,0.058801
ml_logit_playbook,2017-05-31,SPY,0.299118
ml_logit_playbook,2017-05-31,EEM,0.141634
ml_logit_playbook,2017-05-31,IEF,0.074186
ml_logit_playbook,2017-05-31,TIP,0.141136
ml_logit_playbook,2017-05-31,HYG,0.100958
ml_logit_playbook,2017-05-31,DBC,0.130423
ml_logit_playbook,2017-05-31,GLD,0.058366
ml_logit_playbook,2017-05-31,BIL,0.054178
ml_logit_playbook,2017-06-30,SPY,0.293999
ml_logit_playbook,2017-06-30,EEM,0.140262
ml_logit_playbook,2017-06-30,IEF,0.069892
ml_logit_playbook,2017-06-30,TIP,0.146300
ml_logit_playbook,2017-06-30,HYG,0.099176
ml_logit_playbook,2017-06-30,DBC,0.136317
ml_logit_playbook,2017-06-30,GLD,0.059738
ml_logit_playbook,2017-06-30,BIL,0.054315
ml_logit_playbook,2017-07-31,SPY,0.290552
ml_logit_playbook,2017-07-31,EEM,0.140476
ml_logit_playbook,2017-07-31,IEF,0.065306
ml_logit_playbook,2017-07-31,TIP,0.150246
ml_logit_playbook,2017-07-31,HYG,0.097500
ml_logit_playbook,2017-07-31,DBC,0.142271
ml_logit_playbook,2017-07-31,GLD,0.059524
ml_logit_playbook,2017-07-31,BIL,0.054126
ml_logit_playbook,2017-08-31,SPY,0.290981
ml_logit_playbook,2017-08-31,EEM,0.136638
ml_logit_playbook,2017-08-31,IEF,0.078897
ml_logit_playbook,2017-08-31,TIP,0.144515
ml_logit_playbook,2017-08-31,HYG,0.098079
ml_logit_playbook,2017-08-31,DBC,0.131208
ml_logit_playbook,2017-08-31,GLD,0.063362
ml_logit_playbook,2017-08-31,BIL,0.056319
ml_logit_playbook,2017-09-29,SPY,0.277964
ml_logit_playbook,2017-09-29,EEM,0.121193
ml_logit_playbook,2017-09-29,IEF,0.106284
ml_logit_playbook,2017-09-29,TIP,0.142478
ml_logit_playbook,2017-09-29,HYG,0.095133
ml_logit_playbook,2017-09-29,DBC,0.115087
ml_logit_playbook,2017-09-29,GLD,0.078807
ml_logit_playbook,2017-09-29,BIL,0.063053
ml_logit_playbook,2017-10-31,SPY,0.261110
ml_logit_playbook,2017-10-31,EEM,0.105498
ml_logit_playbook,2017-10-31,IEF,0.154738
ml_logit_playbook,2017-10-31,TIP,0.131910
ml_logit_playbook,2017-10-31,HYG,0.086285
ml_logit_playbook,2017-10-31,DBC,0.092018
ml_logit_playbook,2017-10-31,GLD,0.094502
ml_logit_playbook,2017-10-31,BIL,0.073938
ml_logit_playbook,2017-11-30,SPY,0.256412
ml_logit_playbook,2017-11-30,EEM,0.107721
ml_logit_playbook,2017-11-30,IEF,0.153790
ml_logit_playbook,2017-11-30,TIP,0.133992
ml_logit_playbook,2017-11-30,HYG,0.081830
ml_logit_playbook,2017-11-30,DBC,0.099413
ml_logit_playbook,2017-11-30,GLD,0.092279
ml_logit_playbook,2017-11-30,BIL,0.074563
ml_logit_playbook,2017-12-29,SPY,0.269330
ml_logit_playbook,2017-12-29,EEM,0.115741
ml_logit_playbook,2017-12-29,IEF,0.141465
ml_logit_playbook,2017-12-29,TIP,0.131022
ml_logit_playbook,2017-12-29,HYG,0.087148
ml_logit_playbook,2017-12-29,DBC,0.100679
ml_logit_playbook,2017-12-29,GLD,0.084259
ml_logit_playbook,2017-12-29,BIL,0.070356
ml_logit_playbook,2018-01-31,SPY,0.261068
ml_logit_playbook,2018-01-31,EEM,0.117765
ml_logit_playbook,2018-01-31,IEF,0.114981
ml_logit_playbook,2018-01-31,TIP,0.147721
ml_logit_playbook,2018-01-31,HYG,0.084705
ml_logit_playbook,2018-01-31,DBC,0.124206
ml_logit_playbook,2018-01-31,GLD,0.082235
ml_logit_playbook,2018-01-31,BIL,0.067319
ml_logit_playbook,2018-02-28,SPY,0.266018
ml_logit_playbook,2018-02-28,EEM,0.123563
ml_logit_playbook,2018-02-28,IEF,0.092978
ml_logit_playbook,2018-02-28,TIP,0.154315
ml_logit_playbook,2018-02-28,HYG,0.087807
ml_logit_playbook,2018-02-28,DBC,0.136056
ml_logit_playbook,2018-02-28,GLD,0.076437
ml_logit_playbook,2018-02-28,BIL,0.062827
ml_logit_playbook,2018-03-29,SPY,0.278342
ml_logit_playbook,2018-03-29,EEM,0.132607
ml_logit_playbook,2018-03-29,IEF,0.086971
ml_logit_playbook,2018-03-29,TIP,0.148141
ml_logit_playbook,2018-03-29,HYG,0.090995
ml_logit_playbook,2018-03-29,DBC,0.135779
ml_logit_playbook,2018-03-29,GLD,0.067393
ml_logit_playbook,2018-03-29,BIL,0.059771
ml_logit_playbook,2018-04-30,SPY,0.284821
ml_logit_playbook,2018-04-30,EEM,0.137099
ml_logit_playbook,2018-04-30,IEF,0.076841
ml_logit_playbook,2018-04-30,TIP,0.148470
ml_logit_playbook,2018-04-30,HYG,0.094008
ml_logit_playbook,2018-04-30,DBC,0.138858
ml_logit_playbook,2018-04-30,GLD,0.062901
ml_logit_playbook,2018-04-30,BIL,0.057003
ml_logit_playbook,2018-05-31,SPY,0.307206
ml_logit_playbook,2018-05-31,EEM,0.130437
ml_logit_playbook,2018-05-31,IEF,0.123753
ml_logit_playbook,2018-05-31,TIP,0.116041
ml_logit_playbook,2018-05-31,HYG,0.105553
ml_logit_playbook,2018-05-31,DBC,0.086355
ml_logit_playbook,2018-05-31,GLD,0.069563
ml_logit_playbook,2018-05-31,BIL,0.061091
ml_logit_playbook,2018-06-29,SPY,0.283487
ml_logit_playbook,2018-06-29,EEM,0.111330
ml_logit_playbook,2018-06-29,IEF,0.170812
ml_logit_playbook,2018-06-29,TIP,0.110741
ml_logit_playbook,2018-06-29,HYG,0.094636
ml_logit_playbook,2018-06-29,DBC,0.067437
ml_logit_playbook,2018-06-29,GLD,0.088670
ml_logit_playbook,2018-06-29,BIL,0.072888
ml_logit_playbook,2018-07-31,SPY,0.313642
ml_logit_playbook,2018-07-31,EEM,0.117678
ml_logit_playbook,2018-07-31,IEF,0.170773
ml_logit_playbook,2018-07-31,TIP,0.093567
ml_logit_playbook,2018-07-31,HYG,0.110514
ml_logit_playbook,2018-07-31,DBC,0.043649
ml_logit_playbook,2018-07-31,GLD,0.082322
ml_logit_playbook,2018-07-31,BIL,0.067855
ml_logit_playbook,2018-08-31,SPY,0.280828
ml_logit_playbook,2018-08-31,EEM,0.109312
ml_logit_playbook,2018-08-31,IEF,0.169530
ml_logit_playbook,2018-08-31,TIP,0.113383
ml_logit_playbook,2018-08-31,HYG,0.094423
ml_logit_playbook,2018-08-31,DBC,0.068719
ml_logit_playbook,2018-08-31,GLD,0.090688
ml_logit_playbook,2018-08-31,BIL,0.073117
ml_logit_playbook,2018-09-28,SPY,0.207240
ml_logit_playbook,2018-09-28,EEM,0.068854
ml_logit_playbook,2018-09-28,IEF,0.174964
ml_logit_playbook,2018-09-28,TIP,0.160947
ml_logit_playbook,2018-09-28,HYG,0.071429
ml_logit_playbook,2018-09-28,DBC,0.099133
ml_logit_playbook,2018-09-28,GLD,0.131146
ml_logit_playbook,2018-09-28,BIL,0.086287
ml_logit_playbook,2018-10-31,SPY,0.178598
ml_logit_playbook,2018-10-31,EEM,0.058074
ml_logit_playbook,2018-10-31,IEF,0.187438
ml_logit_playbook,2018-10-31,TIP,0.172624
ml_logit_playbook,2018-10-31,HYG,0.057443
ml_logit_playbook,2018-10-31,DBC,0.110757
ml_logit_playbook,2018-10-31,GLD,0.141926
ml_logit_playbook,2018-10-31,BIL,0.093140
ml_logit_playbook,2018-11-30,SPY,0.152086
ml_logit_playbook,2018-11-30,EEM,0.033868
ml_logit_playbook,2018-11-30,IEF,0.268989
ml_logit_playbook,2018-11-30,TIP,0.153173
ml_logit_playbook,2018-11-30,HYG,0.042314
ml_logit_playbook,2018-11-30,DBC,0.072287
ml_logit_playbook,2018-11-30,GLD,0.166132
ml_logit_playbook,2018-11-30,BIL,0.111151
ml_logit_playbook,2018-12-31,SPY,0.147978
ml_logit_playbook,2018-12-31,EEM,0.034384
ml_logit_playbook,2018-12-31,IEF,0.317315
ml_logit_playbook,2018-12-31,TIP,0.130892
ml_logit_playbook,2018-12-31,HYG,0.031176
ml_logit_playbook,2018-12-31,DBC,0.052749
ml_logit_playbook,2018-12-31,GLD,0.165616
ml_logit_playbook,2018-12-31,BIL,0.119890
ml_logit_playbook,2019-01-31,SPY,0.149939
ml_logit_playbook,2019-01-31,EEM,0.026506
ml_logit_playbook,2019-01-31,IEF,0.354711
ml_logit_playbook,2019-01-31,TIP,0.113839
ml_logit_playbook,2019-01-31,HYG,0.031503
ml_logit_playbook,2019-01-31,DBC,0.024212
ml_logit_playbook,2019-01-31,GLD,0.173494
ml_logit_playbook,2019-01-31,BIL,0.125795
ml_logit_playbook,2019-02-28,SPY,0.125848
ml_logit_playbook,2019-02-28,EEM,0.015768
ml_logit_playbook,2019-02-28,IEF,0.366094
ml_logit_playbook,2019-02-28,TIP,0.123773
ml_logit_playbook,2019-02-28,HYG,0.020705
ml_logit_playbook,2019-02-28,DBC,0.031872
ml_logit_playbook,2019-02-28,GLD,0.184232
ml_logit_playbook,2019-02-28,BIL,0.131708
ml_logit_playbook,2019-03-29,SPY,0.169920
ml_logit_playbook,2019-03-29,EEM,0.036736
ml_logit_playbook,2019-03-29,IEF,0.341654
ml_logit_playbook,2019-03-29,TIP,0.106967
ml_logit_playbook,2019-03-29,HYG,0.040180
ml_logit_playbook,2019-03-29,DBC,0.020989
ml_logit_playbook,2019-03-29,GLD,0.163264
ml_logit_playbook,2019-03-29,BIL,0.120289
ml_logit_playbook,2019-04-30,SPY,0.123233
ml_logit_playbook,2019-04-30,EEM,0.014283
ml_logit_playbook,2019-04-30,IEF,0.378928
ml_logit_playbook,2019-04-30,TIP,0.119159
ml_logit_playbook,2019-04-30,HYG,0.017812
ml_logit_playbook,2019-04-30,DBC,0.026586
ml_logit_playbook,2019-04-30,GLD,0.185717
ml_logit_playbook,2019-04-30,BIL,0.134282
ml_logit_playbook,2019-05-31,SPY,0.122995
ml_logit_playbook,2019-05-31,EEM,0.015588
ml_logit_playbook,2019-05-31,IEF,0.380088
ml_logit_playbook,2019-05-31,TIP,0.118263
ml_logit_playbook,2019-05-31,HYG,0.016590
ml_logit_playbook,2019-05-31,DBC,0.027549
ml_logit_playbook,2019-05-31,GLD,0.184412
ml_logit_playbook,2019-05-31,BIL,0.134516
ml_logit_playbook,2019-06-28,SPY,0.172255
ml_logit_playbook,2019-06-28,EEM,0.052347
ml_logit_playbook,2019-06-28,IEF,0.262159
ml_logit_playbook,2019-06-28,TIP,0.140344
ml_logit_playbook,2019-06-28,HYG,0.044579
ml_logit_playbook,2019-06-28,DBC,0.074012
ml_logit_playbook,2019-06-28,GLD,0.147653
ml_logit_playbook,2019-06-28,BIL,0.106651
ml_logit_playbook,2019-07-31,SPY,0.157150
ml_logit_playbook,2019-07-31,EEM,0.041767
ml_logit_playbook,2019-07-31,IEF,0.265284
ml_logit_playbook,2019-07-31,TIP,0.149861
ml_logit_playbook,2019-07-31,HYG,0.041042
ml_logit_playbook,2019-07-31,DBC,0.076974
ml_logit_playbook,2019-07-31,GLD,0.158233
ml_logit_playbook,2019-07-31,BIL,0.109689
ml_logit_playbook,2019-08-30,SPY,0.201781
ml_logit_playbook,2019-08-30,EEM,0.070741
ml_logit_playbook,2019-08-30,IEF,0.235224
ml_logit_playbook,2019-08-30,TIP,0.132917
ml_logit_playbook,2019-08-30,HYG,0.056489
ml_logit_playbook,2019-08-30,DBC,0.076348
ml_logit_playbook,2019-08-30,GLD,0.129259
ml_logit_playbook,2019-08-30,BIL,0.097241
ml_logit_playbook,2019-09-30,SPY,0.167979
ml_logit_playbook,2019-09-30,EEM,0.049661
ml_logit_playbook,2019-09-30,IEF,0.278688
ml_logit_playbook,2019-09-30,TIP,0.135113
ml_logit_playbook,2019-09-30,HYG,0.040764
ml_logit_playbook,2019-09-30,DBC,0.067338
ml_logit_playbook,2019-09-30,GLD,0.150339
ml_logit_playbook,2019-09-30,BIL,0.110118
ml_logit_playbook,2019-10-31,SPY,0.171009
ml_logit_playbook,2019-10-31,EEM,0.050299
ml_logit_playbook,2019-10-31,IEF,0.221436
ml_logit_playbook,2019-10-31,TIP,0.162011
ml_logit_playbook,2019-10-31,HYG,0.051900
ml_logit_playbook,2019-10-31,DBC,0.093572
ml_logit_playbook,2019-10-31,GLD,0.149701
ml_logit_playbook,2019-10-31,BIL,0.100071
ml_logit_playbook,2019-11-29,SPY,0.177581
ml_logit_playbook,2019-11-29,EEM,0.053444
ml_logit_playbook,2019-11-29,IEF,0.211486
ml_logit_playbook,2019-11-29,TIP,0.162652
ml_logit_playbook,2019-11-29,HYG,0.055844
ml_logit_playbook,2019-11-29,DBC,0.095120
ml_logit_playbook,2019-11-29,GLD,0.146556
ml_logit_playbook,2019-11-29,BIL,0.097317
ml_logit_playbook,2019-12-31,SPY,0.181368
ml_logit_playbook,2019-12-31,EEM,0.055489
ml_logit_playbook,2019-12-31,IEF,0.142846
ml_logit_playbook,2019-12-31,TIP,0.194397
ml_logit_playbook,2019-12-31,HYG,0.068445
ml_logit_playbook,2019-12-31,DBC,0.127698
ml_logit_playbook,2019-12-31,GLD,0.144511
ml_logit_playbook,2019-12-31,BIL,0.085246
ml_logit_playbook,2020-01-31,SPY,0.266127
ml_logit_playbook,2020-01-31,EEM,0.094010
ml_logit_playbook,2020-01-31,IEF,0.204251
ml_logit_playbook,2020-01-31,TIP,0.108474
ml_logit_playbook,2020-01-31,HYG,0.089036
ml_logit_playbook,2020-01-31,DBC,0.050757
ml_logit_playbook,2020-01-31,GLD,0.105990
ml_logit_playbook,2020-01-31,BIL,0.081354
ml_logit_playbook,2020-02-28,SPY,0.119858
ml_logit_playbook,2020-02-28,EEM,0.013151
ml_logit_playbook,2020-02-28,IEF,0.408742
ml_logit_playbook,2020-02-28,TIP,0.106316
ml_logit_playbook,2020-02-28,HYG,0.011347
ml_logit_playbook,2020-02-28,DBC,0.013922
ml_logit_playbook,2020-02-28,GLD,0.186849
ml_logit_playbook,2020-02-28,BIL,0.139814
ml_logit_playbook,2020-03-31,SPY,0.101099
ml_logit_playbook,2020-03-31,EEM,0.000769
ml_logit_playbook,2020-03-31,IEF,0.443484
ml_logit_playbook,2020-03-31,TIP,0.102452
ml_logit_playbook,2020-03-31,HYG,0.001306
ml_logit_playbook,2020-03-31,DBC,0.002928
ml_logit_playbook,2020-03-31,GLD,0.199231
ml_logit_playbook,2020-03-31,BIL,0.148731
ml_logit_playbook,2020-04-30,SPY,0.110219
ml_logit_playbook,2020-04-30,EEM,0.007290
ml_logit_playbook,2020-04-30,IEF,0.363314
ml_logit_playbook,2020-04-30,TIP,0.135803
ml_logit_playbook,2020-04-30,HYG,0.016400
ml_logit_playbook,2020-04-30,DBC,0.040414
ml_logit_playbook,2020-04-30,GLD,0.192710
ml_logit_playbook,2020-04-30,BIL,0.133849
ml_logit_playbook,2020-05-29,SPY,0.299618
ml_logit_playbook,2020-05-29,EEM,0.149713
ml_logit_playbook,2020-05-29,IEF,0.050765
ml_logit_playbook,2020-05-29,TIP,0.149904
ml_logit_playbook,2020-05-29,HYG,0.099809
ml_logit_playbook,2020-05-29,DBC,0.149713
ml_logit_playbook,2020-05-29,GLD,0.050287
ml_logit_playbook,2020-05-29,BIL,0.050191
ml_logit_playbook,2020-06-30,SPY,0.299186
ml_logit_playbook,2020-06-30,EEM,0.149390
ml_logit_playbook,2020-06-30,IEF,0.051628
ml_logit_playbook,2020-06-30,TIP,0.149797
ml_logit_playbook,2020-06-30,HYG,0.099593
ml_logit_playbook,2020-06-30,DBC,0.149390
ml_logit_playbook,2020-06-30,GLD,0.050610
ml_logit_playbook,2020-06-30,BIL,0.050407
ml_logit_playbook,2020-07-31,SPY,0.293924
ml_logit_playbook,2020-07-31,EEM,0.145442
ml_logit_playbook,2020-07-31,IEF,0.062157
ml_logit_playbook,2020-07-31,TIP,0.148479
ml_logit_playbook,2020-07-31,HYG,0.096962
ml_logit_playbook,2020-07-31,DBC,0.145439
ml_logit_playbook,2020-07-31,GLD,0.054558
ml_logit_playbook,2020-07-31,BIL,0.053039
ml_logit_playbook,2020-08-31,SPY,0.399780
ml_logit_playbook,2020-08-31,EEM,0.149897
ml_logit_playbook,2020-08-31,IEF,0.149992
ml_logit_playbook,2020-08-31,TIP,0.050148
ml_logit_playbook,2020-08-31,HYG,0.149923
ml_logit_playbook,2020-08-31,DBC,0.000121
ml_logit_playbook,2020-08-31,GLD,0.050103
ml_logit_playbook,2020-08-31,BIL,0.050035
ml_logit_playbook,2020-09-30,SPY,0.374637
ml_logit_playbook,2020-09-30,EEM,0.137521
ml_logit_playbook,2020-09-30,IEF,0.167052
ml_logit_playbook,2020-09-30,TIP,0.058315
ml_logit_playbook,2020-09-30,HYG,0.138569
ml_logit_playbook,2020-09-30,DBC,0.004358
ml_logit_playbook,2020-09-30,GLD,0.062479
ml_logit_playbook,2020-09-30,BIL,0.057069
ml_logit_playbook,2020-10-30,SPY,0.173025
ml_logit_playbook,2020-10-30,EEM,0.039682
ml_logit_playbook,2020-10-30,IEF,0.263728
ml_logit_playbook,2020-10-30,TIP,0.143396
ml_logit_playbook,2020-10-30,HYG,0.053274
ml_logit_playbook,2020-10-30,DBC,0.059792
ml_logit_playbook,2020-10-30,GLD,0.160318
ml_logit_playbook,2020-10-30,BIL,0.106784
ml_logit_playbook,2020-11-30,SPY,0.204776
ml_logit_playbook,2020-11-30,EEM,0.059380
ml_logit_playbook,2020-11-30,IEF,0.246944
ml_logit_playbook,2020-11-30,TIP,0.129347
ml_logit_playbook,2020-11-30,HYG,0.064107
ml_logit_playbook,2020-11-30,DBC,0.056132
ml_logit_playbook,2020-11-30,GLD,0.140620
ml_logit_playbook,2020-11-30,BIL,0.098695
ml_logit_playbook,2020-12-31,SPY,0.215412
ml_logit_playbook,2020-12-31,EEM,0.074662
ml_logit_playbook,2020-12-31,IEF,0.186266
ml_logit_playbook,2020-12-31,TIP,0.149274
ml_logit_playbook,2020-12-31,HYG,0.071122
ml_logit_playbook,2020-12-31,DBC,0.091118
ml_logit_playbook,2020-12-31,GLD,0.125338
ml_logit_playbook,2020-12-31,BIL,0.086809
ml_logit_playbook,2021-01-29,SPY,0.279701
ml_logit_playbook,2021-01-29,EEM,0.103091
ml_logit_playbook,2021-01-29,IEF,0.169944
ml_logit_playbook,2021-01-29,TIP,0.115814
ml_logit_playbook,2021-01-29,HYG,0.097749
ml_logit_playbook,2021-01-29,DBC,0.063418
ml_logit_playbook,2021-01-29,GLD,0.096909
ml_logit_playbook,2021-01-29,BIL,0.073374
ml_logit_playbook,2021-02-26,SPY,0.245043
ml_logit_playbook,2021-02-26,EEM,0.102131
ml_logit_playbook,2021-02-26,IEF,0.102902
ml_logit_playbook,2021-02-26,TIP,0.166984
ml_logit_playbook,2021-02-26,HYG,0.086457
ml_logit_playbook,2021-02-26,DBC,0.130637
ml_logit_playbook,2021-02-26,GLD,0.097869
ml_logit_playbook,2021-02-26,BIL,0.067977
ml_logit_playbook,2021-03-31,SPY,0.287165
ml_logit_playbook,2021-03-31,EEM,0.137567
ml_logit_playbook,2021-03-31,IEF,0.062347
ml_logit_playbook,2021-03-31,TIP,0.154388
ml_logit_playbook,2021-03-31,HYG,0.097674
ml_logit_playbook,2021-03-31,DBC,0.144228
ml_logit_playbook,2021-03-31,GLD,0.062433
ml_logit_playbook,2021-03-31,BIL,0.054197
ml_logit_playbook,2021-04-30,SPY,0.316188
ml_logit_playbook,2021-04-30,EEM,0.147359
ml_logit_playbook,2021-04-30,IEF,0.071660
ml_logit_playbook,2021-04-30,TIP,0.131956
ml_logit_playbook,2021-04-30,HYG,0.108942
ml_logit_playbook,2021-04-30,DBC,0.120341
ml_logit_playbook,2021-04-30,GLD,0.052641
ml_logit_playbook,2021-04-30,BIL,0.050912
ml_logit_playbook,2021-05-28,SPY,0.381229
ml_logit_playbook,2021-05-28,EEM,0.146413
ml_logit_playbook,2021-05-28,IEF,0.138688
ml_logit_playbook,2021-05-28,TIP,0.066237
ml_logit_playbook,2021-05-28,HYG,0.141763
ml_logit_playbook,2021-05-28,DBC,0.020840
ml_logit_playbook,2021-05-28,GLD,0.053587
ml_logit_playbook,2021-05-28,BIL,0.051243
ml_logit_playbook,2021-06-30,SPY,0.398920
ml_logit_playbook,2021-06-30,EEM,0.149885
ml_logit_playbook,2021-06-30,IEF,0.149168
ml_logit_playbook,2021-06-30,TIP,0.050994
ml_logit_playbook,2021-06-30,HYG,0.149495
ml_logit_playbook,2021-06-30,DBC,0.001381
ml_logit_playbook,2021-06-30,GLD,0.050115
ml_logit_playbook,2021-06-30,BIL,0.050041
ml_logit_playbook,2021-07-30,SPY,0.387271
ml_logit_playbook,2021-07-30,EEM,0.148480
ml_logit_playbook,2021-07-30,IEF,0.140518
ml_logit_playbook,2021-07-30,TIP,0.061612
ml_logit_playbook,2021-07-30,HYG,0.144108
ml_logit_playbook,2021-07-30,DBC,0.015949
ml_logit_playbook,2021-07-30,GLD,0.051520
ml_logit_playbook,2021-07-30,BIL,0.050541
ml_logit_playbook,2021-08-31,SPY,0.226555
ml_logit_playbook,2021-08-31,EEM,0.089028
ml_logit_playbook,2021-08-31,IEF,0.108930
ml_logit_playbook,2021-08-31,TIP,0.177582
ml_logit_playbook,2021-08-31,HYG,0.081863
ml_logit_playbook,2021-08-31,DBC,0.133008
ml_logit_playbook,2021-08-31,GLD,0.110972
ml_logit_playbook,2021-08-31,BIL,0.072062
ml_logit_playbook,2021-09-30,SPY,0.213382
ml_logit_playbook,2021-09-30,EEM,0.082604
ml_logit_playbook,2021-09-30,IEF,0.112356
ml_logit_playbook,2021-09-30,TIP,0.184596
ml_logit_playbook,2021-09-30,HYG,0.076792
ml_logit_playbook,2021-09-30,DBC,0.138045
ml_logit_playbook,2021-09-30,GLD,0.117396
ml_logit_playbook,2021-09-30,BIL,0.074829
ml_logit_playbook,2021-10-29,SPY,0.238857
ml_logit_playbook,2021-10-29,EEM,0.092513
ml_logit_playbook,2021-10-29,IEF,0.113340
ml_logit_playbook,2021-10-29,TIP,0.168064
ml_logit_playbook,2021-10-29,HYG,0.087006
ml_logit_playbook,2021-10-29,DBC,0.121986
ml_logit_playbook,2021-10-29,GLD,0.107487
ml_logit_playbook,2021-10-29,BIL,0.070747
ml_logit_playbook,2021-11-30,SPY,0.214785
ml_logit_playbook,2021-11-30,EEM,0.066737
ml_logit_playbook,2021-11-30,IEF,0.152173
ml_logit_playbook,2021-11-30,TIP,0.169276
ml_logit_playbook,2021-11-30,HYG,0.081670
ml_logit_playbook,2021-11-30,DBC,0.100866
ml_logit_playbook,2021-11-30,GLD,0.133263
ml_logit_playbook,2021-11-30,BIL,0.081231
ml_logit_playbook,2021-12-31,SPY,0.214068
ml_logit_playbook,2021-12-31,EEM,0.061495
ml_logit_playbook,2021-12-31,IEF,0.152052
ml_logit_playbook,2021-12-31,TIP,0.171442
ml_logit_playbook,2021-12-31,HYG,0.084707
ml_logit_playbook,2021-12-31,DBC,0.096401
ml_logit_playbook,2021-12-31,GLD,0.138505
ml_logit_playbook,2021-12-31,BIL,0.081331
ml_logit_playbook,2022-01-31,SPY,0.136371
ml_logit_playbook,2022-01-31,EEM,0.022387
ml_logit_playbook,2022-01-31,IEF,0.150021
ml_logit_playbook,2022-01-31,TIP,0.224341
ml_logit_playbook,2022-01-31,HYG,0.059319
ml_logit_playbook,2022-01-31,DBC,0.136005
ml_logit_playbook,2022-01-31,GLD,0.177613
ml_logit_playbook,2022-01-31,BIL,0.093942
ml_logit_playbook,2022-02-28,SPY,0.115291
ml_logit_playbook,2022-02-28,EEM,0.010028
ml_logit_playbook,2022-02-28,IEF,0.149533
ml_logit_playbook,2022-02-28,TIP,0.239245
ml_logit_playbook,2022-02-28,HYG,0.053586
ml_logit_playbook,2022-02-28,DBC,0.144971
ml_logit_playbook,2022-02-28,GLD,0.189972
ml_logit_playbook,2022-02-28,BIL,0.097374
ml_logit_playbook,2022-03-31,SPY,0.153663
ml_logit_playbook,2022-03-31,EEM,0.039656
ml_logit_playbook,2022-03-31,IEF,0.126576
ml_logit_playbook,2022-03-31,TIP,0.221662
ml_logit_playbook,2022-03-31,HYG,0.063242
ml_logit_playbook,2022-03-31,DBC,0.147705
ml_logit_playbook,2022-03-31,GLD,0.160344
ml_logit_playbook,2022-03-31,BIL,0.087152
ml_logit_playbook,2022-04-29,SPY,0.157472
ml_logit_playbook,2022-04-29,EEM,0.042807
ml_logit_playbook,2022-04-29,IEF,0.123993
ml_logit_playbook,2022-04-29,TIP,0.219999
ml_logit_playbook,2022-04-29,HYG,0.064111
ml_logit_playbook,2022-04-29,DBC,0.148339
ml_logit_playbook,2022-04-29,GLD,0.157193
ml_logit_playbook,2022-04-29,BIL,0.086087
ml_logit_playbook,2022-05-31,SPY,0.222364
ml_logit_playbook,2022-05-31,EEM,0.066845
ml_logit_playbook,2022-05-31,IEF,0.145665
ml_logit_playbook,2022-05-31,TIP,0.168704
ml_logit_playbook,2022-05-31,HYG,0.087735
ml_logit_playbook,2022-05-31,DBC,0.096649
ml_logit_playbook,2022-05-31,GLD,0.133155
ml_logit_playbook,2022-05-31,BIL,0.078884
ml_logit_playbook,2022-06-30,SPY,0.178647
ml_logit_playbook,2022-06-30,EEM,0.048092
ml_logit_playbook,2022-06-30,IEF,0.159150
ml_logit_playbook,2022-06-30,TIP,0.190071
ml_logit_playbook,2022-06-30,HYG,0.068845
ml_logit_playbook,2022-06-30,DBC,0.114870
ml_logit_playbook,2022-06-30,GLD,0.151908
ml_logit_playbook,2022-06-30,BIL,0.088417
ml_logit_playbook,2022-07-29,SPY,0.293544
ml_logit_playbook,2022-07-29,EEM,0.097177
ml_logit_playbook,2022-07-29,IEF,0.176450
ml_logit_playbook,2022-07-29,TIP,0.107610
ml_logit_playbook,2022-07-29,HYG,0.109836
ml_logit_playbook,2022-07-29,DBC,0.040408
ml_logit_playbook,2022-07-29,GLD,0.102823
ml_logit_playbook,2022-07-29,BIL,0.072151
ml_logit_playbook,2022-08-31,SPY,0.118516
ml_logit_playbook,2022-08-31,EEM,0.011161
ml_logit_playbook,2022-08-31,IEF,0.164398
ml_logit_playbook,2022-08-31,TIP,0.229823
ml_logit_playbook,2022-08-31,HYG,0.052503
ml_logit_playbook,2022-08-31,DBC,0.135446
ml_logit_playbook,2022-08-31,GLD,0.188839
ml_logit_playbook,2022-08-31,BIL,0.099314
ml_logit_playbook,2022-09-30,SPY,0.103205
ml_logit_playbook,2022-09-30,EEM,0.002291
ml_logit_playbook,2022-09-30,IEF,0.150710
ml_logit_playbook,2022-09-30,TIP,0.247279
ml_logit_playbook,2022-09-30,HYG,0.050491
ml_logit_playbook,2022-09-30,DBC,0.148731
ml_logit_playbook,2022-09-30,GLD,0.197709
ml_logit_playbook,2022-09-30,BIL,0.099584
ml_logit_playbook,2022-10-31,SPY,0.111018
ml_logit_playbook,2022-10-31,EEM,0.008119
ml_logit_playbook,2022-10-31,IEF,0.159316
ml_logit_playbook,2022-10-31,TIP,0.237127
ml_logit_playbook,2022-10-31,HYG,0.050380
ml_logit_playbook,2022-10-31,DBC,0.142443
ml_logit_playbook,2022-10-31,GLD,0.191881
ml_logit_playbook,2022-10-31,BIL,0.099716
ml_logit_playbook,2022-11-30,SPY,0.187598
ml_logit_playbook,2022-11-30,EEM,0.056771
ml_logit_playbook,2022-11-30,IEF,0.168099
ml_logit_playbook,2022-11-30,TIP,0.178228
ml_logit_playbook,2022-11-30,HYG,0.067535
ml_logit_playbook,2022-11-30,DBC,0.110124
ml_logit_playbook,2022-11-30,GLD,0.143229
ml_logit_playbook,2022-11-30,BIL,0.088417
ml_logit_playbook,2022-12-30,SPY,0.157249
ml_logit_playbook,2022-12-30,EEM,0.036606
ml_logit_playbook,2022-12-30,IEF,0.289450
ml_logit_playbook,2022-12-30,TIP,0.139448
ml_logit_playbook,2022-12-30,HYG,0.040520
ml_logit_playbook,2022-12-30,DBC,0.059632
ml_logit_playbook,2022-12-30,GLD,0.163394
ml_logit_playbook,2022-12-30,BIL,0.113700
ml_logit_playbook,2023-01-31,SPY,0.195219
ml_logit_playbook,2023-01-31,EEM,0.051810
ml_logit_playbook,2023-01-31,IEF,0.318170
ml_logit_playbook,2023-01-31,TIP,0.101036
ml_logit_playbook,2023-01-31,HYG,0.050911
ml_logit_playbook,2023-01-31,DBC,0.022507
ml_logit_playbook,2023-01-31,GLD,0.148190
ml_logit_playbook,2023-01-31,BIL,0.112158
ml_logit_playbook,2023-02-28,SPY,0.110101
ml_logit_playbook,2023-02-28,EEM,0.007173
ml_logit_playbook,2023-02-28,IEF,0.351387
ml_logit_playbook,2023-02-28,TIP,0.141865
ml_logit_playbook,2023-02-28,HYG,0.018388
ml_logit_playbook,2023-02-28,DBC,0.046378
ml_logit_playbook,2023-02-28,GLD,0.192827
ml_logit_playbook,2023-02-28,BIL,0.131881
ml_logit_playbook,2023-03-31,SPY,0.130560
ml_logit_playbook,2023-03-31,EEM,0.016116
ml_logit_playbook,2023-03-31,IEF,0.395236
ml_logit_playbook,2023-03-31,TIP,0.106730
ml_logit_playbook,2023-03-31,HYG,0.018757
ml_logit_playbook,2023-03-31,DBC,0.012938
ml_logit_playbook,2023-03-31,GLD,0.183884
ml_logit_playbook,2023-03-31,BIL,0.135779
ml_logit_playbook,2023-04-28,SPY,0.121910
ml_logit_playbook,2023-04-28,EEM,0.014396
ml_logit_playbook,2023-04-28,IEF,0.331385
ml_logit_playbook,2023-04-28,TIP,0.143554
ml_logit_playbook,2023-04-28,HYG,0.024779
ml_logit_playbook,2023-04-28,DBC,0.051793
ml_logit_playbook,2023-04-28,GLD,0.185604
ml_logit_playbook,2023-04-28,BIL,0.126579
ml_logit_playbook,2023-05-31,SPY,0.120961
ml_logit_playbook,2023-05-31,EEM,0.011710
ml_logit_playbook,2023-05-31,IEF,0.355684
ml_logit_playbook,2023-05-31,TIP,0.132774
ml_logit_playbook,2023-05-31,HYG,0.021887
ml_logit_playbook,2023-05-31,DBC,0.037907
ml_logit_playbook,2023-05-31,GLD,0.188290
ml_logit_playbook,2023-05-31,BIL,0.130787
ml_logit_playbook,2023-06-30,SPY,0.142355
ml_logit_playbook,2023-06-30,EEM,0.026196
ml_logit_playbook,2023-06-30,IEF,0.286559
ml_logit_playbook,2023-06-30,TIP,0.151811
ml_logit_playbook,2023-06-30,HYG,0.038013
ml_logit_playbook,2023-06-30,DBC,0.065562
ml_logit_playbook,2023-06-30,GLD,0.173804
ml_logit_playbook,2023-06-30,BIL,0.115701
ml_logit_playbook,2023-07-31,SPY,0.185676
ml_logit_playbook,2023-07-31,EEM,0.054579
ml_logit_playbook,2023-07-31,IEF,0.187197
ml_logit_playbook,2023-07-31,TIP,0.170370
ml_logit_playbook,2023-07-31,HYG,0.064532
ml_logit_playbook,2023-07-31,DBC,0.100304
ml_logit_playbook,2023-07-31,GLD,0.145421
ml_logit_playbook,2023-07-31,BIL,0.091920
ml_logit_playbook,2023-08-31,SPY,0.141769
ml_logit_playbook,2023-08-31,EEM,0.028086
ml_logit_playbook,2023-08-31,IEF,0.251406
ml_logit_playbook,2023-08-31,TIP,0.169051
ml_logit_playbook,2023-08-31,HYG,0.042221
ml_logit_playbook,2023-08-31,DBC,0.085615
ml_logit_playbook,2023-08-31,GLD,0.171914
ml_logit_playbook,2023-08-31,BIL,0.109940
ml_logit_playbook,2023-09-29,SPY,0.148105
ml_logit_playbook,2023-09-29,EEM,0.034454
ml_logit_playbook,2023-09-29,IEF,0.241223
ml_logit_playbook,2023-09-29,TIP,0.168852
ml_logit_playbook,2023-09-29,HYG,0.043897
ml_logit_playbook,2023-09-29,DBC,0.090737
ml_logit_playbook,2023-09-29,GLD,0.165546
ml_logit_playbook,2023-09-29,BIL,0.107186
ml_logit_playbook,2023-10-31,SPY,0.203848
ml_logit_playbook,2023-10-31,EEM,0.070149
ml_logit_playbook,2023-10-31,IEF,0.182851
ml_logit_playbook,2023-10-31,TIP,0.158268
ml_logit_playbook,2023-10-31,HYG,0.066990
ml_logit_playbook,2023-10-31,DBC,0.099876
ml_logit_playbook,2023-10-31,GLD,0.129851
ml_logit_playbook,2023-10-31,BIL,0.088167
ml_logit_playbook,2023-11-30,SPY,0.167779
ml_logit_playbook,2023-11-30,EEM,0.040688
ml_logit_playbook,2023-11-30,IEF,0.287476
ml_logit_playbook,2023-11-30,TIP,0.133810
ml_logit_playbook,2023-11-30,HYG,0.045148
ml_logit_playbook,2023-11-30,DBC,0.054171
ml_logit_playbook,2023-11-30,GLD,0.159312
ml_logit_playbook,2023-11-30,BIL,0.111616
ml_logit_playbook,2023-12-29,SPY,0.173563
ml_logit_playbook,2023-12-29,EEM,0.038821
ml_logit_playbook,2023-12-29,IEF,0.338527
ml_logit_playbook,2023-12-29,TIP,0.106015
ml_logit_playbook,2023-12-29,HYG,0.041740
ml_logit_playbook,2023-12-29,DBC,0.020994
ml_logit_playbook,2023-12-29,GLD,0.161179
ml_logit_playbook,2023-12-29,BIL,0.119161
ml_logit_playbook,2024-01-31,SPY,0.159604
ml_logit_playbook,2024-01-31,EEM,0.030486
ml_logit_playbook,2024-01-31,IEF,0.349834
ml_logit_playbook,2024-01-31,TIP,0.110119
ml_logit_playbook,2024-01-31,HYG,0.036107
ml_logit_playbook,2024-01-31,DBC,0.020964
ml_logit_playbook,2024-01-31,GLD,0.169514
ml_logit_playbook,2024-01-31,BIL,0.123372
ml_logit_playbook,2024-02-29,SPY,0.251843
ml_logit_playbook,2024-02-29,EEM,0.081270
ml_logit_playbook,2024-02-29,IEF,0.201418
ml_logit_playbook,2024-02-29,TIP,0.121280
ml_logit_playbook,2024-02-29,HYG,0.088479
ml_logit_playbook,2024-02-29,DBC,0.053719
ml_logit_playbook,2024-02-29,GLD,0.118730
ml_logit_playbook,2024-02-29,BIL,0.083262
ml_logit_playbook,2024-03-28,SPY,0.245381
ml_logit_playbook,2024-03-28,EEM,0.085534
ml_logit_playbook,2024-03-28,IEF,0.155436
ml_logit_playbook,2024-03-28,TIP,0.146080
ml_logit_playbook,2024-03-28,HYG,0.088992
ml_logit_playbook,2024-03-28,DBC,0.087435
ml_logit_playbook,2024-03-28,GLD,0.114466
ml_logit_playbook,2024-03-28,BIL,0.076676
ml_logit_playbook,2024-04-30,SPY,0.207269
ml_logit_playbook,2024-04-30,EEM,0.077004
ml_logit_playbook,2024-04-30,IEF,0.119588
ml_logit_playbook,2024-04-30,TIP,0.185903
ml_logit_playbook,2024-04-30,HYG,0.075245
ml_logit_playbook,2024-04-30,DBC,0.134941
ml_logit_playbook,2024-04-30,GLD,0.122996
ml_logit_playbook,2024-04-30,BIL,0.077053
ml_logit_playbook,2024-05-31,SPY,0.259483
ml_logit_playbook,2024-05-31,EEM,0.103804
ml_logit_playbook,2024-05-31,IEF,0.128881
ml_logit_playbook,2024-05-31,TIP,0.146217
ml_logit_playbook,2024-05-31,HYG,0.090640
ml_logit_playbook,2024-05-31,DBC,0.104880
ml_logit_playbook,2024-05-31,GLD,0.096196
ml_logit_playbook,2024-05-31,BIL,0.069900
ml_logit_playbook,2024-06-28,SPY,0.230477
ml_logit_playbook,2024-06-28,EEM,0.069703
ml_logit_playbook,2024-06-28,IEF,0.170054
ml_logit_playbook,2024-06-28,TIP,0.151500
ml_logit_playbook,2024-06-28,HYG,0.087174
ml_logit_playbook,2024-06-28,DBC,0.079199
ml_logit_playbook,2024-06-28,GLD,0.130297
ml_logit_playbook,2024-06-28,BIL,0.081596
ml_logit_playbook,2024-07-31,SPY,0.220309
ml_logit_playbook,2024-07-31,EEM,0.062357
ml_logit_playbook,2024-07-31,IEF,0.252990
ml_logit_playbook,2024-07-31,TIP,0.117565
ml_logit_playbook,2024-07-31,HYG,0.071470
ml_logit_playbook,2024-07-31,DBC,0.040552
ml_logit_playbook,2024-07-31,GLD,0.137643
ml_logit_playbook,2024-07-31,BIL,0.097113
ml_logit_playbook,2024-08-30,SPY,0.188699
ml_logit_playbook,2024-08-30,EEM,0.048043
ml_logit_playbook,2024-08-30,IEF,0.239552
ml_logit_playbook,2024-08-30,TIP,0.144860
ml_logit_playbook,2024-08-30,HYG,0.062179
ml_logit_playbook,2024-08-30,DBC,0.064568
ml_logit_playbook,2024-08-30,GLD,0.151957
ml_logit_playbook,2024-08-30,BIL,0.100142
ml_logit_playbook,2024-09-30,SPY,0.157426
ml_logit_playbook,2024-09-30,EEM,0.034937
ml_logit_playbook,2024-09-30,IEF,0.224402
ml_logit_playbook,2024-09-30,TIP,0.172440
ml_logit_playbook,2024-09-30,HYG,0.052592
ml_logit_playbook,2024-09-30,DBC,0.090311
ml_logit_playbook,2024-09-30,GLD,0.165063
ml_logit_playbook,2024-09-30,BIL,0.102829
ml_logit_playbook,2024-10-31,SPY,0.160720
ml_logit_playbook,2024-10-31,EEM,0.043779
ml_logit_playbook,2024-10-31,IEF,0.142948
ml_logit_playbook,2024-10-31,TIP,0.208573
ml_logit_playbook,2024-10-31,HYG,0.062469
ml_logit_playbook,2024-10-31,DBC,0.136585
ml_logit_playbook,2024-10-31,GLD,0.156221
ml_logit_playbook,2024-10-31,BIL,0.088705
ml_logit_playbook,2024-11-29,SPY,0.220034
ml_logit_playbook,2024-11-29,EEM,0.063720
ml_logit_playbook,2024-11-29,IEF,0.176006
ml_logit_playbook,2024-11-29,TIP,0.155740
ml_logit_playbook,2024-11-29,HYG,0.083208
ml_logit_playbook,2024-11-29,DBC,0.080683
ml_logit_playbook,2024-11-29,GLD,0.136280
ml_logit_playbook,2024-11-29,BIL,0.084329
ml_logit_playbook,2024-12-31,SPY,0.184923
ml_logit_playbook,2024-12-31,EEM,0.045983
ml_logit_playbook,2024-12-31,IEF,0.151736
ml_logit_playbook,2024-12-31,TIP,0.191343
ml_logit_playbook,2024-12-31,HYG,0.075671
ml_logit_playbook,2024-12-31,DBC,0.110192
ml_logit_playbook,2024-12-31,GLD,0.154017
ml_logit_playbook,2024-12-31,BIL,0.086135
ml_logit_playbook,2025-01-31,SPY,0.252928
ml_logit_playbook,2025-01-31,EEM,0.086303
ml_logit_playbook,2025-01-31,IEF,0.152320
ml_logit_playbook,2025-01-31,TIP,0.143608
ml_logit_playbook,2025-01-31,HYG,0.094030
ml_logit_playbook,2025-01-31,DBC,0.082216
ml_logit_playbook,2025-01-31,GLD,0.113697
ml_logit_playbook,2025-01-31,BIL,0.074899
ml_logit_playbook,2025-02-28,SPY,0.228375
ml_logit_playbook,2025-02-28,EEM,0.084305
ml_logit_playbook,2025-02-28,IEF,0.194061
ml_logit_playbook,2025-02-28,TIP,0.135680
ml_logit_playbook,2025-02-28,HYG,0.072037
ml_logit_playbook,2025-02-28,DBC,0.083899
ml_logit_playbook,2025-02-28,GLD,0.115695
ml_logit_playbook,2025-02-28,BIL,0.085948
ml_logit_playbook,2025-03-31,SPY,0.193981
ml_logit_playbook,2025-03-31,EEM,0.067731
ml_logit_playbook,2025-03-31,IEF,0.207687
ml_logit_playbook,2025-03-31,TIP,0.151589
ml_logit_playbook,2025-03-31,HYG,0.057886
ml_logit_playbook,2025-03-31,DBC,0.094906
ml_logit_playbook,2025-03-31,GLD,0.132269
ml_logit_playbook,2025-03-31,BIL,0.093951
ml_logit_playbook,2025-04-30,SPY,0.160119
ml_logit_playbook,2025-04-30,EEM,0.044504
ml_logit_playbook,2025-04-30,IEF,0.295682
ml_logit_playbook,2025-04-30,TIP,0.132265
ml_logit_playbook,2025-04-30,HYG,0.036129
ml_logit_playbook,2025-04-30,DBC,0.061545
ml_logit_playbook,2025-04-30,GLD,0.155496
ml_logit_playbook,2025-04-30,BIL,0.114261
ml_logit_playbook,2025-05-30,SPY,0.200006
ml_logit_playbook,2025-05-30,EEM,0.073354
ml_logit_playbook,2025-05-30,IEF,0.190210
ml_logit_playbook,2025-05-30,TIP,0.155441
ml_logit_playbook,2025-05-30,HYG,0.061066
ml_logit_playbook,2025-05-30,DBC,0.103243
ml_logit_playbook,2025-05-30,GLD,0.126646
ml_logit_playbook,2025-05-30,BIL,0.090034
ml_logit_playbook,2025-06-30,SPY,0.211092
ml_logit_playbook,2025-06-30,EEM,0.078402
ml_logit_playbook,2025-06-30,IEF,0.150945
ml_logit_playbook,2025-06-30,TIP,0.167848
ml_logit_playbook,2025-06-30,HYG,0.071636
ml_logit_playbook,2025-06-30,DBC,0.116838
ml_logit_playbook,2025-06-30,GLD,0.121598
ml_logit_playbook,2025-06-30,BIL,0.081642
ml_logit_playbook,2025-07-31,SPY,0.230126
ml_logit_playbook,2025-07-31,EEM,0.090090
ml_logit_playbook,2025-07-31,IEF,0.107092
ml_logit_playbook,2025-07-31,TIP,0.176361
ml_logit_playbook,2025-07-31,HYG,0.083842
ml_logit_playbook,2025-07-31,DBC,0.131419
ml_logit_playbook,2025-07-31,GLD,0.109910
ml_logit_playbook,2025-07-31,BIL,0.071161
ml_logit_playbook,2025-08-29,SPY,0.233732
ml_logit_playbook,2025-08-29,EEM,0.090951
ml_logit_playbook,2025-08-29,IEF,0.115623
ml_logit_playbook,2025-08-29,TIP,0.170005
ml_logit_playbook,2025-08-29,HYG,0.084250
ml_logit_playbook,2025-08-29,DBC,0.124407
ml_logit_playbook,2025-08-29,GLD,0.109049
ml_logit_playbook,2025-08-29,BIL,0.071982
ml_logit_playbook,2025-09-30,SPY,0.294584
ml_logit_playbook,2025-09-30,EEM,0.139846
ml_logit_playbook,2025-09-30,IEF,0.069237
ml_logit_playbook,2025-09-30,TIP,0.146474
ml_logit_playbook,2025-09-30,HYG,0.099952
ml_logit_playbook,2025-09-30,DBC,0.135644
ml_logit_playbook,2025-09-30,GLD,0.060154
ml_logit_playbook,2025-09-30,BIL,0.054109
ml_logit_playbook,2025-10-31,SPY,0.277221
ml_logit_playbook,2025-10-31,EEM,0.130799
ml_logit_playbook,2025-10-31,IEF,0.081865
ml_logit_playbook,2025-10-31,TIP,0.151857
ml_logit_playbook,2025-10-31,HYG,0.092304
ml_logit_playbook,2025-10-31,DBC,0.137645
ml_logit_playbook,2025-10-31,GLD,0.069201
ml_logit_playbook,2025-10-31,BIL,0.059107
ml_logit_playbook,2025-11-28,SPY,0.281235
ml_logit_playbook,2025-11-28,EEM,0.134773
ml_logit_playbook,2025-11-28,IEF,0.069625
ml_logit_playbook,2025-11-28,TIP,0.154646
ml_logit_playbook,2025-11-28,HYG,0.094371
ml_logit_playbook,2025-11-28,DBC,0.143725
ml_logit_playbook,2025-11-28,GLD,0.065227
ml_logit_playbook,2025-11-28,BIL,0.056398
ml_logit_playbook,2025-12-31,SPY,0.276989
ml_logit_playbook,2025-12-31,EEM,0.131859
ml_logit_playbook,2025-12-31,IEF,0.080073
ml_logit_playbook,2025-12-31,TIP,0.152516
ml_logit_playbook,2025-12-31,HYG,0.091741
ml_logit_playbook,2025-12-31,DBC,0.139834
ml_logit_playbook,2025-12-31,GLD,0.068141
ml_logit_playbook,2025-12-31,BIL,0.058847
ml_logit_playbook,2026-01-30,SPY,0.292573
ml_logit_playbook,2026-01-30,EEM,0.141021
ml_logit_playbook,2026-01-30,IEF,0.069490
ml_logit_playbook,2026-01-30,TIP,0.146962
ml_logit_playbook,2026-01-30,HYG,0.097787
ml_logit_playbook,2026-01-30,DBC,0.138703
ml_logit_playbook,2026-01-30,GLD,0.058979
ml_logit_playbook,2026-01-30,BIL,0.054486
ml_logit_playbook,2026-02-27,SPY,0.296329
ml_logit_playbook,2026-02-27,EEM,0.142985
ml_logit_playbook,2026-02-27,IEF,0.070451
ml_logit_playbook,2026-02-27,TIP,0.143948
ml_logit_playbook,2026-02-27,HYG,0.098821
ml_logit_playbook,2026-02-27,DBC,0.136431
ml_logit_playbook,2026-02-27,GLD,0.057015
ml_logit_playbook,2026-02-27,BIL,0.054020
ml_logit_playbook,2026-03-31,SPY,0.286112
ml_logit_playbook,2026-03-31,EEM,0.132353
ml_logit_playbook,2026-03-31,IEF,0.102084
ml_logit_playbook,2026-03-31,TIP,0.136784
ml_logit_playbook,2026-03-31,HYG,0.093825
ml_logit_playbook,2026-03-31,DBC,0.120199
ml_logit_playbook,2026-03-31,GLD,0.067647
ml_logit_playbook,2026-03-31,BIL,0.060995
ml_logit_playbook,2026-04-30,SPY,0.324089
ml_logit_playbook,2026-04-30,EEM,0.128663
ml_logit_playbook,2026-04-30,IEF,0.151362
ml_logit_playbook,2026-04-30,TIP,0.094387
ml_logit_playbook,2026-04-30,HYG,0.113391
ml_logit_playbook,2026-04-30,DBC,0.053893
ml_logit_playbook,2026-04-30,GLD,0.071337
ml_logit_playbook,2026-04-30,BIL,0.062879
ml_logit_playbook,2026-05-29,SPY,0.352887
ml_logit_playbook,2026-05-29,EEM,0.142284
ml_logit_playbook,2026-05-29,IEF,0.124186
ml_logit_playbook,2026-05-29,TIP,0.089035
ml_logit_playbook,2026-05-29,HYG,0.128038
ml_logit_playbook,2026-05-29,DBC,0.052304
ml_logit_playbook,2026-05-29,GLD,0.057716
ml_logit_playbook,2026-05-29,BIL,0.053550
ml_gbt_playbook,2007-12-31,SPY,0.127017
ml_gbt_playbook,2007-12-31,EEM,0.016509
ml_gbt_playbook,2007-12-31,IEF,0.319263
ml_gbt_playbook,2007-12-31,TIP,0.146357
ml_gbt_playbook,2007-12-31,HYG,0.028795
ml_gbt_playbook,2007-12-31,DBC,0.054860
ml_gbt_playbook,2007-12-31,GLD,0.183491
ml_gbt_playbook,2007-12-31,BIL,0.123708
ml_gbt_playbook,2008-01-31,SPY,0.177358
ml_gbt_playbook,2008-01-31,EEM,0.049645
ml_gbt_playbook,2008-01-31,IEF,0.255551
ml_gbt_playbook,2008-01-31,TIP,0.141997
ml_gbt_playbook,2008-01-31,HYG,0.050883
ml_gbt_playbook,2008-01-31,DBC,0.069511
ml_gbt_playbook,2008-01-31,GLD,0.150355
ml_gbt_playbook,2008-01-31,BIL,0.104699
ml_gbt_playbook,2008-02-29,SPY,0.228755
ml_gbt_playbook,2008-02-29,EEM,0.095276
ml_gbt_playbook,2008-02-29,IEF,0.151181
ml_gbt_playbook,2008-02-29,TIP,0.153274
ml_gbt_playbook,2008-02-29,HYG,0.072123
ml_gbt_playbook,2008-02-29,DBC,0.115931
ml_gbt_playbook,2008-02-29,GLD,0.104724
ml_gbt_playbook,2008-02-29,BIL,0.078738
ml_gbt_playbook,2008-03-31,SPY,0.244470
ml_gbt_playbook,2008-03-31,EEM,0.102668
ml_gbt_playbook,2008-03-31,IEF,0.132340
ml_gbt_playbook,2008-03-31,TIP,0.152372
ml_gbt_playbook,2008-03-31,HYG,0.080811
ml_gbt_playbook,2008-03-31,DBC,0.117028
ml_gbt_playbook,2008-03-31,GLD,0.097332
ml_gbt_playbook,2008-03-31,BIL,0.072978
ml_gbt_playbook,2008-04-30,SPY,0.272549
ml_gbt_playbook,2008-04-30,EEM,0.106991
ml_gbt_playbook,2008-04-30,IEF,0.113605
ml_gbt_playbook,2008-04-30,TIP,0.146259
ml_gbt_playbook,2008-04-30,HYG,0.099771
ml_gbt_playbook,2008-04-30,DBC,0.102639
ml_gbt_playbook,2008-04-30,GLD,0.093009
ml_gbt_playbook,2008-04-30,BIL,0.065176
ml_gbt_playbook,2008-05-30,SPY,0.276463
ml_gbt_playbook,2008-05-30,EEM,0.095567
ml_gbt_playbook,2008-05-30,IEF,0.240374
ml_gbt_playbook,2008-05-30,TIP,0.084726
ml_gbt_playbook,2008-05-30,HYG,0.088869
ml_gbt_playbook,2008-05-30,DBC,0.023917
ml_gbt_playbook,2008-05-30,GLD,0.104433
ml_gbt_playbook,2008-05-30,BIL,0.085652
ml_gbt_playbook,2008-06-30,SPY,0.196656
ml_gbt_playbook,2008-06-30,EEM,0.066705
ml_gbt_playbook,2008-06-30,IEF,0.267632
ml_gbt_playbook,2008-06-30,TIP,0.120621
ml_gbt_playbook,2008-06-30,HYG,0.050362
ml_gbt_playbook,2008-06-30,DBC,0.061233
ml_gbt_playbook,2008-06-30,GLD,0.133295
ml_gbt_playbook,2008-06-30,BIL,0.103496
ml_gbt_playbook,2008-07-31,SPY,0.154453
ml_gbt_playbook,2008-07-31,EEM,0.037291
ml_gbt_playbook,2008-07-31,IEF,0.329117
ml_gbt_playbook,2008-07-31,TIP,0.120785
ml_gbt_playbook,2008-07-31,HYG,0.031588
ml_gbt_playbook,2008-07-31,DBC,0.043280
ml_gbt_playbook,2008-07-31,GLD,0.162709
ml_gbt_playbook,2008-07-31,BIL,0.120777
ml_gbt_playbook,2008-08-29,SPY,0.141383
ml_gbt_playbook,2008-08-29,EEM,0.021566
ml_gbt_playbook,2008-08-29,IEF,0.381255
ml_gbt_playbook,2008-08-29,TIP,0.106492
ml_gbt_playbook,2008-08-29,HYG,0.024669
ml_gbt_playbook,2008-08-29,DBC,0.014555
ml_gbt_playbook,2008-08-29,GLD,0.178434
ml_gbt_playbook,2008-08-29,BIL,0.131645
ml_gbt_playbook,2008-09-30,SPY,0.128250
ml_gbt_playbook,2008-09-30,EEM,0.019980
ml_gbt_playbook,2008-09-30,IEF,0.344719
ml_gbt_playbook,2008-09-30,TIP,0.131855
ml_gbt_playbook,2008-09-30,HYG,0.023060
ml_gbt_playbook,2008-09-30,DBC,0.044371
ml_gbt_playbook,2008-09-30,GLD,0.180020
ml_gbt_playbook,2008-09-30,BIL,0.127745
ml_gbt_playbook,2008-10-31,SPY,0.153435
ml_gbt_playbook,2008-10-31,EEM,0.038379
ml_gbt_playbook,2008-10-31,IEF,0.270516
ml_gbt_playbook,2008-10-31,TIP,0.150231
ml_gbt_playbook,2008-10-31,HYG,0.039951
ml_gbt_playbook,2008-10-31,DBC,0.074686
ml_gbt_playbook,2008-10-31,GLD,0.161621
ml_gbt_playbook,2008-10-31,BIL,0.111180
ml_gbt_playbook,2008-11-28,SPY,0.188700
ml_gbt_playbook,2008-11-28,EEM,0.061832
ml_gbt_playbook,2008-11-28,IEF,0.266097
ml_gbt_playbook,2008-11-28,TIP,0.126991
ml_gbt_playbook,2008-11-28,HYG,0.048562
ml_gbt_playbook,2008-11-28,DBC,0.065084
ml_gbt_playbook,2008-11-28,GLD,0.138168
ml_gbt_playbook,2008-11-28,BIL,0.104566
ml_gbt_playbook,2008-12-31,SPY,0.187213
ml_gbt_playbook,2008-12-31,EEM,0.057818
ml_gbt_playbook,2008-12-31,IEF,0.216197
ml_gbt_playbook,2008-12-31,TIP,0.154022
ml_gbt_playbook,2008-12-31,HYG,0.058564
ml_gbt_playbook,2008-12-31,DBC,0.087506
ml_gbt_playbook,2008-12-31,GLD,0.142182
ml_gbt_playbook,2008-12-31,BIL,0.096497
ml_gbt_playbook,2009-01-30,SPY,0.124648
ml_gbt_playbook,2009-01-30,EEM,0.018216
ml_gbt_playbook,2009-01-30,IEF,0.347376
ml_gbt_playbook,2009-01-30,TIP,0.132916
ml_gbt_playbook,2009-01-30,HYG,0.021392
ml_gbt_playbook,2009-01-30,DBC,0.044880
ml_gbt_playbook,2009-01-30,GLD,0.181784
ml_gbt_playbook,2009-01-30,BIL,0.128788
ml_gbt_playbook,2009-02-27,SPY,0.158431
ml_gbt_playbook,2009-02-27,EEM,0.043435
ml_gbt_playbook,2009-02-27,IEF,0.286206
ml_gbt_playbook,2009-02-27,TIP,0.138203
ml_gbt_playbook,2009-02-27,HYG,0.037297
ml_gbt_playbook,2009-02-27,DBC,0.066901
ml_gbt_playbook,2009-02-27,GLD,0.156565
ml_gbt_playbook,2009-02-27,BIL,0.112963
ml_gbt_playbook,2009-03-31,SPY,0.235716
ml_gbt_playbook,2009-03-31,EEM,0.097887
ml_gbt_playbook,2009-03-31,IEF,0.186005
ml_gbt_playbook,2009-03-31,TIP,0.131511
ml_gbt_playbook,2009-03-31,HYG,0.069218
ml_gbt_playbook,2009-03-31,DBC,0.094169
ml_gbt_playbook,2009-03-31,GLD,0.102113
ml_gbt_playbook,2009-03-31,BIL,0.083382
ml_gbt_playbook,2009-04-30,SPY,0.245473
ml_gbt_playbook,2009-04-30,EEM,0.108777
ml_gbt_playbook,2009-04-30,IEF,0.155754
ml_gbt_playbook,2009-04-30,TIP,0.138128
ml_gbt_playbook,2009-04-30,HYG,0.073505
ml_gbt_playbook,2009-04-30,DBC,0.110427
ml_gbt_playbook,2009-04-30,GLD,0.091223
ml_gbt_playbook,2009-04-30,BIL,0.076714
ml_gbt_playbook,2009-05-29,SPY,0.197806
ml_gbt_playbook,2009-05-29,EEM,0.072470
ml_gbt_playbook,2009-05-29,IEF,0.251507
ml_gbt_playbook,2009-05-29,TIP,0.126187
ml_gbt_playbook,2009-05-29,HYG,0.049973
ml_gbt_playbook,2009-05-29,DBC,0.073911
ml_gbt_playbook,2009-05-29,GLD,0.127530
ml_gbt_playbook,2009-05-29,BIL,0.100617
ml_gbt_playbook,2009-06-30,SPY,0.229110
ml_gbt_playbook,2009-06-30,EEM,0.096387
ml_gbt_playbook,2009-06-30,IEF,0.172429
ml_gbt_playbook,2009-06-30,TIP,0.142102
ml_gbt_playbook,2009-06-30,HYG,0.068077
ml_gbt_playbook,2009-06-30,DBC,0.106063
ml_gbt_playbook,2009-06-30,GLD,0.103613
ml_gbt_playbook,2009-06-30,BIL,0.082220
ml_gbt_playbook,2009-07-31,SPY,0.122643
ml_gbt_playbook,2009-07-31,EEM,0.015886
ml_gbt_playbook,2009-07-31,IEF,0.397146
ml_gbt_playbook,2009-07-31,TIP,0.109810
ml_gbt_playbook,2009-07-31,HYG,0.013313
ml_gbt_playbook,2009-07-31,DBC,0.019671
ml_gbt_playbook,2009-07-31,GLD,0.184114
ml_gbt_playbook,2009-07-31,BIL,0.137417
ml_gbt_playbook,2009-08-31,SPY,0.105378
ml_gbt_playbook,2009-08-31,EEM,0.002934
ml_gbt_playbook,2009-08-31,IEF,0.436612
ml_gbt_playbook,2009-08-31,TIP,0.103027
ml_gbt_playbook,2009-08-31,HYG,0.003860
ml_gbt_playbook,2009-08-31,DBC,0.004250
ml_gbt_playbook,2009-08-31,GLD,0.197066
ml_gbt_playbook,2009-08-31,BIL,0.146872
ml_gbt_playbook,2009-09-30,SPY,0.151877
ml_gbt_playbook,2009-09-30,EEM,0.027926
ml_gbt_playbook,2009-09-30,IEF,0.384602
ml_gbt_playbook,2009-09-30,TIP,0.097452
ml_gbt_playbook,2009-09-30,HYG,0.026867
ml_gbt_playbook,2009-09-30,DBC,0.008749
ml_gbt_playbook,2009-09-30,GLD,0.172074
ml_gbt_playbook,2009-09-30,BIL,0.130454
ml_gbt_playbook,2009-10-30,SPY,0.247246
ml_gbt_playbook,2009-10-30,EEM,0.108816
ml_gbt_playbook,2009-10-30,IEF,0.155425
ml_gbt_playbook,2009-10-30,TIP,0.137393
ml_gbt_playbook,2009-10-30,HYG,0.074716
ml_gbt_playbook,2009-10-30,DBC,0.108857
ml_gbt_playbook,2009-10-30,GLD,0.091184
ml_gbt_playbook,2009-10-30,BIL,0.076363
ml_gbt_playbook,2009-11-30,SPY,0.346869
ml_gbt_playbook,2009-11-30,EEM,0.134714
ml_gbt_playbook,2009-11-30,IEF,0.155977
ml_gbt_playbook,2009-11-30,TIP,0.078672
ml_gbt_playbook,2009-11-30,HYG,0.123774
ml_gbt_playbook,2009-11-30,DBC,0.034857
ml_gbt_playbook,2009-11-30,GLD,0.065286
ml_gbt_playbook,2009-11-30,BIL,0.059851
ml_gbt_playbook,2009-12-31,SPY,0.314227
ml_gbt_playbook,2009-12-31,EEM,0.142869
ml_gbt_playbook,2009-12-31,IEF,0.089444
ml_gbt_playbook,2009-12-31,TIP,0.125542
ml_gbt_playbook,2009-12-31,HYG,0.107664
ml_gbt_playbook,2009-12-31,DBC,0.108921
ml_gbt_playbook,2009-12-31,GLD,0.057131
ml_gbt_playbook,2009-12-31,BIL,0.054203
ml_gbt_playbook,2010-01-29,SPY,0.324764
ml_gbt_playbook,2010-01-29,EEM,0.145246
ml_gbt_playbook,2010-01-29,IEF,0.089331
ml_gbt_playbook,2010-01-29,TIP,0.119537
ml_gbt_playbook,2010-01-29,HYG,0.113124
ml_gbt_playbook,2010-01-29,DBC,0.100816
ml_gbt_playbook,2010-01-29,GLD,0.054754
ml_gbt_playbook,2010-01-29,BIL,0.052428
ml_gbt_playbook,2010-02-26,SPY,0.309037
ml_gbt_playbook,2010-02-26,EEM,0.145171
ml_gbt_playbook,2010-02-26,IEF,0.074861
ml_gbt_playbook,2010-02-26,TIP,0.134661
ml_gbt_playbook,2010-02-26,HYG,0.105100
ml_gbt_playbook,2010-02-26,DBC,0.123704
ml_gbt_playbook,2010-02-26,GLD,0.054829
ml_gbt_playbook,2010-02-26,BIL,0.052637
ml_gbt_playbook,2010-03-31,SPY,0.305379
ml_gbt_playbook,2010-03-31,EEM,0.139904
ml_gbt_playbook,2010-03-31,IEF,0.089891
ml_gbt_playbook,2010-03-31,TIP,0.130730
ml_gbt_playbook,2010-03-31,HYG,0.103668
ml_gbt_playbook,2010-03-31,DBC,0.114579
ml_gbt_playbook,2010-03-31,GLD,0.060096
ml_gbt_playbook,2010-03-31,BIL,0.055752
ml_gbt_playbook,2010-04-30,SPY,0.307591
ml_gbt_playbook,2010-04-30,EEM,0.145811
ml_gbt_playbook,2010-04-30,IEF,0.072492
ml_gbt_playbook,2010-04-30,TIP,0.136355
ml_gbt_playbook,2010-04-30,HYG,0.104105
ml_gbt_playbook,2010-04-30,DBC,0.126974
ml_gbt_playbook,2010-04-30,GLD,0.054189
ml_gbt_playbook,2010-04-30,BIL,0.052483
ml_gbt_playbook,2010-05-28,SPY,0.164678
ml_gbt_playbook,2010-05-28,EEM,0.034368
ml_gbt_playbook,2010-05-28,IEF,0.374202
ml_gbt_playbook,2010-05-28,TIP,0.094104
ml_gbt_playbook,2010-05-28,HYG,0.032839
ml_gbt_playbook,2010-05-28,DBC,0.007590
ml_gbt_playbook,2010-05-28,GLD,0.165632
ml_gbt_playbook,2010-05-28,BIL,0.126587
ml_gbt_playbook,2010-06-30,SPY,0.282700
ml_gbt_playbook,2010-06-30,EEM,0.125195
ml_gbt_playbook,2010-06-30,IEF,0.120651
ml_gbt_playbook,2010-06-30,TIP,0.131593
ml_gbt_playbook,2010-06-30,HYG,0.093228
ml_gbt_playbook,2010-06-30,DBC,0.107169
ml_gbt_playbook,2010-06-30,GLD,0.074805
ml_gbt_playbook,2010-06-30,BIL,0.064659
ml_gbt_playbook,2010-07-30,SPY,0.296213
ml_gbt_playbook,2010-07-30,EEM,0.117046
ml_gbt_playbook,2010-07-30,IEF,0.166118
ml_gbt_playbook,2010-07-30,TIP,0.104819
ml_gbt_playbook,2010-07-30,HYG,0.100092
ml_gbt_playbook,2010-07-30,DBC,0.062774
ml_gbt_playbook,2010-07-30,GLD,0.082954
ml_gbt_playbook,2010-07-30,BIL,0.069984
ml_gbt_playbook,2010-08-31,SPY,0.310480
ml_gbt_playbook,2010-08-31,EEM,0.126753
ml_gbt_playbook,2010-08-31,IEF,0.145493
ml_gbt_playbook,2010-08-31,TIP,0.104763
ml_gbt_playbook,2010-08-31,HYG,0.106569
ml_gbt_playbook,2010-08-31,DBC,0.068526
ml_gbt_playbook,2010-08-31,GLD,0.073247
ml_gbt_playbook,2010-08-31,BIL,0.064169
ml_gbt_playbook,2010-09-30,SPY,0.342277
ml_gbt_playbook,2010-09-30,EEM,0.124334
ml_gbt_playbook,2010-09-30,IEF,0.190125
ml_gbt_playbook,2010-09-30,TIP,0.067354
ml_gbt_playbook,2010-09-30,HYG,0.121941
ml_gbt_playbook,2010-09-30,DBC,0.011995
ml_gbt_playbook,2010-09-30,GLD,0.075666
ml_gbt_playbook,2010-09-30,BIL,0.066308
ml_gbt_playbook,2010-10-29,SPY,0.173453
ml_gbt_playbook,2010-10-29,EEM,0.041589
ml_gbt_playbook,2010-10-29,IEF,0.354956
ml_gbt_playbook,2010-10-29,TIP,0.096932
ml_gbt_playbook,2010-10-29,HYG,0.037083
ml_gbt_playbook,2010-10-29,DBC,0.015658
ml_gbt_playbook,2010-10-29,GLD,0.158411
ml_gbt_playbook,2010-10-29,BIL,0.121917
ml_gbt_playbook,2010-11-30,SPY,0.115144
ml_gbt_playbook,2010-11-30,EEM,0.008320
ml_gbt_playbook,2010-11-30,IEF,0.430131
ml_gbt_playbook,2010-11-30,TIP,0.099589
ml_gbt_playbook,2010-11-30,HYG,0.007861
ml_gbt_playbook,2010-11-30,DBC,0.003110
ml_gbt_playbook,2010-11-30,GLD,0.191680
ml_gbt_playbook,2010-11-30,BIL,0.144165
ml_gbt_playbook,2010-12-31,SPY,0.263536
ml_gbt_playbook,2010-12-31,EEM,0.113811
ml_gbt_playbook,2010-12-31,IEF,0.157585
ml_gbt_playbook,2010-12-31,TIP,0.126502
ml_gbt_playbook,2010-12-31,HYG,0.081886
ml_gbt_playbook,2010-12-31,DBC,0.096482
ml_gbt_playbook,2010-12-31,GLD,0.086189
ml_gbt_playbook,2010-12-31,BIL,0.074008
ml_gbt_playbook,2011-01-31,SPY,0.252046
ml_gbt_playbook,2011-01-31,EEM,0.100563
ml_gbt_playbook,2011-01-31,IEF,0.198836
ml_gbt_playbook,2011-01-31,TIP,0.116038
ml_gbt_playbook,2011-01-31,HYG,0.076183
ml_gbt_playbook,2011-01-31,DBC,0.074098
ml_gbt_playbook,2011-01-31,GLD,0.099437
ml_gbt_playbook,2011-01-31,BIL,0.082798
ml_gbt_playbook,2011-02-28,SPY,0.285832
ml_gbt_playbook,2011-02-28,EEM,0.113323
ml_gbt_playbook,2011-02-28,IEF,0.179007
ml_gbt_playbook,2011-02-28,TIP,0.104806
ml_gbt_playbook,2011-02-28,HYG,0.093505
ml_gbt_playbook,2011-02-28,DBC,0.062987
ml_gbt_playbook,2011-02-28,GLD,0.086677
ml_gbt_playbook,2011-02-28,BIL,0.073862
ml_gbt_playbook,2011-03-31,SPY,0.301130
ml_gbt_playbook,2011-03-31,EEM,0.143863
ml_gbt_playbook,2011-03-31,IEF,0.074144
ml_gbt_playbook,2011-03-31,TIP,0.139408
ml_gbt_playbook,2011-03-31,HYG,0.100821
ml_gbt_playbook,2011-03-31,DBC,0.130661
ml_gbt_playbook,2011-03-31,GLD,0.056137
ml_gbt_playbook,2011-03-31,BIL,0.053836
ml_gbt_playbook,2011-04-29,SPY,0.192495
ml_gbt_playbook,2011-04-29,EEM,0.054775
ml_gbt_playbook,2011-04-29,IEF,0.223643
ml_gbt_playbook,2011-04-29,TIP,0.148673
ml_gbt_playbook,2011-04-29,HYG,0.062873
ml_gbt_playbook,2011-04-29,DBC,0.075459
ml_gbt_playbook,2011-04-29,GLD,0.145225
ml_gbt_playbook,2011-04-29,BIL,0.096858
ml_gbt_playbook,2011-05-31,SPY,0.296022
ml_gbt_playbook,2011-05-31,EEM,0.145877
ml_gbt_playbook,2011-05-31,IEF,0.056932
ml_gbt_playbook,2011-05-31,TIP,0.149898
ml_gbt_playbook,2011-05-31,HYG,0.098942
ml_gbt_playbook,2011-05-31,DBC,0.146389
ml_gbt_playbook,2011-05-31,GLD,0.054123
ml_gbt_playbook,2011-05-31,BIL,0.051818
ml_gbt_playbook,2011-06-30,SPY,0.224060
ml_gbt_playbook,2011-06-30,EEM,0.085580
ml_gbt_playbook,2011-06-30,IEF,0.208073
ml_gbt_playbook,2011-06-30,TIP,0.130407
ml_gbt_playbook,2011-06-30,HYG,0.065975
ml_gbt_playbook,2011-06-30,DBC,0.082483
ml_gbt_playbook,2011-06-30,GLD,0.114420
ml_gbt_playbook,2011-06-30,BIL,0.089002
ml_gbt_playbook,2011-07-29,SPY,0.225368
ml_gbt_playbook,2011-07-29,EEM,0.063865
ml_gbt_playbook,2011-07-29,IEF,0.228938
ml_gbt_playbook,2011-07-29,TIP,0.126559
ml_gbt_playbook,2011-07-29,HYG,0.077846
ml_gbt_playbook,2011-07-29,DBC,0.049028
ml_gbt_playbook,2011-07-29,GLD,0.136135
ml_gbt_playbook,2011-07-29,BIL,0.092262
ml_gbt_playbook,2011-08-31,SPY,0.104478
ml_gbt_playbook,2011-08-31,EEM,0.002787
ml_gbt_playbook,2011-08-31,IEF,0.416835
ml_gbt_playbook,2011-08-31,TIP,0.113415
ml_gbt_playbook,2011-08-31,HYG,0.006655
ml_gbt_playbook,2011-08-31,DBC,0.014891
ml_gbt_playbook,2011-08-31,GLD,0.197213
ml_gbt_playbook,2011-08-31,BIL,0.143726
ml_gbt_playbook,2011-09-30,SPY,0.126849
ml_gbt_playbook,2011-09-30,EEM,0.015196
ml_gbt_playbook,2011-09-30,IEF,0.355888
ml_gbt_playbook,2011-09-30,TIP,0.128566
ml_gbt_playbook,2011-09-30,HYG,0.023454
ml_gbt_playbook,2011-09-30,DBC,0.035403
ml_gbt_playbook,2011-09-30,GLD,0.184804
ml_gbt_playbook,2011-09-30,BIL,0.129840
ml_gbt_playbook,2011-10-31,SPY,0.119118
ml_gbt_playbook,2011-10-31,EEM,0.009942
ml_gbt_playbook,2011-10-31,IEF,0.276426
ml_gbt_playbook,2011-10-31,TIP,0.173914
ml_gbt_playbook,2011-10-31,HYG,0.035046
ml_gbt_playbook,2011-10-31,DBC,0.077611
ml_gbt_playbook,2011-10-31,GLD,0.190058
ml_gbt_playbook,2011-10-31,BIL,0.117885
ml_gbt_playbook,2011-11-30,SPY,0.145713
ml_gbt_playbook,2011-11-30,EEM,0.025388
ml_gbt_playbook,2011-11-30,IEF,0.315988
ml_gbt_playbook,2011-11-30,TIP,0.135687
ml_gbt_playbook,2011-11-30,HYG,0.035885
ml_gbt_playbook,2011-11-30,DBC,0.046681
ml_gbt_playbook,2011-11-30,GLD,0.174612
ml_gbt_playbook,2011-11-30,BIL,0.120046
ml_gbt_playbook,2011-12-30,SPY,0.172024
ml_gbt_playbook,2011-12-30,EEM,0.041257
ml_gbt_playbook,2011-12-30,IEF,0.338531
ml_gbt_playbook,2011-12-30,TIP,0.105970
ml_gbt_playbook,2011-12-30,HYG,0.039089
ml_gbt_playbook,2011-12-30,DBC,0.024967
ml_gbt_playbook,2011-12-30,GLD,0.158743
ml_gbt_playbook,2011-12-30,BIL,0.119418
ml_gbt_playbook,2012-01-31,SPY,0.155907
ml_gbt_playbook,2012-01-31,EEM,0.030681
ml_gbt_playbook,2012-01-31,IEF,0.376097
ml_gbt_playbook,2012-01-31,TIP,0.098771
ml_gbt_playbook,2012-01-31,HYG,0.029134
ml_gbt_playbook,2012-01-31,DBC,0.011726
ml_gbt_playbook,2012-01-31,GLD,0.169319
ml_gbt_playbook,2012-01-31,BIL,0.128365
ml_gbt_playbook,2012-02-29,SPY,0.172082
ml_gbt_playbook,2012-02-29,EEM,0.038839
ml_gbt_playbook,2012-02-29,IEF,0.345016
ml_gbt_playbook,2012-02-29,TIP,0.103504
ml_gbt_playbook,2012-02-29,HYG,0.039659
ml_gbt_playbook,2012-02-29,DBC,0.019249
ml_gbt_playbook,2012-02-29,GLD,0.161161
ml_gbt_playbook,2012-02-29,BIL,0.120489
ml_gbt_playbook,2012-03-30,SPY,0.257512
ml_gbt_playbook,2012-03-30,EEM,0.093114
ml_gbt_playbook,2012-03-30,IEF,0.166056
ml_gbt_playbook,2012-03-30,TIP,0.132178
ml_gbt_playbook,2012-03-30,HYG,0.090256
ml_gbt_playbook,2012-03-30,DBC,0.077574
ml_gbt_playbook,2012-03-30,GLD,0.106886
ml_gbt_playbook,2012-03-30,BIL,0.076424
ml_gbt_playbook,2012-04-30,SPY,0.291016
ml_gbt_playbook,2012-04-30,EEM,0.096820
ml_gbt_playbook,2012-04-30,IEF,0.169417
ml_gbt_playbook,2012-04-30,TIP,0.112510
ml_gbt_playbook,2012-04-30,HYG,0.109561
ml_gbt_playbook,2012-04-30,DBC,0.046095
ml_gbt_playbook,2012-04-30,GLD,0.103180
ml_gbt_playbook,2012-04-30,BIL,0.071400
ml_gbt_playbook,2012-05-31,SPY,0.171182
ml_gbt_playbook,2012-05-31,EEM,0.039205
ml_gbt_playbook,2012-05-31,IEF,0.195326
ml_gbt_playbook,2012-05-31,TIP,0.178678
ml_gbt_playbook,2012-05-31,HYG,0.063764
ml_gbt_playbook,2012-05-31,DBC,0.095360
ml_gbt_playbook,2012-05-31,GLD,0.160795
ml_gbt_playbook,2012-05-31,BIL,0.095691
ml_gbt_playbook,2012-06-29,SPY,0.303566
ml_gbt_playbook,2012-06-29,EEM,0.105024
ml_gbt_playbook,2012-06-29,IEF,0.163673
ml_gbt_playbook,2012-06-29,TIP,0.106373
ml_gbt_playbook,2012-06-29,HYG,0.113416
ml_gbt_playbook,2012-06-29,DBC,0.044622
ml_gbt_playbook,2012-06-29,GLD,0.094976
ml_gbt_playbook,2012-06-29,BIL,0.068351
ml_gbt_playbook,2012-07-31,SPY,0.268736
ml_gbt_playbook,2012-07-31,EEM,0.087921
ml_gbt_playbook,2012-07-31,IEF,0.226697
ml_gbt_playbook,2012-07-31,TIP,0.097977
ml_gbt_playbook,2012-07-31,HYG,0.091094
ml_gbt_playbook,2012-07-31,DBC,0.030836
ml_gbt_playbook,2012-07-31,GLD,0.112079
ml_gbt_playbook,2012-07-31,BIL,0.084660
ml_gbt_playbook,2012-08-31,SPY,0.166980
ml_gbt_playbook,2012-08-31,EEM,0.035122
ml_gbt_playbook,2012-08-31,IEF,0.231147
ml_gbt_playbook,2012-08-31,TIP,0.164229
ml_gbt_playbook,2012-08-31,HYG,0.057714
ml_gbt_playbook,2012-08-31,DBC,0.077568
ml_gbt_playbook,2012-08-31,GLD,0.164878
ml_gbt_playbook,2012-08-31,BIL,0.102361
ml_gbt_playbook,2012-09-28,SPY,0.253262
ml_gbt_playbook,2012-09-28,EEM,0.082335
ml_gbt_playbook,2012-09-28,IEF,0.188729
ml_gbt_playbook,2012-09-28,TIP,0.126559
ml_gbt_playbook,2012-09-28,HYG,0.090829
ml_gbt_playbook,2012-09-28,DBC,0.059709
ml_gbt_playbook,2012-09-28,GLD,0.117665
ml_gbt_playbook,2012-09-28,BIL,0.080911
ml_gbt_playbook,2012-10-31,SPY,0.227982
ml_gbt_playbook,2012-10-31,EEM,0.070879
ml_gbt_playbook,2012-10-31,IEF,0.205488
ml_gbt_playbook,2012-10-31,TIP,0.134639
ml_gbt_playbook,2012-10-31,HYG,0.078821
ml_gbt_playbook,2012-10-31,DBC,0.065153
ml_gbt_playbook,2012-10-31,GLD,0.129121
ml_gbt_playbook,2012-10-31,BIL,0.087918
ml_gbt_playbook,2012-11-30,SPY,0.115592
ml_gbt_playbook,2012-11-30,EEM,0.008912
ml_gbt_playbook,2012-11-30,IEF,0.191556
ml_gbt_playbook,2012-11-30,TIP,0.218455
ml_gbt_playbook,2012-11-30,HYG,0.047527
ml_gbt_playbook,2012-11-30,DBC,0.122542
ml_gbt_playbook,2012-11-30,GLD,0.191088
ml_gbt_playbook,2012-11-30,BIL,0.104327
ml_gbt_playbook,2012-12-31,SPY,0.109605
ml_gbt_playbook,2012-12-31,EEM,0.006913
ml_gbt_playbook,2012-12-31,IEF,0.147719
ml_gbt_playbook,2012-12-31,TIP,0.244034
ml_gbt_playbook,2012-12-31,HYG,0.052175
ml_gbt_playbook,2012-12-31,DBC,0.148448
ml_gbt_playbook,2012-12-31,GLD,0.193087
ml_gbt_playbook,2012-12-31,BIL,0.098019
ml_gbt_playbook,2013-01-31,SPY,0.105852
ml_gbt_playbook,2013-01-31,EEM,0.004019
ml_gbt_playbook,2013-01-31,IEF,0.149613
ml_gbt_playbook,2013-01-31,TIP,0.245928
ml_gbt_playbook,2013-01-31,HYG,0.051286
ml_gbt_playbook,2013-01-31,DBC,0.148361
ml_gbt_playbook,2013-01-31,GLD,0.195981
ml_gbt_playbook,2013-01-31,BIL,0.098960
ml_gbt_playbook,2013-02-28,SPY,0.226505
ml_gbt_playbook,2013-02-28,EEM,0.066457
ml_gbt_playbook,2013-02-28,IEF,0.150472
ml_gbt_playbook,2013-02-28,TIP,0.164359
ml_gbt_playbook,2013-02-28,HYG,0.089953
ml_gbt_playbook,2013-02-28,DBC,0.089715
ml_gbt_playbook,2013-02-28,GLD,0.133543
ml_gbt_playbook,2013-02-28,BIL,0.078995
ml_gbt_playbook,2013-03-28,SPY,0.203027
ml_gbt_playbook,2013-03-28,EEM,0.052289
ml_gbt_playbook,2013-03-28,IEF,0.265414
ml_gbt_playbook,2013-03-28,TIP,0.123350
ml_gbt_playbook,2013-03-28,HYG,0.064590
ml_gbt_playbook,2013-03-28,DBC,0.041555
ml_gbt_playbook,2013-03-28,GLD,0.147711
ml_gbt_playbook,2013-03-28,BIL,0.102064
ml_gbt_playbook,2013-04-30,SPY,0.172396
ml_gbt_playbook,2013-04-30,EEM,0.036528
ml_gbt_playbook,2013-04-30,IEF,0.340796
ml_gbt_playbook,2013-04-30,TIP,0.106228
ml_gbt_playbook,2013-04-30,HYG,0.042112
ml_gbt_playbook,2013-04-30,DBC,0.018734
ml_gbt_playbook,2013-04-30,GLD,0.163472
ml_gbt_playbook,2013-04-30,BIL,0.119733
ml_gbt_playbook,2013-05-31,SPY,0.128762
ml_gbt_playbook,2013-05-31,EEM,0.015246
ml_gbt_playbook,2013-05-31,IEF,0.383415
ml_gbt_playbook,2013-05-31,TIP,0.113830
ml_gbt_playbook,2013-05-31,HYG,0.020108
ml_gbt_playbook,2013-05-31,DBC,0.019777
ml_gbt_playbook,2013-05-31,GLD,0.184754
ml_gbt_playbook,2013-05-31,BIL,0.134109
ml_gbt_playbook,2013-06-28,SPY,0.133432
ml_gbt_playbook,2013-06-28,EEM,0.018430
ml_gbt_playbook,2013-06-28,IEF,0.348317
ml_gbt_playbook,2013-06-28,TIP,0.127982
ml_gbt_playbook,2013-06-28,HYG,0.026948
ml_gbt_playbook,2013-06-28,DBC,0.035840
ml_gbt_playbook,2013-06-28,GLD,0.181570
ml_gbt_playbook,2013-06-28,BIL,0.127481
ml_gbt_playbook,2013-07-31,SPY,0.147334
ml_gbt_playbook,2013-07-31,EEM,0.024498
ml_gbt_playbook,2013-07-31,IEF,0.376287
ml_gbt_playbook,2013-07-31,TIP,0.105024
ml_gbt_playbook,2013-07-31,HYG,0.027510
ml_gbt_playbook,2013-07-31,DBC,0.014021
ml_gbt_playbook,2013-07-31,GLD,0.175502
ml_gbt_playbook,2013-07-31,BIL,0.129825
ml_gbt_playbook,2013-08-30,SPY,0.142354
ml_gbt_playbook,2013-08-30,EEM,0.023529
ml_gbt_playbook,2013-08-30,IEF,0.324119
ml_gbt_playbook,2013-08-30,TIP,0.133921
ml_gbt_playbook,2013-08-30,HYG,0.033530
ml_gbt_playbook,2013-08-30,DBC,0.044115
ml_gbt_playbook,2013-08-30,GLD,0.176471
ml_gbt_playbook,2013-08-30,BIL,0.121961
ml_gbt_playbook,2013-09-30,SPY,0.196078
ml_gbt_playbook,2013-09-30,EEM,0.049390
ml_gbt_playbook,2013-09-30,IEF,0.246076
ml_gbt_playbook,2013-09-30,TIP,0.137460
ml_gbt_playbook,2013-09-30,HYG,0.065112
ml_gbt_playbook,2013-09-30,DBC,0.055274
ml_gbt_playbook,2013-09-30,GLD,0.150610
ml_gbt_playbook,2013-09-30,BIL,0.100000
ml_gbt_playbook,2013-10-31,SPY,0.230185
ml_gbt_playbook,2013-10-31,EEM,0.073058
ml_gbt_playbook,2013-10-31,IEF,0.256304
ml_gbt_playbook,2013-10-31,TIP,0.107403
ml_gbt_playbook,2013-10-31,HYG,0.070368
ml_gbt_playbook,2013-10-31,DBC,0.039721
ml_gbt_playbook,2013-10-31,GLD,0.126942
ml_gbt_playbook,2013-10-31,BIL,0.096020
ml_gbt_playbook,2013-11-29,SPY,0.180566
ml_gbt_playbook,2013-11-29,EEM,0.043899
ml_gbt_playbook,2013-11-29,IEF,0.227116
ml_gbt_playbook,2013-11-29,TIP,0.156526
ml_gbt_playbook,2013-11-29,HYG,0.061592
ml_gbt_playbook,2013-11-29,DBC,0.074775
ml_gbt_playbook,2013-11-29,GLD,0.156101
ml_gbt_playbook,2013-11-29,BIL,0.099425
ml_gbt_playbook,2013-12-31,SPY,0.236668
ml_gbt_playbook,2013-12-31,EEM,0.069223
ml_gbt_playbook,2013-12-31,IEF,0.154511
ml_gbt_playbook,2013-12-31,TIP,0.156336
ml_gbt_playbook,2013-12-31,HYG,0.094211
ml_gbt_playbook,2013-12-31,DBC,0.080300
ml_gbt_playbook,2013-12-31,GLD,0.130777
ml_gbt_playbook,2013-12-31,BIL,0.077974
ml_gbt_playbook,2014-01-31,SPY,0.346856
ml_gbt_playbook,2014-01-31,EEM,0.124646
ml_gbt_playbook,2014-01-31,IEF,0.162550
ml_gbt_playbook,2014-01-31,TIP,0.078748
ml_gbt_playbook,2014-01-31,HYG,0.129381
ml_gbt_playbook,2014-01-31,DBC,0.021515
ml_gbt_playbook,2014-01-31,GLD,0.075354
ml_gbt_playbook,2014-01-31,BIL,0.060949
ml_gbt_playbook,2014-02-28,SPY,0.318215
ml_gbt_playbook,2014-02-28,EEM,0.113781
ml_gbt_playbook,2014-02-28,IEF,0.157235
ml_gbt_playbook,2014-02-28,TIP,0.099348
ml_gbt_playbook,2014-02-28,HYG,0.118417
ml_gbt_playbook,2014-02-28,DBC,0.041949
ml_gbt_playbook,2014-02-28,GLD,0.086219
ml_gbt_playbook,2014-02-28,BIL,0.064837
ml_gbt_playbook,2014-03-31,SPY,0.263935
ml_gbt_playbook,2014-03-31,EEM,0.087953
ml_gbt_playbook,2014-03-31,IEF,0.184119
ml_gbt_playbook,2014-03-31,TIP,0.121655
ml_gbt_playbook,2014-03-31,HYG,0.094969
ml_gbt_playbook,2014-03-31,DBC,0.056958
ml_gbt_playbook,2014-03-31,GLD,0.112047
ml_gbt_playbook,2014-03-31,BIL,0.078364
ml_gbt_playbook,2014-04-30,SPY,0.285128
ml_gbt_playbook,2014-04-30,EEM,0.116172
ml_gbt_playbook,2014-04-30,IEF,0.114822
ml_gbt_playbook,2014-04-30,TIP,0.136301
ml_gbt_playbook,2014-04-30,HYG,0.101833
ml_gbt_playbook,2014-04-30,DBC,0.098633
ml_gbt_playbook,2014-04-30,GLD,0.083828
ml_gbt_playbook,2014-04-30,BIL,0.063282
ml_gbt_playbook,2014-05-30,SPY,0.301157
ml_gbt_playbook,2014-05-30,EEM,0.102754
ml_gbt_playbook,2014-05-30,IEF,0.180104
ml_gbt_playbook,2014-05-30,TIP,0.100118
ml_gbt_playbook,2014-05-30,HYG,0.110584
ml_gbt_playbook,2014-05-30,DBC,0.036545
ml_gbt_playbook,2014-05-30,GLD,0.097246
ml_gbt_playbook,2014-05-30,BIL,0.071491
ml_gbt_playbook,2014-06-30,SPY,0.289373
ml_gbt_playbook,2014-06-30,EEM,0.095752
ml_gbt_playbook,2014-06-30,IEF,0.161375
ml_gbt_playbook,2014-06-30,TIP,0.117709
ml_gbt_playbook,2014-06-30,HYG,0.110518
ml_gbt_playbook,2014-06-30,DBC,0.050692
ml_gbt_playbook,2014-06-30,GLD,0.104248
ml_gbt_playbook,2014-06-30,BIL,0.070334
ml_gbt_playbook,2014-07-31,SPY,0.272391
ml_gbt_playbook,2014-07-31,EEM,0.090589
ml_gbt_playbook,2014-07-31,IEF,0.166093
ml_gbt_playbook,2014-07-31,TIP,0.125561
ml_gbt_playbook,2014-07-31,HYG,0.101853
ml_gbt_playbook,2014-07-31,DBC,0.060151
ml_gbt_playbook,2014-07-31,GLD,0.109411
ml_gbt_playbook,2014-07-31,BIL,0.073950
ml_gbt_playbook,2014-08-29,SPY,0.339367
ml_gbt_playbook,2014-08-29,EEM,0.128978
ml_gbt_playbook,2014-08-29,IEF,0.152837
ml_gbt_playbook,2014-08-29,TIP,0.085905
ml_gbt_playbook,2014-08-29,HYG,0.123120
ml_gbt_playbook,2014-08-29,DBC,0.038192
ml_gbt_playbook,2014-08-29,GLD,0.071022
ml_gbt_playbook,2014-08-29,BIL,0.060578
ml_gbt_playbook,2014-09-30,SPY,0.158632
ml_gbt_playbook,2014-09-30,EEM,0.035820
ml_gbt_playbook,2014-09-30,IEF,0.202696
ml_gbt_playbook,2014-09-30,TIP,0.182396
ml_gbt_playbook,2014-09-30,HYG,0.056425
ml_gbt_playbook,2014-09-30,DBC,0.100841
ml_gbt_playbook,2014-09-30,GLD,0.164180
ml_gbt_playbook,2014-09-30,BIL,0.099011
ml_gbt_playbook,2014-10-31,SPY,0.309102
ml_gbt_playbook,2014-10-31,EEM,0.109903
ml_gbt_playbook,2014-10-31,IEF,0.195707
ml_gbt_playbook,2014-10-31,TIP,0.085961
ml_gbt_playbook,2014-10-31,HYG,0.108515
ml_gbt_playbook,2014-10-31,DBC,0.027948
ml_gbt_playbook,2014-10-31,GLD,0.090097
ml_gbt_playbook,2014-10-31,BIL,0.072768
ml_gbt_playbook,2014-11-28,SPY,0.239862
ml_gbt_playbook,2014-11-28,EEM,0.072519
ml_gbt_playbook,2014-11-28,IEF,0.268248
ml_gbt_playbook,2014-11-28,TIP,0.096772
ml_gbt_playbook,2014-11-28,HYG,0.075188
ml_gbt_playbook,2014-11-28,DBC,0.023533
ml_gbt_playbook,2014-11-28,GLD,0.127481
ml_gbt_playbook,2014-11-28,BIL,0.096398
ml_gbt_playbook,2014-12-31,SPY,0.330374
ml_gbt_playbook,2014-12-31,EEM,0.115629
ml_gbt_playbook,2014-12-31,IEF,0.201825
ml_gbt_playbook,2014-12-31,TIP,0.070357
ml_gbt_playbook,2014-12-31,HYG,0.117859
ml_gbt_playbook,2014-12-31,DBC,0.009343
ml_gbt_playbook,2014-12-31,GLD,0.084371
ml_gbt_playbook,2014-12-31,BIL,0.070242
ml_gbt_playbook,2015-01-30,SPY,0.309362
ml_gbt_playbook,2015-01-30,EEM,0.105795
ml_gbt_playbook,2015-01-30,IEF,0.194046
ml_gbt_playbook,2015-01-30,TIP,0.088031
ml_gbt_playbook,2015-01-30,HYG,0.111703
ml_gbt_playbook,2015-01-30,DBC,0.024411
ml_gbt_playbook,2015-01-30,GLD,0.094205
ml_gbt_playbook,2015-01-30,BIL,0.072447
ml_gbt_playbook,2015-02-27,SPY,0.229840
ml_gbt_playbook,2015-02-27,EEM,0.067553
ml_gbt_playbook,2015-02-27,IEF,0.259461
ml_gbt_playbook,2015-02-27,TIP,0.107832
ml_gbt_playbook,2015-02-27,HYG,0.073281
ml_gbt_playbook,2015-02-27,DBC,0.032983
ml_gbt_playbook,2015-02-27,GLD,0.132447
ml_gbt_playbook,2015-02-27,BIL,0.096604
ml_gbt_playbook,2015-03-31,SPY,0.142540
ml_gbt_playbook,2015-03-31,EEM,0.021764
ml_gbt_playbook,2015-03-31,IEF,0.330507
ml_gbt_playbook,2015-03-31,TIP,0.131222
ml_gbt_playbook,2015-03-31,HYG,0.033767
ml_gbt_playbook,2015-03-31,DBC,0.038970
ml_gbt_playbook,2015-03-31,GLD,0.178236
ml_gbt_playbook,2015-03-31,BIL,0.122994
ml_gbt_playbook,2015-04-30,SPY,0.106817
ml_gbt_playbook,2015-04-30,EEM,0.003905
ml_gbt_playbook,2015-04-30,IEF,0.229037
ml_gbt_playbook,2015-04-30,TIP,0.205771
ml_gbt_playbook,2015-04-30,HYG,0.038768
ml_gbt_playbook,2015-04-30,DBC,0.107570
ml_gbt_playbook,2015-04-30,GLD,0.196095
ml_gbt_playbook,2015-04-30,BIL,0.112037
ml_gbt_playbook,2015-05-29,SPY,0.113510
ml_gbt_playbook,2015-05-29,EEM,0.007362
ml_gbt_playbook,2015-05-29,IEF,0.306943
ml_gbt_playbook,2015-05-29,TIP,0.162320
ml_gbt_playbook,2015-05-29,HYG,0.027941
ml_gbt_playbook,2015-05-29,DBC,0.065381
ml_gbt_playbook,2015-05-29,GLD,0.192638
ml_gbt_playbook,2015-05-29,BIL,0.123906
ml_gbt_playbook,2015-06-30,SPY,0.106843
ml_gbt_playbook,2015-06-30,EEM,0.004543
ml_gbt_playbook,2015-06-30,IEF,0.364715
ml_gbt_playbook,2015-06-30,TIP,0.137707
ml_gbt_playbook,2015-06-30,HYG,0.015747
ml_gbt_playbook,2015-06-30,DBC,0.040343
ml_gbt_playbook,2015-06-30,GLD,0.195457
ml_gbt_playbook,2015-06-30,BIL,0.134645
ml_gbt_playbook,2015-07-31,SPY,0.127373
ml_gbt_playbook,2015-07-31,EEM,0.014843
ml_gbt_playbook,2015-07-31,IEF,0.367028
ml_gbt_playbook,2015-07-31,TIP,0.122852
ml_gbt_playbook,2015-07-31,HYG,0.022182
ml_gbt_playbook,2015-07-31,DBC,0.028956
ml_gbt_playbook,2015-07-31,GLD,0.185157
ml_gbt_playbook,2015-07-31,BIL,0.131609
ml_gbt_playbook,2015-08-31,SPY,0.104173
ml_gbt_playbook,2015-08-31,EEM,0.002347
ml_gbt_playbook,2015-08-31,IEF,0.326332
ml_gbt_playbook,2015-08-31,TIP,0.158965
ml_gbt_playbook,2015-08-31,HYG,0.021828
ml_gbt_playbook,2015-08-31,DBC,0.060009
ml_gbt_playbook,2015-08-31,GLD,0.197653
ml_gbt_playbook,2015-08-31,BIL,0.128693
ml_gbt_playbook,2015-09-30,SPY,0.110906
ml_gbt_playbook,2015-09-30,EEM,0.005645
ml_gbt_playbook,2015-09-30,IEF,0.421415
ml_gbt_playbook,2015-09-30,TIP,0.106958
ml_gbt_playbook,2015-09-30,HYG,0.008271
ml_gbt_playbook,2015-09-30,DBC,0.009033
ml_gbt_playbook,2015-09-30,GLD,0.194355
ml_gbt_playbook,2015-09-30,BIL,0.143418
ml_gbt_playbook,2015-10-30,SPY,0.110085
ml_gbt_playbook,2015-10-30,EEM,0.006113
ml_gbt_playbook,2015-10-30,IEF,0.300799
ml_gbt_playbook,2015-10-30,TIP,0.167520
ml_gbt_playbook,2015-10-30,HYG,0.027515
ml_gbt_playbook,2015-10-30,DBC,0.070628
ml_gbt_playbook,2015-10-30,GLD,0.193887
ml_gbt_playbook,2015-10-30,BIL,0.123452
ml_gbt_playbook,2015-11-30,SPY,0.119681
ml_gbt_playbook,2015-11-30,EEM,0.010562
ml_gbt_playbook,2015-11-30,IEF,0.363031
ml_gbt_playbook,2015-11-30,TIP,0.130123
ml_gbt_playbook,2015-11-30,HYG,0.020574
ml_gbt_playbook,2015-11-30,DBC,0.034365
ml_gbt_playbook,2015-11-30,GLD,0.189438
ml_gbt_playbook,2015-11-30,BIL,0.132225
ml_gbt_playbook,2015-12-31,SPY,0.114503
ml_gbt_playbook,2015-12-31,EEM,0.008308
ml_gbt_playbook,2015-12-31,IEF,0.322213
ml_gbt_playbook,2015-12-31,TIP,0.153873
ml_gbt_playbook,2015-12-31,HYG,0.025427
ml_gbt_playbook,2015-12-31,DBC,0.057699
ml_gbt_playbook,2015-12-31,GLD,0.191692
ml_gbt_playbook,2015-12-31,BIL,0.126285
ml_gbt_playbook,2016-01-29,SPY,0.105292
ml_gbt_playbook,2016-01-29,EEM,0.003075
ml_gbt_playbook,2016-01-29,IEF,0.426461
ml_gbt_playbook,2016-01-29,TIP,0.108099
ml_gbt_playbook,2016-01-29,HYG,0.005401
ml_gbt_playbook,2016-01-29,DBC,0.009553
ml_gbt_playbook,2016-01-29,GLD,0.196925
ml_gbt_playbook,2016-01-29,BIL,0.145195
ml_gbt_playbook,2016-02-29,SPY,0.124403
ml_gbt_playbook,2016-02-29,EEM,0.014533
ml_gbt_playbook,2016-02-29,IEF,0.389832
ml_gbt_playbook,2016-02-29,TIP,0.113038
ml_gbt_playbook,2016-02-29,HYG,0.016608
ml_gbt_playbook,2016-02-29,DBC,0.020213
ml_gbt_playbook,2016-02-29,GLD,0.185467
ml_gbt_playbook,2016-02-29,BIL,0.135905
ml_gbt_playbook,2016-03-31,SPY,0.241847
ml_gbt_playbook,2016-03-31,EEM,0.089731
ml_gbt_playbook,2016-03-31,IEF,0.149529
ml_gbt_playbook,2016-03-31,TIP,0.149402
ml_gbt_playbook,2016-03-31,HYG,0.084822
ml_gbt_playbook,2016-03-31,DBC,0.098120
ml_gbt_playbook,2016-03-31,GLD,0.110269
ml_gbt_playbook,2016-03-31,BIL,0.076280
ml_gbt_playbook,2016-04-29,SPY,0.157330
ml_gbt_playbook,2016-04-29,EEM,0.040287
ml_gbt_playbook,2016-04-29,IEF,0.137900
ml_gbt_playbook,2016-04-29,TIP,0.213956
ml_gbt_playbook,2016-04-29,HYG,0.063379
ml_gbt_playbook,2016-04-29,DBC,0.139007
ml_gbt_playbook,2016-04-29,GLD,0.159713
ml_gbt_playbook,2016-04-29,BIL,0.088428
ml_gbt_playbook,2016-05-31,SPY,0.158409
ml_gbt_playbook,2016-05-31,EEM,0.035755
ml_gbt_playbook,2016-05-31,IEF,0.175511
ml_gbt_playbook,2016-05-31,TIP,0.196122
ml_gbt_playbook,2016-05-31,HYG,0.060851
ml_gbt_playbook,2016-05-31,DBC,0.114590
ml_gbt_playbook,2016-05-31,GLD,0.164245
ml_gbt_playbook,2016-05-31,BIL,0.094517
ml_gbt_playbook,2016-06-30,SPY,0.151460
ml_gbt_playbook,2016-06-30,EEM,0.032815
ml_gbt_playbook,2016-06-30,IEF,0.214773
ml_gbt_playbook,2016-06-30,TIP,0.180945
ml_gbt_playbook,2016-06-30,HYG,0.051635
ml_gbt_playbook,2016-06-30,DBC,0.098969
ml_gbt_playbook,2016-06-30,GLD,0.167185
ml_gbt_playbook,2016-06-30,BIL,0.102219
ml_gbt_playbook,2016-07-29,SPY,0.296129
ml_gbt_playbook,2016-07-29,EEM,0.102359
ml_gbt_playbook,2016-07-29,IEF,0.186726
ml_gbt_playbook,2016-07-29,TIP,0.099453
ml_gbt_playbook,2016-07-29,HYG,0.106392
ml_gbt_playbook,2016-07-29,DBC,0.037867
ml_gbt_playbook,2016-07-29,GLD,0.097641
ml_gbt_playbook,2016-07-29,BIL,0.073433
ml_gbt_playbook,2016-08-31,SPY,0.310230
ml_gbt_playbook,2016-08-31,EEM,0.116632
ml_gbt_playbook,2016-08-31,IEF,0.148662
ml_gbt_playbook,2016-08-31,TIP,0.106677
ml_gbt_playbook,2016-08-31,HYG,0.112622
ml_gbt_playbook,2016-08-31,DBC,0.057071
ml_gbt_playbook,2016-08-31,GLD,0.083368
ml_gbt_playbook,2016-08-31,BIL,0.064739
ml_gbt_playbook,2016-09-30,SPY,0.279917
ml_gbt_playbook,2016-09-30,EEM,0.122680
ml_gbt_playbook,2016-09-30,IEF,0.092152
ml_gbt_playbook,2016-09-30,TIP,0.148072
ml_gbt_playbook,2016-09-30,HYG,0.097799
ml_gbt_playbook,2016-09-30,DBC,0.121687
ml_gbt_playbook,2016-09-30,GLD,0.077320
ml_gbt_playbook,2016-09-30,BIL,0.060372
ml_gbt_playbook,2016-10-31,SPY,0.225198
ml_gbt_playbook,2016-10-31,EEM,0.085860
ml_gbt_playbook,2016-10-31,IEF,0.160318
ml_gbt_playbook,2016-10-31,TIP,0.153622
ml_gbt_playbook,2016-10-31,HYG,0.074506
ml_gbt_playbook,2016-10-31,DBC,0.105502
ml_gbt_playbook,2016-10-31,GLD,0.114140
ml_gbt_playbook,2016-10-31,BIL,0.080853
ml_gbt_playbook,2016-11-30,SPY,0.233956
ml_gbt_playbook,2016-11-30,EEM,0.090006
ml_gbt_playbook,2016-11-30,IEF,0.108496
ml_gbt_playbook,2016-11-30,TIP,0.173772
ml_gbt_playbook,2016-11-30,HYG,0.086217
ml_gbt_playbook,2016-11-30,DBC,0.126802
ml_gbt_playbook,2016-11-30,GLD,0.109994
ml_gbt_playbook,2016-11-30,BIL,0.070757
ml_gbt_playbook,2016-12-30,SPY,0.237707
ml_gbt_playbook,2016-12-30,EEM,0.076449
ml_gbt_playbook,2016-12-30,IEF,0.150089
ml_gbt_playbook,2016-12-30,TIP,0.155619
ml_gbt_playbook,2016-12-30,HYG,0.090824
ml_gbt_playbook,2016-12-30,DBC,0.088697
ml_gbt_playbook,2016-12-30,GLD,0.123551
ml_gbt_playbook,2016-12-30,BIL,0.077064
ml_gbt_playbook,2017-01-31,SPY,0.284274
ml_gbt_playbook,2017-01-31,EEM,0.105002
ml_gbt_playbook,2017-01-31,IEF,0.126447
ml_gbt_playbook,2017-01-31,TIP,0.134639
ml_gbt_playbook,2017-01-31,HYG,0.106773
ml_gbt_playbook,2017-01-31,DBC,0.082505
ml_gbt_playbook,2017-01-31,GLD,0.094998
ml_gbt_playbook,2017-01-31,BIL,0.065362
ml_gbt_playbook,2017-02-28,SPY,0.283050
ml_gbt_playbook,2017-02-28,EEM,0.113195
ml_gbt_playbook,2017-02-28,IEF,0.109180
ml_gbt_playbook,2017-02-28,TIP,0.141154
ml_gbt_playbook,2017-02-28,HYG,0.103374
ml_gbt_playbook,2017-02-28,DBC,0.100555
ml_gbt_playbook,2017-02-28,GLD,0.086805
ml_gbt_playbook,2017-02-28,BIL,0.062688
ml_gbt_playbook,2017-03-31,SPY,0.317159
ml_gbt_playbook,2017-03-31,EEM,0.128233
ml_gbt_playbook,2017-03-31,IEF,0.114185
ml_gbt_playbook,2017-03-31,TIP,0.116584
ml_gbt_playbook,2017-03-31,HYG,0.115254
ml_gbt_playbook,2017-03-31,DBC,0.078981
ml_gbt_playbook,2017-03-31,GLD,0.071767
ml_gbt_playbook,2017-03-31,BIL,0.057838
ml_gbt_playbook,2017-04-28,SPY,0.296888
ml_gbt_playbook,2017-04-28,EEM,0.136793
ml_gbt_playbook,2017-04-28,IEF,0.074975
ml_gbt_playbook,2017-04-28,TIP,0.143471
ml_gbt_playbook,2017-04-28,HYG,0.102568
ml_gbt_playbook,2017-04-28,DBC,0.127418
ml_gbt_playbook,2017-04-28,GLD,0.063207
ml_gbt_playbook,2017-04-28,BIL,0.054681
ml_gbt_playbook,2017-05-31,SPY,0.305220
ml_gbt_playbook,2017-05-31,EEM,0.147081
ml_gbt_playbook,2017-05-31,IEF,0.062271
ml_gbt_playbook,2017-05-31,TIP,0.142228
ml_gbt_playbook,2017-05-31,HYG,0.103381
ml_gbt_playbook,2017-05-31,DBC,0.135725
ml_gbt_playbook,2017-05-31,GLD,0.052919
ml_gbt_playbook,2017-05-31,BIL,0.051175
ml_gbt_playbook,2017-06-30,SPY,0.321442
ml_gbt_playbook,2017-06-30,EEM,0.142765
ml_gbt_playbook,2017-06-30,IEF,0.092761
ml_gbt_playbook,2017-06-30,TIP,0.120310
ml_gbt_playbook,2017-06-30,HYG,0.111991
ml_gbt_playbook,2017-06-30,DBC,0.099943
ml_gbt_playbook,2017-06-30,GLD,0.057235
ml_gbt_playbook,2017-06-30,BIL,0.053553
ml_gbt_playbook,2017-07-31,SPY,0.284166
ml_gbt_playbook,2017-07-31,EEM,0.119468
ml_gbt_playbook,2017-07-31,IEF,0.101798
ml_gbt_playbook,2017-07-31,TIP,0.142195
ml_gbt_playbook,2017-07-31,HYG,0.101165
ml_gbt_playbook,2017-07-31,DBC,0.109403
ml_gbt_playbook,2017-07-31,GLD,0.080532
ml_gbt_playbook,2017-07-31,BIL,0.061272
ml_gbt_playbook,2017-08-31,SPY,0.242628
ml_gbt_playbook,2017-08-31,EEM,0.082772
ml_gbt_playbook,2017-08-31,IEF,0.218982
ml_gbt_playbook,2017-08-31,TIP,0.116604
ml_gbt_playbook,2017-08-31,HYG,0.078407
ml_gbt_playbook,2017-08-31,DBC,0.055653
ml_gbt_playbook,2017-08-31,GLD,0.117228
ml_gbt_playbook,2017-08-31,BIL,0.087726
ml_gbt_playbook,2017-09-29,SPY,0.264835
ml_gbt_playbook,2017-09-29,EEM,0.095897
ml_gbt_playbook,2017-09-29,IEF,0.138739
ml_gbt_playbook,2017-09-29,TIP,0.141247
ml_gbt_playbook,2017-09-29,HYG,0.097836
ml_gbt_playbook,2017-09-29,DBC,0.086692
ml_gbt_playbook,2017-09-29,GLD,0.104103
ml_gbt_playbook,2017-09-29,BIL,0.070651
ml_gbt_playbook,2017-10-31,SPY,0.255975
ml_gbt_playbook,2017-10-31,EEM,0.088688
ml_gbt_playbook,2017-10-31,IEF,0.205469
ml_gbt_playbook,2017-10-31,TIP,0.114716
ml_gbt_playbook,2017-10-31,HYG,0.085613
ml_gbt_playbook,2017-10-31,DBC,0.054979
ml_gbt_playbook,2017-10-31,GLD,0.111312
ml_gbt_playbook,2017-10-31,BIL,0.083249
ml_gbt_playbook,2017-11-30,SPY,0.276769
ml_gbt_playbook,2017-11-30,EEM,0.097090
ml_gbt_playbook,2017-11-30,IEF,0.169170
ml_gbt_playbook,2017-11-30,TIP,0.119667
ml_gbt_playbook,2017-11-30,HYG,0.099924
ml_gbt_playbook,2017-11-30,DBC,0.060736
ml_gbt_playbook,2017-11-30,GLD,0.102910
ml_gbt_playbook,2017-11-30,BIL,0.073734
ml_gbt_playbook,2017-12-29,SPY,0.327873
ml_gbt_playbook,2017-12-29,EEM,0.126845
ml_gbt_playbook,2017-12-29,IEF,0.143460
ml_gbt_playbook,2017-12-29,TIP,0.097052
ml_gbt_playbook,2017-12-29,HYG,0.118442
ml_gbt_playbook,2017-12-29,DBC,0.052242
ml_gbt_playbook,2017-12-29,GLD,0.073155
ml_gbt_playbook,2017-12-29,BIL,0.060931
ml_gbt_playbook,2018-01-31,SPY,0.285962
ml_gbt_playbook,2018-01-31,EEM,0.129928
ml_gbt_playbook,2018-01-31,IEF,0.081891
ml_gbt_playbook,2018-01-31,TIP,0.147764
ml_gbt_playbook,2018-01-31,HYG,0.098708
ml_gbt_playbook,2018-01-31,DBC,0.128020
ml_gbt_playbook,2018-01-31,GLD,0.070072
ml_gbt_playbook,2018-01-31,BIL,0.057655
ml_gbt_playbook,2018-02-28,SPY,0.285397
ml_gbt_playbook,2018-02-28,EEM,0.138504
ml_gbt_playbook,2018-02-28,IEF,0.060767
ml_gbt_playbook,2018-02-28,TIP,0.155750
ml_gbt_playbook,2018-02-28,HYG,0.096134
ml_gbt_playbook,2018-02-28,DBC,0.147723
ml_gbt_playbook,2018-02-28,GLD,0.061496
ml_gbt_playbook,2018-02-28,BIL,0.054228
ml_gbt_playbook,2018-03-29,SPY,0.251145
ml_gbt_playbook,2018-03-29,EEM,0.096738
ml_gbt_playbook,2018-03-29,IEF,0.152045
ml_gbt_playbook,2018-03-29,TIP,0.141159
ml_gbt_playbook,2018-03-29,HYG,0.085931
ml_gbt_playbook,2018-03-29,DBC,0.094570
ml_gbt_playbook,2018-03-29,GLD,0.103262
ml_gbt_playbook,2018-03-29,BIL,0.075150
ml_gbt_playbook,2018-04-30,SPY,0.198891
ml_gbt_playbook,2018-04-30,EEM,0.069587
ml_gbt_playbook,2018-04-30,IEF,0.145126
ml_gbt_playbook,2018-04-30,TIP,0.179796
ml_gbt_playbook,2018-04-30,HYG,0.070348
ml_gbt_playbook,2018-04-30,DBC,0.123133
ml_gbt_playbook,2018-04-30,GLD,0.130413
ml_gbt_playbook,2018-04-30,BIL,0.082706
ml_gbt_playbook,2018-05-31,SPY,0.317656
ml_gbt_playbook,2018-05-31,EEM,0.119058
ml_gbt_playbook,2018-05-31,IEF,0.150065
ml_gbt_playbook,2018-05-31,TIP,0.101454
ml_gbt_playbook,2018-05-31,HYG,0.115721
ml_gbt_playbook,2018-05-31,DBC,0.051369
ml_gbt_playbook,2018-05-31,GLD,0.080942
ml_gbt_playbook,2018-05-31,BIL,0.063735
ml_gbt_playbook,2018-06-29,SPY,0.264393
ml_gbt_playbook,2018-06-29,EEM,0.098281
ml_gbt_playbook,2018-06-29,IEF,0.185533
ml_gbt_playbook,2018-06-29,TIP,0.117276
ml_gbt_playbook,2018-06-29,HYG,0.088153
ml_gbt_playbook,2018-06-29,DBC,0.066121
ml_gbt_playbook,2018-06-29,GLD,0.101719
ml_gbt_playbook,2018-06-29,BIL,0.078523
ml_gbt_playbook,2018-07-31,SPY,0.270178
ml_gbt_playbook,2018-07-31,EEM,0.094339
ml_gbt_playbook,2018-07-31,IEF,0.184914
ml_gbt_playbook,2018-07-31,TIP,0.116008
ml_gbt_playbook,2018-07-31,HYG,0.094741
ml_gbt_playbook,2018-07-31,DBC,0.056704
ml_gbt_playbook,2018-07-31,GLD,0.105661
ml_gbt_playbook,2018-07-31,BIL,0.077456
ml_gbt_playbook,2018-08-31,SPY,0.278897
ml_gbt_playbook,2018-08-31,EEM,0.107286
ml_gbt_playbook,2018-08-31,IEF,0.187455
ml_gbt_playbook,2018-08-31,TIP,0.106062
ml_gbt_playbook,2018-08-31,HYG,0.091498
ml_gbt_playbook,2018-08-31,DBC,0.059661
ml_gbt_playbook,2018-08-31,GLD,0.092714
ml_gbt_playbook,2018-08-31,BIL,0.076426
ml_gbt_playbook,2018-09-28,SPY,0.228349
ml_gbt_playbook,2018-09-28,EEM,0.091353
ml_gbt_playbook,2018-09-28,IEF,0.133123
ml_gbt_playbook,2018-09-28,TIP,0.163813
ml_gbt_playbook,2018-09-28,HYG,0.077477
ml_gbt_playbook,2018-09-28,DBC,0.121443
ml_gbt_playbook,2018-09-28,GLD,0.108647
ml_gbt_playbook,2018-09-28,BIL,0.075796
ml_gbt_playbook,2018-10-31,SPY,0.143091
ml_gbt_playbook,2018-10-31,EEM,0.028652
ml_gbt_playbook,2018-10-31,IEF,0.327319
ml_gbt_playbook,2018-10-31,TIP,0.130244
ml_gbt_playbook,2018-10-31,HYG,0.030072
ml_gbt_playbook,2018-10-31,DBC,0.046902
ml_gbt_playbook,2018-10-31,GLD,0.171348
ml_gbt_playbook,2018-10-31,BIL,0.122371
ml_gbt_playbook,2018-11-30,SPY,0.189410
ml_gbt_playbook,2018-11-30,EEM,0.049907
ml_gbt_playbook,2018-11-30,IEF,0.266054
ml_gbt_playbook,2018-11-30,TIP,0.130633
ml_gbt_playbook,2018-11-30,HYG,0.056993
ml_gbt_playbook,2018-11-30,DBC,0.052470
ml_gbt_playbook,2018-11-30,GLD,0.150093
ml_gbt_playbook,2018-11-30,BIL,0.104441
ml_gbt_playbook,2018-12-31,SPY,0.239093
ml_gbt_playbook,2018-12-31,EEM,0.079109
ml_gbt_playbook,2018-12-31,IEF,0.237676
ml_gbt_playbook,2018-12-31,TIP,0.110246
ml_gbt_playbook,2018-12-31,HYG,0.075377
ml_gbt_playbook,2018-12-31,DBC,0.046178
ml_gbt_playbook,2018-12-31,GLD,0.120891
ml_gbt_playbook,2018-12-31,BIL,0.091430
ml_gbt_playbook,2019-01-31,SPY,0.297436
ml_gbt_playbook,2019-01-31,EEM,0.116849
ml_gbt_playbook,2019-01-31,IEF,0.171217
ml_gbt_playbook,2019-01-31,TIP,0.101724
ml_gbt_playbook,2019-01-31,HYG,0.100188
ml_gbt_playbook,2019-01-31,DBC,0.058805
ml_gbt_playbook,2019-01-31,GLD,0.083151
ml_gbt_playbook,2019-01-31,BIL,0.070630
ml_gbt_playbook,2019-02-28,SPY,0.189540
ml_gbt_playbook,2019-02-28,EEM,0.049440
ml_gbt_playbook,2019-02-28,IEF,0.307987
ml_gbt_playbook,2019-02-28,TIP,0.109757
ml_gbt_playbook,2019-02-28,HYG,0.050403
ml_gbt_playbook,2019-02-28,DBC,0.030906
ml_gbt_playbook,2019-02-28,GLD,0.150560
ml_gbt_playbook,2019-02-28,BIL,0.111408
ml_gbt_playbook,2019-03-29,SPY,0.261228
ml_gbt_playbook,2019-03-29,EEM,0.086077
ml_gbt_playbook,2019-03-29,IEF,0.217935
ml_gbt_playbook,2019-03-29,TIP,0.106726
ml_gbt_playbook,2019-03-29,HYG,0.088778
ml_gbt_playbook,2019-03-29,DBC,0.040882
ml_gbt_playbook,2019-03-29,GLD,0.113923
ml_gbt_playbook,2019-03-29,BIL,0.084451
ml_gbt_playbook,2019-04-30,SPY,0.201739
ml_gbt_playbook,2019-04-30,EEM,0.057235
ml_gbt_playbook,2019-04-30,IEF,0.243857
ml_gbt_playbook,2019-04-30,TIP,0.133124
ml_gbt_playbook,2019-04-30,HYG,0.064027
ml_gbt_playbook,2019-04-30,DBC,0.058568
ml_gbt_playbook,2019-04-30,GLD,0.142765
ml_gbt_playbook,2019-04-30,BIL,0.098686
ml_gbt_playbook,2019-05-31,SPY,0.160473
ml_gbt_playbook,2019-05-31,EEM,0.034015
ml_gbt_playbook,2019-05-31,IEF,0.368989
ml_gbt_playbook,2019-05-31,TIP,0.098931
ml_gbt_playbook,2019-05-31,HYG,0.031140
ml_gbt_playbook,2019-05-31,DBC,0.014048
ml_gbt_playbook,2019-05-31,GLD,0.165985
ml_gbt_playbook,2019-05-31,BIL,0.126419
ml_gbt_playbook,2019-06-28,SPY,0.221423
ml_gbt_playbook,2019-06-28,EEM,0.074104
ml_gbt_playbook,2019-06-28,IEF,0.253463
ml_gbt_playbook,2019-06-28,TIP,0.112856
ml_gbt_playbook,2019-06-28,HYG,0.064302
ml_gbt_playbook,2019-06-28,DBC,0.050950
ml_gbt_playbook,2019-06-28,GLD,0.125896
ml_gbt_playbook,2019-06-28,BIL,0.097007
ml_gbt_playbook,2019-07-31,SPY,0.259525
ml_gbt_playbook,2019-07-31,EEM,0.108736
ml_gbt_playbook,2019-07-31,IEF,0.145591
ml_gbt_playbook,2019-07-31,TIP,0.136197
ml_gbt_playbook,2019-07-31,HYG,0.084594
ml_gbt_playbook,2019-07-31,DBC,0.101416
ml_gbt_playbook,2019-07-31,GLD,0.091264
ml_gbt_playbook,2019-07-31,BIL,0.072678
ml_gbt_playbook,2019-08-30,SPY,0.276896
ml_gbt_playbook,2019-08-30,EEM,0.122040
ml_gbt_playbook,2019-08-30,IEF,0.124066
ml_gbt_playbook,2019-08-30,TIP,0.133839
ml_gbt_playbook,2019-08-30,HYG,0.090893
ml_gbt_playbook,2019-08-30,DBC,0.108111
ml_gbt_playbook,2019-08-30,GLD,0.077960
ml_gbt_playbook,2019-08-30,BIL,0.066195
ml_gbt_playbook,2019-09-30,SPY,0.210679
ml_gbt_playbook,2019-09-30,EEM,0.073392
ml_gbt_playbook,2019-09-30,IEF,0.179916
ml_gbt_playbook,2019-09-30,TIP,0.155239
ml_gbt_playbook,2019-09-30,HYG,0.069873
ml_gbt_playbook,2019-09-30,DBC,0.097754
ml_gbt_playbook,2019-09-30,GLD,0.126608
ml_gbt_playbook,2019-09-30,BIL,0.086539
ml_gbt_playbook,2019-10-31,SPY,0.142241
ml_gbt_playbook,2019-10-31,EEM,0.025353
ml_gbt_playbook,2019-10-31,IEF,0.217117
ml_gbt_playbook,2019-10-31,TIP,0.186870
ml_gbt_playbook,2019-10-31,HYG,0.050073
ml_gbt_playbook,2019-10-31,DBC,0.099553
ml_gbt_playbook,2019-10-31,GLD,0.174647
ml_gbt_playbook,2019-10-31,BIL,0.104146
ml_gbt_playbook,2019-11-29,SPY,0.216269
ml_gbt_playbook,2019-11-29,EEM,0.079388
ml_gbt_playbook,2019-11-29,IEF,0.153873
ml_gbt_playbook,2019-11-29,TIP,0.163466
ml_gbt_playbook,2019-11-29,HYG,0.073942
ml_gbt_playbook,2019-11-29,DBC,0.111183
ml_gbt_playbook,2019-11-29,GLD,0.120612
ml_gbt_playbook,2019-11-29,BIL,0.081267
ml_gbt_playbook,2019-12-31,SPY,0.176852
ml_gbt_playbook,2019-12-31,EEM,0.051587
ml_gbt_playbook,2019-12-31,IEF,0.158366
ml_gbt_playbook,2019-12-31,TIP,0.190195
ml_gbt_playbook,2019-12-31,HYG,0.065449
ml_gbt_playbook,2019-12-31,DBC,0.120552
ml_gbt_playbook,2019-12-31,GLD,0.148413
ml_gbt_playbook,2019-12-31,BIL,0.088586
ml_gbt_playbook,2020-01-31,SPY,0.258167
ml_gbt_playbook,2020-01-31,EEM,0.084234
ml_gbt_playbook,2020-01-31,IEF,0.245623
ml_gbt_playbook,2020-01-31,TIP,0.095027
ml_gbt_playbook,2020-01-31,HYG,0.083352
ml_gbt_playbook,2020-01-31,DBC,0.028255
ml_gbt_playbook,2020-01-31,GLD,0.115766
ml_gbt_playbook,2020-01-31,BIL,0.089576
ml_gbt_playbook,2020-02-28,SPY,0.152450
ml_gbt_playbook,2020-02-28,EEM,0.032343
ml_gbt_playbook,2020-02-28,IEF,0.347915
ml_gbt_playbook,2020-02-28,TIP,0.114037
ml_gbt_playbook,2020-02-28,HYG,0.030419
ml_gbt_playbook,2020-02-28,DBC,0.030935
ml_gbt_playbook,2020-02-28,GLD,0.167657
ml_gbt_playbook,2020-02-28,BIL,0.124244
ml_gbt_playbook,2020-03-31,SPY,0.135350
ml_gbt_playbook,2020-03-31,EEM,0.020591
ml_gbt_playbook,2020-03-31,IEF,0.383672
ml_gbt_playbook,2020-03-31,TIP,0.108625
ml_gbt_playbook,2020-03-31,HYG,0.020894
ml_gbt_playbook,2020-03-31,DBC,0.018405
ml_gbt_playbook,2020-03-31,GLD,0.179409
ml_gbt_playbook,2020-03-31,BIL,0.133054
ml_gbt_playbook,2020-04-30,SPY,0.117111
ml_gbt_playbook,2020-04-30,EEM,0.011123
ml_gbt_playbook,2020-04-30,IEF,0.413100
ml_gbt_playbook,2020-04-30,TIP,0.106187
ml_gbt_playbook,2020-04-30,HYG,0.010142
ml_gbt_playbook,2020-04-30,DBC,0.012462
ml_gbt_playbook,2020-04-30,GLD,0.188877
ml_gbt_playbook,2020-04-30,BIL,0.140998
ml_gbt_playbook,2020-05-29,SPY,0.116724
ml_gbt_playbook,2020-05-29,EEM,0.011540
ml_gbt_playbook,2020-05-29,IEF,0.356916
ml_gbt_playbook,2020-05-29,TIP,0.134334
ml_gbt_playbook,2020-05-29,HYG,0.018970
ml_gbt_playbook,2020-05-29,DBC,0.041358
ml_gbt_playbook,2020-05-29,GLD,0.188460
ml_gbt_playbook,2020-05-29,BIL,0.131699
ml_gbt_playbook,2020-06-30,SPY,0.136833
ml_gbt_playbook,2020-06-30,EEM,0.020841
ml_gbt_playbook,2020-06-30,IEF,0.339590
ml_gbt_playbook,2020-06-30,TIP,0.129842
ml_gbt_playbook,2020-06-30,HYG,0.029063
ml_gbt_playbook,2020-06-30,DBC,0.039213
ml_gbt_playbook,2020-06-30,GLD,0.179159
ml_gbt_playbook,2020-06-30,BIL,0.125460
ml_gbt_playbook,2020-07-31,SPY,0.124157
ml_gbt_playbook,2020-07-31,EEM,0.013862
ml_gbt_playbook,2020-07-31,IEF,0.395725
ml_gbt_playbook,2020-07-31,TIP,0.110439
ml_gbt_playbook,2020-07-31,HYG,0.015909
ml_gbt_playbook,2020-07-31,DBC,0.016843
ml_gbt_playbook,2020-07-31,GLD,0.186138
ml_gbt_playbook,2020-07-31,BIL,0.136928
ml_gbt_playbook,2020-08-31,SPY,0.203126
ml_gbt_playbook,2020-08-31,EEM,0.061352
ml_gbt_playbook,2020-08-31,IEF,0.169540
ml_gbt_playbook,2020-08-31,TIP,0.168216
ml_gbt_playbook,2020-08-31,HYG,0.074593
ml_gbt_playbook,2020-08-31,DBC,0.098456
ml_gbt_playbook,2020-08-31,GLD,0.138648
ml_gbt_playbook,2020-08-31,BIL,0.086069
ml_gbt_playbook,2020-09-30,SPY,0.186132
ml_gbt_playbook,2020-09-30,EEM,0.057869
ml_gbt_playbook,2020-09-30,IEF,0.136425
ml_gbt_playbook,2020-09-30,TIP,0.194432
ml_gbt_playbook,2020-09-30,HYG,0.071104
ml_gbt_playbook,2020-09-30,DBC,0.128525
ml_gbt_playbook,2020-09-30,GLD,0.142131
ml_gbt_playbook,2020-09-30,BIL,0.083382
ml_gbt_playbook,2020-10-30,SPY,0.179723
ml_gbt_playbook,2020-10-30,EEM,0.055073
ml_gbt_playbook,2020-10-30,IEF,0.148843
ml_gbt_playbook,2020-10-30,TIP,0.192359
ml_gbt_playbook,2020-10-30,HYG,0.066626
ml_gbt_playbook,2020-10-30,DBC,0.125928
ml_gbt_playbook,2020-10-30,GLD,0.144927
ml_gbt_playbook,2020-10-30,BIL,0.086520
ml_gbt_playbook,2020-11-30,SPY,0.231983
ml_gbt_playbook,2020-11-30,EEM,0.095165
ml_gbt_playbook,2020-11-30,IEF,0.115974
ml_gbt_playbook,2020-11-30,TIP,0.169300
ml_gbt_playbook,2020-11-30,HYG,0.080216
ml_gbt_playbook,2020-11-30,DBC,0.130195
ml_gbt_playbook,2020-11-30,GLD,0.104835
ml_gbt_playbook,2020-11-30,BIL,0.072332
ml_gbt_playbook,2020-12-31,SPY,0.233774
ml_gbt_playbook,2020-12-31,EEM,0.094769
ml_gbt_playbook,2020-12-31,IEF,0.112201
ml_gbt_playbook,2020-12-31,TIP,0.170423
ml_gbt_playbook,2020-12-31,HYG,0.082303
ml_gbt_playbook,2020-12-31,DBC,0.129895
ml_gbt_playbook,2020-12-31,GLD,0.105231
ml_gbt_playbook,2020-12-31,BIL,0.071404
ml_gbt_playbook,2021-01-29,SPY,0.279479
ml_gbt_playbook,2021-01-29,EEM,0.122016
ml_gbt_playbook,2021-01-29,IEF,0.097571
ml_gbt_playbook,2021-01-29,TIP,0.145803
ml_gbt_playbook,2021-01-29,HYG,0.097047
ml_gbt_playbook,2021-01-29,DBC,0.118752
ml_gbt_playbook,2021-01-29,GLD,0.077984
ml_gbt_playbook,2021-01-29,BIL,0.061349
ml_gbt_playbook,2021-02-26,SPY,0.268383
ml_gbt_playbook,2021-02-26,EEM,0.112658
ml_gbt_playbook,2021-02-26,IEF,0.099872
ml_gbt_playbook,2021-02-26,TIP,0.153320
ml_gbt_playbook,2021-02-26,HYG,0.095505
ml_gbt_playbook,2021-02-26,DBC,0.119339
ml_gbt_playbook,2021-02-26,GLD,0.087342
ml_gbt_playbook,2021-02-26,BIL,0.063581
ml_gbt_playbook,2021-03-31,SPY,0.300819
ml_gbt_playbook,2021-03-31,EEM,0.145145
ml_gbt_playbook,2021-03-31,IEF,0.061848
ml_gbt_playbook,2021-03-31,TIP,0.145285
ml_gbt_playbook,2021-03-31,HYG,0.101808
ml_gbt_playbook,2021-03-31,DBC,0.138403
ml_gbt_playbook,2021-03-31,GLD,0.054855
ml_gbt_playbook,2021-03-31,BIL,0.051838
ml_gbt_playbook,2021-04-30,SPY,0.360402
ml_gbt_playbook,2021-04-30,EEM,0.146065
ml_gbt_playbook,2021-04-30,IEF,0.121401
ml_gbt_playbook,2021-04-30,TIP,0.085411
ml_gbt_playbook,2021-04-30,HYG,0.130991
ml_gbt_playbook,2021-04-30,DBC,0.049963
ml_gbt_playbook,2021-04-30,GLD,0.053935
ml_gbt_playbook,2021-04-30,BIL,0.051833
ml_gbt_playbook,2021-05-28,SPY,0.332597
ml_gbt_playbook,2021-05-28,EEM,0.145198
ml_gbt_playbook,2021-05-28,IEF,0.096105
ml_gbt_playbook,2021-05-28,TIP,0.112249
ml_gbt_playbook,2021-05-28,HYG,0.117249
ml_gbt_playbook,2021-05-28,DBC,0.089548
ml_gbt_playbook,2021-05-28,GLD,0.054802
ml_gbt_playbook,2021-05-28,BIL,0.052251
ml_gbt_playbook,2021-06-30,SPY,0.320108
ml_gbt_playbook,2021-06-30,EEM,0.146279
ml_gbt_playbook,2021-06-30,IEF,0.082617
ml_gbt_playbook,2021-06-30,TIP,0.124878
ml_gbt_playbook,2021-06-30,HYG,0.110449
ml_gbt_playbook,2021-06-30,DBC,0.109863
ml_gbt_playbook,2021-06-30,GLD,0.053721
ml_gbt_playbook,2021-06-30,BIL,0.052085
ml_gbt_playbook,2021-07-30,SPY,0.330175
ml_gbt_playbook,2021-07-30,EEM,0.140447
ml_gbt_playbook,2021-07-30,IEF,0.111672
ml_gbt_playbook,2021-07-30,TIP,0.107261
ml_gbt_playbook,2021-07-30,HYG,0.116206
ml_gbt_playbook,2021-07-30,DBC,0.079436
ml_gbt_playbook,2021-07-30,GLD,0.059553
ml_gbt_playbook,2021-07-30,BIL,0.055250
ml_gbt_playbook,2021-08-31,SPY,0.336271
ml_gbt_playbook,2021-08-31,EEM,0.143559
ml_gbt_playbook,2021-08-31,IEF,0.103358
ml_gbt_playbook,2021-08-31,TIP,0.107333
ml_gbt_playbook,2021-08-31,HYG,0.119582
ml_gbt_playbook,2021-08-31,DBC,0.080609
ml_gbt_playbook,2021-08-31,GLD,0.056441
ml_gbt_playbook,2021-08-31,BIL,0.052848
ml_gbt_playbook,2021-09-30,SPY,0.178404
ml_gbt_playbook,2021-09-30,EEM,0.055293
ml_gbt_playbook,2021-09-30,IEF,0.133698
ml_gbt_playbook,2021-09-30,TIP,0.200518
ml_gbt_playbook,2021-09-30,HYG,0.068124
ml_gbt_playbook,2021-09-30,DBC,0.135040
ml_gbt_playbook,2021-09-30,GLD,0.144707
ml_gbt_playbook,2021-09-30,BIL,0.084216
ml_gbt_playbook,2021-10-29,SPY,0.249505
ml_gbt_playbook,2021-10-29,EEM,0.088010
ml_gbt_playbook,2021-10-29,IEF,0.134611
ml_gbt_playbook,2021-10-29,TIP,0.153605
ml_gbt_playbook,2021-10-29,HYG,0.093561
ml_gbt_playbook,2021-10-29,DBC,0.096199
ml_gbt_playbook,2021-10-29,GLD,0.111990
ml_gbt_playbook,2021-10-29,BIL,0.072518
ml_gbt_playbook,2021-11-30,SPY,0.179686
ml_gbt_playbook,2021-11-30,EEM,0.043372
ml_gbt_playbook,2021-11-30,IEF,0.159817
ml_gbt_playbook,2021-11-30,TIP,0.190791
ml_gbt_playbook,2021-11-30,HYG,0.072574
ml_gbt_playbook,2021-11-30,DBC,0.108777
ml_gbt_playbook,2021-11-30,GLD,0.156628
ml_gbt_playbook,2021-11-30,BIL,0.088355
ml_gbt_playbook,2021-12-31,SPY,0.242326
ml_gbt_playbook,2021-12-31,EEM,0.073302
ml_gbt_playbook,2021-12-31,IEF,0.174556
ml_gbt_playbook,2021-12-31,TIP,0.142125
ml_gbt_playbook,2021-12-31,HYG,0.091923
ml_gbt_playbook,2021-12-31,DBC,0.068698
ml_gbt_playbook,2021-12-31,GLD,0.126698
ml_gbt_playbook,2021-12-31,BIL,0.080372
ml_gbt_playbook,2022-01-31,SPY,0.148501
ml_gbt_playbook,2022-01-31,EEM,0.026900
ml_gbt_playbook,2022-01-31,IEF,0.170397
ml_gbt_playbook,2022-01-31,TIP,0.206584
ml_gbt_playbook,2022-01-31,HYG,0.061001
ml_gbt_playbook,2022-01-31,DBC,0.118200
ml_gbt_playbook,2022-01-31,GLD,0.173100
ml_gbt_playbook,2022-01-31,BIL,0.095316
ml_gbt_playbook,2022-02-28,SPY,0.134309
ml_gbt_playbook,2022-02-28,EEM,0.020571
ml_gbt_playbook,2022-02-28,IEF,0.166507
ml_gbt_playbook,2022-02-28,TIP,0.217735
ml_gbt_playbook,2022-02-28,HYG,0.056408
ml_gbt_playbook,2022-02-28,DBC,0.128008
ml_gbt_playbook,2022-02-28,GLD,0.179429
ml_gbt_playbook,2022-02-28,BIL,0.097033
ml_gbt_playbook,2022-03-31,SPY,0.201432
ml_gbt_playbook,2022-03-31,EEM,0.067863
ml_gbt_playbook,2022-03-31,IEF,0.136285
ml_gbt_playbook,2022-03-31,TIP,0.183521
ml_gbt_playbook,2022-03-31,HYG,0.074665
ml_gbt_playbook,2022-03-31,DBC,0.123289
ml_gbt_playbook,2022-03-31,GLD,0.132137
ml_gbt_playbook,2022-03-31,BIL,0.080809
ml_gbt_playbook,2022-04-29,SPY,0.206223
ml_gbt_playbook,2022-04-29,EEM,0.075287
ml_gbt_playbook,2022-04-29,IEF,0.131094
ml_gbt_playbook,2022-04-29,TIP,0.181246
ml_gbt_playbook,2022-04-29,HYG,0.073775
ml_gbt_playbook,2022-04-29,DBC,0.128517
ml_gbt_playbook,2022-04-29,GLD,0.124713
ml_gbt_playbook,2022-04-29,BIL,0.079145
ml_gbt_playbook,2022-05-31,SPY,0.287849
ml_gbt_playbook,2022-05-31,EEM,0.105352
ml_gbt_playbook,2022-05-31,IEF,0.168708
ml_gbt_playbook,2022-05-31,TIP,0.111604
ml_gbt_playbook,2022-05-31,HYG,0.101880
ml_gbt_playbook,2022-05-31,DBC,0.058150
ml_gbt_playbook,2022-05-31,GLD,0.094648
ml_gbt_playbook,2022-05-31,BIL,0.071810
ml_gbt_playbook,2022-06-30,SPY,0.174103
ml_gbt_playbook,2022-06-30,EEM,0.046399
ml_gbt_playbook,2022-06-30,IEF,0.202651
ml_gbt_playbook,2022-06-30,TIP,0.171157
ml_gbt_playbook,2022-06-30,HYG,0.059694
ml_gbt_playbook,2022-06-30,DBC,0.095971
ml_gbt_playbook,2022-06-30,GLD,0.153601
ml_gbt_playbook,2022-06-30,BIL,0.096425
ml_gbt_playbook,2022-07-29,SPY,0.278236
ml_gbt_playbook,2022-07-29,EEM,0.091532
ml_gbt_playbook,2022-07-29,IEF,0.212376
ml_gbt_playbook,2022-07-29,TIP,0.099183
ml_gbt_playbook,2022-07-29,HYG,0.097407
ml_gbt_playbook,2022-07-29,DBC,0.032108
ml_gbt_playbook,2022-07-29,GLD,0.108468
ml_gbt_playbook,2022-07-29,BIL,0.080690
ml_gbt_playbook,2022-08-31,SPY,0.123723
ml_gbt_playbook,2022-08-31,EEM,0.013991
ml_gbt_playbook,2022-08-31,IEF,0.180800
ml_gbt_playbook,2022-08-31,TIP,0.218075
ml_gbt_playbook,2022-08-31,HYG,0.051354
ml_gbt_playbook,2022-08-31,DBC,0.124869
ml_gbt_playbook,2022-08-31,GLD,0.186009
ml_gbt_playbook,2022-08-31,BIL,0.101180
ml_gbt_playbook,2022-09-30,SPY,0.151718
ml_gbt_playbook,2022-09-30,EEM,0.031489
ml_gbt_playbook,2022-09-30,IEF,0.149059
ml_gbt_playbook,2022-09-30,TIP,0.214116
ml_gbt_playbook,2022-09-30,HYG,0.063643
ml_gbt_playbook,2022-09-30,DBC,0.130242
ml_gbt_playbook,2022-09-30,GLD,0.168511
ml_gbt_playbook,2022-09-30,BIL,0.091223
ml_gbt_playbook,2022-10-31,SPY,0.127413
ml_gbt_playbook,2022-10-31,EEM,0.015012
ml_gbt_playbook,2022-10-31,IEF,0.175928
ml_gbt_playbook,2022-10-31,TIP,0.218325
ml_gbt_playbook,2022-10-31,HYG,0.053946
ml_gbt_playbook,2022-10-31,DBC,0.124635
ml_gbt_playbook,2022-10-31,GLD,0.184988
ml_gbt_playbook,2022-10-31,BIL,0.099752
ml_gbt_playbook,2022-11-30,SPY,0.301498
ml_gbt_playbook,2022-11-30,EEM,0.123031
ml_gbt_playbook,2022-11-30,IEF,0.133499
ml_gbt_playbook,2022-11-30,TIP,0.116491
ml_gbt_playbook,2022-11-30,HYG,0.105061
ml_gbt_playbook,2022-11-30,DBC,0.079783
ml_gbt_playbook,2022-11-30,GLD,0.076969
ml_gbt_playbook,2022-11-30,BIL,0.063667
ml_gbt_playbook,2022-12-30,SPY,0.189834
ml_gbt_playbook,2022-12-30,EEM,0.063275
ml_gbt_playbook,2022-12-30,IEF,0.202581
ml_gbt_playbook,2022-12-30,TIP,0.157701
ml_gbt_playbook,2022-12-30,HYG,0.058942
ml_gbt_playbook,2022-12-30,DBC,0.097151
ml_gbt_playbook,2022-12-30,GLD,0.136725
ml_gbt_playbook,2022-12-30,BIL,0.093791
ml_gbt_playbook,2023-01-31,SPY,0.213670
ml_gbt_playbook,2023-01-31,EEM,0.072422
ml_gbt_playbook,2023-01-31,IEF,0.250463
ml_gbt_playbook,2023-01-31,TIP,0.118793
ml_gbt_playbook,2023-01-31,HYG,0.060755
ml_gbt_playbook,2023-01-31,DBC,0.058520
ml_gbt_playbook,2023-01-31,GLD,0.127578
ml_gbt_playbook,2023-01-31,BIL,0.097799
ml_gbt_playbook,2023-02-28,SPY,0.121842
ml_gbt_playbook,2023-02-28,EEM,0.015770
ml_gbt_playbook,2023-02-28,IEF,0.292808
ml_gbt_playbook,2023-02-28,TIP,0.162418
ml_gbt_playbook,2023-02-28,HYG,0.030246
ml_gbt_playbook,2023-02-28,DBC,0.072525
ml_gbt_playbook,2023-02-28,GLD,0.184230
ml_gbt_playbook,2023-02-28,BIL,0.120161
ml_gbt_playbook,2023-03-31,SPY,0.205604
ml_gbt_playbook,2023-03-31,EEM,0.057125
ml_gbt_playbook,2023-03-31,IEF,0.278323
ml_gbt_playbook,2023-03-31,TIP,0.113995
ml_gbt_playbook,2023-03-31,HYG,0.060932
ml_gbt_playbook,2023-03-31,DBC,0.037359
ml_gbt_playbook,2023-03-31,GLD,0.142875
ml_gbt_playbook,2023-03-31,BIL,0.103787
ml_gbt_playbook,2023-04-28,SPY,0.237355
ml_gbt_playbook,2023-04-28,EEM,0.077137
ml_gbt_playbook,2023-04-28,IEF,0.258095
ml_gbt_playbook,2023-04-28,TIP,0.101563
ml_gbt_playbook,2023-04-28,HYG,0.072129
ml_gbt_playbook,2023-04-28,DBC,0.035735
ml_gbt_playbook,2023-04-28,GLD,0.122863
ml_gbt_playbook,2023-04-28,BIL,0.095123
ml_gbt_playbook,2023-05-31,SPY,0.143735
ml_gbt_playbook,2023-05-31,EEM,0.026406
ml_gbt_playbook,2023-05-31,IEF,0.271583
ml_gbt_playbook,2023-05-31,TIP,0.158539
ml_gbt_playbook,2023-05-31,HYG,0.041289
ml_gbt_playbook,2023-05-31,DBC,0.071879
ml_gbt_playbook,2023-05-31,GLD,0.173594
ml_gbt_playbook,2023-05-31,BIL,0.112975
ml_gbt_playbook,2023-06-30,SPY,0.169784
ml_gbt_playbook,2023-06-30,EEM,0.045359
ml_gbt_playbook,2023-06-30,IEF,0.292161
ml_gbt_playbook,2023-06-30,TIP,0.128908
ml_gbt_playbook,2023-06-30,HYG,0.042590
ml_gbt_playbook,2023-06-30,DBC,0.054495
ml_gbt_playbook,2023-06-30,GLD,0.154641
ml_gbt_playbook,2023-06-30,BIL,0.112063
ml_gbt_playbook,2023-07-31,SPY,0.174736
ml_gbt_playbook,2023-07-31,EEM,0.049824
ml_gbt_playbook,2023-07-31,IEF,0.159860
ml_gbt_playbook,2023-07-31,TIP,0.191094
ml_gbt_playbook,2023-07-31,HYG,0.064965
ml_gbt_playbook,2023-07-31,DBC,0.120158
ml_gbt_playbook,2023-07-31,GLD,0.150176
ml_gbt_playbook,2023-07-31,BIL,0.089187
ml_gbt_playbook,2023-08-31,SPY,0.129200
ml_gbt_playbook,2023-08-31,EEM,0.019930
ml_gbt_playbook,2023-08-31,IEF,0.309249
ml_gbt_playbook,2023-08-31,TIP,0.149133
ml_gbt_playbook,2023-08-31,HYG,0.029638
ml_gbt_playbook,2023-08-31,DBC,0.061106
ml_gbt_playbook,2023-08-31,GLD,0.180070
ml_gbt_playbook,2023-08-31,BIL,0.121675
ml_gbt_playbook,2023-09-29,SPY,0.145108
ml_gbt_playbook,2023-09-29,EEM,0.030727
ml_gbt_playbook,2023-09-29,IEF,0.205502
ml_gbt_playbook,2023-09-29,TIP,0.189452
ml_gbt_playbook,2023-09-29,HYG,0.050337
ml_gbt_playbook,2023-09-29,DBC,0.107868
ml_gbt_playbook,2023-09-29,GLD,0.169273
ml_gbt_playbook,2023-09-29,BIL,0.101732
ml_gbt_playbook,2023-10-31,SPY,0.188038
ml_gbt_playbook,2023-10-31,EEM,0.054047
ml_gbt_playbook,2023-10-31,IEF,0.202802
ml_gbt_playbook,2023-10-31,TIP,0.161564
ml_gbt_playbook,2023-10-31,HYG,0.063860
ml_gbt_playbook,2023-10-31,DBC,0.089608
ml_gbt_playbook,2023-10-31,GLD,0.145953
ml_gbt_playbook,2023-10-31,BIL,0.094127
ml_gbt_playbook,2023-11-30,SPY,0.217379
ml_gbt_playbook,2023-11-30,EEM,0.080727
ml_gbt_playbook,2023-11-30,IEF,0.148880
ml_gbt_playbook,2023-11-30,TIP,0.164962
ml_gbt_playbook,2023-11-30,HYG,0.074621
ml_gbt_playbook,2023-11-30,DBC,0.113908
ml_gbt_playbook,2023-11-30,GLD,0.119273
ml_gbt_playbook,2023-11-30,BIL,0.080250
ml_gbt_playbook,2023-12-29,SPY,0.185317
ml_gbt_playbook,2023-12-29,EEM,0.054210
ml_gbt_playbook,2023-12-29,IEF,0.218867
ml_gbt_playbook,2023-12-29,TIP,0.154838
ml_gbt_playbook,2023-12-29,HYG,0.059260
ml_gbt_playbook,2023-12-29,DBC,0.084460
ml_gbt_playbook,2023-12-29,GLD,0.145790
ml_gbt_playbook,2023-12-29,BIL,0.097258
ml_gbt_playbook,2024-01-31,SPY,0.131432
ml_gbt_playbook,2024-01-31,EEM,0.019372
ml_gbt_playbook,2024-01-31,IEF,0.249638
ml_gbt_playbook,2024-01-31,TIP,0.178007
ml_gbt_playbook,2024-01-31,HYG,0.041434
ml_gbt_playbook,2024-01-31,DBC,0.088120
ml_gbt_playbook,2024-01-31,GLD,0.180628
ml_gbt_playbook,2024-01-31,BIL,0.111368
ml_gbt_playbook,2024-02-29,SPY,0.246355
ml_gbt_playbook,2024-02-29,EEM,0.078474
ml_gbt_playbook,2024-02-29,IEF,0.183920
ml_gbt_playbook,2024-02-29,TIP,0.133704
ml_gbt_playbook,2024-02-29,HYG,0.089601
ml_gbt_playbook,2024-02-29,DBC,0.065159
ml_gbt_playbook,2024-02-29,GLD,0.121526
ml_gbt_playbook,2024-02-29,BIL,0.081261
ml_gbt_playbook,2024-03-28,SPY,0.351211
ml_gbt_playbook,2024-03-28,EEM,0.131729
ml_gbt_playbook,2024-03-28,IEF,0.156558
ml_gbt_playbook,2024-03-28,TIP,0.077206
ml_gbt_playbook,2024-03-28,HYG,0.128562
ml_gbt_playbook,2024-03-28,DBC,0.027239
ml_gbt_playbook,2024-03-28,GLD,0.068271
ml_gbt_playbook,2024-03-28,BIL,0.059224
ml_gbt_playbook,2024-04-30,SPY,0.193169
ml_gbt_playbook,2024-04-30,EEM,0.057479
ml_gbt_playbook,2024-04-30,IEF,0.151213
ml_gbt_playbook,2024-04-30,TIP,0.183650
ml_gbt_playbook,2024-04-30,HYG,0.073591
ml_gbt_playbook,2024-04-30,DBC,0.113703
ml_gbt_playbook,2024-04-30,GLD,0.142521
ml_gbt_playbook,2024-04-30,BIL,0.084674
ml_gbt_playbook,2024-05-31,SPY,0.295562
ml_gbt_playbook,2024-05-31,EEM,0.106581
ml_gbt_playbook,2024-05-31,IEF,0.178213
ml_gbt_playbook,2024-05-31,TIP,0.102585
ml_gbt_playbook,2024-05-31,HYG,0.104619
ml_gbt_playbook,2024-05-31,DBC,0.046912
ml_gbt_playbook,2024-05-31,GLD,0.093419
ml_gbt_playbook,2024-05-31,BIL,0.072108
ml_gbt_playbook,2024-06-28,SPY,0.276814
ml_gbt_playbook,2024-06-28,EEM,0.090811
ml_gbt_playbook,2024-06-28,IEF,0.164333
ml_gbt_playbook,2024-06-28,TIP,0.124156
ml_gbt_playbook,2024-06-28,HYG,0.104947
ml_gbt_playbook,2024-06-28,DBC,0.056830
ml_gbt_playbook,2024-06-28,GLD,0.109189
ml_gbt_playbook,2024-06-28,BIL,0.072920
ml_gbt_playbook,2024-07-31,SPY,0.234415
ml_gbt_playbook,2024-07-31,EEM,0.069679
ml_gbt_playbook,2024-07-31,IEF,0.227592
ml_gbt_playbook,2024-07-31,TIP,0.120770
ml_gbt_playbook,2024-07-31,HYG,0.080226
ml_gbt_playbook,2024-07-31,DBC,0.046468
ml_gbt_playbook,2024-07-31,GLD,0.130321
ml_gbt_playbook,2024-07-31,BIL,0.090529
ml_gbt_playbook,2024-08-30,SPY,0.306760
ml_gbt_playbook,2024-08-30,EEM,0.106708
ml_gbt_playbook,2024-08-30,IEF,0.180465
ml_gbt_playbook,2024-08-30,TIP,0.095819
ml_gbt_playbook,2024-08-30,HYG,0.111624
ml_gbt_playbook,2024-08-30,DBC,0.034716
ml_gbt_playbook,2024-08-30,GLD,0.093292
ml_gbt_playbook,2024-08-30,BIL,0.070618
ml_gbt_playbook,2024-09-30,SPY,0.229172
ml_gbt_playbook,2024-09-30,EEM,0.080294
ml_gbt_playbook,2024-09-30,IEF,0.164614
ml_gbt_playbook,2024-09-30,TIP,0.151342
ml_gbt_playbook,2024-09-30,HYG,0.080150
ml_gbt_playbook,2024-09-30,DBC,0.093815
ml_gbt_playbook,2024-09-30,GLD,0.119706
ml_gbt_playbook,2024-09-30,BIL,0.080907
ml_gbt_playbook,2024-10-31,SPY,0.225934
ml_gbt_playbook,2024-10-31,EEM,0.091056
ml_gbt_playbook,2024-10-31,IEF,0.113926
ml_gbt_playbook,2024-10-31,TIP,0.174718
ml_gbt_playbook,2024-10-31,HYG,0.079264
ml_gbt_playbook,2024-10-31,DBC,0.133159
ml_gbt_playbook,2024-10-31,GLD,0.108944
ml_gbt_playbook,2024-10-31,BIL,0.072999
ml_gbt_playbook,2024-11-29,SPY,0.194546
ml_gbt_playbook,2024-11-29,EEM,0.056326
ml_gbt_playbook,2024-11-29,IEF,0.213709
ml_gbt_playbook,2024-11-29,TIP,0.152097
ml_gbt_playbook,2024-11-29,HYG,0.064861
ml_gbt_playbook,2024-11-29,DBC,0.079926
ml_gbt_playbook,2024-11-29,GLD,0.143674
ml_gbt_playbook,2024-11-29,BIL,0.094861
ml_gbt_playbook,2024-12-31,SPY,0.172117
ml_gbt_playbook,2024-12-31,EEM,0.041587
ml_gbt_playbook,2024-12-31,IEF,0.188943
ml_gbt_playbook,2024-12-31,TIP,0.180608
ml_gbt_playbook,2024-12-31,HYG,0.063863
ml_gbt_playbook,2024-12-31,DBC,0.099999
ml_gbt_playbook,2024-12-31,GLD,0.158413
ml_gbt_playbook,2024-12-31,BIL,0.094471
ml_gbt_playbook,2025-01-31,SPY,0.218620
ml_gbt_playbook,2025-01-31,EEM,0.066279
ml_gbt_playbook,2025-01-31,IEF,0.189270
ml_gbt_playbook,2025-01-31,TIP,0.148962
ml_gbt_playbook,2025-01-31,HYG,0.078349
ml_gbt_playbook,2025-01-31,DBC,0.078023
ml_gbt_playbook,2025-01-31,GLD,0.133721
ml_gbt_playbook,2025-01-31,BIL,0.086775
ml_gbt_playbook,2025-02-28,SPY,0.240539
ml_gbt_playbook,2025-02-28,EEM,0.087038
ml_gbt_playbook,2025-02-28,IEF,0.159216
ml_gbt_playbook,2025-02-28,TIP,0.146110
ml_gbt_playbook,2025-02-28,HYG,0.084132
ml_gbt_playbook,2025-02-28,DBC,0.091890
ml_gbt_playbook,2025-02-28,GLD,0.112962
ml_gbt_playbook,2025-02-28,BIL,0.078113
ml_gbt_playbook,2025-03-31,SPY,0.156767
ml_gbt_playbook,2025-03-31,EEM,0.038421
ml_gbt_playbook,2025-03-31,IEF,0.208275
ml_gbt_playbook,2025-03-31,TIP,0.179672
ml_gbt_playbook,2025-03-31,HYG,0.052518
ml_gbt_playbook,2025-03-31,DBC,0.102517
ml_gbt_playbook,2025-03-31,GLD,0.161579
ml_gbt_playbook,2025-03-31,BIL,0.100251
ml_gbt_playbook,2025-04-30,SPY,0.178434
ml_gbt_playbook,2025-04-30,EEM,0.055181
ml_gbt_playbook,2025-04-30,IEF,0.247877
ml_gbt_playbook,2025-04-30,TIP,0.143451
ml_gbt_playbook,2025-04-30,HYG,0.049190
ml_gbt_playbook,2025-04-30,DBC,0.077808
ml_gbt_playbook,2025-04-30,GLD,0.144819
ml_gbt_playbook,2025-04-30,BIL,0.103240
ml_gbt_playbook,2025-05-30,SPY,0.235982
ml_gbt_playbook,2025-05-30,EEM,0.090124
ml_gbt_playbook,2025-05-30,IEF,0.173553
ml_gbt_playbook,2025-05-30,TIP,0.140191
ml_gbt_playbook,2025-05-30,HYG,0.076647
ml_gbt_playbook,2025-05-30,DBC,0.092365
ml_gbt_playbook,2025-05-30,GLD,0.109876
ml_gbt_playbook,2025-05-30,BIL,0.081262
ml_gbt_playbook,2025-06-30,SPY,0.270556
ml_gbt_playbook,2025-06-30,EEM,0.095167
ml_gbt_playbook,2025-06-30,IEF,0.202857
ml_gbt_playbook,2025-06-30,TIP,0.106571
ml_gbt_playbook,2025-06-30,HYG,0.091450
ml_gbt_playbook,2025-06-30,DBC,0.048182
ml_gbt_playbook,2025-06-30,GLD,0.104833
ml_gbt_playbook,2025-06-30,BIL,0.080383
ml_gbt_playbook,2025-07-31,SPY,0.217040
ml_gbt_playbook,2025-07-31,EEM,0.079273
ml_gbt_playbook,2025-07-31,IEF,0.130350
ml_gbt_playbook,2025-07-31,TIP,0.174881
ml_gbt_playbook,2025-07-31,HYG,0.078453
ml_gbt_playbook,2025-07-31,DBC,0.122058
ml_gbt_playbook,2025-07-31,GLD,0.120727
ml_gbt_playbook,2025-07-31,BIL,0.077218
ml_gbt_playbook,2025-08-29,SPY,0.246335
ml_gbt_playbook,2025-08-29,EEM,0.089014
ml_gbt_playbook,2025-08-29,IEF,0.181379
ml_gbt_playbook,2025-08-29,TIP,0.131471
ml_gbt_playbook,2025-08-29,HYG,0.082984
ml_gbt_playbook,2025-08-29,DBC,0.076989
ml_gbt_playbook,2025-08-29,GLD,0.110986
ml_gbt_playbook,2025-08-29,BIL,0.080841
ml_gbt_playbook,2025-09-30,SPY,0.237726
ml_gbt_playbook,2025-09-30,EEM,0.082707
ml_gbt_playbook,2025-09-30,IEF,0.140603
ml_gbt_playbook,2025-09-30,TIP,0.158267
ml_gbt_playbook,2025-09-30,HYG,0.088245
ml_gbt_playbook,2025-09-30,DBC,0.099680
ml_gbt_playbook,2025-09-30,GLD,0.117293
ml_gbt_playbook,2025-09-30,BIL,0.075480
ml_gbt_playbook,2025-10-31,SPY,0.195649
ml_gbt_playbook,2025-10-31,EEM,0.061153
ml_gbt_playbook,2025-10-31,IEF,0.177342
ml_gbt_playbook,2025-10-31,TIP,0.168120
ml_gbt_playbook,2025-10-31,HYG,0.068440
ml_gbt_playbook,2025-10-31,DBC,0.101833
ml_gbt_playbook,2025-10-31,GLD,0.138847
ml_gbt_playbook,2025-10-31,BIL,0.088615
ml_gbt_playbook,2025-11-28,SPY,0.221805
ml_gbt_playbook,2025-11-28,EEM,0.085944
ml_gbt_playbook,2025-11-28,IEF,0.127221
ml_gbt_playbook,2025-11-28,TIP,0.171839
ml_gbt_playbook,2025-11-28,HYG,0.077703
ml_gbt_playbook,2025-11-28,DBC,0.125529
ml_gbt_playbook,2025-11-28,GLD,0.114056
ml_gbt_playbook,2025-11-28,BIL,0.075903
ml_gbt_playbook,2025-12-31,SPY,0.256200
ml_gbt_playbook,2025-12-31,EEM,0.110364
ml_gbt_playbook,2025-12-31,IEF,0.109855
ml_gbt_playbook,2025-12-31,TIP,0.155185
ml_gbt_playbook,2025-12-31,HYG,0.087248
ml_gbt_playbook,2025-12-31,DBC,0.124237
ml_gbt_playbook,2025-12-31,GLD,0.089636
ml_gbt_playbook,2025-12-31,BIL,0.067276
ml_gbt_playbook,2026-01-30,SPY,0.298811
ml_gbt_playbook,2026-01-30,EEM,0.132592
ml_gbt_playbook,2026-01-30,IEF,0.097753
ml_gbt_playbook,2026-01-30,TIP,0.132520
ml_gbt_playbook,2026-01-30,HYG,0.102853
ml_gbt_playbook,2026-01-30,DBC,0.109905
ml_gbt_playbook,2026-01-30,GLD,0.067408
ml_gbt_playbook,2026-01-30,BIL,0.058157
ml_gbt_playbook,2026-02-27,SPY,0.326012
ml_gbt_playbook,2026-02-27,EEM,0.126291
ml_gbt_playbook,2026-02-27,IEF,0.159593
ml_gbt_playbook,2026-02-27,TIP,0.090100
ml_gbt_playbook,2026-02-27,HYG,0.114882
ml_gbt_playbook,2026-02-27,DBC,0.045482
ml_gbt_playbook,2026-02-27,GLD,0.073709
ml_gbt_playbook,2026-02-27,BIL,0.063930
ml_gbt_playbook,2026-03-31,SPY,0.275654
ml_gbt_playbook,2026-03-31,EEM,0.119682
ml_gbt_playbook,2026-03-31,IEF,0.118757
ml_gbt_playbook,2026-03-31,TIP,0.137901
ml_gbt_playbook,2026-03-31,HYG,0.092522
ml_gbt_playbook,2026-03-31,DBC,0.109649
ml_gbt_playbook,2026-03-31,GLD,0.080318
ml_gbt_playbook,2026-03-31,BIL,0.065517
ml_gbt_playbook,2026-04-30,SPY,0.306968
ml_gbt_playbook,2026-04-30,EEM,0.126651
ml_gbt_playbook,2026-04-30,IEF,0.128935
ml_gbt_playbook,2026-04-30,TIP,0.114832
ml_gbt_playbook,2026-04-30,HYG,0.107055
ml_gbt_playbook,2026-04-30,DBC,0.080216
ml_gbt_playbook,2026-04-30,GLD,0.073349
ml_gbt_playbook,2026-04-30,BIL,0.061995
ml_gbt_playbook,2026-05-29,SPY,0.328866
ml_gbt_playbook,2026-05-29,EEM,0.133852
ml_gbt_playbook,2026-05-29,IEF,0.125378
ml_gbt_playbook,2026-05-29,TIP,0.103261
ml_gbt_playbook,2026-05-29,HYG,0.117447
ml_gbt_playbook,2026-05-29,DBC,0.067296
ml_gbt_playbook,2026-05-29,GLD,0.066148
ml_gbt_playbook,2026-05-29,BIL,0.057752
bl_equilibrium,2007-12-31,SPY,0.350000
bl_equilibrium,2007-12-31,EEM,0.100000
bl_equilibrium,2007-12-31,IEF,0.250000
bl_equilibrium,2007-12-31,TIP,0.050000
bl_equilibrium,2007-12-31,HYG,0.100000
bl_equilibrium,2007-12-31,DBC,0.050000
bl_equilibrium,2007-12-31,GLD,0.050000
bl_equilibrium,2007-12-31,BIL,0.050000
bl_equilibrium,2008-01-31,SPY,0.350000
bl_equilibrium,2008-01-31,EEM,0.100000
bl_equilibrium,2008-01-31,IEF,0.250000
bl_equilibrium,2008-01-31,TIP,0.050000
bl_equilibrium,2008-01-31,HYG,0.100000
bl_equilibrium,2008-01-31,DBC,0.050000
bl_equilibrium,2008-01-31,GLD,0.050000
bl_equilibrium,2008-01-31,BIL,0.050000
bl_equilibrium,2008-02-29,SPY,0.350000
bl_equilibrium,2008-02-29,EEM,0.100000
bl_equilibrium,2008-02-29,IEF,0.250000
bl_equilibrium,2008-02-29,TIP,0.050000
bl_equilibrium,2008-02-29,HYG,0.100000
bl_equilibrium,2008-02-29,DBC,0.050000
bl_equilibrium,2008-02-29,GLD,0.050000
bl_equilibrium,2008-02-29,BIL,0.050000
bl_equilibrium,2008-03-31,SPY,0.350000
bl_equilibrium,2008-03-31,EEM,0.100000
bl_equilibrium,2008-03-31,IEF,0.250000
bl_equilibrium,2008-03-31,TIP,0.050000
bl_equilibrium,2008-03-31,HYG,0.100000
bl_equilibrium,2008-03-31,DBC,0.050000
bl_equilibrium,2008-03-31,GLD,0.050000
bl_equilibrium,2008-03-31,BIL,0.050000
bl_equilibrium,2008-04-30,SPY,0.350000
bl_equilibrium,2008-04-30,EEM,0.100000
bl_equilibrium,2008-04-30,IEF,0.250000
bl_equilibrium,2008-04-30,TIP,0.050000
bl_equilibrium,2008-04-30,HYG,0.100000
bl_equilibrium,2008-04-30,DBC,0.050000
bl_equilibrium,2008-04-30,GLD,0.050000
bl_equilibrium,2008-04-30,BIL,0.050000
bl_equilibrium,2008-05-30,SPY,0.350000
bl_equilibrium,2008-05-30,EEM,0.100000
bl_equilibrium,2008-05-30,IEF,0.250000
bl_equilibrium,2008-05-30,TIP,0.050000
bl_equilibrium,2008-05-30,HYG,0.100000
bl_equilibrium,2008-05-30,DBC,0.050000
bl_equilibrium,2008-05-30,GLD,0.050000
bl_equilibrium,2008-05-30,BIL,0.050000
bl_equilibrium,2008-06-30,SPY,0.350000
bl_equilibrium,2008-06-30,EEM,0.100000
bl_equilibrium,2008-06-30,IEF,0.250000
bl_equilibrium,2008-06-30,TIP,0.050000
bl_equilibrium,2008-06-30,HYG,0.100000
bl_equilibrium,2008-06-30,DBC,0.050000
bl_equilibrium,2008-06-30,GLD,0.050000
bl_equilibrium,2008-06-30,BIL,0.050000
bl_equilibrium,2008-07-31,SPY,0.350000
bl_equilibrium,2008-07-31,EEM,0.100000
bl_equilibrium,2008-07-31,IEF,0.250000
bl_equilibrium,2008-07-31,TIP,0.050000
bl_equilibrium,2008-07-31,HYG,0.100000
bl_equilibrium,2008-07-31,DBC,0.050000
bl_equilibrium,2008-07-31,GLD,0.050000
bl_equilibrium,2008-07-31,BIL,0.050000
bl_equilibrium,2008-08-29,SPY,0.350000
bl_equilibrium,2008-08-29,EEM,0.100000
bl_equilibrium,2008-08-29,IEF,0.250000
bl_equilibrium,2008-08-29,TIP,0.050000
bl_equilibrium,2008-08-29,HYG,0.100000
bl_equilibrium,2008-08-29,DBC,0.050000
bl_equilibrium,2008-08-29,GLD,0.050000
bl_equilibrium,2008-08-29,BIL,0.050000
bl_equilibrium,2008-09-30,SPY,0.350000
bl_equilibrium,2008-09-30,EEM,0.100000
bl_equilibrium,2008-09-30,IEF,0.250000
bl_equilibrium,2008-09-30,TIP,0.050000
bl_equilibrium,2008-09-30,HYG,0.100000
bl_equilibrium,2008-09-30,DBC,0.050000
bl_equilibrium,2008-09-30,GLD,0.050000
bl_equilibrium,2008-09-30,BIL,0.050000
bl_equilibrium,2008-10-31,SPY,0.350000
bl_equilibrium,2008-10-31,EEM,0.100000
bl_equilibrium,2008-10-31,IEF,0.250000
bl_equilibrium,2008-10-31,TIP,0.050000
bl_equilibrium,2008-10-31,HYG,0.100000
bl_equilibrium,2008-10-31,DBC,0.050000
bl_equilibrium,2008-10-31,GLD,0.050000
bl_equilibrium,2008-10-31,BIL,0.050000
bl_equilibrium,2008-11-28,SPY,0.350000
bl_equilibrium,2008-11-28,EEM,0.100000
bl_equilibrium,2008-11-28,IEF,0.250000
bl_equilibrium,2008-11-28,TIP,0.050000
bl_equilibrium,2008-11-28,HYG,0.100000
bl_equilibrium,2008-11-28,DBC,0.050000
bl_equilibrium,2008-11-28,GLD,0.050000
bl_equilibrium,2008-11-28,BIL,0.050000
bl_equilibrium,2008-12-31,SPY,0.350000
bl_equilibrium,2008-12-31,EEM,0.100000
bl_equilibrium,2008-12-31,IEF,0.250000
bl_equilibrium,2008-12-31,TIP,0.050000
bl_equilibrium,2008-12-31,HYG,0.100000
bl_equilibrium,2008-12-31,DBC,0.050000
bl_equilibrium,2008-12-31,GLD,0.050000
bl_equilibrium,2008-12-31,BIL,0.050000
bl_equilibrium,2009-01-30,SPY,0.350000
bl_equilibrium,2009-01-30,EEM,0.100000
bl_equilibrium,2009-01-30,IEF,0.250000
bl_equilibrium,2009-01-30,TIP,0.050000
bl_equilibrium,2009-01-30,HYG,0.100000
bl_equilibrium,2009-01-30,DBC,0.050000
bl_equilibrium,2009-01-30,GLD,0.050000
bl_equilibrium,2009-01-30,BIL,0.050000
bl_equilibrium,2009-02-27,SPY,0.350000
bl_equilibrium,2009-02-27,EEM,0.100000
bl_equilibrium,2009-02-27,IEF,0.250000
bl_equilibrium,2009-02-27,TIP,0.050000
bl_equilibrium,2009-02-27,HYG,0.100000
bl_equilibrium,2009-02-27,DBC,0.050000
bl_equilibrium,2009-02-27,GLD,0.050000
bl_equilibrium,2009-02-27,BIL,0.050000
bl_equilibrium,2009-03-31,SPY,0.350000
bl_equilibrium,2009-03-31,EEM,0.100000
bl_equilibrium,2009-03-31,IEF,0.250000
bl_equilibrium,2009-03-31,TIP,0.050000
bl_equilibrium,2009-03-31,HYG,0.100000
bl_equilibrium,2009-03-31,DBC,0.050000
bl_equilibrium,2009-03-31,GLD,0.050000
bl_equilibrium,2009-03-31,BIL,0.050000
bl_equilibrium,2009-04-30,SPY,0.350000
bl_equilibrium,2009-04-30,EEM,0.100000
bl_equilibrium,2009-04-30,IEF,0.250000
bl_equilibrium,2009-04-30,TIP,0.050000
bl_equilibrium,2009-04-30,HYG,0.100000
bl_equilibrium,2009-04-30,DBC,0.050000
bl_equilibrium,2009-04-30,GLD,0.050000
bl_equilibrium,2009-04-30,BIL,0.050000
bl_equilibrium,2009-05-29,SPY,0.350000
bl_equilibrium,2009-05-29,EEM,0.100000
bl_equilibrium,2009-05-29,IEF,0.250000
bl_equilibrium,2009-05-29,TIP,0.050000
bl_equilibrium,2009-05-29,HYG,0.100000
bl_equilibrium,2009-05-29,DBC,0.050000
bl_equilibrium,2009-05-29,GLD,0.050000
bl_equilibrium,2009-05-29,BIL,0.050000
bl_equilibrium,2009-06-30,SPY,0.350000
bl_equilibrium,2009-06-30,EEM,0.100000
bl_equilibrium,2009-06-30,IEF,0.250000
bl_equilibrium,2009-06-30,TIP,0.050000
bl_equilibrium,2009-06-30,HYG,0.100000
bl_equilibrium,2009-06-30,DBC,0.050000
bl_equilibrium,2009-06-30,GLD,0.050000
bl_equilibrium,2009-06-30,BIL,0.050000
bl_equilibrium,2009-07-31,SPY,0.350000
bl_equilibrium,2009-07-31,EEM,0.100000
bl_equilibrium,2009-07-31,IEF,0.250000
bl_equilibrium,2009-07-31,TIP,0.050000
bl_equilibrium,2009-07-31,HYG,0.100000
bl_equilibrium,2009-07-31,DBC,0.050000
bl_equilibrium,2009-07-31,GLD,0.050000
bl_equilibrium,2009-07-31,BIL,0.050000
bl_equilibrium,2009-08-31,SPY,0.350000
bl_equilibrium,2009-08-31,EEM,0.100000
bl_equilibrium,2009-08-31,IEF,0.250000
bl_equilibrium,2009-08-31,TIP,0.050000
bl_equilibrium,2009-08-31,HYG,0.100000
bl_equilibrium,2009-08-31,DBC,0.050000
bl_equilibrium,2009-08-31,GLD,0.050000
bl_equilibrium,2009-08-31,BIL,0.050000
bl_equilibrium,2009-09-30,SPY,0.350000
bl_equilibrium,2009-09-30,EEM,0.100000
bl_equilibrium,2009-09-30,IEF,0.250000
bl_equilibrium,2009-09-30,TIP,0.050000
bl_equilibrium,2009-09-30,HYG,0.100000
bl_equilibrium,2009-09-30,DBC,0.050000
bl_equilibrium,2009-09-30,GLD,0.050000
bl_equilibrium,2009-09-30,BIL,0.050000
bl_equilibrium,2009-10-30,SPY,0.350000
bl_equilibrium,2009-10-30,EEM,0.100000
bl_equilibrium,2009-10-30,IEF,0.250000
bl_equilibrium,2009-10-30,TIP,0.050000
bl_equilibrium,2009-10-30,HYG,0.100000
bl_equilibrium,2009-10-30,DBC,0.050000
bl_equilibrium,2009-10-30,GLD,0.050000
bl_equilibrium,2009-10-30,BIL,0.050000
bl_equilibrium,2009-11-30,SPY,0.350000
bl_equilibrium,2009-11-30,EEM,0.100000
bl_equilibrium,2009-11-30,IEF,0.250000
bl_equilibrium,2009-11-30,TIP,0.050000
bl_equilibrium,2009-11-30,HYG,0.100000
bl_equilibrium,2009-11-30,DBC,0.050000
bl_equilibrium,2009-11-30,GLD,0.050000
bl_equilibrium,2009-11-30,BIL,0.050000
bl_equilibrium,2009-12-31,SPY,0.350000
bl_equilibrium,2009-12-31,EEM,0.100000
bl_equilibrium,2009-12-31,IEF,0.250000
bl_equilibrium,2009-12-31,TIP,0.050000
bl_equilibrium,2009-12-31,HYG,0.100000
bl_equilibrium,2009-12-31,DBC,0.050000
bl_equilibrium,2009-12-31,GLD,0.050000
bl_equilibrium,2009-12-31,BIL,0.050000
bl_equilibrium,2010-01-29,SPY,0.350000
bl_equilibrium,2010-01-29,EEM,0.100000
bl_equilibrium,2010-01-29,IEF,0.250000
bl_equilibrium,2010-01-29,TIP,0.050000
bl_equilibrium,2010-01-29,HYG,0.100000
bl_equilibrium,2010-01-29,DBC,0.050000
bl_equilibrium,2010-01-29,GLD,0.050000
bl_equilibrium,2010-01-29,BIL,0.050000
bl_equilibrium,2010-02-26,SPY,0.350000
bl_equilibrium,2010-02-26,EEM,0.100000
bl_equilibrium,2010-02-26,IEF,0.250000
bl_equilibrium,2010-02-26,TIP,0.050000
bl_equilibrium,2010-02-26,HYG,0.100000
bl_equilibrium,2010-02-26,DBC,0.050000
bl_equilibrium,2010-02-26,GLD,0.050000
bl_equilibrium,2010-02-26,BIL,0.050000
bl_equilibrium,2010-03-31,SPY,0.350000
bl_equilibrium,2010-03-31,EEM,0.100000
bl_equilibrium,2010-03-31,IEF,0.250000
bl_equilibrium,2010-03-31,TIP,0.050000
bl_equilibrium,2010-03-31,HYG,0.100000
bl_equilibrium,2010-03-31,DBC,0.050000
bl_equilibrium,2010-03-31,GLD,0.050000
bl_equilibrium,2010-03-31,BIL,0.050000
bl_equilibrium,2010-04-30,SPY,0.350000
bl_equilibrium,2010-04-30,EEM,0.100000
bl_equilibrium,2010-04-30,IEF,0.250000
bl_equilibrium,2010-04-30,TIP,0.050000
bl_equilibrium,2010-04-30,HYG,0.100000
bl_equilibrium,2010-04-30,DBC,0.050000
bl_equilibrium,2010-04-30,GLD,0.050000
bl_equilibrium,2010-04-30,BIL,0.050000
bl_equilibrium,2010-05-28,SPY,0.350000
bl_equilibrium,2010-05-28,EEM,0.100000
bl_equilibrium,2010-05-28,IEF,0.250000
bl_equilibrium,2010-05-28,TIP,0.050000
bl_equilibrium,2010-05-28,HYG,0.100000
bl_equilibrium,2010-05-28,DBC,0.050000
bl_equilibrium,2010-05-28,GLD,0.050000
bl_equilibrium,2010-05-28,BIL,0.050000
bl_equilibrium,2010-06-30,SPY,0.350000
bl_equilibrium,2010-06-30,EEM,0.100000
bl_equilibrium,2010-06-30,IEF,0.250000
bl_equilibrium,2010-06-30,TIP,0.050000
bl_equilibrium,2010-06-30,HYG,0.100000
bl_equilibrium,2010-06-30,DBC,0.050000
bl_equilibrium,2010-06-30,GLD,0.050000
bl_equilibrium,2010-06-30,BIL,0.050000
bl_equilibrium,2010-07-30,SPY,0.350000
bl_equilibrium,2010-07-30,EEM,0.100000
bl_equilibrium,2010-07-30,IEF,0.250000
bl_equilibrium,2010-07-30,TIP,0.050000
bl_equilibrium,2010-07-30,HYG,0.100000
bl_equilibrium,2010-07-30,DBC,0.050000
bl_equilibrium,2010-07-30,GLD,0.050000
bl_equilibrium,2010-07-30,BIL,0.050000
bl_equilibrium,2010-08-31,SPY,0.350000
bl_equilibrium,2010-08-31,EEM,0.100000
bl_equilibrium,2010-08-31,IEF,0.250000
bl_equilibrium,2010-08-31,TIP,0.050000
bl_equilibrium,2010-08-31,HYG,0.100000
bl_equilibrium,2010-08-31,DBC,0.050000
bl_equilibrium,2010-08-31,GLD,0.050000
bl_equilibrium,2010-08-31,BIL,0.050000
bl_equilibrium,2010-09-30,SPY,0.350000
bl_equilibrium,2010-09-30,EEM,0.100000
bl_equilibrium,2010-09-30,IEF,0.250000
bl_equilibrium,2010-09-30,TIP,0.050000
bl_equilibrium,2010-09-30,HYG,0.100000
bl_equilibrium,2010-09-30,DBC,0.050000
bl_equilibrium,2010-09-30,GLD,0.050000
bl_equilibrium,2010-09-30,BIL,0.050000
bl_equilibrium,2010-10-29,SPY,0.350000
bl_equilibrium,2010-10-29,EEM,0.100000
bl_equilibrium,2010-10-29,IEF,0.250000
bl_equilibrium,2010-10-29,TIP,0.050000
bl_equilibrium,2010-10-29,HYG,0.100000
bl_equilibrium,2010-10-29,DBC,0.050000
bl_equilibrium,2010-10-29,GLD,0.050000
bl_equilibrium,2010-10-29,BIL,0.050000
bl_equilibrium,2010-11-30,SPY,0.350000
bl_equilibrium,2010-11-30,EEM,0.100000
bl_equilibrium,2010-11-30,IEF,0.250000
bl_equilibrium,2010-11-30,TIP,0.050000
bl_equilibrium,2010-11-30,HYG,0.100000
bl_equilibrium,2010-11-30,DBC,0.050000
bl_equilibrium,2010-11-30,GLD,0.050000
bl_equilibrium,2010-11-30,BIL,0.050000
bl_equilibrium,2010-12-31,SPY,0.350000
bl_equilibrium,2010-12-31,EEM,0.100000
bl_equilibrium,2010-12-31,IEF,0.250000
bl_equilibrium,2010-12-31,TIP,0.050000
bl_equilibrium,2010-12-31,HYG,0.100000
bl_equilibrium,2010-12-31,DBC,0.050000
bl_equilibrium,2010-12-31,GLD,0.050000
bl_equilibrium,2010-12-31,BIL,0.050000
bl_equilibrium,2011-01-31,SPY,0.350000
bl_equilibrium,2011-01-31,EEM,0.100000
bl_equilibrium,2011-01-31,IEF,0.250000
bl_equilibrium,2011-01-31,TIP,0.050000
bl_equilibrium,2011-01-31,HYG,0.100000
bl_equilibrium,2011-01-31,DBC,0.050000
bl_equilibrium,2011-01-31,GLD,0.050000
bl_equilibrium,2011-01-31,BIL,0.050000
bl_equilibrium,2011-02-28,SPY,0.350000
bl_equilibrium,2011-02-28,EEM,0.100000
bl_equilibrium,2011-02-28,IEF,0.250000
bl_equilibrium,2011-02-28,TIP,0.050000
bl_equilibrium,2011-02-28,HYG,0.100000
bl_equilibrium,2011-02-28,DBC,0.050000
bl_equilibrium,2011-02-28,GLD,0.050000
bl_equilibrium,2011-02-28,BIL,0.050000
bl_equilibrium,2011-03-31,SPY,0.350000
bl_equilibrium,2011-03-31,EEM,0.100000
bl_equilibrium,2011-03-31,IEF,0.250000
bl_equilibrium,2011-03-31,TIP,0.050000
bl_equilibrium,2011-03-31,HYG,0.100000
bl_equilibrium,2011-03-31,DBC,0.050000
bl_equilibrium,2011-03-31,GLD,0.050000
bl_equilibrium,2011-03-31,BIL,0.050000
bl_equilibrium,2011-04-29,SPY,0.350000
bl_equilibrium,2011-04-29,EEM,0.100000
bl_equilibrium,2011-04-29,IEF,0.250000
bl_equilibrium,2011-04-29,TIP,0.050000
bl_equilibrium,2011-04-29,HYG,0.100000
bl_equilibrium,2011-04-29,DBC,0.050000
bl_equilibrium,2011-04-29,GLD,0.050000
bl_equilibrium,2011-04-29,BIL,0.050000
bl_equilibrium,2011-05-31,SPY,0.350000
bl_equilibrium,2011-05-31,EEM,0.100000
bl_equilibrium,2011-05-31,IEF,0.250000
bl_equilibrium,2011-05-31,TIP,0.050000
bl_equilibrium,2011-05-31,HYG,0.100000
bl_equilibrium,2011-05-31,DBC,0.050000
bl_equilibrium,2011-05-31,GLD,0.050000
bl_equilibrium,2011-05-31,BIL,0.050000
bl_equilibrium,2011-06-30,SPY,0.350000
bl_equilibrium,2011-06-30,EEM,0.100000
bl_equilibrium,2011-06-30,IEF,0.250000
bl_equilibrium,2011-06-30,TIP,0.050000
bl_equilibrium,2011-06-30,HYG,0.100000
bl_equilibrium,2011-06-30,DBC,0.050000
bl_equilibrium,2011-06-30,GLD,0.050000
bl_equilibrium,2011-06-30,BIL,0.050000
bl_equilibrium,2011-07-29,SPY,0.350000
bl_equilibrium,2011-07-29,EEM,0.100000
bl_equilibrium,2011-07-29,IEF,0.250000
bl_equilibrium,2011-07-29,TIP,0.050000
bl_equilibrium,2011-07-29,HYG,0.100000
bl_equilibrium,2011-07-29,DBC,0.050000
bl_equilibrium,2011-07-29,GLD,0.050000
bl_equilibrium,2011-07-29,BIL,0.050000
bl_equilibrium,2011-08-31,SPY,0.350000
bl_equilibrium,2011-08-31,EEM,0.100000
bl_equilibrium,2011-08-31,IEF,0.250000
bl_equilibrium,2011-08-31,TIP,0.050000
bl_equilibrium,2011-08-31,HYG,0.100000
bl_equilibrium,2011-08-31,DBC,0.050000
bl_equilibrium,2011-08-31,GLD,0.050000
bl_equilibrium,2011-08-31,BIL,0.050000
bl_equilibrium,2011-09-30,SPY,0.350000
bl_equilibrium,2011-09-30,EEM,0.100000
bl_equilibrium,2011-09-30,IEF,0.250000
bl_equilibrium,2011-09-30,TIP,0.050000
bl_equilibrium,2011-09-30,HYG,0.100000
bl_equilibrium,2011-09-30,DBC,0.050000
bl_equilibrium,2011-09-30,GLD,0.050000
bl_equilibrium,2011-09-30,BIL,0.050000
bl_equilibrium,2011-10-31,SPY,0.350000
bl_equilibrium,2011-10-31,EEM,0.100000
bl_equilibrium,2011-10-31,IEF,0.250000
bl_equilibrium,2011-10-31,TIP,0.050000
bl_equilibrium,2011-10-31,HYG,0.100000
bl_equilibrium,2011-10-31,DBC,0.050000
bl_equilibrium,2011-10-31,GLD,0.050000
bl_equilibrium,2011-10-31,BIL,0.050000
bl_equilibrium,2011-11-30,SPY,0.350000
bl_equilibrium,2011-11-30,EEM,0.100000
bl_equilibrium,2011-11-30,IEF,0.250000
bl_equilibrium,2011-11-30,TIP,0.050000
bl_equilibrium,2011-11-30,HYG,0.100000
bl_equilibrium,2011-11-30,DBC,0.050000
bl_equilibrium,2011-11-30,GLD,0.050000
bl_equilibrium,2011-11-30,BIL,0.050000
bl_equilibrium,2011-12-30,SPY,0.350000
bl_equilibrium,2011-12-30,EEM,0.100000
bl_equilibrium,2011-12-30,IEF,0.250000
bl_equilibrium,2011-12-30,TIP,0.050000
bl_equilibrium,2011-12-30,HYG,0.100000
bl_equilibrium,2011-12-30,DBC,0.050000
bl_equilibrium,2011-12-30,GLD,0.050000
bl_equilibrium,2011-12-30,BIL,0.050000
bl_equilibrium,2012-01-31,SPY,0.350000
bl_equilibrium,2012-01-31,EEM,0.100000
bl_equilibrium,2012-01-31,IEF,0.250000
bl_equilibrium,2012-01-31,TIP,0.050000
bl_equilibrium,2012-01-31,HYG,0.100000
bl_equilibrium,2012-01-31,DBC,0.050000
bl_equilibrium,2012-01-31,GLD,0.050000
bl_equilibrium,2012-01-31,BIL,0.050000
bl_equilibrium,2012-02-29,SPY,0.350000
bl_equilibrium,2012-02-29,EEM,0.100000
bl_equilibrium,2012-02-29,IEF,0.250000
bl_equilibrium,2012-02-29,TIP,0.050000
bl_equilibrium,2012-02-29,HYG,0.100000
bl_equilibrium,2012-02-29,DBC,0.050000
bl_equilibrium,2012-02-29,GLD,0.050000
bl_equilibrium,2012-02-29,BIL,0.050000
bl_equilibrium,2012-03-30,SPY,0.350000
bl_equilibrium,2012-03-30,EEM,0.100000
bl_equilibrium,2012-03-30,IEF,0.250000
bl_equilibrium,2012-03-30,TIP,0.050000
bl_equilibrium,2012-03-30,HYG,0.100000
bl_equilibrium,2012-03-30,DBC,0.050000
bl_equilibrium,2012-03-30,GLD,0.050000
bl_equilibrium,2012-03-30,BIL,0.050000
bl_equilibrium,2012-04-30,SPY,0.350000
bl_equilibrium,2012-04-30,EEM,0.100000
bl_equilibrium,2012-04-30,IEF,0.250000
bl_equilibrium,2012-04-30,TIP,0.050000
bl_equilibrium,2012-04-30,HYG,0.100000
bl_equilibrium,2012-04-30,DBC,0.050000
bl_equilibrium,2012-04-30,GLD,0.050000
bl_equilibrium,2012-04-30,BIL,0.050000
bl_equilibrium,2012-05-31,SPY,0.350000
bl_equilibrium,2012-05-31,EEM,0.100000
bl_equilibrium,2012-05-31,IEF,0.250000
bl_equilibrium,2012-05-31,TIP,0.050000
bl_equilibrium,2012-05-31,HYG,0.100000
bl_equilibrium,2012-05-31,DBC,0.050000
bl_equilibrium,2012-05-31,GLD,0.050000
bl_equilibrium,2012-05-31,BIL,0.050000
bl_equilibrium,2012-06-29,SPY,0.350000
bl_equilibrium,2012-06-29,EEM,0.100000
bl_equilibrium,2012-06-29,IEF,0.250000
bl_equilibrium,2012-06-29,TIP,0.050000
bl_equilibrium,2012-06-29,HYG,0.100000
bl_equilibrium,2012-06-29,DBC,0.050000
bl_equilibrium,2012-06-29,GLD,0.050000
bl_equilibrium,2012-06-29,BIL,0.050000
bl_equilibrium,2012-07-31,SPY,0.350000
bl_equilibrium,2012-07-31,EEM,0.100000
bl_equilibrium,2012-07-31,IEF,0.250000
bl_equilibrium,2012-07-31,TIP,0.050000
bl_equilibrium,2012-07-31,HYG,0.100000
bl_equilibrium,2012-07-31,DBC,0.050000
bl_equilibrium,2012-07-31,GLD,0.050000
bl_equilibrium,2012-07-31,BIL,0.050000
bl_equilibrium,2012-08-31,SPY,0.350000
bl_equilibrium,2012-08-31,EEM,0.100000
bl_equilibrium,2012-08-31,IEF,0.250000
bl_equilibrium,2012-08-31,TIP,0.050000
bl_equilibrium,2012-08-31,HYG,0.100000
bl_equilibrium,2012-08-31,DBC,0.050000
bl_equilibrium,2012-08-31,GLD,0.050000
bl_equilibrium,2012-08-31,BIL,0.050000
bl_equilibrium,2012-09-28,SPY,0.350000
bl_equilibrium,2012-09-28,EEM,0.100000
bl_equilibrium,2012-09-28,IEF,0.250000
bl_equilibrium,2012-09-28,TIP,0.050000
bl_equilibrium,2012-09-28,HYG,0.100000
bl_equilibrium,2012-09-28,DBC,0.050000
bl_equilibrium,2012-09-28,GLD,0.050000
bl_equilibrium,2012-09-28,BIL,0.050000
bl_equilibrium,2012-10-31,SPY,0.350000
bl_equilibrium,2012-10-31,EEM,0.100000
bl_equilibrium,2012-10-31,IEF,0.250000
bl_equilibrium,2012-10-31,TIP,0.050000
bl_equilibrium,2012-10-31,HYG,0.100000
bl_equilibrium,2012-10-31,DBC,0.050000
bl_equilibrium,2012-10-31,GLD,0.050000
bl_equilibrium,2012-10-31,BIL,0.050000
bl_equilibrium,2012-11-30,SPY,0.350000
bl_equilibrium,2012-11-30,EEM,0.100000
bl_equilibrium,2012-11-30,IEF,0.250000
bl_equilibrium,2012-11-30,TIP,0.050000
bl_equilibrium,2012-11-30,HYG,0.100000
bl_equilibrium,2012-11-30,DBC,0.050000
bl_equilibrium,2012-11-30,GLD,0.050000
bl_equilibrium,2012-11-30,BIL,0.050000
bl_equilibrium,2012-12-31,SPY,0.350000
bl_equilibrium,2012-12-31,EEM,0.100000
bl_equilibrium,2012-12-31,IEF,0.250000
bl_equilibrium,2012-12-31,TIP,0.050000
bl_equilibrium,2012-12-31,HYG,0.100000
bl_equilibrium,2012-12-31,DBC,0.050000
bl_equilibrium,2012-12-31,GLD,0.050000
bl_equilibrium,2012-12-31,BIL,0.050000
bl_equilibrium,2013-01-31,SPY,0.350000
bl_equilibrium,2013-01-31,EEM,0.100000
bl_equilibrium,2013-01-31,IEF,0.250000
bl_equilibrium,2013-01-31,TIP,0.050000
bl_equilibrium,2013-01-31,HYG,0.100000
bl_equilibrium,2013-01-31,DBC,0.050000
bl_equilibrium,2013-01-31,GLD,0.050000
bl_equilibrium,2013-01-31,BIL,0.050000
bl_equilibrium,2013-02-28,SPY,0.350000
bl_equilibrium,2013-02-28,EEM,0.100000
bl_equilibrium,2013-02-28,IEF,0.250000
bl_equilibrium,2013-02-28,TIP,0.050000
bl_equilibrium,2013-02-28,HYG,0.100000
bl_equilibrium,2013-02-28,DBC,0.050000
bl_equilibrium,2013-02-28,GLD,0.050000
bl_equilibrium,2013-02-28,BIL,0.050000
bl_equilibrium,2013-03-28,SPY,0.350000
bl_equilibrium,2013-03-28,EEM,0.100000
bl_equilibrium,2013-03-28,IEF,0.250000
bl_equilibrium,2013-03-28,TIP,0.050000
bl_equilibrium,2013-03-28,HYG,0.100000
bl_equilibrium,2013-03-28,DBC,0.050000
bl_equilibrium,2013-03-28,GLD,0.050000
bl_equilibrium,2013-03-28,BIL,0.050000
bl_equilibrium,2013-04-30,SPY,0.350000
bl_equilibrium,2013-04-30,EEM,0.100000
bl_equilibrium,2013-04-30,IEF,0.250000
bl_equilibrium,2013-04-30,TIP,0.050000
bl_equilibrium,2013-04-30,HYG,0.100000
bl_equilibrium,2013-04-30,DBC,0.050000
bl_equilibrium,2013-04-30,GLD,0.050000
bl_equilibrium,2013-04-30,BIL,0.050000
bl_equilibrium,2013-05-31,SPY,0.350000
bl_equilibrium,2013-05-31,EEM,0.100000
bl_equilibrium,2013-05-31,IEF,0.250000
bl_equilibrium,2013-05-31,TIP,0.050000
bl_equilibrium,2013-05-31,HYG,0.100000
bl_equilibrium,2013-05-31,DBC,0.050000
bl_equilibrium,2013-05-31,GLD,0.050000
bl_equilibrium,2013-05-31,BIL,0.050000
bl_equilibrium,2013-06-28,SPY,0.350000
bl_equilibrium,2013-06-28,EEM,0.100000
bl_equilibrium,2013-06-28,IEF,0.250000
bl_equilibrium,2013-06-28,TIP,0.050000
bl_equilibrium,2013-06-28,HYG,0.100000
bl_equilibrium,2013-06-28,DBC,0.050000
bl_equilibrium,2013-06-28,GLD,0.050000
bl_equilibrium,2013-06-28,BIL,0.050000
bl_equilibrium,2013-07-31,SPY,0.350000
bl_equilibrium,2013-07-31,EEM,0.100000
bl_equilibrium,2013-07-31,IEF,0.250000
bl_equilibrium,2013-07-31,TIP,0.050000
bl_equilibrium,2013-07-31,HYG,0.100000
bl_equilibrium,2013-07-31,DBC,0.050000
bl_equilibrium,2013-07-31,GLD,0.050000
bl_equilibrium,2013-07-31,BIL,0.050000
bl_equilibrium,2013-08-30,SPY,0.350000
bl_equilibrium,2013-08-30,EEM,0.100000
bl_equilibrium,2013-08-30,IEF,0.250000
bl_equilibrium,2013-08-30,TIP,0.050000
bl_equilibrium,2013-08-30,HYG,0.100000
bl_equilibrium,2013-08-30,DBC,0.050000
bl_equilibrium,2013-08-30,GLD,0.050000
bl_equilibrium,2013-08-30,BIL,0.050000
bl_equilibrium,2013-09-30,SPY,0.350000
bl_equilibrium,2013-09-30,EEM,0.100000
bl_equilibrium,2013-09-30,IEF,0.250000
bl_equilibrium,2013-09-30,TIP,0.050000
bl_equilibrium,2013-09-30,HYG,0.100000
bl_equilibrium,2013-09-30,DBC,0.050000
bl_equilibrium,2013-09-30,GLD,0.050000
bl_equilibrium,2013-09-30,BIL,0.050000
bl_equilibrium,2013-10-31,SPY,0.350000
bl_equilibrium,2013-10-31,EEM,0.100000
bl_equilibrium,2013-10-31,IEF,0.250000
bl_equilibrium,2013-10-31,TIP,0.050000
bl_equilibrium,2013-10-31,HYG,0.100000
bl_equilibrium,2013-10-31,DBC,0.050000
bl_equilibrium,2013-10-31,GLD,0.050000
bl_equilibrium,2013-10-31,BIL,0.050000
bl_equilibrium,2013-11-29,SPY,0.350000
bl_equilibrium,2013-11-29,EEM,0.100000
bl_equilibrium,2013-11-29,IEF,0.250000
bl_equilibrium,2013-11-29,TIP,0.050000
bl_equilibrium,2013-11-29,HYG,0.100000
bl_equilibrium,2013-11-29,DBC,0.050000
bl_equilibrium,2013-11-29,GLD,0.050000
bl_equilibrium,2013-11-29,BIL,0.050000
bl_equilibrium,2013-12-31,SPY,0.350000
bl_equilibrium,2013-12-31,EEM,0.100000
bl_equilibrium,2013-12-31,IEF,0.250000
bl_equilibrium,2013-12-31,TIP,0.050000
bl_equilibrium,2013-12-31,HYG,0.100000
bl_equilibrium,2013-12-31,DBC,0.050000
bl_equilibrium,2013-12-31,GLD,0.050000
bl_equilibrium,2013-12-31,BIL,0.050000
bl_equilibrium,2014-01-31,SPY,0.350000
bl_equilibrium,2014-01-31,EEM,0.100000
bl_equilibrium,2014-01-31,IEF,0.250000
bl_equilibrium,2014-01-31,TIP,0.050000
bl_equilibrium,2014-01-31,HYG,0.100000
bl_equilibrium,2014-01-31,DBC,0.050000
bl_equilibrium,2014-01-31,GLD,0.050000
bl_equilibrium,2014-01-31,BIL,0.050000
bl_equilibrium,2014-02-28,SPY,0.350000
bl_equilibrium,2014-02-28,EEM,0.100000
bl_equilibrium,2014-02-28,IEF,0.250000
bl_equilibrium,2014-02-28,TIP,0.050000
bl_equilibrium,2014-02-28,HYG,0.100000
bl_equilibrium,2014-02-28,DBC,0.050000
bl_equilibrium,2014-02-28,GLD,0.050000
bl_equilibrium,2014-02-28,BIL,0.050000
bl_equilibrium,2014-03-31,SPY,0.350000
bl_equilibrium,2014-03-31,EEM,0.100000
bl_equilibrium,2014-03-31,IEF,0.250000
bl_equilibrium,2014-03-31,TIP,0.050000
bl_equilibrium,2014-03-31,HYG,0.100000
bl_equilibrium,2014-03-31,DBC,0.050000
bl_equilibrium,2014-03-31,GLD,0.050000
bl_equilibrium,2014-03-31,BIL,0.050000
bl_equilibrium,2014-04-30,SPY,0.350000
bl_equilibrium,2014-04-30,EEM,0.100000
bl_equilibrium,2014-04-30,IEF,0.250000
bl_equilibrium,2014-04-30,TIP,0.050000
bl_equilibrium,2014-04-30,HYG,0.100000
bl_equilibrium,2014-04-30,DBC,0.050000
bl_equilibrium,2014-04-30,GLD,0.050000
bl_equilibrium,2014-04-30,BIL,0.050000
bl_equilibrium,2014-05-30,SPY,0.350000
bl_equilibrium,2014-05-30,EEM,0.100000
bl_equilibrium,2014-05-30,IEF,0.250000
bl_equilibrium,2014-05-30,TIP,0.050000
bl_equilibrium,2014-05-30,HYG,0.100000
bl_equilibrium,2014-05-30,DBC,0.050000
bl_equilibrium,2014-05-30,GLD,0.050000
bl_equilibrium,2014-05-30,BIL,0.050000
bl_equilibrium,2014-06-30,SPY,0.350000
bl_equilibrium,2014-06-30,EEM,0.100000
bl_equilibrium,2014-06-30,IEF,0.250000
bl_equilibrium,2014-06-30,TIP,0.050000
bl_equilibrium,2014-06-30,HYG,0.100000
bl_equilibrium,2014-06-30,DBC,0.050000
bl_equilibrium,2014-06-30,GLD,0.050000
bl_equilibrium,2014-06-30,BIL,0.050000
bl_equilibrium,2014-07-31,SPY,0.350000
bl_equilibrium,2014-07-31,EEM,0.100000
bl_equilibrium,2014-07-31,IEF,0.250000
bl_equilibrium,2014-07-31,TIP,0.050000
bl_equilibrium,2014-07-31,HYG,0.100000
bl_equilibrium,2014-07-31,DBC,0.050000
bl_equilibrium,2014-07-31,GLD,0.050000
bl_equilibrium,2014-07-31,BIL,0.050000
bl_equilibrium,2014-08-29,SPY,0.350000
bl_equilibrium,2014-08-29,EEM,0.100000
bl_equilibrium,2014-08-29,IEF,0.250000
bl_equilibrium,2014-08-29,TIP,0.050000
bl_equilibrium,2014-08-29,HYG,0.100000
bl_equilibrium,2014-08-29,DBC,0.050000
bl_equilibrium,2014-08-29,GLD,0.050000
bl_equilibrium,2014-08-29,BIL,0.050000
bl_equilibrium,2014-09-30,SPY,0.350000
bl_equilibrium,2014-09-30,EEM,0.100000
bl_equilibrium,2014-09-30,IEF,0.250000
bl_equilibrium,2014-09-30,TIP,0.050000
bl_equilibrium,2014-09-30,HYG,0.100000
bl_equilibrium,2014-09-30,DBC,0.050000
bl_equilibrium,2014-09-30,GLD,0.050000
bl_equilibrium,2014-09-30,BIL,0.050000
bl_equilibrium,2014-10-31,SPY,0.350000
bl_equilibrium,2014-10-31,EEM,0.100000
bl_equilibrium,2014-10-31,IEF,0.250000
bl_equilibrium,2014-10-31,TIP,0.050000
bl_equilibrium,2014-10-31,HYG,0.100000
bl_equilibrium,2014-10-31,DBC,0.050000
bl_equilibrium,2014-10-31,GLD,0.050000
bl_equilibrium,2014-10-31,BIL,0.050000
bl_equilibrium,2014-11-28,SPY,0.350000
bl_equilibrium,2014-11-28,EEM,0.100000
bl_equilibrium,2014-11-28,IEF,0.250000
bl_equilibrium,2014-11-28,TIP,0.050000
bl_equilibrium,2014-11-28,HYG,0.100000
bl_equilibrium,2014-11-28,DBC,0.050000
bl_equilibrium,2014-11-28,GLD,0.050000
bl_equilibrium,2014-11-28,BIL,0.050000
bl_equilibrium,2014-12-31,SPY,0.350000
bl_equilibrium,2014-12-31,EEM,0.100000
bl_equilibrium,2014-12-31,IEF,0.250000
bl_equilibrium,2014-12-31,TIP,0.050000
bl_equilibrium,2014-12-31,HYG,0.100000
bl_equilibrium,2014-12-31,DBC,0.050000
bl_equilibrium,2014-12-31,GLD,0.050000
bl_equilibrium,2014-12-31,BIL,0.050000
bl_equilibrium,2015-01-30,SPY,0.350000
bl_equilibrium,2015-01-30,EEM,0.100000
bl_equilibrium,2015-01-30,IEF,0.250000
bl_equilibrium,2015-01-30,TIP,0.050000
bl_equilibrium,2015-01-30,HYG,0.100000
bl_equilibrium,2015-01-30,DBC,0.050000
bl_equilibrium,2015-01-30,GLD,0.050000
bl_equilibrium,2015-01-30,BIL,0.050000
bl_equilibrium,2015-02-27,SPY,0.350000
bl_equilibrium,2015-02-27,EEM,0.100000
bl_equilibrium,2015-02-27,IEF,0.250000
bl_equilibrium,2015-02-27,TIP,0.050000
bl_equilibrium,2015-02-27,HYG,0.100000
bl_equilibrium,2015-02-27,DBC,0.050000
bl_equilibrium,2015-02-27,GLD,0.050000
bl_equilibrium,2015-02-27,BIL,0.050000
bl_equilibrium,2015-03-31,SPY,0.350000
bl_equilibrium,2015-03-31,EEM,0.100000
bl_equilibrium,2015-03-31,IEF,0.250000
bl_equilibrium,2015-03-31,TIP,0.050000
bl_equilibrium,2015-03-31,HYG,0.100000
bl_equilibrium,2015-03-31,DBC,0.050000
bl_equilibrium,2015-03-31,GLD,0.050000
bl_equilibrium,2015-03-31,BIL,0.050000
bl_equilibrium,2015-04-30,SPY,0.350000
bl_equilibrium,2015-04-30,EEM,0.100000
bl_equilibrium,2015-04-30,IEF,0.250000
bl_equilibrium,2015-04-30,TIP,0.050000
bl_equilibrium,2015-04-30,HYG,0.100000
bl_equilibrium,2015-04-30,DBC,0.050000
bl_equilibrium,2015-04-30,GLD,0.050000
bl_equilibrium,2015-04-30,BIL,0.050000
bl_equilibrium,2015-05-29,SPY,0.350000
bl_equilibrium,2015-05-29,EEM,0.100000
bl_equilibrium,2015-05-29,IEF,0.250000
bl_equilibrium,2015-05-29,TIP,0.050000
bl_equilibrium,2015-05-29,HYG,0.100000
bl_equilibrium,2015-05-29,DBC,0.050000
bl_equilibrium,2015-05-29,GLD,0.050000
bl_equilibrium,2015-05-29,BIL,0.050000
bl_equilibrium,2015-06-30,SPY,0.350000
bl_equilibrium,2015-06-30,EEM,0.100000
bl_equilibrium,2015-06-30,IEF,0.250000
bl_equilibrium,2015-06-30,TIP,0.050000
bl_equilibrium,2015-06-30,HYG,0.100000
bl_equilibrium,2015-06-30,DBC,0.050000
bl_equilibrium,2015-06-30,GLD,0.050000
bl_equilibrium,2015-06-30,BIL,0.050000
bl_equilibrium,2015-07-31,SPY,0.350000
bl_equilibrium,2015-07-31,EEM,0.100000
bl_equilibrium,2015-07-31,IEF,0.250000
bl_equilibrium,2015-07-31,TIP,0.050000
bl_equilibrium,2015-07-31,HYG,0.100000
bl_equilibrium,2015-07-31,DBC,0.050000
bl_equilibrium,2015-07-31,GLD,0.050000
bl_equilibrium,2015-07-31,BIL,0.050000
bl_equilibrium,2015-08-31,SPY,0.350000
bl_equilibrium,2015-08-31,EEM,0.100000
bl_equilibrium,2015-08-31,IEF,0.250000
bl_equilibrium,2015-08-31,TIP,0.050000
bl_equilibrium,2015-08-31,HYG,0.100000
bl_equilibrium,2015-08-31,DBC,0.050000
bl_equilibrium,2015-08-31,GLD,0.050000
bl_equilibrium,2015-08-31,BIL,0.050000
bl_equilibrium,2015-09-30,SPY,0.350000
bl_equilibrium,2015-09-30,EEM,0.100000
bl_equilibrium,2015-09-30,IEF,0.250000
bl_equilibrium,2015-09-30,TIP,0.050000
bl_equilibrium,2015-09-30,HYG,0.100000
bl_equilibrium,2015-09-30,DBC,0.050000
bl_equilibrium,2015-09-30,GLD,0.050000
bl_equilibrium,2015-09-30,BIL,0.050000
bl_equilibrium,2015-10-30,SPY,0.350000
bl_equilibrium,2015-10-30,EEM,0.100000
bl_equilibrium,2015-10-30,IEF,0.250000
bl_equilibrium,2015-10-30,TIP,0.050000
bl_equilibrium,2015-10-30,HYG,0.100000
bl_equilibrium,2015-10-30,DBC,0.050000
bl_equilibrium,2015-10-30,GLD,0.050000
bl_equilibrium,2015-10-30,BIL,0.050000
bl_equilibrium,2015-11-30,SPY,0.350000
bl_equilibrium,2015-11-30,EEM,0.100000
bl_equilibrium,2015-11-30,IEF,0.250000
bl_equilibrium,2015-11-30,TIP,0.050000
bl_equilibrium,2015-11-30,HYG,0.100000
bl_equilibrium,2015-11-30,DBC,0.050000
bl_equilibrium,2015-11-30,GLD,0.050000
bl_equilibrium,2015-11-30,BIL,0.050000
bl_equilibrium,2015-12-31,SPY,0.350000
bl_equilibrium,2015-12-31,EEM,0.100000
bl_equilibrium,2015-12-31,IEF,0.250000
bl_equilibrium,2015-12-31,TIP,0.050000
bl_equilibrium,2015-12-31,HYG,0.100000
bl_equilibrium,2015-12-31,DBC,0.050000
bl_equilibrium,2015-12-31,GLD,0.050000
bl_equilibrium,2015-12-31,BIL,0.050000
bl_equilibrium,2016-01-29,SPY,0.350000
bl_equilibrium,2016-01-29,EEM,0.100000
bl_equilibrium,2016-01-29,IEF,0.250000
bl_equilibrium,2016-01-29,TIP,0.050000
bl_equilibrium,2016-01-29,HYG,0.100000
bl_equilibrium,2016-01-29,DBC,0.050000
bl_equilibrium,2016-01-29,GLD,0.050000
bl_equilibrium,2016-01-29,BIL,0.050000
bl_equilibrium,2016-02-29,SPY,0.350000
bl_equilibrium,2016-02-29,EEM,0.100000
bl_equilibrium,2016-02-29,IEF,0.250000
bl_equilibrium,2016-02-29,TIP,0.050000
bl_equilibrium,2016-02-29,HYG,0.100000
bl_equilibrium,2016-02-29,DBC,0.050000
bl_equilibrium,2016-02-29,GLD,0.050000
bl_equilibrium,2016-02-29,BIL,0.050000
bl_equilibrium,2016-03-31,SPY,0.350000
bl_equilibrium,2016-03-31,EEM,0.100000
bl_equilibrium,2016-03-31,IEF,0.250000
bl_equilibrium,2016-03-31,TIP,0.050000
bl_equilibrium,2016-03-31,HYG,0.100000
bl_equilibrium,2016-03-31,DBC,0.050000
bl_equilibrium,2016-03-31,GLD,0.050000
bl_equilibrium,2016-03-31,BIL,0.050000
bl_equilibrium,2016-04-29,SPY,0.350000
bl_equilibrium,2016-04-29,EEM,0.100000
bl_equilibrium,2016-04-29,IEF,0.250000
bl_equilibrium,2016-04-29,TIP,0.050000
bl_equilibrium,2016-04-29,HYG,0.100000
bl_equilibrium,2016-04-29,DBC,0.050000
bl_equilibrium,2016-04-29,GLD,0.050000
bl_equilibrium,2016-04-29,BIL,0.050000
bl_equilibrium,2016-05-31,SPY,0.350000
bl_equilibrium,2016-05-31,EEM,0.100000
bl_equilibrium,2016-05-31,IEF,0.250000
bl_equilibrium,2016-05-31,TIP,0.050000
bl_equilibrium,2016-05-31,HYG,0.100000
bl_equilibrium,2016-05-31,DBC,0.050000
bl_equilibrium,2016-05-31,GLD,0.050000
bl_equilibrium,2016-05-31,BIL,0.050000
bl_equilibrium,2016-06-30,SPY,0.350000
bl_equilibrium,2016-06-30,EEM,0.100000
bl_equilibrium,2016-06-30,IEF,0.250000
bl_equilibrium,2016-06-30,TIP,0.050000
bl_equilibrium,2016-06-30,HYG,0.100000
bl_equilibrium,2016-06-30,DBC,0.050000
bl_equilibrium,2016-06-30,GLD,0.050000
bl_equilibrium,2016-06-30,BIL,0.050000
bl_equilibrium,2016-07-29,SPY,0.350000
bl_equilibrium,2016-07-29,EEM,0.100000
bl_equilibrium,2016-07-29,IEF,0.250000
bl_equilibrium,2016-07-29,TIP,0.050000
bl_equilibrium,2016-07-29,HYG,0.100000
bl_equilibrium,2016-07-29,DBC,0.050000
bl_equilibrium,2016-07-29,GLD,0.050000
bl_equilibrium,2016-07-29,BIL,0.050000
bl_equilibrium,2016-08-31,SPY,0.350000
bl_equilibrium,2016-08-31,EEM,0.100000
bl_equilibrium,2016-08-31,IEF,0.250000
bl_equilibrium,2016-08-31,TIP,0.050000
bl_equilibrium,2016-08-31,HYG,0.100000
bl_equilibrium,2016-08-31,DBC,0.050000
bl_equilibrium,2016-08-31,GLD,0.050000
bl_equilibrium,2016-08-31,BIL,0.050000
bl_equilibrium,2016-09-30,SPY,0.350000
bl_equilibrium,2016-09-30,EEM,0.100000
bl_equilibrium,2016-09-30,IEF,0.250000
bl_equilibrium,2016-09-30,TIP,0.050000
bl_equilibrium,2016-09-30,HYG,0.100000
bl_equilibrium,2016-09-30,DBC,0.050000
bl_equilibrium,2016-09-30,GLD,0.050000
bl_equilibrium,2016-09-30,BIL,0.050000
bl_equilibrium,2016-10-31,SPY,0.350000
bl_equilibrium,2016-10-31,EEM,0.100000
bl_equilibrium,2016-10-31,IEF,0.250000
bl_equilibrium,2016-10-31,TIP,0.050000
bl_equilibrium,2016-10-31,HYG,0.100000
bl_equilibrium,2016-10-31,DBC,0.050000
bl_equilibrium,2016-10-31,GLD,0.050000
bl_equilibrium,2016-10-31,BIL,0.050000
bl_equilibrium,2016-11-30,SPY,0.350000
bl_equilibrium,2016-11-30,EEM,0.100000
bl_equilibrium,2016-11-30,IEF,0.250000
bl_equilibrium,2016-11-30,TIP,0.050000
bl_equilibrium,2016-11-30,HYG,0.100000
bl_equilibrium,2016-11-30,DBC,0.050000
bl_equilibrium,2016-11-30,GLD,0.050000
bl_equilibrium,2016-11-30,BIL,0.050000
bl_equilibrium,2016-12-30,SPY,0.350000
bl_equilibrium,2016-12-30,EEM,0.100000
bl_equilibrium,2016-12-30,IEF,0.250000
bl_equilibrium,2016-12-30,TIP,0.050000
bl_equilibrium,2016-12-30,HYG,0.100000
bl_equilibrium,2016-12-30,DBC,0.050000
bl_equilibrium,2016-12-30,GLD,0.050000
bl_equilibrium,2016-12-30,BIL,0.050000
bl_equilibrium,2017-01-31,SPY,0.350000
bl_equilibrium,2017-01-31,EEM,0.100000
bl_equilibrium,2017-01-31,IEF,0.250000
bl_equilibrium,2017-01-31,TIP,0.050000
bl_equilibrium,2017-01-31,HYG,0.100000
bl_equilibrium,2017-01-31,DBC,0.050000
bl_equilibrium,2017-01-31,GLD,0.050000
bl_equilibrium,2017-01-31,BIL,0.050000
bl_equilibrium,2017-02-28,SPY,0.350000
bl_equilibrium,2017-02-28,EEM,0.100000
bl_equilibrium,2017-02-28,IEF,0.250000
bl_equilibrium,2017-02-28,TIP,0.050000
bl_equilibrium,2017-02-28,HYG,0.100000
bl_equilibrium,2017-02-28,DBC,0.050000
bl_equilibrium,2017-02-28,GLD,0.050000
bl_equilibrium,2017-02-28,BIL,0.050000
bl_equilibrium,2017-03-31,SPY,0.350000
bl_equilibrium,2017-03-31,EEM,0.100000
bl_equilibrium,2017-03-31,IEF,0.250000
bl_equilibrium,2017-03-31,TIP,0.050000
bl_equilibrium,2017-03-31,HYG,0.100000
bl_equilibrium,2017-03-31,DBC,0.050000
bl_equilibrium,2017-03-31,GLD,0.050000
bl_equilibrium,2017-03-31,BIL,0.050000
bl_equilibrium,2017-04-28,SPY,0.350000
bl_equilibrium,2017-04-28,EEM,0.100000
bl_equilibrium,2017-04-28,IEF,0.250000
bl_equilibrium,2017-04-28,TIP,0.050000
bl_equilibrium,2017-04-28,HYG,0.100000
bl_equilibrium,2017-04-28,DBC,0.050000
bl_equilibrium,2017-04-28,GLD,0.050000
bl_equilibrium,2017-04-28,BIL,0.050000
bl_equilibrium,2017-05-31,SPY,0.350000
bl_equilibrium,2017-05-31,EEM,0.100000
bl_equilibrium,2017-05-31,IEF,0.250000
bl_equilibrium,2017-05-31,TIP,0.050000
bl_equilibrium,2017-05-31,HYG,0.100000
bl_equilibrium,2017-05-31,DBC,0.050000
bl_equilibrium,2017-05-31,GLD,0.050000
bl_equilibrium,2017-05-31,BIL,0.050000
bl_equilibrium,2017-06-30,SPY,0.350000
bl_equilibrium,2017-06-30,EEM,0.100000
bl_equilibrium,2017-06-30,IEF,0.250000
bl_equilibrium,2017-06-30,TIP,0.050000
bl_equilibrium,2017-06-30,HYG,0.100000
bl_equilibrium,2017-06-30,DBC,0.050000
bl_equilibrium,2017-06-30,GLD,0.050000
bl_equilibrium,2017-06-30,BIL,0.050000
bl_equilibrium,2017-07-31,SPY,0.350000
bl_equilibrium,2017-07-31,EEM,0.100000
bl_equilibrium,2017-07-31,IEF,0.250000
bl_equilibrium,2017-07-31,TIP,0.050000
bl_equilibrium,2017-07-31,HYG,0.100000
bl_equilibrium,2017-07-31,DBC,0.050000
bl_equilibrium,2017-07-31,GLD,0.050000
bl_equilibrium,2017-07-31,BIL,0.050000
bl_equilibrium,2017-08-31,SPY,0.350000
bl_equilibrium,2017-08-31,EEM,0.100000
bl_equilibrium,2017-08-31,IEF,0.250000
bl_equilibrium,2017-08-31,TIP,0.050000
bl_equilibrium,2017-08-31,HYG,0.100000
bl_equilibrium,2017-08-31,DBC,0.050000
bl_equilibrium,2017-08-31,GLD,0.050000
bl_equilibrium,2017-08-31,BIL,0.050000
bl_equilibrium,2017-09-29,SPY,0.350000
bl_equilibrium,2017-09-29,EEM,0.100000
bl_equilibrium,2017-09-29,IEF,0.250000
bl_equilibrium,2017-09-29,TIP,0.050000
bl_equilibrium,2017-09-29,HYG,0.100000
bl_equilibrium,2017-09-29,DBC,0.050000
bl_equilibrium,2017-09-29,GLD,0.050000
bl_equilibrium,2017-09-29,BIL,0.050000
bl_equilibrium,2017-10-31,SPY,0.350000
bl_equilibrium,2017-10-31,EEM,0.100000
bl_equilibrium,2017-10-31,IEF,0.250000
bl_equilibrium,2017-10-31,TIP,0.050000
bl_equilibrium,2017-10-31,HYG,0.100000
bl_equilibrium,2017-10-31,DBC,0.050000
bl_equilibrium,2017-10-31,GLD,0.050000
bl_equilibrium,2017-10-31,BIL,0.050000
bl_equilibrium,2017-11-30,SPY,0.350000
bl_equilibrium,2017-11-30,EEM,0.100000
bl_equilibrium,2017-11-30,IEF,0.250000
bl_equilibrium,2017-11-30,TIP,0.050000
bl_equilibrium,2017-11-30,HYG,0.100000
bl_equilibrium,2017-11-30,DBC,0.050000
bl_equilibrium,2017-11-30,GLD,0.050000
bl_equilibrium,2017-11-30,BIL,0.050000
bl_equilibrium,2017-12-29,SPY,0.350000
bl_equilibrium,2017-12-29,EEM,0.100000
bl_equilibrium,2017-12-29,IEF,0.250000
bl_equilibrium,2017-12-29,TIP,0.050000
bl_equilibrium,2017-12-29,HYG,0.100000
bl_equilibrium,2017-12-29,DBC,0.050000
bl_equilibrium,2017-12-29,GLD,0.050000
bl_equilibrium,2017-12-29,BIL,0.050000
bl_equilibrium,2018-01-31,SPY,0.350000
bl_equilibrium,2018-01-31,EEM,0.100000
bl_equilibrium,2018-01-31,IEF,0.250000
bl_equilibrium,2018-01-31,TIP,0.050000
bl_equilibrium,2018-01-31,HYG,0.100000
bl_equilibrium,2018-01-31,DBC,0.050000
bl_equilibrium,2018-01-31,GLD,0.050000
bl_equilibrium,2018-01-31,BIL,0.050000
bl_equilibrium,2018-02-28,SPY,0.350000
bl_equilibrium,2018-02-28,EEM,0.100000
bl_equilibrium,2018-02-28,IEF,0.250000
bl_equilibrium,2018-02-28,TIP,0.050000
bl_equilibrium,2018-02-28,HYG,0.100000
bl_equilibrium,2018-02-28,DBC,0.050000
bl_equilibrium,2018-02-28,GLD,0.050000
bl_equilibrium,2018-02-28,BIL,0.050000
bl_equilibrium,2018-03-29,SPY,0.350000
bl_equilibrium,2018-03-29,EEM,0.100000
bl_equilibrium,2018-03-29,IEF,0.250000
bl_equilibrium,2018-03-29,TIP,0.050000
bl_equilibrium,2018-03-29,HYG,0.100000
bl_equilibrium,2018-03-29,DBC,0.050000
bl_equilibrium,2018-03-29,GLD,0.050000
bl_equilibrium,2018-03-29,BIL,0.050000
bl_equilibrium,2018-04-30,SPY,0.350000
bl_equilibrium,2018-04-30,EEM,0.100000
bl_equilibrium,2018-04-30,IEF,0.250000
bl_equilibrium,2018-04-30,TIP,0.050000
bl_equilibrium,2018-04-30,HYG,0.100000
bl_equilibrium,2018-04-30,DBC,0.050000
bl_equilibrium,2018-04-30,GLD,0.050000
bl_equilibrium,2018-04-30,BIL,0.050000
bl_equilibrium,2018-05-31,SPY,0.350000
bl_equilibrium,2018-05-31,EEM,0.100000
bl_equilibrium,2018-05-31,IEF,0.250000
bl_equilibrium,2018-05-31,TIP,0.050000
bl_equilibrium,2018-05-31,HYG,0.100000
bl_equilibrium,2018-05-31,DBC,0.050000
bl_equilibrium,2018-05-31,GLD,0.050000
bl_equilibrium,2018-05-31,BIL,0.050000
bl_equilibrium,2018-06-29,SPY,0.350000
bl_equilibrium,2018-06-29,EEM,0.100000
bl_equilibrium,2018-06-29,IEF,0.250000
bl_equilibrium,2018-06-29,TIP,0.050000
bl_equilibrium,2018-06-29,HYG,0.100000
bl_equilibrium,2018-06-29,DBC,0.050000
bl_equilibrium,2018-06-29,GLD,0.050000
bl_equilibrium,2018-06-29,BIL,0.050000
bl_equilibrium,2018-07-31,SPY,0.350000
bl_equilibrium,2018-07-31,EEM,0.100000
bl_equilibrium,2018-07-31,IEF,0.250000
bl_equilibrium,2018-07-31,TIP,0.050000
bl_equilibrium,2018-07-31,HYG,0.100000
bl_equilibrium,2018-07-31,DBC,0.050000
bl_equilibrium,2018-07-31,GLD,0.050000
bl_equilibrium,2018-07-31,BIL,0.050000
bl_equilibrium,2018-08-31,SPY,0.350000
bl_equilibrium,2018-08-31,EEM,0.100000
bl_equilibrium,2018-08-31,IEF,0.250000
bl_equilibrium,2018-08-31,TIP,0.050000
bl_equilibrium,2018-08-31,HYG,0.100000
bl_equilibrium,2018-08-31,DBC,0.050000
bl_equilibrium,2018-08-31,GLD,0.050000
bl_equilibrium,2018-08-31,BIL,0.050000
bl_equilibrium,2018-09-28,SPY,0.350000
bl_equilibrium,2018-09-28,EEM,0.100000
bl_equilibrium,2018-09-28,IEF,0.250000
bl_equilibrium,2018-09-28,TIP,0.050000
bl_equilibrium,2018-09-28,HYG,0.100000
bl_equilibrium,2018-09-28,DBC,0.050000
bl_equilibrium,2018-09-28,GLD,0.050000
bl_equilibrium,2018-09-28,BIL,0.050000
bl_equilibrium,2018-10-31,SPY,0.350000
bl_equilibrium,2018-10-31,EEM,0.100000
bl_equilibrium,2018-10-31,IEF,0.250000
bl_equilibrium,2018-10-31,TIP,0.050000
bl_equilibrium,2018-10-31,HYG,0.100000
bl_equilibrium,2018-10-31,DBC,0.050000
bl_equilibrium,2018-10-31,GLD,0.050000
bl_equilibrium,2018-10-31,BIL,0.050000
bl_equilibrium,2018-11-30,SPY,0.350000
bl_equilibrium,2018-11-30,EEM,0.100000
bl_equilibrium,2018-11-30,IEF,0.250000
bl_equilibrium,2018-11-30,TIP,0.050000
bl_equilibrium,2018-11-30,HYG,0.100000
bl_equilibrium,2018-11-30,DBC,0.050000
bl_equilibrium,2018-11-30,GLD,0.050000
bl_equilibrium,2018-11-30,BIL,0.050000
bl_equilibrium,2018-12-31,SPY,0.350000
bl_equilibrium,2018-12-31,EEM,0.100000
bl_equilibrium,2018-12-31,IEF,0.250000
bl_equilibrium,2018-12-31,TIP,0.050000
bl_equilibrium,2018-12-31,HYG,0.100000
bl_equilibrium,2018-12-31,DBC,0.050000
bl_equilibrium,2018-12-31,GLD,0.050000
bl_equilibrium,2018-12-31,BIL,0.050000
bl_equilibrium,2019-01-31,SPY,0.350000
bl_equilibrium,2019-01-31,EEM,0.100000
bl_equilibrium,2019-01-31,IEF,0.250000
bl_equilibrium,2019-01-31,TIP,0.050000
bl_equilibrium,2019-01-31,HYG,0.100000
bl_equilibrium,2019-01-31,DBC,0.050000
bl_equilibrium,2019-01-31,GLD,0.050000
bl_equilibrium,2019-01-31,BIL,0.050000
bl_equilibrium,2019-02-28,SPY,0.350000
bl_equilibrium,2019-02-28,EEM,0.100000
bl_equilibrium,2019-02-28,IEF,0.250000
bl_equilibrium,2019-02-28,TIP,0.050000
bl_equilibrium,2019-02-28,HYG,0.100000
bl_equilibrium,2019-02-28,DBC,0.050000
bl_equilibrium,2019-02-28,GLD,0.050000
bl_equilibrium,2019-02-28,BIL,0.050000
bl_equilibrium,2019-03-29,SPY,0.350000
bl_equilibrium,2019-03-29,EEM,0.100000
bl_equilibrium,2019-03-29,IEF,0.250000
bl_equilibrium,2019-03-29,TIP,0.050000
bl_equilibrium,2019-03-29,HYG,0.100000
bl_equilibrium,2019-03-29,DBC,0.050000
bl_equilibrium,2019-03-29,GLD,0.050000
bl_equilibrium,2019-03-29,BIL,0.050000
bl_equilibrium,2019-04-30,SPY,0.350000
bl_equilibrium,2019-04-30,EEM,0.100000
bl_equilibrium,2019-04-30,IEF,0.250000
bl_equilibrium,2019-04-30,TIP,0.050000
bl_equilibrium,2019-04-30,HYG,0.100000
bl_equilibrium,2019-04-30,DBC,0.050000
bl_equilibrium,2019-04-30,GLD,0.050000
bl_equilibrium,2019-04-30,BIL,0.050000
bl_equilibrium,2019-05-31,SPY,0.350000
bl_equilibrium,2019-05-31,EEM,0.100000
bl_equilibrium,2019-05-31,IEF,0.250000
bl_equilibrium,2019-05-31,TIP,0.050000
bl_equilibrium,2019-05-31,HYG,0.100000
bl_equilibrium,2019-05-31,DBC,0.050000
bl_equilibrium,2019-05-31,GLD,0.050000
bl_equilibrium,2019-05-31,BIL,0.050000
bl_equilibrium,2019-06-28,SPY,0.350000
bl_equilibrium,2019-06-28,EEM,0.100000
bl_equilibrium,2019-06-28,IEF,0.250000
bl_equilibrium,2019-06-28,TIP,0.050000
bl_equilibrium,2019-06-28,HYG,0.100000
bl_equilibrium,2019-06-28,DBC,0.050000
bl_equilibrium,2019-06-28,GLD,0.050000
bl_equilibrium,2019-06-28,BIL,0.050000
bl_equilibrium,2019-07-31,SPY,0.350000
bl_equilibrium,2019-07-31,EEM,0.100000
bl_equilibrium,2019-07-31,IEF,0.250000
bl_equilibrium,2019-07-31,TIP,0.050000
bl_equilibrium,2019-07-31,HYG,0.100000
bl_equilibrium,2019-07-31,DBC,0.050000
bl_equilibrium,2019-07-31,GLD,0.050000
bl_equilibrium,2019-07-31,BIL,0.050000
bl_equilibrium,2019-08-30,SPY,0.350000
bl_equilibrium,2019-08-30,EEM,0.100000
bl_equilibrium,2019-08-30,IEF,0.250000
bl_equilibrium,2019-08-30,TIP,0.050000
bl_equilibrium,2019-08-30,HYG,0.100000
bl_equilibrium,2019-08-30,DBC,0.050000
bl_equilibrium,2019-08-30,GLD,0.050000
bl_equilibrium,2019-08-30,BIL,0.050000
bl_equilibrium,2019-09-30,SPY,0.350000
bl_equilibrium,2019-09-30,EEM,0.100000
bl_equilibrium,2019-09-30,IEF,0.250000
bl_equilibrium,2019-09-30,TIP,0.050000
bl_equilibrium,2019-09-30,HYG,0.100000
bl_equilibrium,2019-09-30,DBC,0.050000
bl_equilibrium,2019-09-30,GLD,0.050000
bl_equilibrium,2019-09-30,BIL,0.050000
bl_equilibrium,2019-10-31,SPY,0.350000
bl_equilibrium,2019-10-31,EEM,0.100000
bl_equilibrium,2019-10-31,IEF,0.250000
bl_equilibrium,2019-10-31,TIP,0.050000
bl_equilibrium,2019-10-31,HYG,0.100000
bl_equilibrium,2019-10-31,DBC,0.050000
bl_equilibrium,2019-10-31,GLD,0.050000
bl_equilibrium,2019-10-31,BIL,0.050000
bl_equilibrium,2019-11-29,SPY,0.350000
bl_equilibrium,2019-11-29,EEM,0.100000
bl_equilibrium,2019-11-29,IEF,0.250000
bl_equilibrium,2019-11-29,TIP,0.050000
bl_equilibrium,2019-11-29,HYG,0.100000
bl_equilibrium,2019-11-29,DBC,0.050000
bl_equilibrium,2019-11-29,GLD,0.050000
bl_equilibrium,2019-11-29,BIL,0.050000
bl_equilibrium,2019-12-31,SPY,0.350000
bl_equilibrium,2019-12-31,EEM,0.100000
bl_equilibrium,2019-12-31,IEF,0.250000
bl_equilibrium,2019-12-31,TIP,0.050000
bl_equilibrium,2019-12-31,HYG,0.100000
bl_equilibrium,2019-12-31,DBC,0.050000
bl_equilibrium,2019-12-31,GLD,0.050000
bl_equilibrium,2019-12-31,BIL,0.050000
bl_equilibrium,2020-01-31,SPY,0.350000
bl_equilibrium,2020-01-31,EEM,0.100000
bl_equilibrium,2020-01-31,IEF,0.250000
bl_equilibrium,2020-01-31,TIP,0.050000
bl_equilibrium,2020-01-31,HYG,0.100000
bl_equilibrium,2020-01-31,DBC,0.050000
bl_equilibrium,2020-01-31,GLD,0.050000
bl_equilibrium,2020-01-31,BIL,0.050000
bl_equilibrium,2020-02-28,SPY,0.350000
bl_equilibrium,2020-02-28,EEM,0.100000
bl_equilibrium,2020-02-28,IEF,0.250000
bl_equilibrium,2020-02-28,TIP,0.050000
bl_equilibrium,2020-02-28,HYG,0.100000
bl_equilibrium,2020-02-28,DBC,0.050000
bl_equilibrium,2020-02-28,GLD,0.050000
bl_equilibrium,2020-02-28,BIL,0.050000
bl_equilibrium,2020-03-31,SPY,0.350000
bl_equilibrium,2020-03-31,EEM,0.100000
bl_equilibrium,2020-03-31,IEF,0.250000
bl_equilibrium,2020-03-31,TIP,0.050000
bl_equilibrium,2020-03-31,HYG,0.100000
bl_equilibrium,2020-03-31,DBC,0.050000
bl_equilibrium,2020-03-31,GLD,0.050000
bl_equilibrium,2020-03-31,BIL,0.050000
bl_equilibrium,2020-04-30,SPY,0.350000
bl_equilibrium,2020-04-30,EEM,0.100000
bl_equilibrium,2020-04-30,IEF,0.250000
bl_equilibrium,2020-04-30,TIP,0.050000
bl_equilibrium,2020-04-30,HYG,0.100000
bl_equilibrium,2020-04-30,DBC,0.050000
bl_equilibrium,2020-04-30,GLD,0.050000
bl_equilibrium,2020-04-30,BIL,0.050000
bl_equilibrium,2020-05-29,SPY,0.350000
bl_equilibrium,2020-05-29,EEM,0.100000
bl_equilibrium,2020-05-29,IEF,0.250000
bl_equilibrium,2020-05-29,TIP,0.050000
bl_equilibrium,2020-05-29,HYG,0.100000
bl_equilibrium,2020-05-29,DBC,0.050000
bl_equilibrium,2020-05-29,GLD,0.050000
bl_equilibrium,2020-05-29,BIL,0.050000
bl_equilibrium,2020-06-30,SPY,0.350000
bl_equilibrium,2020-06-30,EEM,0.100000
bl_equilibrium,2020-06-30,IEF,0.250000
bl_equilibrium,2020-06-30,TIP,0.050000
bl_equilibrium,2020-06-30,HYG,0.100000
bl_equilibrium,2020-06-30,DBC,0.050000
bl_equilibrium,2020-06-30,GLD,0.050000
bl_equilibrium,2020-06-30,BIL,0.050000
bl_equilibrium,2020-07-31,SPY,0.350000
bl_equilibrium,2020-07-31,EEM,0.100000
bl_equilibrium,2020-07-31,IEF,0.250000
bl_equilibrium,2020-07-31,TIP,0.050000
bl_equilibrium,2020-07-31,HYG,0.100000
bl_equilibrium,2020-07-31,DBC,0.050000
bl_equilibrium,2020-07-31,GLD,0.050000
bl_equilibrium,2020-07-31,BIL,0.050000
bl_equilibrium,2020-08-31,SPY,0.350000
bl_equilibrium,2020-08-31,EEM,0.100000
bl_equilibrium,2020-08-31,IEF,0.250000
bl_equilibrium,2020-08-31,TIP,0.050000
bl_equilibrium,2020-08-31,HYG,0.100000
bl_equilibrium,2020-08-31,DBC,0.050000
bl_equilibrium,2020-08-31,GLD,0.050000
bl_equilibrium,2020-08-31,BIL,0.050000
bl_equilibrium,2020-09-30,SPY,0.350000
bl_equilibrium,2020-09-30,EEM,0.100000
bl_equilibrium,2020-09-30,IEF,0.250000
bl_equilibrium,2020-09-30,TIP,0.050000
bl_equilibrium,2020-09-30,HYG,0.100000
bl_equilibrium,2020-09-30,DBC,0.050000
bl_equilibrium,2020-09-30,GLD,0.050000
bl_equilibrium,2020-09-30,BIL,0.050000
bl_equilibrium,2020-10-30,SPY,0.350000
bl_equilibrium,2020-10-30,EEM,0.100000
bl_equilibrium,2020-10-30,IEF,0.250000
bl_equilibrium,2020-10-30,TIP,0.050000
bl_equilibrium,2020-10-30,HYG,0.100000
bl_equilibrium,2020-10-30,DBC,0.050000
bl_equilibrium,2020-10-30,GLD,0.050000
bl_equilibrium,2020-10-30,BIL,0.050000
bl_equilibrium,2020-11-30,SPY,0.350000
bl_equilibrium,2020-11-30,EEM,0.100000
bl_equilibrium,2020-11-30,IEF,0.250000
bl_equilibrium,2020-11-30,TIP,0.050000
bl_equilibrium,2020-11-30,HYG,0.100000
bl_equilibrium,2020-11-30,DBC,0.050000
bl_equilibrium,2020-11-30,GLD,0.050000
bl_equilibrium,2020-11-30,BIL,0.050000
bl_equilibrium,2020-12-31,SPY,0.350000
bl_equilibrium,2020-12-31,EEM,0.100000
bl_equilibrium,2020-12-31,IEF,0.250000
bl_equilibrium,2020-12-31,TIP,0.050000
bl_equilibrium,2020-12-31,HYG,0.100000
bl_equilibrium,2020-12-31,DBC,0.050000
bl_equilibrium,2020-12-31,GLD,0.050000
bl_equilibrium,2020-12-31,BIL,0.050000
bl_equilibrium,2021-01-29,SPY,0.350000
bl_equilibrium,2021-01-29,EEM,0.100000
bl_equilibrium,2021-01-29,IEF,0.250000
bl_equilibrium,2021-01-29,TIP,0.050000
bl_equilibrium,2021-01-29,HYG,0.100000
bl_equilibrium,2021-01-29,DBC,0.050000
bl_equilibrium,2021-01-29,GLD,0.050000
bl_equilibrium,2021-01-29,BIL,0.050000
bl_equilibrium,2021-02-26,SPY,0.350000
bl_equilibrium,2021-02-26,EEM,0.100000
bl_equilibrium,2021-02-26,IEF,0.250000
bl_equilibrium,2021-02-26,TIP,0.050000
bl_equilibrium,2021-02-26,HYG,0.100000
bl_equilibrium,2021-02-26,DBC,0.050000
bl_equilibrium,2021-02-26,GLD,0.050000
bl_equilibrium,2021-02-26,BIL,0.050000
bl_equilibrium,2021-03-31,SPY,0.350000
bl_equilibrium,2021-03-31,EEM,0.100000
bl_equilibrium,2021-03-31,IEF,0.250000
bl_equilibrium,2021-03-31,TIP,0.050000
bl_equilibrium,2021-03-31,HYG,0.100000
bl_equilibrium,2021-03-31,DBC,0.050000
bl_equilibrium,2021-03-31,GLD,0.050000
bl_equilibrium,2021-03-31,BIL,0.050000
bl_equilibrium,2021-04-30,SPY,0.350000
bl_equilibrium,2021-04-30,EEM,0.100000
bl_equilibrium,2021-04-30,IEF,0.250000
bl_equilibrium,2021-04-30,TIP,0.050000
bl_equilibrium,2021-04-30,HYG,0.100000
bl_equilibrium,2021-04-30,DBC,0.050000
bl_equilibrium,2021-04-30,GLD,0.050000
bl_equilibrium,2021-04-30,BIL,0.050000
bl_equilibrium,2021-05-28,SPY,0.350000
bl_equilibrium,2021-05-28,EEM,0.100000
bl_equilibrium,2021-05-28,IEF,0.250000
bl_equilibrium,2021-05-28,TIP,0.050000
bl_equilibrium,2021-05-28,HYG,0.100000
bl_equilibrium,2021-05-28,DBC,0.050000
bl_equilibrium,2021-05-28,GLD,0.050000
bl_equilibrium,2021-05-28,BIL,0.050000
bl_equilibrium,2021-06-30,SPY,0.350000
bl_equilibrium,2021-06-30,EEM,0.100000
bl_equilibrium,2021-06-30,IEF,0.250000
bl_equilibrium,2021-06-30,TIP,0.050000
bl_equilibrium,2021-06-30,HYG,0.100000
bl_equilibrium,2021-06-30,DBC,0.050000
bl_equilibrium,2021-06-30,GLD,0.050000
bl_equilibrium,2021-06-30,BIL,0.050000
bl_equilibrium,2021-07-30,SPY,0.350000
bl_equilibrium,2021-07-30,EEM,0.100000
bl_equilibrium,2021-07-30,IEF,0.250000
bl_equilibrium,2021-07-30,TIP,0.050000
bl_equilibrium,2021-07-30,HYG,0.100000
bl_equilibrium,2021-07-30,DBC,0.050000
bl_equilibrium,2021-07-30,GLD,0.050000
bl_equilibrium,2021-07-30,BIL,0.050000
bl_equilibrium,2021-08-31,SPY,0.350000
bl_equilibrium,2021-08-31,EEM,0.100000
bl_equilibrium,2021-08-31,IEF,0.250000
bl_equilibrium,2021-08-31,TIP,0.050000
bl_equilibrium,2021-08-31,HYG,0.100000
bl_equilibrium,2021-08-31,DBC,0.050000
bl_equilibrium,2021-08-31,GLD,0.050000
bl_equilibrium,2021-08-31,BIL,0.050000
bl_equilibrium,2021-09-30,SPY,0.350000
bl_equilibrium,2021-09-30,EEM,0.100000
bl_equilibrium,2021-09-30,IEF,0.250000
bl_equilibrium,2021-09-30,TIP,0.050000
bl_equilibrium,2021-09-30,HYG,0.100000
bl_equilibrium,2021-09-30,DBC,0.050000
bl_equilibrium,2021-09-30,GLD,0.050000
bl_equilibrium,2021-09-30,BIL,0.050000
bl_equilibrium,2021-10-29,SPY,0.350000
bl_equilibrium,2021-10-29,EEM,0.100000
bl_equilibrium,2021-10-29,IEF,0.250000
bl_equilibrium,2021-10-29,TIP,0.050000
bl_equilibrium,2021-10-29,HYG,0.100000
bl_equilibrium,2021-10-29,DBC,0.050000
bl_equilibrium,2021-10-29,GLD,0.050000
bl_equilibrium,2021-10-29,BIL,0.050000
bl_equilibrium,2021-11-30,SPY,0.350000
bl_equilibrium,2021-11-30,EEM,0.100000
bl_equilibrium,2021-11-30,IEF,0.250000
bl_equilibrium,2021-11-30,TIP,0.050000
bl_equilibrium,2021-11-30,HYG,0.100000
bl_equilibrium,2021-11-30,DBC,0.050000
bl_equilibrium,2021-11-30,GLD,0.050000
bl_equilibrium,2021-11-30,BIL,0.050000
bl_equilibrium,2021-12-31,SPY,0.350000
bl_equilibrium,2021-12-31,EEM,0.100000
bl_equilibrium,2021-12-31,IEF,0.250000
bl_equilibrium,2021-12-31,TIP,0.050000
bl_equilibrium,2021-12-31,HYG,0.100000
bl_equilibrium,2021-12-31,DBC,0.050000
bl_equilibrium,2021-12-31,GLD,0.050000
bl_equilibrium,2021-12-31,BIL,0.050000
bl_equilibrium,2022-01-31,SPY,0.350000
bl_equilibrium,2022-01-31,EEM,0.100000
bl_equilibrium,2022-01-31,IEF,0.250000
bl_equilibrium,2022-01-31,TIP,0.050000
bl_equilibrium,2022-01-31,HYG,0.100000
bl_equilibrium,2022-01-31,DBC,0.050000
bl_equilibrium,2022-01-31,GLD,0.050000
bl_equilibrium,2022-01-31,BIL,0.050000
bl_equilibrium,2022-02-28,SPY,0.350000
bl_equilibrium,2022-02-28,EEM,0.100000
bl_equilibrium,2022-02-28,IEF,0.250000
bl_equilibrium,2022-02-28,TIP,0.050000
bl_equilibrium,2022-02-28,HYG,0.100000
bl_equilibrium,2022-02-28,DBC,0.050000
bl_equilibrium,2022-02-28,GLD,0.050000
bl_equilibrium,2022-02-28,BIL,0.050000
bl_equilibrium,2022-03-31,SPY,0.350000
bl_equilibrium,2022-03-31,EEM,0.100000
bl_equilibrium,2022-03-31,IEF,0.250000
bl_equilibrium,2022-03-31,TIP,0.050000
bl_equilibrium,2022-03-31,HYG,0.100000
bl_equilibrium,2022-03-31,DBC,0.050000
bl_equilibrium,2022-03-31,GLD,0.050000
bl_equilibrium,2022-03-31,BIL,0.050000
bl_equilibrium,2022-04-29,SPY,0.350000
bl_equilibrium,2022-04-29,EEM,0.100000
bl_equilibrium,2022-04-29,IEF,0.250000
bl_equilibrium,2022-04-29,TIP,0.050000
bl_equilibrium,2022-04-29,HYG,0.100000
bl_equilibrium,2022-04-29,DBC,0.050000
bl_equilibrium,2022-04-29,GLD,0.050000
bl_equilibrium,2022-04-29,BIL,0.050000
bl_equilibrium,2022-05-31,SPY,0.350000
bl_equilibrium,2022-05-31,EEM,0.100000
bl_equilibrium,2022-05-31,IEF,0.250000
bl_equilibrium,2022-05-31,TIP,0.050000
bl_equilibrium,2022-05-31,HYG,0.100000
bl_equilibrium,2022-05-31,DBC,0.050000
bl_equilibrium,2022-05-31,GLD,0.050000
bl_equilibrium,2022-05-31,BIL,0.050000
bl_equilibrium,2022-06-30,SPY,0.350000
bl_equilibrium,2022-06-30,EEM,0.100000
bl_equilibrium,2022-06-30,IEF,0.250000
bl_equilibrium,2022-06-30,TIP,0.050000
bl_equilibrium,2022-06-30,HYG,0.100000
bl_equilibrium,2022-06-30,DBC,0.050000
bl_equilibrium,2022-06-30,GLD,0.050000
bl_equilibrium,2022-06-30,BIL,0.050000
bl_equilibrium,2022-07-29,SPY,0.350000
bl_equilibrium,2022-07-29,EEM,0.100000
bl_equilibrium,2022-07-29,IEF,0.250000
bl_equilibrium,2022-07-29,TIP,0.050000
bl_equilibrium,2022-07-29,HYG,0.100000
bl_equilibrium,2022-07-29,DBC,0.050000
bl_equilibrium,2022-07-29,GLD,0.050000
bl_equilibrium,2022-07-29,BIL,0.050000
bl_equilibrium,2022-08-31,SPY,0.350000
bl_equilibrium,2022-08-31,EEM,0.100000
bl_equilibrium,2022-08-31,IEF,0.250000
bl_equilibrium,2022-08-31,TIP,0.050000
bl_equilibrium,2022-08-31,HYG,0.100000
bl_equilibrium,2022-08-31,DBC,0.050000
bl_equilibrium,2022-08-31,GLD,0.050000
bl_equilibrium,2022-08-31,BIL,0.050000
bl_equilibrium,2022-09-30,SPY,0.350000
bl_equilibrium,2022-09-30,EEM,0.100000
bl_equilibrium,2022-09-30,IEF,0.250000
bl_equilibrium,2022-09-30,TIP,0.050000
bl_equilibrium,2022-09-30,HYG,0.100000
bl_equilibrium,2022-09-30,DBC,0.050000
bl_equilibrium,2022-09-30,GLD,0.050000
bl_equilibrium,2022-09-30,BIL,0.050000
bl_equilibrium,2022-10-31,SPY,0.350000
bl_equilibrium,2022-10-31,EEM,0.100000
bl_equilibrium,2022-10-31,IEF,0.250000
bl_equilibrium,2022-10-31,TIP,0.050000
bl_equilibrium,2022-10-31,HYG,0.100000
bl_equilibrium,2022-10-31,DBC,0.050000
bl_equilibrium,2022-10-31,GLD,0.050000
bl_equilibrium,2022-10-31,BIL,0.050000
bl_equilibrium,2022-11-30,SPY,0.350000
bl_equilibrium,2022-11-30,EEM,0.100000
bl_equilibrium,2022-11-30,IEF,0.250000
bl_equilibrium,2022-11-30,TIP,0.050000
bl_equilibrium,2022-11-30,HYG,0.100000
bl_equilibrium,2022-11-30,DBC,0.050000
bl_equilibrium,2022-11-30,GLD,0.050000
bl_equilibrium,2022-11-30,BIL,0.050000
bl_equilibrium,2022-12-30,SPY,0.350000
bl_equilibrium,2022-12-30,EEM,0.100000
bl_equilibrium,2022-12-30,IEF,0.250000
bl_equilibrium,2022-12-30,TIP,0.050000
bl_equilibrium,2022-12-30,HYG,0.100000
bl_equilibrium,2022-12-30,DBC,0.050000
bl_equilibrium,2022-12-30,GLD,0.050000
bl_equilibrium,2022-12-30,BIL,0.050000
bl_equilibrium,2023-01-31,SPY,0.350000
bl_equilibrium,2023-01-31,EEM,0.100000
bl_equilibrium,2023-01-31,IEF,0.250000
bl_equilibrium,2023-01-31,TIP,0.050000
bl_equilibrium,2023-01-31,HYG,0.100000
bl_equilibrium,2023-01-31,DBC,0.050000
bl_equilibrium,2023-01-31,GLD,0.050000
bl_equilibrium,2023-01-31,BIL,0.050000
bl_equilibrium,2023-02-28,SPY,0.350000
bl_equilibrium,2023-02-28,EEM,0.100000
bl_equilibrium,2023-02-28,IEF,0.250000
bl_equilibrium,2023-02-28,TIP,0.050000
bl_equilibrium,2023-02-28,HYG,0.100000
bl_equilibrium,2023-02-28,DBC,0.050000
bl_equilibrium,2023-02-28,GLD,0.050000
bl_equilibrium,2023-02-28,BIL,0.050000
bl_equilibrium,2023-03-31,SPY,0.350000
bl_equilibrium,2023-03-31,EEM,0.100000
bl_equilibrium,2023-03-31,IEF,0.250000
bl_equilibrium,2023-03-31,TIP,0.050000
bl_equilibrium,2023-03-31,HYG,0.100000
bl_equilibrium,2023-03-31,DBC,0.050000
bl_equilibrium,2023-03-31,GLD,0.050000
bl_equilibrium,2023-03-31,BIL,0.050000
bl_equilibrium,2023-04-28,SPY,0.350000
bl_equilibrium,2023-04-28,EEM,0.100000
bl_equilibrium,2023-04-28,IEF,0.250000
bl_equilibrium,2023-04-28,TIP,0.050000
bl_equilibrium,2023-04-28,HYG,0.100000
bl_equilibrium,2023-04-28,DBC,0.050000
bl_equilibrium,2023-04-28,GLD,0.050000
bl_equilibrium,2023-04-28,BIL,0.050000
bl_equilibrium,2023-05-31,SPY,0.350000
bl_equilibrium,2023-05-31,EEM,0.100000
bl_equilibrium,2023-05-31,IEF,0.250000
bl_equilibrium,2023-05-31,TIP,0.050000
bl_equilibrium,2023-05-31,HYG,0.100000
bl_equilibrium,2023-05-31,DBC,0.050000
bl_equilibrium,2023-05-31,GLD,0.050000
bl_equilibrium,2023-05-31,BIL,0.050000
bl_equilibrium,2023-06-30,SPY,0.350000
bl_equilibrium,2023-06-30,EEM,0.100000
bl_equilibrium,2023-06-30,IEF,0.250000
bl_equilibrium,2023-06-30,TIP,0.050000
bl_equilibrium,2023-06-30,HYG,0.100000
bl_equilibrium,2023-06-30,DBC,0.050000
bl_equilibrium,2023-06-30,GLD,0.050000
bl_equilibrium,2023-06-30,BIL,0.050000
bl_equilibrium,2023-07-31,SPY,0.350000
bl_equilibrium,2023-07-31,EEM,0.100000
bl_equilibrium,2023-07-31,IEF,0.250000
bl_equilibrium,2023-07-31,TIP,0.050000
bl_equilibrium,2023-07-31,HYG,0.100000
bl_equilibrium,2023-07-31,DBC,0.050000
bl_equilibrium,2023-07-31,GLD,0.050000
bl_equilibrium,2023-07-31,BIL,0.050000
bl_equilibrium,2023-08-31,SPY,0.350000
bl_equilibrium,2023-08-31,EEM,0.100000
bl_equilibrium,2023-08-31,IEF,0.250000
bl_equilibrium,2023-08-31,TIP,0.050000
bl_equilibrium,2023-08-31,HYG,0.100000
bl_equilibrium,2023-08-31,DBC,0.050000
bl_equilibrium,2023-08-31,GLD,0.050000
bl_equilibrium,2023-08-31,BIL,0.050000
bl_equilibrium,2023-09-29,SPY,0.350000
bl_equilibrium,2023-09-29,EEM,0.100000
bl_equilibrium,2023-09-29,IEF,0.250000
bl_equilibrium,2023-09-29,TIP,0.050000
bl_equilibrium,2023-09-29,HYG,0.100000
bl_equilibrium,2023-09-29,DBC,0.050000
bl_equilibrium,2023-09-29,GLD,0.050000
bl_equilibrium,2023-09-29,BIL,0.050000
bl_equilibrium,2023-10-31,SPY,0.350000
bl_equilibrium,2023-10-31,EEM,0.100000
bl_equilibrium,2023-10-31,IEF,0.250000
bl_equilibrium,2023-10-31,TIP,0.050000
bl_equilibrium,2023-10-31,HYG,0.100000
bl_equilibrium,2023-10-31,DBC,0.050000
bl_equilibrium,2023-10-31,GLD,0.050000
bl_equilibrium,2023-10-31,BIL,0.050000
bl_equilibrium,2023-11-30,SPY,0.350000
bl_equilibrium,2023-11-30,EEM,0.100000
bl_equilibrium,2023-11-30,IEF,0.250000
bl_equilibrium,2023-11-30,TIP,0.050000
bl_equilibrium,2023-11-30,HYG,0.100000
bl_equilibrium,2023-11-30,DBC,0.050000
bl_equilibrium,2023-11-30,GLD,0.050000
bl_equilibrium,2023-11-30,BIL,0.050000
bl_equilibrium,2023-12-29,SPY,0.350000
bl_equilibrium,2023-12-29,EEM,0.100000
bl_equilibrium,2023-12-29,IEF,0.250000
bl_equilibrium,2023-12-29,TIP,0.050000
bl_equilibrium,2023-12-29,HYG,0.100000
bl_equilibrium,2023-12-29,DBC,0.050000
bl_equilibrium,2023-12-29,GLD,0.050000
bl_equilibrium,2023-12-29,BIL,0.050000
bl_equilibrium,2024-01-31,SPY,0.350000
bl_equilibrium,2024-01-31,EEM,0.100000
bl_equilibrium,2024-01-31,IEF,0.250000
bl_equilibrium,2024-01-31,TIP,0.050000
bl_equilibrium,2024-01-31,HYG,0.100000
bl_equilibrium,2024-01-31,DBC,0.050000
bl_equilibrium,2024-01-31,GLD,0.050000
bl_equilibrium,2024-01-31,BIL,0.050000
bl_equilibrium,2024-02-29,SPY,0.350000
bl_equilibrium,2024-02-29,EEM,0.100000
bl_equilibrium,2024-02-29,IEF,0.250000
bl_equilibrium,2024-02-29,TIP,0.050000
bl_equilibrium,2024-02-29,HYG,0.100000
bl_equilibrium,2024-02-29,DBC,0.050000
bl_equilibrium,2024-02-29,GLD,0.050000
bl_equilibrium,2024-02-29,BIL,0.050000
bl_equilibrium,2024-03-28,SPY,0.350000
bl_equilibrium,2024-03-28,EEM,0.100000
bl_equilibrium,2024-03-28,IEF,0.250000
bl_equilibrium,2024-03-28,TIP,0.050000
bl_equilibrium,2024-03-28,HYG,0.100000
bl_equilibrium,2024-03-28,DBC,0.050000
bl_equilibrium,2024-03-28,GLD,0.050000
bl_equilibrium,2024-03-28,BIL,0.050000
bl_equilibrium,2024-04-30,SPY,0.350000
bl_equilibrium,2024-04-30,EEM,0.100000
bl_equilibrium,2024-04-30,IEF,0.250000
bl_equilibrium,2024-04-30,TIP,0.050000
bl_equilibrium,2024-04-30,HYG,0.100000
bl_equilibrium,2024-04-30,DBC,0.050000
bl_equilibrium,2024-04-30,GLD,0.050000
bl_equilibrium,2024-04-30,BIL,0.050000
bl_equilibrium,2024-05-31,SPY,0.350000
bl_equilibrium,2024-05-31,EEM,0.100000
bl_equilibrium,2024-05-31,IEF,0.250000
bl_equilibrium,2024-05-31,TIP,0.050000
bl_equilibrium,2024-05-31,HYG,0.100000
bl_equilibrium,2024-05-31,DBC,0.050000
bl_equilibrium,2024-05-31,GLD,0.050000
bl_equilibrium,2024-05-31,BIL,0.050000
bl_equilibrium,2024-06-28,SPY,0.350000
bl_equilibrium,2024-06-28,EEM,0.100000
bl_equilibrium,2024-06-28,IEF,0.250000
bl_equilibrium,2024-06-28,TIP,0.050000
bl_equilibrium,2024-06-28,HYG,0.100000
bl_equilibrium,2024-06-28,DBC,0.050000
bl_equilibrium,2024-06-28,GLD,0.050000
bl_equilibrium,2024-06-28,BIL,0.050000
bl_equilibrium,2024-07-31,SPY,0.350000
bl_equilibrium,2024-07-31,EEM,0.100000
bl_equilibrium,2024-07-31,IEF,0.250000
bl_equilibrium,2024-07-31,TIP,0.050000
bl_equilibrium,2024-07-31,HYG,0.100000
bl_equilibrium,2024-07-31,DBC,0.050000
bl_equilibrium,2024-07-31,GLD,0.050000
bl_equilibrium,2024-07-31,BIL,0.050000
bl_equilibrium,2024-08-30,SPY,0.350000
bl_equilibrium,2024-08-30,EEM,0.100000
bl_equilibrium,2024-08-30,IEF,0.250000
bl_equilibrium,2024-08-30,TIP,0.050000
bl_equilibrium,2024-08-30,HYG,0.100000
bl_equilibrium,2024-08-30,DBC,0.050000
bl_equilibrium,2024-08-30,GLD,0.050000
bl_equilibrium,2024-08-30,BIL,0.050000
bl_equilibrium,2024-09-30,SPY,0.350000
bl_equilibrium,2024-09-30,EEM,0.100000
bl_equilibrium,2024-09-30,IEF,0.250000
bl_equilibrium,2024-09-30,TIP,0.050000
bl_equilibrium,2024-09-30,HYG,0.100000
bl_equilibrium,2024-09-30,DBC,0.050000
bl_equilibrium,2024-09-30,GLD,0.050000
bl_equilibrium,2024-09-30,BIL,0.050000
bl_equilibrium,2024-10-31,SPY,0.350000
bl_equilibrium,2024-10-31,EEM,0.100000
bl_equilibrium,2024-10-31,IEF,0.250000
bl_equilibrium,2024-10-31,TIP,0.050000
bl_equilibrium,2024-10-31,HYG,0.100000
bl_equilibrium,2024-10-31,DBC,0.050000
bl_equilibrium,2024-10-31,GLD,0.050000
bl_equilibrium,2024-10-31,BIL,0.050000
bl_equilibrium,2024-11-29,SPY,0.350000
bl_equilibrium,2024-11-29,EEM,0.100000
bl_equilibrium,2024-11-29,IEF,0.250000
bl_equilibrium,2024-11-29,TIP,0.050000
bl_equilibrium,2024-11-29,HYG,0.100000
bl_equilibrium,2024-11-29,DBC,0.050000
bl_equilibrium,2024-11-29,GLD,0.050000
bl_equilibrium,2024-11-29,BIL,0.050000
bl_equilibrium,2024-12-31,SPY,0.350000
bl_equilibrium,2024-12-31,EEM,0.100000
bl_equilibrium,2024-12-31,IEF,0.250000
bl_equilibrium,2024-12-31,TIP,0.050000
bl_equilibrium,2024-12-31,HYG,0.100000
bl_equilibrium,2024-12-31,DBC,0.050000
bl_equilibrium,2024-12-31,GLD,0.050000
bl_equilibrium,2024-12-31,BIL,0.050000
bl_equilibrium,2025-01-31,SPY,0.350000
bl_equilibrium,2025-01-31,EEM,0.100000
bl_equilibrium,2025-01-31,IEF,0.250000
bl_equilibrium,2025-01-31,TIP,0.050000
bl_equilibrium,2025-01-31,HYG,0.100000
bl_equilibrium,2025-01-31,DBC,0.050000
bl_equilibrium,2025-01-31,GLD,0.050000
bl_equilibrium,2025-01-31,BIL,0.050000
bl_equilibrium,2025-02-28,SPY,0.350000
bl_equilibrium,2025-02-28,EEM,0.100000
bl_equilibrium,2025-02-28,IEF,0.250000
bl_equilibrium,2025-02-28,TIP,0.050000
bl_equilibrium,2025-02-28,HYG,0.100000
bl_equilibrium,2025-02-28,DBC,0.050000
bl_equilibrium,2025-02-28,GLD,0.050000
bl_equilibrium,2025-02-28,BIL,0.050000
bl_equilibrium,2025-03-31,SPY,0.350000
bl_equilibrium,2025-03-31,EEM,0.100000
bl_equilibrium,2025-03-31,IEF,0.250000
bl_equilibrium,2025-03-31,TIP,0.050000
bl_equilibrium,2025-03-31,HYG,0.100000
bl_equilibrium,2025-03-31,DBC,0.050000
bl_equilibrium,2025-03-31,GLD,0.050000
bl_equilibrium,2025-03-31,BIL,0.050000
bl_equilibrium,2025-04-30,SPY,0.350000
bl_equilibrium,2025-04-30,EEM,0.100000
bl_equilibrium,2025-04-30,IEF,0.250000
bl_equilibrium,2025-04-30,TIP,0.050000
bl_equilibrium,2025-04-30,HYG,0.100000
bl_equilibrium,2025-04-30,DBC,0.050000
bl_equilibrium,2025-04-30,GLD,0.050000
bl_equilibrium,2025-04-30,BIL,0.050000
bl_equilibrium,2025-05-30,SPY,0.350000
bl_equilibrium,2025-05-30,EEM,0.100000
bl_equilibrium,2025-05-30,IEF,0.250000
bl_equilibrium,2025-05-30,TIP,0.050000
bl_equilibrium,2025-05-30,HYG,0.100000
bl_equilibrium,2025-05-30,DBC,0.050000
bl_equilibrium,2025-05-30,GLD,0.050000
bl_equilibrium,2025-05-30,BIL,0.050000
bl_equilibrium,2025-06-30,SPY,0.350000
bl_equilibrium,2025-06-30,EEM,0.100000
bl_equilibrium,2025-06-30,IEF,0.250000
bl_equilibrium,2025-06-30,TIP,0.050000
bl_equilibrium,2025-06-30,HYG,0.100000
bl_equilibrium,2025-06-30,DBC,0.050000
bl_equilibrium,2025-06-30,GLD,0.050000
bl_equilibrium,2025-06-30,BIL,0.050000
bl_equilibrium,2025-07-31,SPY,0.350000
bl_equilibrium,2025-07-31,EEM,0.100000
bl_equilibrium,2025-07-31,IEF,0.250000
bl_equilibrium,2025-07-31,TIP,0.050000
bl_equilibrium,2025-07-31,HYG,0.100000
bl_equilibrium,2025-07-31,DBC,0.050000
bl_equilibrium,2025-07-31,GLD,0.050000
bl_equilibrium,2025-07-31,BIL,0.050000
bl_equilibrium,2025-08-29,SPY,0.350000
bl_equilibrium,2025-08-29,EEM,0.100000
bl_equilibrium,2025-08-29,IEF,0.250000
bl_equilibrium,2025-08-29,TIP,0.050000
bl_equilibrium,2025-08-29,HYG,0.100000
bl_equilibrium,2025-08-29,DBC,0.050000
bl_equilibrium,2025-08-29,GLD,0.050000
bl_equilibrium,2025-08-29,BIL,0.050000
bl_equilibrium,2025-09-30,SPY,0.350000
bl_equilibrium,2025-09-30,EEM,0.100000
bl_equilibrium,2025-09-30,IEF,0.250000
bl_equilibrium,2025-09-30,TIP,0.050000
bl_equilibrium,2025-09-30,HYG,0.100000
bl_equilibrium,2025-09-30,DBC,0.050000
bl_equilibrium,2025-09-30,GLD,0.050000
bl_equilibrium,2025-09-30,BIL,0.050000
bl_equilibrium,2025-10-31,SPY,0.350000
bl_equilibrium,2025-10-31,EEM,0.100000
bl_equilibrium,2025-10-31,IEF,0.250000
bl_equilibrium,2025-10-31,TIP,0.050000
bl_equilibrium,2025-10-31,HYG,0.100000
bl_equilibrium,2025-10-31,DBC,0.050000
bl_equilibrium,2025-10-31,GLD,0.050000
bl_equilibrium,2025-10-31,BIL,0.050000
bl_equilibrium,2025-11-28,SPY,0.350000
bl_equilibrium,2025-11-28,EEM,0.100000
bl_equilibrium,2025-11-28,IEF,0.250000
bl_equilibrium,2025-11-28,TIP,0.050000
bl_equilibrium,2025-11-28,HYG,0.100000
bl_equilibrium,2025-11-28,DBC,0.050000
bl_equilibrium,2025-11-28,GLD,0.050000
bl_equilibrium,2025-11-28,BIL,0.050000
bl_equilibrium,2025-12-31,SPY,0.350000
bl_equilibrium,2025-12-31,EEM,0.100000
bl_equilibrium,2025-12-31,IEF,0.250000
bl_equilibrium,2025-12-31,TIP,0.050000
bl_equilibrium,2025-12-31,HYG,0.100000
bl_equilibrium,2025-12-31,DBC,0.050000
bl_equilibrium,2025-12-31,GLD,0.050000
bl_equilibrium,2025-12-31,BIL,0.050000
bl_equilibrium,2026-01-30,SPY,0.350000
bl_equilibrium,2026-01-30,EEM,0.100000
bl_equilibrium,2026-01-30,IEF,0.250000
bl_equilibrium,2026-01-30,TIP,0.050000
bl_equilibrium,2026-01-30,HYG,0.100000
bl_equilibrium,2026-01-30,DBC,0.050000
bl_equilibrium,2026-01-30,GLD,0.050000
bl_equilibrium,2026-01-30,BIL,0.050000
bl_equilibrium,2026-02-27,SPY,0.350000
bl_equilibrium,2026-02-27,EEM,0.100000
bl_equilibrium,2026-02-27,IEF,0.250000
bl_equilibrium,2026-02-27,TIP,0.050000
bl_equilibrium,2026-02-27,HYG,0.100000
bl_equilibrium,2026-02-27,DBC,0.050000
bl_equilibrium,2026-02-27,GLD,0.050000
bl_equilibrium,2026-02-27,BIL,0.050000
bl_equilibrium,2026-03-31,SPY,0.350000
bl_equilibrium,2026-03-31,EEM,0.100000
bl_equilibrium,2026-03-31,IEF,0.250000
bl_equilibrium,2026-03-31,TIP,0.050000
bl_equilibrium,2026-03-31,HYG,0.100000
bl_equilibrium,2026-03-31,DBC,0.050000
bl_equilibrium,2026-03-31,GLD,0.050000
bl_equilibrium,2026-03-31,BIL,0.050000
bl_equilibrium,2026-04-30,SPY,0.350000
bl_equilibrium,2026-04-30,EEM,0.100000
bl_equilibrium,2026-04-30,IEF,0.250000
bl_equilibrium,2026-04-30,TIP,0.050000
bl_equilibrium,2026-04-30,HYG,0.100000
bl_equilibrium,2026-04-30,DBC,0.050000
bl_equilibrium,2026-04-30,GLD,0.050000
bl_equilibrium,2026-04-30,BIL,0.050000
bl_equilibrium,2026-05-29,SPY,0.350000
bl_equilibrium,2026-05-29,EEM,0.100000
bl_equilibrium,2026-05-29,IEF,0.250000
bl_equilibrium,2026-05-29,TIP,0.050000
bl_equilibrium,2026-05-29,HYG,0.100000
bl_equilibrium,2026-05-29,DBC,0.050000
bl_equilibrium,2026-05-29,GLD,0.050000
bl_equilibrium,2026-05-29,BIL,0.050000
bl_momentum,2007-12-31,SPY,0.000000
bl_momentum,2007-12-31,EEM,0.000000
bl_momentum,2007-12-31,IEF,0.000000
bl_momentum,2007-12-31,TIP,0.000000
bl_momentum,2007-12-31,HYG,0.000000
bl_momentum,2007-12-31,DBC,0.399572
bl_momentum,2007-12-31,GLD,0.600428
bl_momentum,2007-12-31,BIL,0.000000
bl_momentum,2008-01-31,SPY,0.000000
bl_momentum,2008-01-31,EEM,0.000000
bl_momentum,2008-01-31,IEF,0.000000
bl_momentum,2008-01-31,TIP,0.000000
bl_momentum,2008-01-31,HYG,0.000000
bl_momentum,2008-01-31,DBC,0.000000
bl_momentum,2008-01-31,GLD,1.000000
bl_momentum,2008-01-31,BIL,0.000000
bl_momentum,2008-02-29,SPY,0.000000
bl_momentum,2008-02-29,EEM,0.000000
bl_momentum,2008-02-29,IEF,0.000000
bl_momentum,2008-02-29,TIP,0.000000
bl_momentum,2008-02-29,HYG,0.000000
bl_momentum,2008-02-29,DBC,0.265746
bl_momentum,2008-02-29,GLD,0.734254
bl_momentum,2008-02-29,BIL,0.000000
bl_momentum,2008-03-31,SPY,0.000000
bl_momentum,2008-03-31,EEM,0.000000
bl_momentum,2008-03-31,IEF,0.000000
bl_momentum,2008-03-31,TIP,0.000000
bl_momentum,2008-03-31,HYG,0.000000
bl_momentum,2008-03-31,DBC,0.655236
bl_momentum,2008-03-31,GLD,0.344764
bl_momentum,2008-03-31,BIL,0.000000
bl_momentum,2008-04-30,SPY,0.000000
bl_momentum,2008-04-30,EEM,0.000000
bl_momentum,2008-04-30,IEF,0.000000
bl_momentum,2008-04-30,TIP,0.000000
bl_momentum,2008-04-30,HYG,0.000000
bl_momentum,2008-04-30,DBC,1.000000
bl_momentum,2008-04-30,GLD,0.000000
bl_momentum,2008-04-30,BIL,0.000000
bl_momentum,2008-05-30,SPY,0.000000
bl_momentum,2008-05-30,EEM,0.000000
bl_momentum,2008-05-30,IEF,0.000000
bl_momentum,2008-05-30,TIP,0.000000
bl_momentum,2008-05-30,HYG,0.000000
bl_momentum,2008-05-30,DBC,1.000000
bl_momentum,2008-05-30,GLD,0.000000
bl_momentum,2008-05-30,BIL,0.000000
bl_momentum,2008-06-30,SPY,0.000000
bl_momentum,2008-06-30,EEM,0.000000
bl_momentum,2008-06-30,IEF,0.000000
bl_momentum,2008-06-30,TIP,0.000000
bl_momentum,2008-06-30,HYG,0.000000
bl_momentum,2008-06-30,DBC,1.000000
bl_momentum,2008-06-30,GLD,0.000000
bl_momentum,2008-06-30,BIL,0.000000
bl_momentum,2008-07-31,SPY,0.000000
bl_momentum,2008-07-31,EEM,0.000000
bl_momentum,2008-07-31,IEF,0.000000
bl_momentum,2008-07-31,TIP,0.000000
bl_momentum,2008-07-31,HYG,0.000000
bl_momentum,2008-07-31,DBC,1.000000
bl_momentum,2008-07-31,GLD,0.000000
bl_momentum,2008-07-31,BIL,0.000000
bl_momentum,2008-08-29,SPY,0.000000
bl_momentum,2008-08-29,EEM,0.000000
bl_momentum,2008-08-29,IEF,0.000000
bl_momentum,2008-08-29,TIP,0.000000
bl_momentum,2008-08-29,HYG,0.000000
bl_momentum,2008-08-29,DBC,1.000000
bl_momentum,2008-08-29,GLD,0.000000
bl_momentum,2008-08-29,BIL,0.000000
bl_momentum,2008-09-30,SPY,0.000000
bl_momentum,2008-09-30,EEM,0.000000
bl_momentum,2008-09-30,IEF,0.445660
bl_momentum,2008-09-30,TIP,0.000000
bl_momentum,2008-09-30,HYG,0.000000
bl_momentum,2008-09-30,DBC,0.148539
bl_momentum,2008-09-30,GLD,0.405801
bl_momentum,2008-09-30,BIL,0.000000
bl_momentum,2008-10-31,SPY,0.000000
bl_momentum,2008-10-31,EEM,0.000000
bl_momentum,2008-10-31,IEF,0.891321
bl_momentum,2008-10-31,TIP,0.000000
bl_momentum,2008-10-31,HYG,0.000000
bl_momentum,2008-10-31,DBC,0.000000
bl_momentum,2008-10-31,GLD,0.000000
bl_momentum,2008-10-31,BIL,0.108679
bl_momentum,2008-11-28,SPY,0.000000
bl_momentum,2008-11-28,EEM,0.000000
bl_momentum,2008-11-28,IEF,1.000000
bl_momentum,2008-11-28,TIP,0.000000
bl_momentum,2008-11-28,HYG,0.000000
bl_momentum,2008-11-28,DBC,0.000000
bl_momentum,2008-11-28,GLD,0.000000
bl_momentum,2008-11-28,BIL,0.000000
bl_momentum,2008-12-31,SPY,0.000000
bl_momentum,2008-12-31,EEM,0.000000
bl_momentum,2008-12-31,IEF,1.000000
bl_momentum,2008-12-31,TIP,0.000000
bl_momentum,2008-12-31,HYG,0.000000
bl_momentum,2008-12-31,DBC,0.000000
bl_momentum,2008-12-31,GLD,0.000000
bl_momentum,2008-12-31,BIL,0.000000
bl_momentum,2009-01-30,SPY,0.000000
bl_momentum,2009-01-30,EEM,0.000000
bl_momentum,2009-01-30,IEF,1.000000
bl_momentum,2009-01-30,TIP,0.000000
bl_momentum,2009-01-30,HYG,0.000000
bl_momentum,2009-01-30,DBC,0.000000
bl_momentum,2009-01-30,GLD,0.000000
bl_momentum,2009-01-30,BIL,0.000000
bl_momentum,2009-02-27,SPY,0.000000
bl_momentum,2009-02-27,EEM,0.000000
bl_momentum,2009-02-27,IEF,1.000000
bl_momentum,2009-02-27,TIP,0.000000
bl_momentum,2009-02-27,HYG,0.000000
bl_momentum,2009-02-27,DBC,0.000000
bl_momentum,2009-02-27,GLD,0.000000
bl_momentum,2009-02-27,BIL,0.000000
bl_momentum,2009-03-31,SPY,0.000000
bl_momentum,2009-03-31,EEM,0.000000
bl_momentum,2009-03-31,IEF,1.000000
bl_momentum,2009-03-31,TIP,0.000000
bl_momentum,2009-03-31,HYG,0.000000
bl_momentum,2009-03-31,DBC,0.000000
bl_momentum,2009-03-31,GLD,0.000000
bl_momentum,2009-03-31,BIL,0.000000
bl_momentum,2009-04-30,SPY,0.000000
bl_momentum,2009-04-30,EEM,0.000000
bl_momentum,2009-04-30,IEF,1.000000
bl_momentum,2009-04-30,TIP,0.000000
bl_momentum,2009-04-30,HYG,0.000000
bl_momentum,2009-04-30,DBC,0.000000
bl_momentum,2009-04-30,GLD,0.000000
bl_momentum,2009-04-30,BIL,0.000000
bl_momentum,2009-05-29,SPY,0.000000
bl_momentum,2009-05-29,EEM,0.000000
bl_momentum,2009-05-29,IEF,0.959985
bl_momentum,2009-05-29,TIP,0.000000
bl_momentum,2009-05-29,HYG,0.000000
bl_momentum,2009-05-29,DBC,0.000000
bl_momentum,2009-05-29,GLD,0.040015
bl_momentum,2009-05-29,BIL,0.000000
bl_momentum,2009-06-30,SPY,0.000000
bl_momentum,2009-06-30,EEM,0.000000
bl_momentum,2009-06-30,IEF,0.937882
bl_momentum,2009-06-30,TIP,0.000000
bl_momentum,2009-06-30,HYG,0.000000
bl_momentum,2009-06-30,DBC,0.000000
bl_momentum,2009-06-30,GLD,0.000000
bl_momentum,2009-06-30,BIL,0.062118
bl_momentum,2009-07-31,SPY,0.000000
bl_momentum,2009-07-31,EEM,0.000000
bl_momentum,2009-07-31,IEF,0.935205
bl_momentum,2009-07-31,TIP,0.000000
bl_momentum,2009-07-31,HYG,0.000000
bl_momentum,2009-07-31,DBC,0.000000
bl_momentum,2009-07-31,GLD,0.000000
bl_momentum,2009-07-31,BIL,0.064795
bl_momentum,2009-08-31,SPY,0.000000
bl_momentum,2009-08-31,EEM,0.000000
bl_momentum,2009-08-31,IEF,0.820936
bl_momentum,2009-08-31,TIP,0.000000
bl_momentum,2009-08-31,HYG,0.000000
bl_momentum,2009-08-31,DBC,0.000000
bl_momentum,2009-08-31,GLD,0.150329
bl_momentum,2009-08-31,BIL,0.028735
bl_momentum,2009-09-30,SPY,0.000000
bl_momentum,2009-09-30,EEM,0.017229
bl_momentum,2009-09-30,IEF,0.543402
bl_momentum,2009-09-30,TIP,0.010551
bl_momentum,2009-09-30,HYG,0.253151
bl_momentum,2009-09-30,DBC,0.000000
bl_momentum,2009-09-30,GLD,0.175667
bl_momentum,2009-09-30,BIL,0.000000
bl_momentum,2009-10-30,SPY,0.000000
bl_momentum,2009-10-30,EEM,0.186966
bl_momentum,2009-10-30,IEF,0.000000
bl_momentum,2009-10-30,TIP,0.000000
bl_momentum,2009-10-30,HYG,0.236901
bl_momentum,2009-10-30,DBC,0.000000
bl_momentum,2009-10-30,GLD,0.576133
bl_momentum,2009-10-30,BIL,0.000000
bl_momentum,2009-11-30,SPY,0.000000
bl_momentum,2009-11-30,EEM,0.686302
bl_momentum,2009-11-30,IEF,0.000000
bl_momentum,2009-11-30,TIP,0.000000
bl_momentum,2009-11-30,HYG,0.012844
bl_momentum,2009-11-30,DBC,0.000000
bl_momentum,2009-11-30,GLD,0.300854
bl_momentum,2009-11-30,BIL,0.000000
bl_momentum,2009-12-31,SPY,0.000000
bl_momentum,2009-12-31,EEM,0.908711
bl_momentum,2009-12-31,IEF,0.000000
bl_momentum,2009-12-31,TIP,0.000000
bl_momentum,2009-12-31,HYG,0.000000
bl_momentum,2009-12-31,DBC,0.000000
bl_momentum,2009-12-31,GLD,0.091289
bl_momentum,2009-12-31,BIL,0.000000
bl_momentum,2010-01-29,SPY,0.000000
bl_momentum,2010-01-29,EEM,1.000000
bl_momentum,2010-01-29,IEF,0.000000
bl_momentum,2010-01-29,TIP,0.000000
bl_momentum,2010-01-29,HYG,0.000000
bl_momentum,2010-01-29,DBC,0.000000
bl_momentum,2010-01-29,GLD,0.000000
bl_momentum,2010-01-29,BIL,0.000000
bl_momentum,2010-02-26,SPY,0.000000
bl_momentum,2010-02-26,EEM,1.000000
bl_momentum,2010-02-26,IEF,0.000000
bl_momentum,2010-02-26,TIP,0.000000
bl_momentum,2010-02-26,HYG,0.000000
bl_momentum,2010-02-26,DBC,0.000000
bl_momentum,2010-02-26,GLD,0.000000
bl_momentum,2010-02-26,BIL,0.000000
bl_momentum,2010-03-31,SPY,0.000000
bl_momentum,2010-03-31,EEM,1.000000
bl_momentum,2010-03-31,IEF,0.000000
bl_momentum,2010-03-31,TIP,0.000000
bl_momentum,2010-03-31,HYG,0.000000
bl_momentum,2010-03-31,DBC,0.000000
bl_momentum,2010-03-31,GLD,0.000000
bl_momentum,2010-03-31,BIL,0.000000
bl_momentum,2010-04-30,SPY,0.000000
bl_momentum,2010-04-30,EEM,1.000000
bl_momentum,2010-04-30,IEF,0.000000
bl_momentum,2010-04-30,TIP,0.000000
bl_momentum,2010-04-30,HYG,0.000000
bl_momentum,2010-04-30,DBC,0.000000
bl_momentum,2010-04-30,GLD,0.000000
bl_momentum,2010-04-30,BIL,0.000000
bl_momentum,2010-05-28,SPY,0.000000
bl_momentum,2010-05-28,EEM,0.386320
bl_momentum,2010-05-28,IEF,0.000000
bl_momentum,2010-05-28,TIP,0.000000
bl_momentum,2010-05-28,HYG,0.099646
bl_momentum,2010-05-28,DBC,0.000000
bl_momentum,2010-05-28,GLD,0.514034
bl_momentum,2010-05-28,BIL,0.000000
bl_momentum,2010-06-30,SPY,0.000000
bl_momentum,2010-06-30,EEM,0.000000
bl_momentum,2010-06-30,IEF,0.000000
bl_momentum,2010-06-30,TIP,0.000000
bl_momentum,2010-06-30,HYG,0.000000
bl_momentum,2010-06-30,DBC,0.000000
bl_momentum,2010-06-30,GLD,1.000000
bl_momentum,2010-06-30,BIL,0.000000
bl_momentum,2010-07-30,SPY,0.000000
bl_momentum,2010-07-30,EEM,0.138012
bl_momentum,2010-07-30,IEF,0.000000
bl_momentum,2010-07-30,TIP,0.000000
bl_momentum,2010-07-30,HYG,0.000000
bl_momentum,2010-07-30,DBC,0.000000
bl_momentum,2010-07-30,GLD,0.861988
bl_momentum,2010-07-30,BIL,0.000000
bl_momentum,2010-08-31,SPY,0.000000
bl_momentum,2010-08-31,EEM,0.000000
bl_momentum,2010-08-31,IEF,0.000000
bl_momentum,2010-08-31,TIP,0.000000
bl_momentum,2010-08-31,HYG,0.000000
bl_momentum,2010-08-31,DBC,0.000000
bl_momentum,2010-08-31,GLD,1.000000
bl_momentum,2010-08-31,BIL,0.000000
bl_momentum,2010-09-30,SPY,0.000000
bl_momentum,2010-09-30,EEM,0.039533
bl_momentum,2010-09-30,IEF,0.000000
bl_momentum,2010-09-30,TIP,0.000000
bl_momentum,2010-09-30,HYG,0.000000
bl_momentum,2010-09-30,DBC,0.000000
bl_momentum,2010-09-30,GLD,0.960467
bl_momentum,2010-09-30,BIL,0.000000
bl_momentum,2010-10-29,SPY,0.000000
bl_momentum,2010-10-29,EEM,0.132935
bl_momentum,2010-10-29,IEF,0.000000
bl_momentum,2010-10-29,TIP,0.000000
bl_momentum,2010-10-29,HYG,0.000000
bl_momentum,2010-10-29,DBC,0.000000
bl_momentum,2010-10-29,GLD,0.867065
bl_momentum,2010-10-29,BIL,0.000000
bl_momentum,2010-11-30,SPY,0.000000
bl_momentum,2010-11-30,EEM,0.286284
bl_momentum,2010-11-30,IEF,0.000000
bl_momentum,2010-11-30,TIP,0.000000
bl_momentum,2010-11-30,HYG,0.075882
bl_momentum,2010-11-30,DBC,0.000000
bl_momentum,2010-11-30,GLD,0.637835
bl_momentum,2010-11-30,BIL,0.000000
bl_momentum,2010-12-31,SPY,0.000000
bl_momentum,2010-12-31,EEM,0.208983
bl_momentum,2010-12-31,IEF,0.000000
bl_momentum,2010-12-31,TIP,0.000000
bl_momentum,2010-12-31,HYG,0.000000
bl_momentum,2010-12-31,DBC,0.000000
bl_momentum,2010-12-31,GLD,0.791017
bl_momentum,2010-12-31,BIL,0.000000
bl_momentum,2011-01-31,SPY,0.000000
bl_momentum,2011-01-31,EEM,0.614129
bl_momentum,2011-01-31,IEF,0.000000
bl_momentum,2011-01-31,TIP,0.000000
bl_momentum,2011-01-31,HYG,0.000000
bl_momentum,2011-01-31,DBC,0.187914
bl_momentum,2011-01-31,GLD,0.197957
bl_momentum,2011-01-31,BIL,0.000000
bl_momentum,2011-02-28,SPY,0.000000
bl_momentum,2011-02-28,EEM,0.424007
bl_momentum,2011-02-28,IEF,0.000000
bl_momentum,2011-02-28,TIP,0.000000
bl_momentum,2011-02-28,HYG,0.000000
bl_momentum,2011-02-28,DBC,0.380816
bl_momentum,2011-02-28,GLD,0.195177
bl_momentum,2011-02-28,BIL,0.000000
bl_momentum,2011-03-31,SPY,0.000000
bl_momentum,2011-03-31,EEM,0.030283
bl_momentum,2011-03-31,IEF,0.000000
bl_momentum,2011-03-31,TIP,0.000000
bl_momentum,2011-03-31,HYG,0.000000
bl_momentum,2011-03-31,DBC,0.615288
bl_momentum,2011-03-31,GLD,0.354429
bl_momentum,2011-03-31,BIL,0.000000
bl_momentum,2011-04-29,SPY,0.000000
bl_momentum,2011-04-29,EEM,0.075197
bl_momentum,2011-04-29,IEF,0.000000
bl_momentum,2011-04-29,TIP,0.000000
bl_momentum,2011-04-29,HYG,0.000000
bl_momentum,2011-04-29,DBC,0.592333
bl_momentum,2011-04-29,GLD,0.332470
bl_momentum,2011-04-29,BIL,0.000000
bl_momentum,2011-05-31,SPY,0.000000
bl_momentum,2011-05-31,EEM,0.560119
bl_momentum,2011-05-31,IEF,0.000000
bl_momentum,2011-05-31,TIP,0.000000
bl_momentum,2011-05-31,HYG,0.000000
bl_momentum,2011-05-31,DBC,0.439881
bl_momentum,2011-05-31,GLD,0.000000
bl_momentum,2011-05-31,BIL,0.000000
bl_momentum,2011-06-30,SPY,0.000000
bl_momentum,2011-06-30,EEM,0.635641
bl_momentum,2011-06-30,IEF,0.000000
bl_momentum,2011-06-30,TIP,0.000000
bl_momentum,2011-06-30,HYG,0.000000
bl_momentum,2011-06-30,DBC,0.364359
bl_momentum,2011-06-30,GLD,0.000000
bl_momentum,2011-06-30,BIL,0.000000
bl_momentum,2011-07-29,SPY,0.000000
bl_momentum,2011-07-29,EEM,0.000000
bl_momentum,2011-07-29,IEF,0.000000
bl_momentum,2011-07-29,TIP,0.000000
bl_momentum,2011-07-29,HYG,0.000000
bl_momentum,2011-07-29,DBC,0.704522
bl_momentum,2011-07-29,GLD,0.295478
bl_momentum,2011-07-29,BIL,0.000000
bl_momentum,2011-08-31,SPY,0.000000
bl_momentum,2011-08-31,EEM,0.000000
bl_momentum,2011-08-31,IEF,0.000000
bl_momentum,2011-08-31,TIP,0.000000
bl_momentum,2011-08-31,HYG,0.000000
bl_momentum,2011-08-31,DBC,0.126835
bl_momentum,2011-08-31,GLD,0.873165
bl_momentum,2011-08-31,BIL,0.000000
bl_momentum,2011-09-30,SPY,0.000000
bl_momentum,2011-09-30,EEM,0.000000
bl_momentum,2011-09-30,IEF,0.081006
bl_momentum,2011-09-30,TIP,0.000000
bl_momentum,2011-09-30,HYG,0.000000
bl_momentum,2011-09-30,DBC,0.000000
bl_momentum,2011-09-30,GLD,0.918994
bl_momentum,2011-09-30,BIL,0.000000
bl_momentum,2011-10-31,SPY,0.000000
bl_momentum,2011-10-31,EEM,0.000000
bl_momentum,2011-10-31,IEF,0.000000
bl_momentum,2011-10-31,TIP,0.000000
bl_momentum,2011-10-31,HYG,0.000000
bl_momentum,2011-10-31,DBC,0.000000
bl_momentum,2011-10-31,GLD,1.000000
bl_momentum,2011-10-31,BIL,0.000000
bl_momentum,2011-11-30,SPY,0.000000
bl_momentum,2011-11-30,EEM,0.000000
bl_momentum,2011-11-30,IEF,0.000000
bl_momentum,2011-11-30,TIP,0.059744
bl_momentum,2011-11-30,HYG,0.000000
bl_momentum,2011-11-30,DBC,0.000000
bl_momentum,2011-11-30,GLD,0.940256
bl_momentum,2011-11-30,BIL,0.000000
bl_momentum,2011-12-30,SPY,0.000000
bl_momentum,2011-12-30,EEM,0.000000
bl_momentum,2011-12-30,IEF,0.734018
bl_momentum,2011-12-30,TIP,0.265982
bl_momentum,2011-12-30,HYG,0.000000
bl_momentum,2011-12-30,DBC,0.000000
bl_momentum,2011-12-30,GLD,0.000000
bl_momentum,2011-12-30,BIL,0.000000
bl_momentum,2012-01-31,SPY,0.000000
bl_momentum,2012-01-31,EEM,0.000000
bl_momentum,2012-01-31,IEF,0.063425
bl_momentum,2012-01-31,TIP,0.079677
bl_momentum,2012-01-31,HYG,0.000000
bl_momentum,2012-01-31,DBC,0.000000
bl_momentum,2012-01-31,GLD,0.856898
bl_momentum,2012-01-31,BIL,0.000000
bl_momentum,2012-02-29,SPY,0.000000
bl_momentum,2012-02-29,EEM,0.000000
bl_momentum,2012-02-29,IEF,0.212494
bl_momentum,2012-02-29,TIP,0.413181
bl_momentum,2012-02-29,HYG,0.000000
bl_momentum,2012-02-29,DBC,0.000000
bl_momentum,2012-02-29,GLD,0.374326
bl_momentum,2012-02-29,BIL,0.000000
bl_momentum,2012-03-30,SPY,0.000000
bl_momentum,2012-03-30,EEM,0.000000
bl_momentum,2012-03-30,IEF,0.526901
bl_momentum,2012-03-30,TIP,0.152864
bl_momentum,2012-03-30,HYG,0.000000
bl_momentum,2012-03-30,DBC,0.000000
bl_momentum,2012-03-30,GLD,0.320234
bl_momentum,2012-03-30,BIL,0.000000
bl_momentum,2012-04-30,SPY,0.000000
bl_momentum,2012-04-30,EEM,0.000000
bl_momentum,2012-04-30,IEF,1.000000
bl_momentum,2012-04-30,TIP,0.000000
bl_momentum,2012-04-30,HYG,0.000000
bl_momentum,2012-04-30,DBC,0.000000
bl_momentum,2012-04-30,GLD,0.000000
bl_momentum,2012-04-30,BIL,0.000000
bl_momentum,2012-05-31,SPY,0.000000
bl_momentum,2012-05-31,EEM,0.000000
bl_momentum,2012-05-31,IEF,1.000000
bl_momentum,2012-05-31,TIP,0.000000
bl_momentum,2012-05-31,HYG,0.000000
bl_momentum,2012-05-31,DBC,0.000000
bl_momentum,2012-05-31,GLD,0.000000
bl_momentum,2012-05-31,BIL,0.000000
bl_momentum,2012-06-29,SPY,0.000000
bl_momentum,2012-06-29,EEM,0.000000
bl_momentum,2012-06-29,IEF,1.000000
bl_momentum,2012-06-29,TIP,0.000000
bl_momentum,2012-06-29,HYG,0.000000
bl_momentum,2012-06-29,DBC,0.000000
bl_momentum,2012-06-29,GLD,0.000000
bl_momentum,2012-06-29,BIL,0.000000
bl_momentum,2012-07-31,SPY,0.000000
bl_momentum,2012-07-31,EEM,0.000000
bl_momentum,2012-07-31,IEF,1.000000
bl_momentum,2012-07-31,TIP,0.000000
bl_momentum,2012-07-31,HYG,0.000000
bl_momentum,2012-07-31,DBC,0.000000
bl_momentum,2012-07-31,GLD,0.000000
bl_momentum,2012-07-31,BIL,0.000000
bl_momentum,2012-08-31,SPY,0.000000
bl_momentum,2012-08-31,EEM,0.000000
bl_momentum,2012-08-31,IEF,0.000000
bl_momentum,2012-08-31,TIP,0.396500
bl_momentum,2012-08-31,HYG,0.603500
bl_momentum,2012-08-31,DBC,0.000000
bl_momentum,2012-08-31,GLD,0.000000
bl_momentum,2012-08-31,BIL,0.000000
bl_momentum,2012-09-28,SPY,0.000000
bl_momentum,2012-09-28,EEM,0.850138
bl_momentum,2012-09-28,IEF,0.000000
bl_momentum,2012-09-28,TIP,0.149862
bl_momentum,2012-09-28,HYG,0.000000
bl_momentum,2012-09-28,DBC,0.000000
bl_momentum,2012-09-28,GLD,0.000000
bl_momentum,2012-09-28,BIL,0.000000
bl_momentum,2012-10-31,SPY,0.000000
bl_momentum,2012-10-31,EEM,0.161713
bl_momentum,2012-10-31,IEF,0.000000
bl_momentum,2012-10-31,TIP,0.838287
bl_momentum,2012-10-31,HYG,0.000000
bl_momentum,2012-10-31,DBC,0.000000
bl_momentum,2012-10-31,GLD,0.000000
bl_momentum,2012-10-31,BIL,0.000000
bl_momentum,2012-11-30,SPY,0.000000
bl_momentum,2012-11-30,EEM,0.885340
bl_momentum,2012-11-30,IEF,0.000000
bl_momentum,2012-11-30,TIP,0.000000
bl_momentum,2012-11-30,HYG,0.114660
bl_momentum,2012-11-30,DBC,0.000000
bl_momentum,2012-11-30,GLD,0.000000
bl_momentum,2012-11-30,BIL,0.000000
bl_momentum,2012-12-31,SPY,0.000000
bl_momentum,2012-12-31,EEM,1.000000
bl_momentum,2012-12-31,IEF,0.000000
bl_momentum,2012-12-31,TIP,0.000000
bl_momentum,2012-12-31,HYG,0.000000
bl_momentum,2012-12-31,DBC,0.000000
bl_momentum,2012-12-31,GLD,0.000000
bl_momentum,2012-12-31,BIL,0.000000
bl_momentum,2013-01-31,SPY,0.621798
bl_momentum,2013-01-31,EEM,0.378202
bl_momentum,2013-01-31,IEF,0.000000
bl_momentum,2013-01-31,TIP,0.000000
bl_momentum,2013-01-31,HYG,0.000000
bl_momentum,2013-01-31,DBC,0.000000
bl_momentum,2013-01-31,GLD,0.000000
bl_momentum,2013-01-31,BIL,0.000000
bl_momentum,2013-02-28,SPY,0.279436
bl_momentum,2013-02-28,EEM,0.000000
bl_momentum,2013-02-28,IEF,0.000000
bl_momentum,2013-02-28,TIP,0.000000
bl_momentum,2013-02-28,HYG,0.720564
bl_momentum,2013-02-28,DBC,0.000000
bl_momentum,2013-02-28,GLD,0.000000
bl_momentum,2013-02-28,BIL,0.000000
bl_momentum,2013-03-28,SPY,0.111335
bl_momentum,2013-03-28,EEM,0.000000
bl_momentum,2013-03-28,IEF,0.000000
bl_momentum,2013-03-28,TIP,0.000000
bl_momentum,2013-03-28,HYG,0.888665
bl_momentum,2013-03-28,DBC,0.000000
bl_momentum,2013-03-28,GLD,0.000000
bl_momentum,2013-03-28,BIL,0.000000
bl_momentum,2013-04-30,SPY,0.663496
bl_momentum,2013-04-30,EEM,0.000000
bl_momentum,2013-04-30,IEF,0.000000
bl_momentum,2013-04-30,TIP,0.000000
bl_momentum,2013-04-30,HYG,0.336504
bl_momentum,2013-04-30,DBC,0.000000
bl_momentum,2013-04-30,GLD,0.000000
bl_momentum,2013-04-30,BIL,0.000000
bl_momentum,2013-05-31,SPY,1.000000
bl_momentum,2013-05-31,EEM,0.000000
bl_momentum,2013-05-31,IEF,0.000000
bl_momentum,2013-05-31,TIP,0.000000
bl_momentum,2013-05-31,HYG,0.000000
bl_momentum,2013-05-31,DBC,0.000000
bl_momentum,2013-05-31,GLD,0.000000
bl_momentum,2013-05-31,BIL,0.000000
bl_momentum,2013-06-28,SPY,1.000000
bl_momentum,2013-06-28,EEM,0.000000
bl_momentum,2013-06-28,IEF,0.000000
bl_momentum,2013-06-28,TIP,0.000000
bl_momentum,2013-06-28,HYG,0.000000
bl_momentum,2013-06-28,DBC,0.000000
bl_momentum,2013-06-28,GLD,0.000000
bl_momentum,2013-06-28,BIL,0.000000
bl_momentum,2013-07-31,SPY,1.000000
bl_momentum,2013-07-31,EEM,0.000000
bl_momentum,2013-07-31,IEF,0.000000
bl_momentum,2013-07-31,TIP,0.000000
bl_momentum,2013-07-31,HYG,0.000000
bl_momentum,2013-07-31,DBC,0.000000
bl_momentum,2013-07-31,GLD,0.000000
bl_momentum,2013-07-31,BIL,0.000000
bl_momentum,2013-08-30,SPY,1.000000
bl_momentum,2013-08-30,EEM,0.000000
bl_momentum,2013-08-30,IEF,0.000000
bl_momentum,2013-08-30,TIP,0.000000
bl_momentum,2013-08-30,HYG,0.000000
bl_momentum,2013-08-30,DBC,0.000000
bl_momentum,2013-08-30,GLD,0.000000
bl_momentum,2013-08-30,BIL,0.000000
bl_momentum,2013-09-30,SPY,1.000000
bl_momentum,2013-09-30,EEM,0.000000
bl_momentum,2013-09-30,IEF,0.000000
bl_momentum,2013-09-30,TIP,0.000000
bl_momentum,2013-09-30,HYG,0.000000
bl_momentum,2013-09-30,DBC,0.000000
bl_momentum,2013-09-30,GLD,0.000000
bl_momentum,2013-09-30,BIL,0.000000
bl_momentum,2013-10-31,SPY,1.000000
bl_momentum,2013-10-31,EEM,0.000000
bl_momentum,2013-10-31,IEF,0.000000
bl_momentum,2013-10-31,TIP,0.000000
bl_momentum,2013-10-31,HYG,0.000000
bl_momentum,2013-10-31,DBC,0.000000
bl_momentum,2013-10-31,GLD,0.000000
bl_momentum,2013-10-31,BIL,0.000000
bl_momentum,2013-11-29,SPY,1.000000
bl_momentum,2013-11-29,EEM,0.000000
bl_momentum,2013-11-29,IEF,0.000000
bl_momentum,2013-11-29,TIP,0.000000
bl_momentum,2013-11-29,HYG,0.000000
bl_momentum,2013-11-29,DBC,0.000000
bl_momentum,2013-11-29,GLD,0.000000
bl_momentum,2013-11-29,BIL,0.000000
bl_momentum,2013-12-31,SPY,1.000000
bl_momentum,2013-12-31,EEM,0.000000
bl_momentum,2013-12-31,IEF,0.000000
bl_momentum,2013-12-31,TIP,0.000000
bl_momentum,2013-12-31,HYG,0.000000
bl_momentum,2013-12-31,DBC,0.000000
bl_momentum,2013-12-31,GLD,0.000000
bl_momentum,2013-12-31,BIL,0.000000
bl_momentum,2014-01-31,SPY,1.000000
bl_momentum,2014-01-31,EEM,0.000000
bl_momentum,2014-01-31,IEF,0.000000
bl_momentum,2014-01-31,TIP,0.000000
bl_momentum,2014-01-31,HYG,0.000000
bl_momentum,2014-01-31,DBC,0.000000
bl_momentum,2014-01-31,GLD,0.000000
bl_momentum,2014-01-31,BIL,0.000000
bl_momentum,2014-02-28,SPY,1.000000
bl_momentum,2014-02-28,EEM,0.000000
bl_momentum,2014-02-28,IEF,0.000000
bl_momentum,2014-02-28,TIP,0.000000
bl_momentum,2014-02-28,HYG,0.000000
bl_momentum,2014-02-28,DBC,0.000000
bl_momentum,2014-02-28,GLD,0.000000
bl_momentum,2014-02-28,BIL,0.000000
bl_momentum,2014-03-31,SPY,1.000000
bl_momentum,2014-03-31,EEM,0.000000
bl_momentum,2014-03-31,IEF,0.000000
bl_momentum,2014-03-31,TIP,0.000000
bl_momentum,2014-03-31,HYG,0.000000
bl_momentum,2014-03-31,DBC,0.000000
bl_momentum,2014-03-31,GLD,0.000000
bl_momentum,2014-03-31,BIL,0.000000
bl_momentum,2014-04-30,SPY,1.000000
bl_momentum,2014-04-30,EEM,0.000000
bl_momentum,2014-04-30,IEF,0.000000
bl_momentum,2014-04-30,TIP,0.000000
bl_momentum,2014-04-30,HYG,0.000000
bl_momentum,2014-04-30,DBC,0.000000
bl_momentum,2014-04-30,GLD,0.000000
bl_momentum,2014-04-30,BIL,0.000000
bl_momentum,2014-05-30,SPY,1.000000
bl_momentum,2014-05-30,EEM,0.000000
bl_momentum,2014-05-30,IEF,0.000000
bl_momentum,2014-05-30,TIP,0.000000
bl_momentum,2014-05-30,HYG,0.000000
bl_momentum,2014-05-30,DBC,0.000000
bl_momentum,2014-05-30,GLD,0.000000
bl_momentum,2014-05-30,BIL,0.000000
bl_momentum,2014-06-30,SPY,0.267960
bl_momentum,2014-06-30,EEM,0.732040
bl_momentum,2014-06-30,IEF,0.000000
bl_momentum,2014-06-30,TIP,0.000000
bl_momentum,2014-06-30,HYG,0.000000
bl_momentum,2014-06-30,DBC,0.000000
bl_momentum,2014-06-30,GLD,0.000000
bl_momentum,2014-06-30,BIL,0.000000
bl_momentum,2014-07-31,SPY,0.343311
bl_momentum,2014-07-31,EEM,0.656689
bl_momentum,2014-07-31,IEF,0.000000
bl_momentum,2014-07-31,TIP,0.000000
bl_momentum,2014-07-31,HYG,0.000000
bl_momentum,2014-07-31,DBC,0.000000
bl_momentum,2014-07-31,GLD,0.000000
bl_momentum,2014-07-31,BIL,0.000000
bl_momentum,2014-08-29,SPY,0.000000
bl_momentum,2014-08-29,EEM,1.000000
bl_momentum,2014-08-29,IEF,0.000000
bl_momentum,2014-08-29,TIP,0.000000
bl_momentum,2014-08-29,HYG,0.000000
bl_momentum,2014-08-29,DBC,0.000000
bl_momentum,2014-08-29,GLD,0.000000
bl_momentum,2014-08-29,BIL,0.000000
bl_momentum,2014-09-30,SPY,1.000000
bl_momentum,2014-09-30,EEM,0.000000
bl_momentum,2014-09-30,IEF,0.000000
bl_momentum,2014-09-30,TIP,0.000000
bl_momentum,2014-09-30,HYG,0.000000
bl_momentum,2014-09-30,DBC,0.000000
bl_momentum,2014-09-30,GLD,0.000000
bl_momentum,2014-09-30,BIL,0.000000
bl_momentum,2014-10-31,SPY,1.000000
bl_momentum,2014-10-31,EEM,0.000000
bl_momentum,2014-10-31,IEF,0.000000
bl_momentum,2014-10-31,TIP,0.000000
bl_momentum,2014-10-31,HYG,0.000000
bl_momentum,2014-10-31,DBC,0.000000
bl_momentum,2014-10-31,GLD,0.000000
bl_momentum,2014-10-31,BIL,0.000000
bl_momentum,2014-11-28,SPY,1.000000
bl_momentum,2014-11-28,EEM,0.000000
bl_momentum,2014-11-28,IEF,0.000000
bl_momentum,2014-11-28,TIP,0.000000
bl_momentum,2014-11-28,HYG,0.000000
bl_momentum,2014-11-28,DBC,0.000000
bl_momentum,2014-11-28,GLD,0.000000
bl_momentum,2014-11-28,BIL,0.000000
bl_momentum,2014-12-31,SPY,0.105865
bl_momentum,2014-12-31,EEM,0.000000
bl_momentum,2014-12-31,IEF,0.894135
bl_momentum,2014-12-31,TIP,0.000000
bl_momentum,2014-12-31,HYG,0.000000
bl_momentum,2014-12-31,DBC,0.000000
bl_momentum,2014-12-31,GLD,0.000000
bl_momentum,2014-12-31,BIL,0.000000
bl_momentum,2015-01-30,SPY,0.000000
bl_momentum,2015-01-30,EEM,0.000000
bl_momentum,2015-01-30,IEF,1.000000
bl_momentum,2015-01-30,TIP,0.000000
bl_momentum,2015-01-30,HYG,0.000000
bl_momentum,2015-01-30,DBC,0.000000
bl_momentum,2015-01-30,GLD,0.000000
bl_momentum,2015-01-30,BIL,0.000000
bl_momentum,2015-02-27,SPY,0.746788
bl_momentum,2015-02-27,EEM,0.000000
bl_momentum,2015-02-27,IEF,0.253212
bl_momentum,2015-02-27,TIP,0.000000
bl_momentum,2015-02-27,HYG,0.000000
bl_momentum,2015-02-27,DBC,0.000000
bl_momentum,2015-02-27,GLD,0.000000
bl_momentum,2015-02-27,BIL,0.000000
bl_momentum,2015-03-31,SPY,0.182614
bl_momentum,2015-03-31,EEM,0.000000
bl_momentum,2015-03-31,IEF,0.817386
bl_momentum,2015-03-31,TIP,0.000000
bl_momentum,2015-03-31,HYG,0.000000
bl_momentum,2015-03-31,DBC,0.000000
bl_momentum,2015-03-31,GLD,0.000000
bl_momentum,2015-03-31,BIL,0.000000
bl_momentum,2015-04-30,SPY,0.603701
bl_momentum,2015-04-30,EEM,0.000000
bl_momentum,2015-04-30,IEF,0.396299
bl_momentum,2015-04-30,TIP,0.000000
bl_momentum,2015-04-30,HYG,0.000000
bl_momentum,2015-04-30,DBC,0.000000
bl_momentum,2015-04-30,GLD,0.000000
bl_momentum,2015-04-30,BIL,0.000000
bl_momentum,2015-05-29,SPY,0.700662
bl_momentum,2015-05-29,EEM,0.000000
bl_momentum,2015-05-29,IEF,0.299338
bl_momentum,2015-05-29,TIP,0.000000
bl_momentum,2015-05-29,HYG,0.000000
bl_momentum,2015-05-29,DBC,0.000000
bl_momentum,2015-05-29,GLD,0.000000
bl_momentum,2015-05-29,BIL,0.000000
bl_momentum,2015-06-30,SPY,0.365594
bl_momentum,2015-06-30,EEM,0.000000
bl_momentum,2015-06-30,IEF,0.634406
bl_momentum,2015-06-30,TIP,0.000000
bl_momentum,2015-06-30,HYG,0.000000
bl_momentum,2015-06-30,DBC,0.000000
bl_momentum,2015-06-30,GLD,0.000000
bl_momentum,2015-06-30,BIL,0.000000
bl_momentum,2015-07-31,SPY,0.414936
bl_momentum,2015-07-31,EEM,0.000000
bl_momentum,2015-07-31,IEF,0.585064
bl_momentum,2015-07-31,TIP,0.000000
bl_momentum,2015-07-31,HYG,0.000000
bl_momentum,2015-07-31,DBC,0.000000
bl_momentum,2015-07-31,GLD,0.000000
bl_momentum,2015-07-31,BIL,0.000000
bl_momentum,2015-08-31,SPY,0.000000
bl_momentum,2015-08-31,EEM,0.000000
bl_momentum,2015-08-31,IEF,1.000000
bl_momentum,2015-08-31,TIP,0.000000
bl_momentum,2015-08-31,HYG,0.000000
bl_momentum,2015-08-31,DBC,0.000000
bl_momentum,2015-08-31,GLD,0.000000
bl_momentum,2015-08-31,BIL,0.000000
bl_momentum,2015-09-30,SPY,0.000000
bl_momentum,2015-09-30,EEM,0.000000
bl_momentum,2015-09-30,IEF,1.000000
bl_momentum,2015-09-30,TIP,0.000000
bl_momentum,2015-09-30,HYG,0.000000
bl_momentum,2015-09-30,DBC,0.000000
bl_momentum,2015-09-30,GLD,0.000000
bl_momentum,2015-09-30,BIL,0.000000
bl_momentum,2015-10-30,SPY,0.000000
bl_momentum,2015-10-30,EEM,0.000000
bl_momentum,2015-10-30,IEF,1.000000
bl_momentum,2015-10-30,TIP,0.000000
bl_momentum,2015-10-30,HYG,0.000000
bl_momentum,2015-10-30,DBC,0.000000
bl_momentum,2015-10-30,GLD,0.000000
bl_momentum,2015-10-30,BIL,0.000000
bl_momentum,2015-11-30,SPY,0.000000
bl_momentum,2015-11-30,EEM,0.000000
bl_momentum,2015-11-30,IEF,0.847622
bl_momentum,2015-11-30,TIP,0.000000
bl_momentum,2015-11-30,HYG,0.000000
bl_momentum,2015-11-30,DBC,0.000000
bl_momentum,2015-11-30,GLD,0.000000
bl_momentum,2015-11-30,BIL,0.152378
bl_momentum,2015-12-31,SPY,0.000000
bl_momentum,2015-12-31,EEM,0.000000
bl_momentum,2015-12-31,IEF,0.650470
bl_momentum,2015-12-31,TIP,0.000000
bl_momentum,2015-12-31,HYG,0.000000
bl_momentum,2015-12-31,DBC,0.000000
bl_momentum,2015-12-31,GLD,0.000000
bl_momentum,2015-12-31,BIL,0.349530
bl_momentum,2016-01-29,SPY,0.000000
bl_momentum,2016-01-29,EEM,0.000000
bl_momentum,2016-01-29,IEF,0.469031
bl_momentum,2016-01-29,TIP,0.000000
bl_momentum,2016-01-29,HYG,0.000000
bl_momentum,2016-01-29,DBC,0.000000
bl_momentum,2016-01-29,GLD,0.000000
bl_momentum,2016-01-29,BIL,0.530969
bl_momentum,2016-02-29,SPY,0.000000
bl_momentum,2016-02-29,EEM,0.000000
bl_momentum,2016-02-29,IEF,1.000000
bl_momentum,2016-02-29,TIP,0.000000
bl_momentum,2016-02-29,HYG,0.000000
bl_momentum,2016-02-29,DBC,0.000000
bl_momentum,2016-02-29,GLD,0.000000
bl_momentum,2016-02-29,BIL,0.000000
bl_momentum,2016-03-31,SPY,0.000000
bl_momentum,2016-03-31,EEM,0.000000
bl_momentum,2016-03-31,IEF,1.000000
bl_momentum,2016-03-31,TIP,0.000000
bl_momentum,2016-03-31,HYG,0.000000
bl_momentum,2016-03-31,DBC,0.000000
bl_momentum,2016-03-31,GLD,0.000000
bl_momentum,2016-03-31,BIL,0.000000
bl_momentum,2016-04-29,SPY,0.000000
bl_momentum,2016-04-29,EEM,0.000000
bl_momentum,2016-04-29,IEF,0.737781
bl_momentum,2016-04-29,TIP,0.000000
bl_momentum,2016-04-29,HYG,0.000000
bl_momentum,2016-04-29,DBC,0.000000
bl_momentum,2016-04-29,GLD,0.262219
bl_momentum,2016-04-29,BIL,0.000000
bl_momentum,2016-05-31,SPY,0.000000
bl_momentum,2016-05-31,EEM,0.000000
bl_momentum,2016-05-31,IEF,1.000000
bl_momentum,2016-05-31,TIP,0.000000
bl_momentum,2016-05-31,HYG,0.000000
bl_momentum,2016-05-31,DBC,0.000000
bl_momentum,2016-05-31,GLD,0.000000
bl_momentum,2016-05-31,BIL,0.000000
bl_momentum,2016-06-30,SPY,0.000000
bl_momentum,2016-06-30,EEM,0.000000
bl_momentum,2016-06-30,IEF,0.603116
bl_momentum,2016-06-30,TIP,0.000000
bl_momentum,2016-06-30,HYG,0.000000
bl_momentum,2016-06-30,DBC,0.000000
bl_momentum,2016-06-30,GLD,0.396884
bl_momentum,2016-06-30,BIL,0.000000
bl_momentum,2016-07-29,SPY,0.000000
bl_momentum,2016-07-29,EEM,0.000000
bl_momentum,2016-07-29,IEF,0.000000
bl_momentum,2016-07-29,TIP,0.000000
bl_momentum,2016-07-29,HYG,0.000000
bl_momentum,2016-07-29,DBC,0.000000
bl_momentum,2016-07-29,GLD,1.000000
bl_momentum,2016-07-29,BIL,0.000000
bl_momentum,2016-08-31,SPY,0.000000
bl_momentum,2016-08-31,EEM,0.525173
bl_momentum,2016-08-31,IEF,0.000000
bl_momentum,2016-08-31,TIP,0.000000
bl_momentum,2016-08-31,HYG,0.000000
bl_momentum,2016-08-31,DBC,0.000000
bl_momentum,2016-08-31,GLD,0.474827
bl_momentum,2016-08-31,BIL,0.000000
bl_momentum,2016-09-30,SPY,0.000000
bl_momentum,2016-09-30,EEM,0.605471
bl_momentum,2016-09-30,IEF,0.000000
bl_momentum,2016-09-30,TIP,0.000000
bl_momentum,2016-09-30,HYG,0.000000
bl_momentum,2016-09-30,DBC,0.000000
bl_momentum,2016-09-30,GLD,0.394529
bl_momentum,2016-09-30,BIL,0.000000
bl_momentum,2016-10-31,SPY,0.000000
bl_momentum,2016-10-31,EEM,0.357454
bl_momentum,2016-10-31,IEF,0.000000
bl_momentum,2016-10-31,TIP,0.000000
bl_momentum,2016-10-31,HYG,0.000000
bl_momentum,2016-10-31,DBC,0.000000
bl_momentum,2016-10-31,GLD,0.642546
bl_momentum,2016-10-31,BIL,0.000000
bl_momentum,2016-11-30,SPY,0.000000
bl_momentum,2016-11-30,EEM,0.539802
bl_momentum,2016-11-30,IEF,0.000000
bl_momentum,2016-11-30,TIP,0.000000
bl_momentum,2016-11-30,HYG,0.077374
bl_momentum,2016-11-30,DBC,0.000000
bl_momentum,2016-11-30,GLD,0.382824
bl_momentum,2016-11-30,BIL,0.000000
bl_momentum,2016-12-30,SPY,0.000000
bl_momentum,2016-12-30,EEM,0.663195
bl_momentum,2016-12-30,IEF,0.000000
bl_momentum,2016-12-30,TIP,0.000000
bl_momentum,2016-12-30,HYG,0.000000
bl_momentum,2016-12-30,DBC,0.336805
bl_momentum,2016-12-30,GLD,0.000000
bl_momentum,2016-12-30,BIL,0.000000
bl_momentum,2017-01-31,SPY,0.000000
bl_momentum,2017-01-31,EEM,1.000000
bl_momentum,2017-01-31,IEF,0.000000
bl_momentum,2017-01-31,TIP,0.000000
bl_momentum,2017-01-31,HYG,0.000000
bl_momentum,2017-01-31,DBC,0.000000
bl_momentum,2017-01-31,GLD,0.000000
bl_momentum,2017-01-31,BIL,0.000000
bl_momentum,2017-02-28,SPY,0.000000
bl_momentum,2017-02-28,EEM,1.000000
bl_momentum,2017-02-28,IEF,0.000000
bl_momentum,2017-02-28,TIP,0.000000
bl_momentum,2017-02-28,HYG,0.000000
bl_momentum,2017-02-28,DBC,0.000000
bl_momentum,2017-02-28,GLD,0.000000
bl_momentum,2017-02-28,BIL,0.000000
bl_momentum,2017-03-31,SPY,0.000000
bl_momentum,2017-03-31,EEM,1.000000
bl_momentum,2017-03-31,IEF,0.000000
bl_momentum,2017-03-31,TIP,0.000000
bl_momentum,2017-03-31,HYG,0.000000
bl_momentum,2017-03-31,DBC,0.000000
bl_momentum,2017-03-31,GLD,0.000000
bl_momentum,2017-03-31,BIL,0.000000
bl_momentum,2017-04-28,SPY,0.000000
bl_momentum,2017-04-28,EEM,1.000000
bl_momentum,2017-04-28,IEF,0.000000
bl_momentum,2017-04-28,TIP,0.000000
bl_momentum,2017-04-28,HYG,0.000000
bl_momentum,2017-04-28,DBC,0.000000
bl_momentum,2017-04-28,GLD,0.000000
bl_momentum,2017-04-28,BIL,0.000000
bl_momentum,2017-05-31,SPY,0.000000
bl_momentum,2017-05-31,EEM,1.000000
bl_momentum,2017-05-31,IEF,0.000000
bl_momentum,2017-05-31,TIP,0.000000
bl_momentum,2017-05-31,HYG,0.000000
bl_momentum,2017-05-31,DBC,0.000000
bl_momentum,2017-05-31,GLD,0.000000
bl_momentum,2017-05-31,BIL,0.000000
bl_momentum,2017-06-30,SPY,0.000000
bl_momentum,2017-06-30,EEM,1.000000
bl_momentum,2017-06-30,IEF,0.000000
bl_momentum,2017-06-30,TIP,0.000000
bl_momentum,2017-06-30,HYG,0.000000
bl_momentum,2017-06-30,DBC,0.000000
bl_momentum,2017-06-30,GLD,0.000000
bl_momentum,2017-06-30,BIL,0.000000
bl_momentum,2017-07-31,SPY,0.000000
bl_momentum,2017-07-31,EEM,1.000000
bl_momentum,2017-07-31,IEF,0.000000
bl_momentum,2017-07-31,TIP,0.000000
bl_momentum,2017-07-31,HYG,0.000000
bl_momentum,2017-07-31,DBC,0.000000
bl_momentum,2017-07-31,GLD,0.000000
bl_momentum,2017-07-31,BIL,0.000000
bl_momentum,2017-08-31,SPY,0.000000
bl_momentum,2017-08-31,EEM,1.000000
bl_momentum,2017-08-31,IEF,0.000000
bl_momentum,2017-08-31,TIP,0.000000
bl_momentum,2017-08-31,HYG,0.000000
bl_momentum,2017-08-31,DBC,0.000000
bl_momentum,2017-08-31,GLD,0.000000
bl_momentum,2017-08-31,BIL,0.000000
bl_momentum,2017-09-29,SPY,0.000000
bl_momentum,2017-09-29,EEM,1.000000
bl_momentum,2017-09-29,IEF,0.000000
bl_momentum,2017-09-29,TIP,0.000000
bl_momentum,2017-09-29,HYG,0.000000
bl_momentum,2017-09-29,DBC,0.000000
bl_momentum,2017-09-29,GLD,0.000000
bl_momentum,2017-09-29,BIL,0.000000
bl_momentum,2017-10-31,SPY,0.000000
bl_momentum,2017-10-31,EEM,1.000000
bl_momentum,2017-10-31,IEF,0.000000
bl_momentum,2017-10-31,TIP,0.000000
bl_momentum,2017-10-31,HYG,0.000000
bl_momentum,2017-10-31,DBC,0.000000
bl_momentum,2017-10-31,GLD,0.000000
bl_momentum,2017-10-31,BIL,0.000000
bl_momentum,2017-11-30,SPY,0.000000
bl_momentum,2017-11-30,EEM,1.000000
bl_momentum,2017-11-30,IEF,0.000000
bl_momentum,2017-11-30,TIP,0.000000
bl_momentum,2017-11-30,HYG,0.000000
bl_momentum,2017-11-30,DBC,0.000000
bl_momentum,2017-11-30,GLD,0.000000
bl_momentum,2017-11-30,BIL,0.000000
bl_momentum,2017-12-29,SPY,0.000000
bl_momentum,2017-12-29,EEM,1.000000
bl_momentum,2017-12-29,IEF,0.000000
bl_momentum,2017-12-29,TIP,0.000000
bl_momentum,2017-12-29,HYG,0.000000
bl_momentum,2017-12-29,DBC,0.000000
bl_momentum,2017-12-29,GLD,0.000000
bl_momentum,2017-12-29,BIL,0.000000
bl_momentum,2018-01-31,SPY,0.000000
bl_momentum,2018-01-31,EEM,1.000000
bl_momentum,2018-01-31,IEF,0.000000
bl_momentum,2018-01-31,TIP,0.000000
bl_momentum,2018-01-31,HYG,0.000000
bl_momentum,2018-01-31,DBC,0.000000
bl_momentum,2018-01-31,GLD,0.000000
bl_momentum,2018-01-31,BIL,0.000000
bl_momentum,2018-02-28,SPY,0.000000
bl_momentum,2018-02-28,EEM,1.000000
bl_momentum,2018-02-28,IEF,0.000000
bl_momentum,2018-02-28,TIP,0.000000
bl_momentum,2018-02-28,HYG,0.000000
bl_momentum,2018-02-28,DBC,0.000000
bl_momentum,2018-02-28,GLD,0.000000
bl_momentum,2018-02-28,BIL,0.000000
bl_momentum,2018-03-29,SPY,0.000000
bl_momentum,2018-03-29,EEM,1.000000
bl_momentum,2018-03-29,IEF,0.000000
bl_momentum,2018-03-29,TIP,0.000000
bl_momentum,2018-03-29,HYG,0.000000
bl_momentum,2018-03-29,DBC,0.000000
bl_momentum,2018-03-29,GLD,0.000000
bl_momentum,2018-03-29,BIL,0.000000
bl_momentum,2018-04-30,SPY,0.000000
bl_momentum,2018-04-30,EEM,0.776435
bl_momentum,2018-04-30,IEF,0.000000
bl_momentum,2018-04-30,TIP,0.000000
bl_momentum,2018-04-30,HYG,0.000000
bl_momentum,2018-04-30,DBC,0.223565
bl_momentum,2018-04-30,GLD,0.000000
bl_momentum,2018-04-30,BIL,0.000000
bl_momentum,2018-05-31,SPY,0.000000
bl_momentum,2018-05-31,EEM,0.161243
bl_momentum,2018-05-31,IEF,0.000000
bl_momentum,2018-05-31,TIP,0.000000
bl_momentum,2018-05-31,HYG,0.000000
bl_momentum,2018-05-31,DBC,0.838757
bl_momentum,2018-05-31,GLD,0.000000
bl_momentum,2018-05-31,BIL,0.000000
bl_momentum,2018-06-29,SPY,0.000000
bl_momentum,2018-06-29,EEM,0.000000
bl_momentum,2018-06-29,IEF,0.000000
bl_momentum,2018-06-29,TIP,0.000000
bl_momentum,2018-06-29,HYG,0.000000
bl_momentum,2018-06-29,DBC,1.000000
bl_momentum,2018-06-29,GLD,0.000000
bl_momentum,2018-06-29,BIL,0.000000
bl_momentum,2018-07-31,SPY,0.707002
bl_momentum,2018-07-31,EEM,0.000000
bl_momentum,2018-07-31,IEF,0.000000
bl_momentum,2018-07-31,TIP,0.000000
bl_momentum,2018-07-31,HYG,0.000000
bl_momentum,2018-07-31,DBC,0.292998
bl_momentum,2018-07-31,GLD,0.000000
bl_momentum,2018-07-31,BIL,0.000000
bl_momentum,2018-08-31,SPY,1.000000
bl_momentum,2018-08-31,EEM,0.000000
bl_momentum,2018-08-31,IEF,0.000000
bl_momentum,2018-08-31,TIP,0.000000
bl_momentum,2018-08-31,HYG,0.000000
bl_momentum,2018-08-31,DBC,0.000000
bl_momentum,2018-08-31,GLD,0.000000
bl_momentum,2018-08-31,BIL,0.000000
bl_momentum,2018-09-28,SPY,0.883887
bl_momentum,2018-09-28,EEM,0.000000
bl_momentum,2018-09-28,IEF,0.000000
bl_momentum,2018-09-28,TIP,0.000000
bl_momentum,2018-09-28,HYG,0.000000
bl_momentum,2018-09-28,DBC,0.116113
bl_momentum,2018-09-28,GLD,0.000000
bl_momentum,2018-09-28,BIL,0.000000
bl_momentum,2018-10-31,SPY,0.389907
bl_momentum,2018-10-31,EEM,0.000000
bl_momentum,2018-10-31,IEF,0.000000
bl_momentum,2018-10-31,TIP,0.000000
bl_momentum,2018-10-31,HYG,0.000000
bl_momentum,2018-10-31,DBC,0.229782
bl_momentum,2018-10-31,GLD,0.000000
bl_momentum,2018-10-31,BIL,0.380311
bl_momentum,2018-11-30,SPY,0.261379
bl_momentum,2018-11-30,EEM,0.000000
bl_momentum,2018-11-30,IEF,0.000000
bl_momentum,2018-11-30,TIP,0.000000
bl_momentum,2018-11-30,HYG,0.000000
bl_momentum,2018-11-30,DBC,0.000000
bl_momentum,2018-11-30,GLD,0.000000
bl_momentum,2018-11-30,BIL,0.738621
bl_momentum,2018-12-31,SPY,0.000000
bl_momentum,2018-12-31,EEM,0.000000
bl_momentum,2018-12-31,IEF,0.000000
bl_momentum,2018-12-31,TIP,0.000000
bl_momentum,2018-12-31,HYG,0.000000
bl_momentum,2018-12-31,DBC,0.000000
bl_momentum,2018-12-31,GLD,0.000000
bl_momentum,2018-12-31,BIL,1.000000
bl_momentum,2019-01-31,SPY,0.000000
bl_momentum,2019-01-31,EEM,0.000000
bl_momentum,2019-01-31,IEF,1.000000
bl_momentum,2019-01-31,TIP,0.000000
bl_momentum,2019-01-31,HYG,0.000000
bl_momentum,2019-01-31,DBC,0.000000
bl_momentum,2019-01-31,GLD,0.000000
bl_momentum,2019-01-31,BIL,0.000000
bl_momentum,2019-02-28,SPY,0.089782
bl_momentum,2019-02-28,EEM,0.000000
bl_momentum,2019-02-28,IEF,0.910218
bl_momentum,2019-02-28,TIP,0.000000
bl_momentum,2019-02-28,HYG,0.000000
bl_momentum,2019-02-28,DBC,0.000000
bl_momentum,2019-02-28,GLD,0.000000
bl_momentum,2019-02-28,BIL,0.000000
bl_momentum,2019-03-29,SPY,0.516361
bl_momentum,2019-03-29,EEM,0.000000
bl_momentum,2019-03-29,IEF,0.483639
bl_momentum,2019-03-29,TIP,0.000000
bl_momentum,2019-03-29,HYG,0.000000
bl_momentum,2019-03-29,DBC,0.000000
bl_momentum,2019-03-29,GLD,0.000000
bl_momentum,2019-03-29,BIL,0.000000
bl_momentum,2019-04-30,SPY,0.582035
bl_momentum,2019-04-30,EEM,0.000000
bl_momentum,2019-04-30,IEF,0.417965
bl_momentum,2019-04-30,TIP,0.000000
bl_momentum,2019-04-30,HYG,0.000000
bl_momentum,2019-04-30,DBC,0.000000
bl_momentum,2019-04-30,GLD,0.000000
bl_momentum,2019-04-30,BIL,0.000000
bl_momentum,2019-05-31,SPY,0.000000
bl_momentum,2019-05-31,EEM,0.000000
bl_momentum,2019-05-31,IEF,1.000000
bl_momentum,2019-05-31,TIP,0.000000
bl_momentum,2019-05-31,HYG,0.000000
bl_momentum,2019-05-31,DBC,0.000000
bl_momentum,2019-05-31,GLD,0.000000
bl_momentum,2019-05-31,BIL,0.000000
bl_momentum,2019-06-28,SPY,0.042479
bl_momentum,2019-06-28,EEM,0.000000
bl_momentum,2019-06-28,IEF,0.000000
bl_momentum,2019-06-28,TIP,0.000000
bl_momentum,2019-06-28,HYG,0.000000
bl_momentum,2019-06-28,DBC,0.000000
bl_momentum,2019-06-28,GLD,0.957521
bl_momentum,2019-06-28,BIL,0.000000
bl_momentum,2019-07-31,SPY,0.000000
bl_momentum,2019-07-31,EEM,0.000000
bl_momentum,2019-07-31,IEF,0.000000
bl_momentum,2019-07-31,TIP,0.000000
bl_momentum,2019-07-31,HYG,0.000000
bl_momentum,2019-07-31,DBC,0.000000
bl_momentum,2019-07-31,GLD,1.000000
bl_momentum,2019-07-31,BIL,0.000000
bl_momentum,2019-08-30,SPY,0.000000
bl_momentum,2019-08-30,EEM,0.000000
bl_momentum,2019-08-30,IEF,0.000000
bl_momentum,2019-08-30,TIP,0.000000
bl_momentum,2019-08-30,HYG,0.000000
bl_momentum,2019-08-30,DBC,0.000000
bl_momentum,2019-08-30,GLD,1.000000
bl_momentum,2019-08-30,BIL,0.000000
bl_momentum,2019-09-30,SPY,0.000000
bl_momentum,2019-09-30,EEM,0.000000
bl_momentum,2019-09-30,IEF,0.000000
bl_momentum,2019-09-30,TIP,0.000000
bl_momentum,2019-09-30,HYG,0.000000
bl_momentum,2019-09-30,DBC,0.000000
bl_momentum,2019-09-30,GLD,1.000000
bl_momentum,2019-09-30,BIL,0.000000
bl_momentum,2019-10-31,SPY,0.000000
bl_momentum,2019-10-31,EEM,0.000000
bl_momentum,2019-10-31,IEF,0.000000
bl_momentum,2019-10-31,TIP,0.000000
bl_momentum,2019-10-31,HYG,0.000000
bl_momentum,2019-10-31,DBC,0.000000
bl_momentum,2019-10-31,GLD,1.000000
bl_momentum,2019-10-31,BIL,0.000000
bl_momentum,2019-11-29,SPY,0.000000
bl_momentum,2019-11-29,EEM,0.000000
bl_momentum,2019-11-29,IEF,0.000000
bl_momentum,2019-11-29,TIP,0.000000
bl_momentum,2019-11-29,HYG,0.000000
bl_momentum,2019-11-29,DBC,0.000000
bl_momentum,2019-11-29,GLD,1.000000
bl_momentum,2019-11-29,BIL,0.000000
bl_momentum,2019-12-31,SPY,0.692616
bl_momentum,2019-12-31,EEM,0.307384
bl_momentum,2019-12-31,IEF,0.000000
bl_momentum,2019-12-31,TIP,0.000000
bl_momentum,2019-12-31,HYG,0.000000
bl_momentum,2019-12-31,DBC,0.000000
bl_momentum,2019-12-31,GLD,0.000000
bl_momentum,2019-12-31,BIL,0.000000
bl_momentum,2020-01-31,SPY,0.000000
bl_momentum,2020-01-31,EEM,0.000000
bl_momentum,2020-01-31,IEF,0.000000
bl_momentum,2020-01-31,TIP,0.000000
bl_momentum,2020-01-31,HYG,0.000000
bl_momentum,2020-01-31,DBC,0.000000
bl_momentum,2020-01-31,GLD,1.000000
bl_momentum,2020-01-31,BIL,0.000000
bl_momentum,2020-02-28,SPY,0.000000
bl_momentum,2020-02-28,EEM,0.000000
bl_momentum,2020-02-28,IEF,0.000000
bl_momentum,2020-02-28,TIP,0.000000
bl_momentum,2020-02-28,HYG,0.000000
bl_momentum,2020-02-28,DBC,0.000000
bl_momentum,2020-02-28,GLD,1.000000
bl_momentum,2020-02-28,BIL,0.000000
bl_momentum,2020-03-31,SPY,0.000000
bl_momentum,2020-03-31,EEM,0.000000
bl_momentum,2020-03-31,IEF,0.449773
bl_momentum,2020-03-31,TIP,0.000000
bl_momentum,2020-03-31,HYG,0.000000
bl_momentum,2020-03-31,DBC,0.000000
bl_momentum,2020-03-31,GLD,0.550227
bl_momentum,2020-03-31,BIL,0.000000
bl_momentum,2020-04-30,SPY,0.000000
bl_momentum,2020-04-30,EEM,0.000000
bl_momentum,2020-04-30,IEF,0.000000
bl_momentum,2020-04-30,TIP,0.000000
bl_momentum,2020-04-30,HYG,0.000000
bl_momentum,2020-04-30,DBC,0.000000
bl_momentum,2020-04-30,GLD,1.000000
bl_momentum,2020-04-30,BIL,0.000000
bl_momentum,2020-05-29,SPY,0.000000
bl_momentum,2020-05-29,EEM,0.000000
bl_momentum,2020-05-29,IEF,0.000000
bl_momentum,2020-05-29,TIP,0.000000
bl_momentum,2020-05-29,HYG,0.000000
bl_momentum,2020-05-29,DBC,0.000000
bl_momentum,2020-05-29,GLD,1.000000
bl_momentum,2020-05-29,BIL,0.000000
bl_momentum,2020-06-30,SPY,0.000000
bl_momentum,2020-06-30,EEM,0.000000
bl_momentum,2020-06-30,IEF,0.000000
bl_momentum,2020-06-30,TIP,0.000000
bl_momentum,2020-06-30,HYG,0.000000
bl_momentum,2020-06-30,DBC,0.000000
bl_momentum,2020-06-30,GLD,1.000000
bl_momentum,2020-06-30,BIL,0.000000
bl_momentum,2020-07-31,SPY,0.000000
bl_momentum,2020-07-31,EEM,0.000000
bl_momentum,2020-07-31,IEF,0.000000
bl_momentum,2020-07-31,TIP,0.000000
bl_momentum,2020-07-31,HYG,0.000000
bl_momentum,2020-07-31,DBC,0.000000
bl_momentum,2020-07-31,GLD,1.000000
bl_momentum,2020-07-31,BIL,0.000000
bl_momentum,2020-08-31,SPY,0.039442
bl_momentum,2020-08-31,EEM,0.021947
bl_momentum,2020-08-31,IEF,0.000000
bl_momentum,2020-08-31,TIP,0.000000
bl_momentum,2020-08-31,HYG,0.000000
bl_momentum,2020-08-31,DBC,0.000000
bl_momentum,2020-08-31,GLD,0.938611
bl_momentum,2020-08-31,BIL,0.000000
bl_momentum,2020-09-30,SPY,0.000000
bl_momentum,2020-09-30,EEM,0.000000
bl_momentum,2020-09-30,IEF,0.000000
bl_momentum,2020-09-30,TIP,0.000000
bl_momentum,2020-09-30,HYG,0.000000
bl_momentum,2020-09-30,DBC,0.000000
bl_momentum,2020-09-30,GLD,1.000000
bl_momentum,2020-09-30,BIL,0.000000
bl_momentum,2020-10-30,SPY,0.000000
bl_momentum,2020-10-30,EEM,0.000000
bl_momentum,2020-10-30,IEF,0.000000
bl_momentum,2020-10-30,TIP,0.007984
bl_momentum,2020-10-30,HYG,0.000000
bl_momentum,2020-10-30,DBC,0.000000
bl_momentum,2020-10-30,GLD,0.992016
bl_momentum,2020-10-30,BIL,0.000000
bl_momentum,2020-11-30,SPY,0.000000
bl_momentum,2020-11-30,EEM,0.166665
bl_momentum,2020-11-30,IEF,0.000000
bl_momentum,2020-11-30,TIP,0.095163
bl_momentum,2020-11-30,HYG,0.000000
bl_momentum,2020-11-30,DBC,0.000000
bl_momentum,2020-11-30,GLD,0.738172
bl_momentum,2020-11-30,BIL,0.000000
bl_momentum,2020-12-31,SPY,0.000000
bl_momentum,2020-12-31,EEM,0.098226
bl_momentum,2020-12-31,IEF,0.000000
bl_momentum,2020-12-31,TIP,0.037081
bl_momentum,2020-12-31,HYG,0.000000
bl_momentum,2020-12-31,DBC,0.000000
bl_momentum,2020-12-31,GLD,0.864692
bl_momentum,2020-12-31,BIL,0.000000
bl_momentum,2021-01-29,SPY,0.000000
bl_momentum,2021-01-29,EEM,0.366812
bl_momentum,2021-01-29,IEF,0.000000
bl_momentum,2021-01-29,TIP,0.174720
bl_momentum,2021-01-29,HYG,0.000000
bl_momentum,2021-01-29,DBC,0.000000
bl_momentum,2021-01-29,GLD,0.458468
bl_momentum,2021-01-29,BIL,0.000000
bl_momentum,2021-02-26,SPY,0.245476
bl_momentum,2021-02-26,EEM,0.470658
bl_momentum,2021-02-26,IEF,0.000000
bl_momentum,2021-02-26,TIP,0.000000
bl_momentum,2021-02-26,HYG,0.000000
bl_momentum,2021-02-26,DBC,0.283865
bl_momentum,2021-02-26,GLD,0.000000
bl_momentum,2021-02-26,BIL,0.000000
bl_momentum,2021-03-31,SPY,0.244550
bl_momentum,2021-03-31,EEM,0.755450
bl_momentum,2021-03-31,IEF,0.000000
bl_momentum,2021-03-31,TIP,0.000000
bl_momentum,2021-03-31,HYG,0.000000
bl_momentum,2021-03-31,DBC,0.000000
bl_momentum,2021-03-31,GLD,0.000000
bl_momentum,2021-03-31,BIL,0.000000
bl_momentum,2021-04-30,SPY,0.000000
bl_momentum,2021-04-30,EEM,0.384507
bl_momentum,2021-04-30,IEF,0.000000
bl_momentum,2021-04-30,TIP,0.000000
bl_momentum,2021-04-30,HYG,0.000000
bl_momentum,2021-04-30,DBC,0.615493
bl_momentum,2021-04-30,GLD,0.000000
bl_momentum,2021-04-30,BIL,0.000000
bl_momentum,2021-05-28,SPY,0.000000
bl_momentum,2021-05-28,EEM,0.424606
bl_momentum,2021-05-28,IEF,0.000000
bl_momentum,2021-05-28,TIP,0.000000
bl_momentum,2021-05-28,HYG,0.000000
bl_momentum,2021-05-28,DBC,0.575394
bl_momentum,2021-05-28,GLD,0.000000
bl_momentum,2021-05-28,BIL,0.000000
bl_momentum,2021-06-30,SPY,0.000000
bl_momentum,2021-06-30,EEM,0.356655
bl_momentum,2021-06-30,IEF,0.000000
bl_momentum,2021-06-30,TIP,0.000000
bl_momentum,2021-06-30,HYG,0.000000
bl_momentum,2021-06-30,DBC,0.643345
bl_momentum,2021-06-30,GLD,0.000000
bl_momentum,2021-06-30,BIL,0.000000
bl_momentum,2021-07-30,SPY,0.000000
bl_momentum,2021-07-30,EEM,0.000000
bl_momentum,2021-07-30,IEF,0.000000
bl_momentum,2021-07-30,TIP,0.000000
bl_momentum,2021-07-30,HYG,0.000000
bl_momentum,2021-07-30,DBC,1.000000
bl_momentum,2021-07-30,GLD,0.000000
bl_momentum,2021-07-30,BIL,0.000000
bl_momentum,2021-08-31,SPY,0.196076
bl_momentum,2021-08-31,EEM,0.000000
bl_momentum,2021-08-31,IEF,0.000000
bl_momentum,2021-08-31,TIP,0.000000
bl_momentum,2021-08-31,HYG,0.000000
bl_momentum,2021-08-31,DBC,0.803924
bl_momentum,2021-08-31,GLD,0.000000
bl_momentum,2021-08-31,BIL,0.000000
bl_momentum,2021-09-30,SPY,0.000000
bl_momentum,2021-09-30,EEM,0.000000
bl_momentum,2021-09-30,IEF,0.000000
bl_momentum,2021-09-30,TIP,0.000000
bl_momentum,2021-09-30,HYG,0.000000
bl_momentum,2021-09-30,DBC,1.000000
bl_momentum,2021-09-30,GLD,0.000000
bl_momentum,2021-09-30,BIL,0.000000
bl_momentum,2021-10-29,SPY,0.000000
bl_momentum,2021-10-29,EEM,0.000000
bl_momentum,2021-10-29,IEF,0.000000
bl_momentum,2021-10-29,TIP,0.000000
bl_momentum,2021-10-29,HYG,0.000000
bl_momentum,2021-10-29,DBC,1.000000
bl_momentum,2021-10-29,GLD,0.000000
bl_momentum,2021-10-29,BIL,0.000000
bl_momentum,2021-11-30,SPY,0.000000
bl_momentum,2021-11-30,EEM,0.000000
bl_momentum,2021-11-30,IEF,0.000000
bl_momentum,2021-11-30,TIP,0.000000
bl_momentum,2021-11-30,HYG,0.000000
bl_momentum,2021-11-30,DBC,1.000000
bl_momentum,2021-11-30,GLD,0.000000
bl_momentum,2021-11-30,BIL,0.000000
bl_momentum,2021-12-31,SPY,0.000000
bl_momentum,2021-12-31,EEM,0.000000
bl_momentum,2021-12-31,IEF,0.000000
bl_momentum,2021-12-31,TIP,0.000000
bl_momentum,2021-12-31,HYG,0.000000
bl_momentum,2021-12-31,DBC,1.000000
bl_momentum,2021-12-31,GLD,0.000000
bl_momentum,2021-12-31,BIL,0.000000
bl_momentum,2022-01-31,SPY,0.000000
bl_momentum,2022-01-31,EEM,0.000000
bl_momentum,2022-01-31,IEF,0.000000
bl_momentum,2022-01-31,TIP,0.000000
bl_momentum,2022-01-31,HYG,0.000000
bl_momentum,2022-01-31,DBC,1.000000
bl_momentum,2022-01-31,GLD,0.000000
bl_momentum,2022-01-31,BIL,0.000000
bl_momentum,2022-02-28,SPY,0.000000
bl_momentum,2022-02-28,EEM,0.000000
bl_momentum,2022-02-28,IEF,0.000000
bl_momentum,2022-02-28,TIP,0.000000
bl_momentum,2022-02-28,HYG,0.000000
bl_momentum,2022-02-28,DBC,1.000000
bl_momentum,2022-02-28,GLD,0.000000
bl_momentum,2022-02-28,BIL,0.000000
bl_momentum,2022-03-31,SPY,0.000000
bl_momentum,2022-03-31,EEM,0.000000
bl_momentum,2022-03-31,IEF,0.000000
bl_momentum,2022-03-31,TIP,0.000000
bl_momentum,2022-03-31,HYG,0.000000
bl_momentum,2022-03-31,DBC,1.000000
bl_momentum,2022-03-31,GLD,0.000000
bl_momentum,2022-03-31,BIL,0.000000
bl_momentum,2022-04-29,SPY,0.000000
bl_momentum,2022-04-29,EEM,0.000000
bl_momentum,2022-04-29,IEF,0.000000
bl_momentum,2022-04-29,TIP,0.000000
bl_momentum,2022-04-29,HYG,0.000000
bl_momentum,2022-04-29,DBC,1.000000
bl_momentum,2022-04-29,GLD,0.000000
bl_momentum,2022-04-29,BIL,0.000000
bl_momentum,2022-05-31,SPY,0.000000
bl_momentum,2022-05-31,EEM,0.000000
bl_momentum,2022-05-31,IEF,0.000000
bl_momentum,2022-05-31,TIP,0.000000
bl_momentum,2022-05-31,HYG,0.000000
bl_momentum,2022-05-31,DBC,1.000000
bl_momentum,2022-05-31,GLD,0.000000
bl_momentum,2022-05-31,BIL,0.000000
bl_momentum,2022-06-30,SPY,0.000000
bl_momentum,2022-06-30,EEM,0.000000
bl_momentum,2022-06-30,IEF,0.000000
bl_momentum,2022-06-30,TIP,0.000000
bl_momentum,2022-06-30,HYG,0.000000
bl_momentum,2022-06-30,DBC,1.000000
bl_momentum,2022-06-30,GLD,0.000000
bl_momentum,2022-06-30,BIL,0.000000
bl_momentum,2022-07-29,SPY,0.000000
bl_momentum,2022-07-29,EEM,0.000000
bl_momentum,2022-07-29,IEF,0.000000
bl_momentum,2022-07-29,TIP,0.000000
bl_momentum,2022-07-29,HYG,0.000000
bl_momentum,2022-07-29,DBC,0.958443
bl_momentum,2022-07-29,GLD,0.000000
bl_momentum,2022-07-29,BIL,0.041557
bl_momentum,2022-08-31,SPY,0.000000
bl_momentum,2022-08-31,EEM,0.000000
bl_momentum,2022-08-31,IEF,0.000000
bl_momentum,2022-08-31,TIP,0.000000
bl_momentum,2022-08-31,HYG,0.000000
bl_momentum,2022-08-31,DBC,0.971799
bl_momentum,2022-08-31,GLD,0.000000
bl_momentum,2022-08-31,BIL,0.028201
bl_momentum,2022-09-30,SPY,0.000000
bl_momentum,2022-09-30,EEM,0.000000
bl_momentum,2022-09-30,IEF,0.000000
bl_momentum,2022-09-30,TIP,0.000000
bl_momentum,2022-09-30,HYG,0.000000
bl_momentum,2022-09-30,DBC,0.389999
bl_momentum,2022-09-30,GLD,0.000000
bl_momentum,2022-09-30,BIL,0.610001
bl_momentum,2022-10-31,SPY,0.000000
bl_momentum,2022-10-31,EEM,0.000000
bl_momentum,2022-10-31,IEF,0.000000
bl_momentum,2022-10-31,TIP,0.000000
bl_momentum,2022-10-31,HYG,0.000000
bl_momentum,2022-10-31,DBC,0.323116
bl_momentum,2022-10-31,GLD,0.000000
bl_momentum,2022-10-31,BIL,0.676884
bl_momentum,2022-11-30,SPY,0.000000
bl_momentum,2022-11-30,EEM,0.000000
bl_momentum,2022-11-30,IEF,0.000000
bl_momentum,2022-11-30,TIP,0.000000
bl_momentum,2022-11-30,HYG,0.000000
bl_momentum,2022-11-30,DBC,0.777464
bl_momentum,2022-11-30,GLD,0.000000
bl_momentum,2022-11-30,BIL,0.222536
bl_momentum,2022-12-30,SPY,0.000000
bl_momentum,2022-12-30,EEM,0.000000
bl_momentum,2022-12-30,IEF,0.000000
bl_momentum,2022-12-30,TIP,0.000000
bl_momentum,2022-12-30,HYG,0.000000
bl_momentum,2022-12-30,DBC,0.411463
bl_momentum,2022-12-30,GLD,0.000000
bl_momentum,2022-12-30,BIL,0.588537
bl_momentum,2023-01-31,SPY,0.000000
bl_momentum,2023-01-31,EEM,0.000000
bl_momentum,2023-01-31,IEF,0.000000
bl_momentum,2023-01-31,TIP,0.000000
bl_momentum,2023-01-31,HYG,0.000000
bl_momentum,2023-01-31,DBC,0.351146
bl_momentum,2023-01-31,GLD,0.000000
bl_momentum,2023-01-31,BIL,0.648854
bl_momentum,2023-02-28,SPY,0.000000
bl_momentum,2023-02-28,EEM,0.000000
bl_momentum,2023-02-28,IEF,0.000000
bl_momentum,2023-02-28,TIP,0.000000
bl_momentum,2023-02-28,HYG,0.000000
bl_momentum,2023-02-28,DBC,0.000000
bl_momentum,2023-02-28,GLD,0.000000
bl_momentum,2023-02-28,BIL,1.000000
bl_momentum,2023-03-31,SPY,0.000000
bl_momentum,2023-03-31,EEM,0.000000
bl_momentum,2023-03-31,IEF,0.000000
bl_momentum,2023-03-31,TIP,0.000000
bl_momentum,2023-03-31,HYG,0.000000
bl_momentum,2023-03-31,DBC,0.000000
bl_momentum,2023-03-31,GLD,0.000000
bl_momentum,2023-03-31,BIL,1.000000
bl_momentum,2023-04-28,SPY,0.000000
bl_momentum,2023-04-28,EEM,0.000000
bl_momentum,2023-04-28,IEF,0.000000
bl_momentum,2023-04-28,TIP,0.000000
bl_momentum,2023-04-28,HYG,0.000000
bl_momentum,2023-04-28,DBC,0.000000
bl_momentum,2023-04-28,GLD,0.000000
bl_momentum,2023-04-28,BIL,1.000000
bl_momentum,2023-05-31,SPY,0.000000
bl_momentum,2023-05-31,EEM,0.000000
bl_momentum,2023-05-31,IEF,0.000000
bl_momentum,2023-05-31,TIP,0.000000
bl_momentum,2023-05-31,HYG,0.000000
bl_momentum,2023-05-31,DBC,0.000000
bl_momentum,2023-05-31,GLD,0.000000
bl_momentum,2023-05-31,BIL,1.000000
bl_momentum,2023-06-30,SPY,0.907383
bl_momentum,2023-06-30,EEM,0.000000
bl_momentum,2023-06-30,IEF,0.000000
bl_momentum,2023-06-30,TIP,0.000000
bl_momentum,2023-06-30,HYG,0.000000
bl_momentum,2023-06-30,DBC,0.000000
bl_momentum,2023-06-30,GLD,0.000000
bl_momentum,2023-06-30,BIL,0.092617
bl_momentum,2023-07-31,SPY,0.605999
bl_momentum,2023-07-31,EEM,0.177868
bl_momentum,2023-07-31,IEF,0.000000
bl_momentum,2023-07-31,TIP,0.000000
bl_momentum,2023-07-31,HYG,0.000000
bl_momentum,2023-07-31,DBC,0.000000
bl_momentum,2023-07-31,GLD,0.000000
bl_momentum,2023-07-31,BIL,0.216133
bl_momentum,2023-08-31,SPY,0.795723
bl_momentum,2023-08-31,EEM,0.000000
bl_momentum,2023-08-31,IEF,0.000000
bl_momentum,2023-08-31,TIP,0.000000
bl_momentum,2023-08-31,HYG,0.000000
bl_momentum,2023-08-31,DBC,0.000000
bl_momentum,2023-08-31,GLD,0.118265
bl_momentum,2023-08-31,BIL,0.086012
bl_momentum,2023-09-29,SPY,0.920224
bl_momentum,2023-09-29,EEM,0.079776
bl_momentum,2023-09-29,IEF,0.000000
bl_momentum,2023-09-29,TIP,0.000000
bl_momentum,2023-09-29,HYG,0.000000
bl_momentum,2023-09-29,DBC,0.000000
bl_momentum,2023-09-29,GLD,0.000000
bl_momentum,2023-09-29,BIL,0.000000
bl_momentum,2023-10-31,SPY,0.000000
bl_momentum,2023-10-31,EEM,0.286163
bl_momentum,2023-10-31,IEF,0.000000
bl_momentum,2023-10-31,TIP,0.000000
bl_momentum,2023-10-31,HYG,0.000000
bl_momentum,2023-10-31,DBC,0.000000
bl_momentum,2023-10-31,GLD,0.713837
bl_momentum,2023-10-31,BIL,0.000000
bl_momentum,2023-11-30,SPY,0.788256
bl_momentum,2023-11-30,EEM,0.000000
bl_momentum,2023-11-30,IEF,0.000000
bl_momentum,2023-11-30,TIP,0.000000
bl_momentum,2023-11-30,HYG,0.000000
bl_momentum,2023-11-30,DBC,0.000000
bl_momentum,2023-11-30,GLD,0.211744
bl_momentum,2023-11-30,BIL,0.000000
bl_momentum,2023-12-29,SPY,1.000000
bl_momentum,2023-12-29,EEM,0.000000
bl_momentum,2023-12-29,IEF,0.000000
bl_momentum,2023-12-29,TIP,0.000000
bl_momentum,2023-12-29,HYG,0.000000
bl_momentum,2023-12-29,DBC,0.000000
bl_momentum,2023-12-29,GLD,0.000000
bl_momentum,2023-12-29,BIL,0.000000
bl_momentum,2024-01-31,SPY,1.000000
bl_momentum,2024-01-31,EEM,0.000000
bl_momentum,2024-01-31,IEF,0.000000
bl_momentum,2024-01-31,TIP,0.000000
bl_momentum,2024-01-31,HYG,0.000000
bl_momentum,2024-01-31,DBC,0.000000
bl_momentum,2024-01-31,GLD,0.000000
bl_momentum,2024-01-31,BIL,0.000000
bl_momentum,2024-02-29,SPY,1.000000
bl_momentum,2024-02-29,EEM,0.000000
bl_momentum,2024-02-29,IEF,0.000000
bl_momentum,2024-02-29,TIP,0.000000
bl_momentum,2024-02-29,HYG,0.000000
bl_momentum,2024-02-29,DBC,0.000000
bl_momentum,2024-02-29,GLD,0.000000
bl_momentum,2024-02-29,BIL,0.000000
bl_momentum,2024-03-28,SPY,1.000000
bl_momentum,2024-03-28,EEM,0.000000
bl_momentum,2024-03-28,IEF,0.000000
bl_momentum,2024-03-28,TIP,0.000000
bl_momentum,2024-03-28,HYG,0.000000
bl_momentum,2024-03-28,DBC,0.000000
bl_momentum,2024-03-28,GLD,0.000000
bl_momentum,2024-03-28,BIL,0.000000
bl_momentum,2024-04-30,SPY,1.000000
bl_momentum,2024-04-30,EEM,0.000000
bl_momentum,2024-04-30,IEF,0.000000
bl_momentum,2024-04-30,TIP,0.000000
bl_momentum,2024-04-30,HYG,0.000000
bl_momentum,2024-04-30,DBC,0.000000
bl_momentum,2024-04-30,GLD,0.000000
bl_momentum,2024-04-30,BIL,0.000000
bl_momentum,2024-05-31,SPY,1.000000
bl_momentum,2024-05-31,EEM,0.000000
bl_momentum,2024-05-31,IEF,0.000000
bl_momentum,2024-05-31,TIP,0.000000
bl_momentum,2024-05-31,HYG,0.000000
bl_momentum,2024-05-31,DBC,0.000000
bl_momentum,2024-05-31,GLD,0.000000
bl_momentum,2024-05-31,BIL,0.000000
bl_momentum,2024-06-28,SPY,1.000000
bl_momentum,2024-06-28,EEM,0.000000
bl_momentum,2024-06-28,IEF,0.000000
bl_momentum,2024-06-28,TIP,0.000000
bl_momentum,2024-06-28,HYG,0.000000
bl_momentum,2024-06-28,DBC,0.000000
bl_momentum,2024-06-28,GLD,0.000000
bl_momentum,2024-06-28,BIL,0.000000
bl_momentum,2024-07-31,SPY,0.643945
bl_momentum,2024-07-31,EEM,0.000000
bl_momentum,2024-07-31,IEF,0.000000
bl_momentum,2024-07-31,TIP,0.000000
bl_momentum,2024-07-31,HYG,0.000000
bl_momentum,2024-07-31,DBC,0.000000
bl_momentum,2024-07-31,GLD,0.356055
bl_momentum,2024-07-31,BIL,0.000000
bl_momentum,2024-08-30,SPY,0.721966
bl_momentum,2024-08-30,EEM,0.000000
bl_momentum,2024-08-30,IEF,0.000000
bl_momentum,2024-08-30,TIP,0.000000
bl_momentum,2024-08-30,HYG,0.000000
bl_momentum,2024-08-30,DBC,0.000000
bl_momentum,2024-08-30,GLD,0.278034
bl_momentum,2024-08-30,BIL,0.000000
bl_momentum,2024-09-30,SPY,0.204981
bl_momentum,2024-09-30,EEM,0.510437
bl_momentum,2024-09-30,IEF,0.000000
bl_momentum,2024-09-30,TIP,0.000000
bl_momentum,2024-09-30,HYG,0.000000
bl_momentum,2024-09-30,DBC,0.000000
bl_momentum,2024-09-30,GLD,0.284582
bl_momentum,2024-09-30,BIL,0.000000
bl_momentum,2024-10-31,SPY,0.681505
bl_momentum,2024-10-31,EEM,0.203344
bl_momentum,2024-10-31,IEF,0.000000
bl_momentum,2024-10-31,TIP,0.000000
bl_momentum,2024-10-31,HYG,0.000000
bl_momentum,2024-10-31,DBC,0.000000
bl_momentum,2024-10-31,GLD,0.115151
bl_momentum,2024-10-31,BIL,0.000000
bl_momentum,2024-11-29,SPY,1.000000
bl_momentum,2024-11-29,EEM,0.000000
bl_momentum,2024-11-29,IEF,0.000000
bl_momentum,2024-11-29,TIP,0.000000
bl_momentum,2024-11-29,HYG,0.000000
bl_momentum,2024-11-29,DBC,0.000000
bl_momentum,2024-11-29,GLD,0.000000
bl_momentum,2024-11-29,BIL,0.000000
bl_momentum,2024-12-31,SPY,0.730559
bl_momentum,2024-12-31,EEM,0.000000
bl_momentum,2024-12-31,IEF,0.000000
bl_momentum,2024-12-31,TIP,0.000000
bl_momentum,2024-12-31,HYG,0.000000
bl_momentum,2024-12-31,DBC,0.000000
bl_momentum,2024-12-31,GLD,0.269441
bl_momentum,2024-12-31,BIL,0.000000
bl_momentum,2025-01-31,SPY,0.109466
bl_momentum,2025-01-31,EEM,0.000000
bl_momentum,2025-01-31,IEF,0.000000
bl_momentum,2025-01-31,TIP,0.000000
bl_momentum,2025-01-31,HYG,0.000000
bl_momentum,2025-01-31,DBC,0.000000
bl_momentum,2025-01-31,GLD,0.890534
bl_momentum,2025-01-31,BIL,0.000000
bl_momentum,2025-02-28,SPY,0.000000
bl_momentum,2025-02-28,EEM,0.000000
bl_momentum,2025-02-28,IEF,0.000000
bl_momentum,2025-02-28,TIP,0.000000
bl_momentum,2025-02-28,HYG,0.000000
bl_momentum,2025-02-28,DBC,0.000000
bl_momentum,2025-02-28,GLD,1.000000
bl_momentum,2025-02-28,BIL,0.000000
bl_momentum,2025-03-31,SPY,0.000000
bl_momentum,2025-03-31,EEM,0.000000
bl_momentum,2025-03-31,IEF,0.000000
bl_momentum,2025-03-31,TIP,0.000000
bl_momentum,2025-03-31,HYG,0.000000
bl_momentum,2025-03-31,DBC,0.000000
bl_momentum,2025-03-31,GLD,1.000000
bl_momentum,2025-03-31,BIL,0.000000
bl_momentum,2025-04-30,SPY,0.000000
bl_momentum,2025-04-30,EEM,0.000000
bl_momentum,2025-04-30,IEF,0.000000
bl_momentum,2025-04-30,TIP,0.000000
bl_momentum,2025-04-30,HYG,0.000000
bl_momentum,2025-04-30,DBC,0.000000
bl_momentum,2025-04-30,GLD,1.000000
bl_momentum,2025-04-30,BIL,0.000000
bl_momentum,2025-05-30,SPY,0.000000
bl_momentum,2025-05-30,EEM,0.000000
bl_momentum,2025-05-30,IEF,0.000000
bl_momentum,2025-05-30,TIP,0.000000
bl_momentum,2025-05-30,HYG,0.000000
bl_momentum,2025-05-30,DBC,0.000000
bl_momentum,2025-05-30,GLD,1.000000
bl_momentum,2025-05-30,BIL,0.000000
bl_momentum,2025-06-30,SPY,0.000000
bl_momentum,2025-06-30,EEM,0.000000
bl_momentum,2025-06-30,IEF,0.000000
bl_momentum,2025-06-30,TIP,0.000000
bl_momentum,2025-06-30,HYG,0.000000
bl_momentum,2025-06-30,DBC,0.000000
bl_momentum,2025-06-30,GLD,1.000000
bl_momentum,2025-06-30,BIL,0.000000
bl_momentum,2025-07-31,SPY,0.071563
bl_momentum,2025-07-31,EEM,0.016115
bl_momentum,2025-07-31,IEF,0.000000
bl_momentum,2025-07-31,TIP,0.000000
bl_momentum,2025-07-31,HYG,0.000000
bl_momentum,2025-07-31,DBC,0.000000
bl_momentum,2025-07-31,GLD,0.912321
bl_momentum,2025-07-31,BIL,0.000000
bl_momentum,2025-08-29,SPY,0.031299
bl_momentum,2025-08-29,EEM,0.044235
bl_momentum,2025-08-29,IEF,0.000000
bl_momentum,2025-08-29,TIP,0.000000
bl_momentum,2025-08-29,HYG,0.000000
bl_momentum,2025-08-29,DBC,0.000000
bl_momentum,2025-08-29,GLD,0.924466
bl_momentum,2025-08-29,BIL,0.000000
bl_momentum,2025-09-30,SPY,0.000000
bl_momentum,2025-09-30,EEM,0.000000
bl_momentum,2025-09-30,IEF,0.000000
bl_momentum,2025-09-30,TIP,0.000000
bl_momentum,2025-09-30,HYG,0.000000
bl_momentum,2025-09-30,DBC,0.000000
bl_momentum,2025-09-30,GLD,1.000000
bl_momentum,2025-09-30,BIL,0.000000
bl_momentum,2025-10-31,SPY,0.000000
bl_momentum,2025-10-31,EEM,0.131153
bl_momentum,2025-10-31,IEF,0.000000
bl_momentum,2025-10-31,TIP,0.000000
bl_momentum,2025-10-31,HYG,0.000000
bl_momentum,2025-10-31,DBC,0.000000
bl_momentum,2025-10-31,GLD,0.868847
bl_momentum,2025-10-31,BIL,0.000000
bl_momentum,2025-11-28,SPY,0.000000
bl_momentum,2025-11-28,EEM,0.000000
bl_momentum,2025-11-28,IEF,0.000000
bl_momentum,2025-11-28,TIP,0.000000
bl_momentum,2025-11-28,HYG,0.000000
bl_momentum,2025-11-28,DBC,0.000000
bl_momentum,2025-11-28,GLD,1.000000
bl_momentum,2025-11-28,BIL,0.000000
bl_momentum,2025-12-31,SPY,0.000000
bl_momentum,2025-12-31,EEM,0.000000
bl_momentum,2025-12-31,IEF,0.000000
bl_momentum,2025-12-31,TIP,0.000000
bl_momentum,2025-12-31,HYG,0.000000
bl_momentum,2025-12-31,DBC,0.000000
bl_momentum,2025-12-31,GLD,1.000000
bl_momentum,2025-12-31,BIL,0.000000
bl_momentum,2026-01-30,SPY,0.000000
bl_momentum,2026-01-30,EEM,0.000000
bl_momentum,2026-01-30,IEF,0.000000
bl_momentum,2026-01-30,TIP,0.000000
bl_momentum,2026-01-30,HYG,0.000000
bl_momentum,2026-01-30,DBC,0.000000
bl_momentum,2026-01-30,GLD,1.000000
bl_momentum,2026-01-30,BIL,0.000000
bl_momentum,2026-02-27,SPY,0.000000
bl_momentum,2026-02-27,EEM,0.000000
bl_momentum,2026-02-27,IEF,0.000000
bl_momentum,2026-02-27,TIP,0.000000
bl_momentum,2026-02-27,HYG,0.000000
bl_momentum,2026-02-27,DBC,0.000000
bl_momentum,2026-02-27,GLD,1.000000
bl_momentum,2026-02-27,BIL,0.000000
bl_momentum,2026-03-31,SPY,0.000000
bl_momentum,2026-03-31,EEM,0.140946
bl_momentum,2026-03-31,IEF,0.000000
bl_momentum,2026-03-31,TIP,0.000000
bl_momentum,2026-03-31,HYG,0.000000
bl_momentum,2026-03-31,DBC,0.000000
bl_momentum,2026-03-31,GLD,0.859054
bl_momentum,2026-03-31,BIL,0.000000
bl_momentum,2026-04-30,SPY,0.000000
bl_momentum,2026-04-30,EEM,0.605736
bl_momentum,2026-04-30,IEF,0.000000
bl_momentum,2026-04-30,TIP,0.000000
bl_momentum,2026-04-30,HYG,0.000000
bl_momentum,2026-04-30,DBC,0.000000
bl_momentum,2026-04-30,GLD,0.394264
bl_momentum,2026-04-30,BIL,0.000000
bl_momentum,2026-05-29,SPY,0.000000
bl_momentum,2026-05-29,EEM,0.695424
bl_momentum,2026-05-29,IEF,0.000000
bl_momentum,2026-05-29,TIP,0.000000
bl_momentum,2026-05-29,HYG,0.000000
bl_momentum,2026-05-29,DBC,0.000000
bl_momentum,2026-05-29,GLD,0.304576
bl_momentum,2026-05-29,BIL,0.000000
