date,SPY,EFA,EEM,IEF,TLT,TIP,LQD,HYG,EMB,VNQ,DBC,GLD,UUP,BIL
2000-01-03,91.363300,,,,,,,,,,,,,
2000-01-04,87.790500,,,,,,,,,,,,,
2000-01-05,87.947500,,,,,,,,,,,,,
2000-01-06,86.534100,,,,,,,,,,,,,
2000-01-07,91.559600,,,,,,,,,,,,,
2000-01-10,91.873700,,,,,,,,,,,,,
2000-01-11,90.774400,,,,,,,,,,,,,
2000-01-12,89.871400,,,,,,,,,,,,,
2000-01-13,91.088500,,,,,,,,,,,,,
2000-01-14,92.325300,,,,,,,,,,,,,
2000-01-18,91.598900,,,,,,,,,,,,,
2000-01-19,92.344900,,,,,,,,,,,,,
2000-01-20,90.931400,,,,,,,,,,,,,
2000-01-21,90.735100,,,,,,,,,,,,,
2000-01-24,88.163500,,,,,,,,,,,,,
2000-01-25,89.164600,,,,,,,,,,,,,
2000-01-26,88.457900,,,,,,,,,,,,,
2000-01-27,88.104600,,,,,,,,,,,,,
2000-01-28,85.356200,,,,,,,,,,,,,
2000-01-31,87.672700,,,,,,,,,,,,,
2000-02-01,88.536400,,,,,,,,,,,,,
2000-02-02,88.615000,,,,,,,,,,,,,
2000-02-03,89.949900,,,,,,,,,,,,,
2000-02-04,89.576900,,,,,,,,,,,,,
2000-02-07,89.439500,,,,,,,,,,,,,
2000-02-08,90.656600,,,,,,,,,,,,,
2000-02-09,88.752400,,,,,,,,,,,,,
2000-02-10,88.929100,,,,,,,,,,,,,
2000-02-11,87.123000,,,,,,,,,,,,,
2000-02-14,87.633400,,,,,,,,,,,,,
2000-02-15,88.624800,,,,,,,,,,,,,
2000-02-16,87.319300,,,,,,,,,,,,,
2000-02-17,86.867800,,,,,,,,,,,,,
2000-02-18,85.002800,,,,,,,,,,,,,
2000-02-22,84.786900,,,,,,,,,,,,,
2000-02-23,85.788100,,,,,,,,,,,,,
2000-02-24,84.060500,,,,,,,,,,,,,
2000-02-25,83.756200,,,,,,,,,,,,,
2000-02-28,85.513200,,,,,,,,,,,,,
2000-02-29,86.337700,,,,,,,,,,,,,
2000-03-01,86.965900,,,,,,,,,,,,,
2000-03-02,87.024900,,,,,,,,,,,,,
2000-03-03,88.654200,,,,,,,,,,,,,
2000-03-06,87.790500,,,,,,,,,,,,,
2000-03-07,86.092400,,,,,,,,,,,,,
2000-03-08,85.984400,,,,,,,,,,,,,
2000-03-09,88.497200,,,,,,,,,,,,,
2000-03-10,88.026000,,,,,,,,,,,,,
2000-03-13,87.064100,,,,,,,,,,,,,
2000-03-14,85.827300,,,,,,,,,,,,,
2000-03-15,87.829700,,,,,,,,,,,,,
2000-03-16,91.932700,,,,,,,,,,,,,
2000-03-17,92.540100,,,,,,,,,,,,,
2000-03-20,92.067800,,,,,,,,,,,,,
2000-03-21,93.957100,,,,,,,,,,,,,
2000-03-22,94.527900,,,,,,,,,,,,,
2000-03-23,96.141800,,,,,,,,,,,,,
2000-03-24,96.712500,,,,,,,,,,,,,
2000-03-27,95.689100,,,,,,,,,,,,,
2000-03-28,95.138000,,,,,,,,,,,,,
2000-03-29,95.236400,,,,,,,,,,,,,
2000-03-30,93.642200,,,,,,,,,,,,,
2000-03-31,94.705000,,,,,,,,,,,,,
2000-04-03,95.256100,,,,,,,,,,,,,
2000-04-04,94.547600,,,,,,,,,,,,,
2000-04-05,93.957100,,,,,,,,,,,,,
2000-04-06,94.773900,,,,,,,,,,,,,
2000-04-07,95.374200,,,,,,,,,,,,,
2000-04-10,95.000300,,,,,,,,,,,,,
2000-04-11,94.724700,,,,,,,,,,,,,
2000-04-12,92.126800,,,,,,,,,,,,,
2000-04-13,90.847500,,,,,,,,,,,,,
2000-04-14,85.651700,,,,,,,,,,,,,
2000-04-17,88.643300,,,,,,,,,,,,,
2000-04-18,90.985300,,,,,,,,,,,,,
2000-04-19,90.139000,,,,,,,,,,,,,
2000-04-20,90.572000,,,,,,,,,,,,,
2000-04-24,89.588000,,,,,,,,,,,,,
2000-04-25,93.307700,,,,,,,,,,,,,
2000-04-26,92.254700,,,,,,,,,,,,,
2000-04-27,91.949700,,,,,,,,,,,,,
2000-04-28,91.379000,,,,,,,,,,,,,
2000-05-01,92.618800,,,,,,,,,,,,,
2000-05-02,90.768800,,,,,,,,,,,,,
2000-05-03,88.643300,,,,,,,,,,,,,
2000-05-04,89.312400,,,,,,,,,,,,,
2000-05-05,90.394900,,,,,,,,,,,,,
2000-05-08,89.715900,,,,,,,,,,,,,
2000-05-09,88.997500,,,,,,,,,,,,,
2000-05-10,86.990100,,,,,,,,,,,,,
2000-05-11,88.977900,,,,,,,,,,,,,
2000-05-12,89.942200,,,,,,,,,,,,,
2000-05-15,91.497000,,,,,,,,,,,,,
2000-05-16,92.382700,,,,,,,,,,,,,
2000-05-17,91.418300,,,,,,,,,,,,,
2000-05-18,90.296500,,,,,,,,,,,,,
2000-05-19,88.879400,,,,,,,,,,,,,
2000-05-22,88.210300,,,,,,,,,,,,,
2000-05-23,86.911300,,,,,,,,,,,,,
2000-05-24,88.328400,,,,,,,,,,,,,
2000-05-25,86.813000,,,,,,,,,,,,,
2000-05-26,86.911300,,,,,,,,,,,,,
2000-05-30,89.745400,,,,,,,,,,,,,
2000-05-31,89.942200,,,,,,,,,,,,,
2000-06-01,91.516700,,,,,,,,,,,,,
2000-06-02,93.110900,,,,,,,,,,,,,
2000-06-05,92.658200,,,,,,,,,,,,,
2000-06-06,92.244900,,,,,,,,,,,,,
2000-06-07,92.884500,,,,,,,,,,,,,
2000-06-08,92.520500,,,,,,,,,,,,,
2000-06-09,92.323600,,,,,,,,,,,,,
2000-06-12,91.241200,,,,,,,,,,,,,
2000-06-13,92.953400,,,,,,,,,,,,,
2000-06-14,93.110900,,,,,,,,,,,,,
2000-06-15,93.307700,,,,,,,,,,,,,
2000-06-16,92.541300,,,,,,,,,,,,,
2000-06-19,93.724900,,,,,,,,,,,,,
2000-06-20,93.389500,,,,,,,,,,,,,
2000-06-21,93.350100,,,,,,,,,,,,,
2000-06-22,91.929700,,,,,,,,,,,,,
2000-06-23,91.140600,,,,,,,,,,,,,
2000-06-26,92.314400,,,,,,,,,,,,,
2000-06-27,91.633800,,,,,,,,,,,,,
2000-06-28,91.890200,,,,,,,,,,,,,
2000-06-29,91.022200,,,,,,,,,,,,,
2000-06-30,91.712700,,,,,,,,,,,,,
2000-07-03,92.975300,,,,,,,,,,,,,
2000-07-05,91.298400,,,,,,,,,,,,,
2000-07-06,92.008600,,,,,,,,,,,,,
2000-07-07,93.488200,,,,,,,,,,,,,
2000-07-10,93.330400,,,,,,,,,,,,,
2000-07-11,93.527600,,,,,,,,,,,,,
2000-07-12,94.139200,,,,,,,,,,,,,
2000-07-13,94.553500,,,,,,,,,,,,,
2000-07-14,95.480600,,,,,,,,,,,,,
2000-07-17,95.322800,,,,,,,,,,,,,
2000-07-18,94.543500,,,,,,,,,,,,,
2000-07-19,93.784100,,,,,,,,,,,,,
2000-07-20,95.086100,,,,,,,,,,,,,
2000-07-21,93.231700,,,,,,,,,,,,,
2000-07-24,92.699100,,,,,,,,,,,,,
2000-07-25,92.995000,,,,,,,,,,,,,
2000-07-26,92.087500,,,,,,,,,,,,,
2000-07-27,91.771900,,,,,,,,,,,,,
2000-07-28,89.700500,,,,,,,,,,,,,
2000-07-31,90.272600,,,,,,,,,,,,,
2000-08-01,90.825000,,,,,,,,,,,,,
2000-08-02,91.278700,,,,,,,,,,,,,
2000-08-03,91.910000,,,,,,,,,,,,,
2000-08-04,92.403100,,,,,,,,,,,,,
2000-08-07,93.507900,,,,,,,,,,,,,
2000-08-08,93.863000,,,,,,,,,,,,,
2000-08-09,93.073900,,,,,,,,,,,,,
2000-08-10,92.620200,,,,,,,,,,,,,
2000-08-11,93.054200,,,,,,,,,,,,,
2000-08-14,94.237800,,,,,,,,,,,,,
2000-08-15,94.158900,,,,,,,,,,,,,
2000-08-16,93.823500,,,,,,,,,,,,,
2000-08-17,94.809900,,,,,,,,,,,,,
2000-08-18,94.494200,,,,,,,,,,,,,
2000-08-21,95.007200,,,,,,,,,,,,,
2000-08-22,94.849300,,,,,,,,,,,,,
2000-08-23,95.224200,,,,,,,,,,,,,
2000-08-24,95.520100,,,,,,,,,,,,,
2000-08-25,95.480600,,,,,,,,,,,,,
2000-08-28,95.806100,,,,,,,,,,,,,
2000-08-29,95.825900,,,,,,,,,,,,,
2000-08-30,94.908600,,,,,,,,,,,,,
2000-08-31,96.171100,,,,,,,,,,,,,
2000-09-01,96.269700,,,,,,,,,,,,,
2000-09-05,95.500400,,,,,,,,,,,,,
2000-09-06,94.415300,,,,,,,,,,,,,
2000-09-07,95.224200,,,,,,,,,,,,,
2000-09-08,94.573200,,,,,,,,,,,,,
2000-09-11,94.435100,,,,,,,,,,,,,
2000-09-12,93.744600,,,,,,,,,,,,,
2000-09-13,93.991200,,,,,,,,,,,,,
2000-09-14,94.464600,,,,,,,,,,,,,
2000-09-15,92.398200,,,,,,,,,,,,,
2000-09-18,91.547800,,,,,,,,,,,,,
2000-09-19,92.378400,,,,,,,,,,,,,
2000-09-20,91.696100,,,,,,,,,,,,,
2000-09-21,90.301800,,,,,,,,,,,,,
2000-09-22,91.943300,,,,,,,,,,,,,
2000-09-25,91.290600,,,,,,,,,,,,,
2000-09-26,90.123800,,,,,,,,,,,,,
2000-09-27,90.598500,,,,,,,,,,,,,
2000-09-28,91.765300,,,,,,,,,,,,,
2000-09-29,90.895100,,,,,,,,,,,,,
2000-10-02,91.033600,,,,,,,,,,,,,
2000-10-03,90.183100,,,,,,,,,,,,,
2000-10-04,90.934700,,,,,,,,,,,,,
2000-10-05,91.251100,,,,,,,,,,,,,
2000-10-06,89.273400,,,,,,,,,,,,,
2000-10-09,88.601000,,,,,,,,,,,,,
2000-10-10,87.137500,,,,,,,,,,,,,
2000-10-11,86.405800,,,,,,,,,,,,,
2000-10-12,84.250000,,,,,,,,,,,,,
2000-10-13,87.058400,,,,,,,,,,,,,
2000-10-16,87.453900,,,,,,,,,,,,,
2000-10-17,85.278400,,,,,,,,,,,,,
2000-10-18,84.962000,,,,,,,,,,,,,
2000-10-19,88.165900,,,,,,,,,,,,,
2000-10-20,88.541700,,,,,,,,,,,,,
2000-10-23,88.937200,,,,,,,,,,,,,
2000-10-24,88.343900,,,,,,,,,,,,,
2000-10-25,86.267300,,,,,,,,,,,,,
2000-10-26,86.504600,,,,,,,,,,,,,
2000-10-27,88.146100,,,,,,,,,,,,,
2000-10-30,88.937200,,,,,,,,,,,,,
2000-10-31,90.469900,,,,,,,,,,,,,
2000-11-01,90.163400,,,,,,,,,,,,,
2000-11-02,90.311700,,,,,,,,,,,,,
2000-11-03,90.361200,,,,,,,,,,,,,
2000-11-06,90.994000,,,,,,,,,,,,,
2000-11-07,90.974200,,,,,,,,,,,,,
2000-11-08,88.957000,,,,,,,,,,,,,
2000-11-09,88.620800,,,,,,,,,,,,,
2000-11-10,86.465100,,,,,,,,,,,,,
2000-11-13,85.792600,,,,,,,,,,,,,
2000-11-14,88.047200,,,,,,,,,,,,,
2000-11-15,88.324100,,,,,,,,,,,,,
2000-11-16,86.939700,,,,,,,,,,,,,
2000-11-17,86.474900,,,,,,,,,,,,,
2000-11-20,85.238900,,,,,,,,,,,,,
2000-11-21,85.674000,,,,,,,,,,,,,
2000-11-22,83.627000,,,,,,,,,,,,,
2000-11-24,85.337800,,,,,,,,,,,,,
2000-11-27,86.089300,,,,,,,,,,,,,
2000-11-28,84.606000,,,,,,,,,,,,,
2000-11-29,84.447800,,,,,,,,,,,,,
2000-11-30,83.716100,,,,,,,,,,,,,
2000-12-01,83.676500,,,,,,,,,,,,,
2000-12-04,84.388500,,,,,,,,,,,,,
2000-12-05,87.157300,,,,,,,,,,,,,
2000-12-06,85.763000,,,,,,,,,,,,,
2000-12-07,84.586300,,,,,,,,,,,,,
2000-12-08,84.784000,,,,,,,,,,,,,
2000-12-11,87.730800,,,,,,,,,,,,,
2000-12-12,87.355100,,,,,,,,,,,,,
2000-12-13,86.158500,,,,,,,,,,,,,
2000-12-14,85.060900,,,,,,,,,,,,,
2000-12-15,83.139900,,,,,,,,,,,,,
2000-12-18,84.250800,,,,,,,,,,,,,
2000-12-19,82.534800,,,,,,,,,,,,,
2000-12-20,80.144400,,,,,,,,,,,,,
2000-12-21,80.699800,,,,,,,,,,,,,
2000-12-22,83.120000,,,,,,,,,,,,,
2000-12-26,84.012800,,,,,,,,,,,,,
2000-12-27,84.627700,,,,,,,,,,,,,
2000-12-28,84.885600,,,,,,,,,,,,,
2000-12-29,83.278700,,,,,,,,,,,,,
2001-01-02,81.771100,,,,,,,,,,,,,
2001-01-03,85.698900,,,,,,,,,,,,,
2001-01-04,84.776500,,,,,,,,,,,,,
2001-01-05,82.009100,,,,,,,,,,,,,
2001-01-08,82.643900,,,,,,,,,,,,,
2001-01-09,82.425700,,,,,,,,,,,,,
2001-01-10,83.873900,,,,,,,,,,,,,
2001-01-11,83.953200,,,,,,,,,,,,,
2001-01-12,83.794500,,,,,,,,,,,,,
2001-01-16,84.330200,,,,,,,,,,,,,
2001-01-17,84.716900,,,,,,,,,,,,,
2001-01-18,85.560100,,,,,,,,,,,,,
2001-01-19,85.074000,,,,,,,,,,,,,
2001-01-22,85.639400,,,,,,,,,,,,,
2001-01-23,86.313900,,,,,,,,,,,,,
2001-01-24,86.571800,,,,,,,,,,,,,
2001-01-25,86.353600,,,,,,,,,,,,,
2001-01-26,86.254400,,,,,,,,,,,,,
2001-01-29,86.714600,,,,,,,,,,,,,
2001-01-30,87.476400,,,,,,,,,,,,,
2001-01-31,86.981200,,,,,,,,,,,,,
2001-02-01,87.558900,,,,,,,,,,,,,
2001-02-02,85.572000,,,,,,,,,,,,,
2001-02-05,86.200400,,,,,,,,,,,,,
2001-02-06,85.946500,,,,,,,,,,,,,
2001-02-07,85.502100,,,,,,,,,,,,,
2001-02-08,84.505500,,,,,,,,,,,,,
2001-02-09,83.692900,,,,,,,,,,,,,
2001-02-12,84.651500,,,,,,,,,,,,,
2001-02-13,83.959600,,,,,,,,,,,,,
2001-02-14,83.832600,,,,,,,,,,,,,
2001-02-15,84.645100,,,,,,,,,,,,,
2001-02-16,82.778800,,,,,,,,,,,,,
2001-02-20,81.502900,,,,,,,,,,,,,
2001-02-21,79.744400,,,,,,,,,,,,,
2001-02-22,79.865000,,,,,,,,,,,,,
2001-02-23,79.325500,,,,,,,,,,,,,
2001-02-26,81.014000,,,,,,,,,,,,,
2001-02-27,80.265000,,,,,,,,,,,,,
2001-02-28,78.684300,,,,,,,,,,,,,
2001-03-01,79.096900,,,,,,,,,,,,,
2001-03-02,78.468500,,,,,,,,,,,,,
2001-03-05,79.185800,,,,,,,,,,,,,
2001-03-06,80.036400,,,,,,,,,,,,,
2001-03-07,80.607800,,,,,,,,,,,,,
2001-03-08,80.696600,,,,,,,,,,,,,
2001-03-09,78.309800,,,,,,,,,,,,,
2001-03-12,74.958000,,,,,,,,,,,,,
2001-03-13,76.189500,,,,,,,,,,,,,
2001-03-14,74.685000,,,,,,,,,,,,,
2001-03-15,74.704100,,,,,,,,,,,,,
2001-03-16,73.205400,,,,,,,,,,,,,
2001-03-19,74.694800,,,,,,,,,,,,,
2001-03-20,72.689800,,,,,,,,,,,,,
2001-03-21,71.455000,,,,,,,,,,,,,
2001-03-22,70.729400,,,,,,,,,,,,,
2001-03-23,72.868100,,,,,,,,,,,,,
2001-03-26,73.797400,,,,,,,,,,,,,
2001-03-27,75.305900,,,,,,,,,,,,,
2001-03-28,73.224500,,,,,,,,,,,,,
2001-03-29,73.504600,,,,,,,,,,,,,
2001-03-30,74.274700,,,,,,,,,,,,,
2001-04-02,72.689800,,,,,,,,,,,,,
2001-04-03,70.264700,,,,,,,,,,,,,
2001-04-04,70.557500,,,,,,,,,,,,,
2001-04-05,73.230900,,,,,,,,,,,,,
2001-04-06,72.117000,,,,,,,,,,,,,
2001-04-09,72.919000,,,,,,,,,,,,,
2001-04-10,74.249300,,,,,,,,,,,,,
2001-04-11,74.300200,,,,,,,,,,,,,
2001-04-12,75.649600,,,,,,,,,,,,,
2001-04-16,74.854000,,,,,,,,,,,,,
2001-04-17,75.910600,,,,,,,,,,,,,
2001-04-18,78.927700,,,,,,,,,,,,,
2001-04-19,79.977900,,,,,,,,,,,,,
2001-04-20,79.245900,,,,,,,,,,,,,
2001-04-23,77.807400,,,,,,,,,,,,,
2001-04-24,77.387300,,,,,,,,,,,,,
2001-04-25,78.399400,,,,,,,,,,,,,
2001-04-26,78.749400,,,,,,,,,,,,,
2001-04-27,80.060700,,,,,,,,,,,,,
2001-04-30,80.620800,,,,,,,,,,,,,
2001-05-01,80.869000,,,,,,,,,,,,,
2001-05-02,80.722600,,,,,,,,,,,,,
2001-05-03,79.697800,,,,,,,,,,,,,
2001-05-04,81.053600,,,,,,,,,,,,,
2001-05-07,80.353500,,,,,,,,,,,,,
2001-05-08,80.315300,,,,,,,,,,,,,
2001-05-09,79.977900,,,,,,,,,,,,,
2001-05-10,80.213400,,,,,,,,,,,,,
2001-05-11,79.659700,,,,,,,,,,,,,
2001-05-14,79.818800,,,,,,,,,,,,,
2001-05-15,80.188000,,,,,,,,,,,,,
2001-05-16,82.078400,,,,,,,,,,,,,
2001-05-17,82.205700,,,,,,,,,,,,,
2001-05-18,82.581200,,,,,,,,,,,,,
2001-05-21,83.797000,,,,,,,,,,,,,
2001-05-22,83.688800,,,,,,,,,,,,,
2001-05-23,82.269400,,,,,,,,,,,,,
2001-05-24,82.511200,,,,,,,,,,,,,
2001-05-25,81.537400,,,,,,,,,,,,,
2001-05-29,80.888100,,,,,,,,,,,,,
2001-05-30,79.755100,,,,,,,,,,,,,
2001-05-31,80.168900,,,,,,,,,,,,,
2001-06-01,80.665300,,,,,,,,,,,,,
2001-06-04,81.053600,,,,,,,,,,,,,
2001-06-05,81.982900,,,,,,,,,,,,,
2001-06-06,81.301900,,,,,,,,,,,,,
2001-06-07,81.594700,,,,,,,,,,,,,
2001-06-08,80.837200,,,,,,,,,,,,,
2001-06-11,80.264300,,,,,,,,,,,,,
2001-06-12,80.124300,,,,,,,,,,,,,
2001-06-13,79.436900,,,,,,,,,,,,,
2001-06-14,77.654600,,,,,,,,,,,,,
2001-06-15,77.780000,,,,,,,,,,,,,
2001-06-18,77.403400,,,,,,,,,,,,,
2001-06-19,77.741700,,,,,,,,,,,,,
2001-06-20,78.150300,,,,,,,,,,,,,
2001-06-21,79.037500,,,,,,,,,,,,,
2001-06-22,78.418400,,,,,,,,,,,,,
2001-06-25,77.697000,,,,,,,,,,,,,
2001-06-26,77.588500,,,,,,,,,,,,,
2001-06-27,77.543800,,,,,,,,,,,,,
2001-06-28,77.971500,,,,,,,,,,,,,
2001-06-29,78.258800,,,,,,,,,,,,,
2001-07-02,79.235400,,,,,,,,,,,,,
2001-07-03,79.216300,,,,,,,,,,,,,
2001-07-05,77.671500,,,,,,,,,,,,,
2001-07-06,75.992700,,,,,,,,,,,,,
2001-07-09,76.407600,,,,,,,,,,,,,
2001-07-10,75.488400,,,,,,,,,,,,,
2001-07-11,75.565000,,,,,,,,,,,,,
2001-07-12,77.358700,,,,,,,,,,,,,
2001-07-13,78.029000,,,,,,,,,,,,,
2001-07-16,77.052300,,,,,,,,,,,,,
2001-07-17,77.773600,,,,,,,,,,,,,
2001-07-18,77.243800,,,,,,,,,,,,,
2001-07-19,77.920500,,,,,,,,,,,,,
2001-07-20,77.454500,,,,,,,,,,,,,
2001-07-23,75.928900,,,,,,,,,,,,,
2001-07-24,75.194800,,,,,,,,,,,,,
2001-07-25,76.024600,,,,,,,,,,,,,
2001-07-26,76.822500,,,,,,,,,,,,,
2001-07-27,77.116200,,,,,,,,,,,,,
2001-07-30,77.141700,,,,,,,,,,,,,
2001-07-31,77.460900,,,,,,,,,,,,,
2001-08-01,77.946000,,,,,,,,,,,,,
2001-08-02,78.265200,,,,,,,,,,,,,
2001-08-03,77.837500,,,,,,,,,,,,,
2001-08-06,76.790600,,,,,,,,,,,,,
2001-08-07,77.090600,,,,,,,,,,,,,
2001-08-08,75.660800,,,,,,,,,,,,,
2001-08-09,75.884200,,,,,,,,,,,,,
2001-08-10,76.145900,,,,,,,,,,,,,
2001-08-13,76.165100,,,,,,,,,,,,,
2001-08-14,76.133100,,,,,,,,,,,,,
2001-08-15,75.475700,,,,,,,,,,,,,
2001-08-16,75.737400,,,,,,,,,,,,,
2001-08-17,74.524600,21.787300,,,,,,,,,,,,
2001-08-20,75.214000,21.830500,,,,,,,,,,,,
2001-08-21,73.930900,21.778600,,,,,,,,,,,,
2001-08-22,74.696900,22.046500,,,,,,,,,,,,
2001-08-23,74.428800,21.942800,,,,,,,,,,,,
2001-08-24,75.973600,22.241700,,,,,,,,,,,,
2001-08-27,75.520400,22.202000,,,,,,,,,,,,
2001-08-28,74.416000,21.948000,,,,,,,,,,,,
2001-08-29,73.752200,21.847800,,,,,,,,,,,,
2001-08-30,72.335100,21.536800,,,,,,,,,,,,
2001-08-31,72.864900,21.588600,,,,,,,,,,,,
2001-09-04,72.398900,21.096200,,,,,,,,,,,,
2001-09-05,72.577700,20.966600,,,,,,,,,,,,
2001-09-06,70.707400,20.491500,,,,,,,,,,,,
2001-09-07,69.398800,20.370500,,,,,,,,,,,,
2001-09-10,70.247800,20.137300,,,,,,,,,,,,
2001-09-17,66.577400,19.256100,,,,,,,,,,,,
2001-09-18,66.417800,19.100600,,,,,,,,,,,,
2001-09-19,65.077300,19.048800,,,,,,,,,,,,
2001-09-20,63.009200,18.219400,,,,,,,,,,,,
2001-09-21,62.329400,17.709700,,,,,,,,,,,,
2001-09-24,64.520600,18.530400,,,,,,,,,,,,
2001-09-25,65.193400,18.746400,,,,,,,,,,,,
2001-09-26,64.962700,18.841400,,,,,,,,,,,,
2001-09-27,65.526600,19.138600,,,,,,,,,,,,
2001-09-28,66.916900,19.511800,,,,,,,,,,,,
2001-10-01,66.808000,19.406400,,,,,,,,,,,,
2001-10-02,67.647300,19.474900,,,,,,,,,,,,
2001-10-03,68.781400,19.673900,,,,,,,,,,,,
2001-10-04,68.839100,19.883300,,,,,,,,,,,,
2001-10-05,68.704500,19.914400,,,,,,,,,,,,
2001-10-08,68.256000,19.795000,,,,,,,,,,,,
2001-10-09,67.890800,19.743100,,,,,,,,,,,,
2001-10-10,69.402900,20.141100,,,,,,,,,,,,
2001-10-11,70.479300,20.279500,,,,,,,,,,,,
2001-10-12,70.159000,20.253600,,,,,,,,,,,,
2001-10-15,70.030800,19.933500,,,,,,,,,,,,
2001-10-16,70.472900,20.210300,,,,,,,,,,,,
2001-10-17,68.973600,20.227600,,,,,,,,,,,,
2001-10-18,68.826300,20.063200,,,,,,,,,,,,
2001-10-19,68.781400,19.864300,,,,,,,,,,,,
2001-10-22,70.139700,20.002700,,,,,,,,,,,,
2001-10-23,69.780900,20.161900,,,,,,,,,,,,
2001-10-24,69.595100,20.364300,,,,,,,,,,,,
2001-10-25,70.844500,20.334900,,,,,,,,,,,,
2001-10-26,70.684400,20.466400,,,,,,,,,,,,
2001-10-29,68.845500,20.039000,,,,,,,,,,,,
2001-10-30,68.019000,19.812300,,,,,,,,,,,,
2001-10-31,67.788300,19.867700,,,,,,,,,,,,
2001-11-01,69.524700,20.286500,,,,,,,,,,,,
2001-11-02,69.998800,20.284700,,,,,,,,,,,,
2001-11-05,70.915000,20.487200,,,,,,,,,,,,
2001-11-06,72.017100,20.700000,,,,,,,,,,,,
2001-11-07,71.921000,20.513100,,,,,,,,,,,,
2001-11-08,72.145200,20.660200,,,,,,,,,,,,
2001-11-09,72.222100,20.625600,,,,,,,,,,,,
2001-11-12,71.780000,20.348700,,,,,,,,,,,,
2001-11-13,73.394600,20.535600,,,,,,,,,,,,
2001-11-14,73.465100,20.556400,,,,,,,,,,,,
2001-11-15,73.599600,20.644600,,,,,,,,,,,,
2001-11-16,73.272900,20.760600,,,,,,,,,,,,
2001-11-19,74.176300,20.864400,,,,,,,,,,,,
2001-11-20,73.554800,20.720800,,,,,,,,,,,,
2001-11-21,73.067800,20.667100,,,,,,,,,,,,
2001-11-23,74.118600,20.732900,,,,,,,,,,,,
2001-11-26,74.278800,20.933600,,,,,,,,,,,,
2001-11-27,73.958400,20.770900,,,,,,,,,,,,
2001-11-28,72.619300,20.409300,,,,,,,,,,,,
2001-11-29,73.599600,20.454300,,,,,,,,,,,,
2001-11-30,73.074300,20.532200,,,,,,,,,,,,
2001-12-03,72.638600,20.357400,,,,,,,,,,,,
2001-12-04,73.868700,20.646400,,,,,,,,,,,,
2001-12-05,75.220700,21.143000,,,,,,,,,,,,
2001-12-06,75.182200,21.208700,,,,,,,,,,,,
2001-12-07,74.682500,20.888600,,,,,,,,,,,,
2001-12-10,73.285700,20.487200,,,,,,,,,,,,
2001-12-11,73.138300,20.528700,,,,,,,,,,,,
2001-12-12,73.221600,20.613500,,,,,,,,,,,,
2001-12-13,71.799200,20.125500,,,,,,,,,,,,
2001-12-14,72.484800,20.241500,,,,,,,,,,,,
2001-12-17,73.234400,20.482000,,,,,,,,,,,,
2001-12-18,73.670100,20.537400,,,,,,,,,,,,
2001-12-19,74.189100,20.322800,,,,,,,,,,,,
2001-12-20,73.458700,20.224200,,,,,,,,,,,,
2001-12-21,73.904100,20.326300,,,,,,,,,,,,
2001-12-24,73.762600,20.250400,,,,,,,,,,,,
2001-12-26,74.167700,20.233100,,,,,,,,,,,,
2001-12-27,74.617700,20.501500,,,,,,,,,,,,
2001-12-28,74.579200,20.664200,,,,,,,,,,,,
2001-12-31,73.486200,20.657300,,,,,,,,,,,,
2002-01-02,74.277000,20.771600,,,,,,,,,,,,
2002-01-03,75.119200,20.958600,,,,,,,,,,,,
2002-01-04,75.620700,21.097100,,,,,,,,,,,,
2002-01-07,75.087100,20.816600,,,,,,,,,,,,
2002-01-08,74.913500,20.579400,,,,,,,,,,,,
2002-01-09,74.302700,20.363000,,,,,,,,,,,,
2002-01-10,74.630600,20.411400,,,,,,,,,,,,
2002-01-11,73.897700,20.295400,,,,,,,,,,,,
2002-01-14,73.434700,20.092800,,,,,,,,,,,,
2002-01-15,74.032700,20.077300,,,,,,,,,,,,
2002-01-16,72.534700,19.724000,,,,,,,,,,,,
2002-01-17,73.081100,20.008000,,,,,,,,,,,,
2002-01-18,72.746800,19.999300,,,,,,,,,,,,
2002-01-22,72.245300,19.765600,,,,,,,,,,,,
2002-01-23,72.798300,19.817500,,,,,,,,,,,,
2002-01-24,73.023300,19.924900,,,,,,,,,,,,
2002-01-25,73.004000,19.640900,,,,,,,,,,,,
2002-01-28,73.203300,19.824400,,,,,,,,,,,,
2002-01-29,70.901600,19.273800,,,,,,,,,,,,
2002-01-30,71.923900,19.486800,,,,,,,,,,,,
2002-01-31,72.766100,19.462600,,,,,,,,,,,,
2002-02-01,72.425400,19.419300,,,,,,,,,,,,
2002-02-04,70.625200,19.260000,,,,,,,,,,,,
2002-02-05,70.188000,18.752600,,,,,,,,,,,,
2002-02-06,69.885800,18.847900,,,,,,,,,,,,
2002-02-07,69.448600,19.057400,,,,,,,,,,,,
2002-02-08,70.779500,19.313600,,,,,,,,,,,,
2002-02-11,71.647400,19.549100,,,,,,,,,,,,
2002-02-12,71.422400,19.540500,,,,,,,,,,,,
2002-02-13,72.181000,19.566400,,,,,,,,,,,,
2002-02-14,72.046000,19.722300,,,,,,,,,,,,
2002-02-15,71.293800,19.601100,,,,,,,,,,,,
2002-02-19,69.924400,19.185500,,,,,,,,,,,,
2002-02-20,71.100900,19.272100,,,,,,,,,,,,
2002-02-21,69.628600,19.140500,,,,,,,,,,,,
2002-02-22,70.490200,19.279000,,,,,,,,,,,,
2002-02-25,71.653800,19.521400,,,,,,,,,,,,
2002-02-26,71.506000,19.410600,,,,,,,,,,,,
2002-02-27,71.782400,19.627100,,,,,,,,,,,,
2002-02-28,71.461000,19.696300,,,,,,,,,,,,
2002-03-01,73.126100,20.068600,,,,,,,,,,,,
2002-03-04,74.418400,20.754300,,,,,,,,,,,,
2002-03-05,74.180500,20.525700,,,,,,,,,,,,
2002-03-06,75.061300,20.738700,,,,,,,,,,,,
2002-03-07,74.900600,21.060800,,,,,,,,,,,,
2002-03-08,75.215600,21.091900,,,,,,,,,,,,
2002-03-11,75.376400,21.124800,,,,,,,,,,,,
2002-03-12,75.331400,20.882400,,,,,,,,,,,,
2002-03-13,74.604900,20.657300,,,,,,,,,,,,
2002-03-14,74.502000,20.861600,,,,,,,,,,,,
2002-03-15,75.211900,21.093700,,,,,,,,,,,,
2002-03-18,75.224800,21.069400,,,,,,,,,,,,
2002-03-19,75.727700,21.175100,,,,,,,,,,,,
2002-03-20,74.302800,20.903200,,,,,,,,,,,,
2002-03-21,74.335000,20.956900,,,,,,,,,,,,
2002-03-22,74.173800,20.771600,,,,,,,,,,,,
2002-03-25,73.251800,20.515300,,,,,,,,,,,,
2002-03-26,73.677300,20.645200,,,,,,,,,,,,
2002-03-27,73.870800,20.676400,,,,,,,,,,,,
2002-03-28,73.838500,20.795800,,,,,,,,,,,,
2002-04-01,73.870800,20.911900,,,,,,,,,,,,
2002-04-02,73.464600,20.830500,,,,,,,,,,,,
2002-04-03,72.948700,20.833900,,,,,,,,,,,,
2002-04-04,72.645700,20.804500,,,,,,,,,,,,
2002-04-05,72.658600,20.804500,,,,,,,,,,,,
2002-04-08,72.813300,20.563800,,,,,,,,,,,,
2002-04-09,72.304000,20.532600,,,,,,,,,,,,
2002-04-10,73.122800,20.801000,,,,,,,,,,,,
2002-04-11,71.304600,20.338700,,,,,,,,,,,,
2002-04-12,71.839800,20.546500,,,,,,,,,,,,
2002-04-15,71.291700,20.692000,,,,,,,,,,,,
2002-04-16,72.987400,21.079800,,,,,,,,,,,,
2002-04-17,72.832700,21.107500,,,,,,,,,,,,
2002-04-18,72.516800,21.175100,,,,,,,,,,,,
2002-04-19,72.781100,21.259900,,,,,,,,,,,,
2002-04-22,71.569000,21.111000,,,,,,,,,,,,
2002-04-23,71.259500,21.055600,,,,,,,,,,,,
2002-04-24,70.543800,20.951700,,,,,,,,,,,,
2002-04-25,70.582500,21.142200,,,,,,,,,,,,
2002-04-26,69.241300,20.955100,,,,,,,,,,,,
2002-04-29,68.899600,20.899700,,,,,,,,,,,,
2002-04-30,69.544400,21.112700,,,,,,,,,,,,
2002-05-01,70.395500,21.223500,,,,,,,,,,,,
2002-05-02,70.124700,21.166400,,,,,,,,,,,,
2002-05-03,69.363900,21.310100,,,,,,,,,,,,
2002-05-06,68.003400,21.090200,,,,,,,,,,,,
2002-05-07,67.764800,20.813200,,,,,,,,,,,,
2002-05-08,70.285900,21.272000,,,,,,,,,,,,
2002-05-09,69.473500,21.168100,,,,,,,,,,,,
2002-05-10,68.164600,20.993200,,,,,,,,,,,,
2002-05-13,69.550800,21.304900,,,,,,,,,,,,
2002-05-14,71.066000,21.329200,,,,,,,,,,,,
2002-05-15,70.788800,21.419200,,,,,,,,,,,,
2002-05-16,71.156300,21.528300,,,,,,,,,,,,
2002-05-17,71.504500,21.720500,,,,,,,,,,,,
2002-05-20,70.730800,21.609700,,,,,,,,,,,,
2002-05-21,70.086000,21.576800,,,,,,,,,,,,
2002-05-22,70.240700,21.618300,,,,,,,,,,,,
2002-05-23,70.988700,21.639100,,,,,,,,,,,,
2002-05-24,70.079500,21.497100,,,,,,,,,,,,
2002-05-28,69.699100,21.453800,,,,,,,,,,,,
2002-05-29,69.183300,21.433100,,,,,,,,,,,,
2002-05-30,68.989900,21.337800,,,,,,,,,,,,
2002-05-31,69.131700,21.225300,,,,,,,,,,,,
2002-06-03,67.294200,21.185400,,,,,,,,,,,,
2002-06-04,67.461800,21.064200,,,,,,,,,,,,
2002-06-05,68.093700,21.020900,,,,,,,,,,,,
2002-06-06,66.707400,20.813200,,,,,,,,,,,,
2002-06-07,66.630000,20.648700,,,,,,,,,,,,
2002-06-10,66.888000,20.716200,,,,,,,,,,,,
2002-06-11,65.740300,20.614000,,,,,,,,,,,,
2002-06-12,66.140000,20.499700,,,,,,,,,,,,
2002-06-13,65.475900,20.155200,,,,,,,,,,,,
2002-06-14,65.379200,19.923100,,,,,,,,,,,,
2002-06-17,67.133000,20.238300,,,,,,,,,,,,
2002-06-18,67.681000,20.286800,,,,,,,,,,,,
2002-06-19,66.101300,19.739600,,,,,,,,,,,,
2002-06-20,65.256700,19.647800,,,,,,,,,,,,
2002-06-21,64.236600,19.670300,,,,,,,,,,,,
2002-06-24,64.573000,19.672100,,,,,,,,,,,,
2002-06-25,63.123700,19.687700,,,,,,,,,,,,
2002-06-26,63.227200,19.691100,,,,,,,,,,,,
2002-06-27,64.333600,20.177700,,,,,,,,,,,,
2002-06-28,64.029500,20.527500,,,,,,,,,,,,
2002-07-01,62.780800,20.363000,,,,,,,,,,,,
2002-07-02,61.447900,19.990700,,,,,,,,,,,,
2002-07-03,61.797300,19.800200,,,,,,,,,,,,
2002-07-05,64.256000,20.569000,,,,,,,,,,,,
2002-07-08,63.453700,20.553400,,,,,,,,,,,,
2002-07-09,61.855500,20.302400,,,,,,,,,,,,
2002-07-10,59.603900,19.732700,,,,,,,,,,,,
2002-07-11,60.089200,19.653000,,,,,,,,,,,,
2002-07-12,59.429200,19.384600,,,,,,,,,,,,
2002-07-15,59.746200,19.157800,,,,,,,,,,,,
2002-07-16,58.594500,18.787300,,,,,,,,,,,,
2002-07-17,58.711000,19.263400,,,,,,,,,,,,
2002-07-18,56.808700,19.339600,,,,,,,,,,,,
2002-07-19,54.809400,18.655700,,,,,,,,,,,,
2002-07-22,53.185400,17.982100,,,,,,,,,,,,
2002-07-23,51.729600,17.471300,,,,,,,,,,,,
2002-07-24,54.815900,18.096400,,,,,,,,,,,,
2002-07-25,54.350000,17.904200,,,,,,,,,,,,
2002-07-26,55.385300,17.904200,,41.925300,36.316200,,37.607600,,,,,,,
2002-07-29,58.083400,18.761300,,41.434000,35.836400,,37.313100,,,,,,,
2002-07-30,58.840400,18.641800,,41.408700,35.880500,,37.320500,,,,,,,
2002-07-31,58.982700,18.570800,,41.788500,36.325000,,37.548700,,,,,,,
2002-08-01,57.442800,17.921500,,41.960700,36.531900,,37.916900,,,,,,,
2002-08-02,56.155200,17.852200,,42.284800,36.906000,,37.994200,,,,,,,
2002-08-05,54.201200,17.246200,,42.497500,37.068800,,37.902200,,,,,,,
2002-08-06,56.025800,17.623700,,42.153100,36.751900,,37.773300,,,,,,,
2002-08-07,57.002800,17.964800,,42.284800,36.840000,,37.880100,,,,,,,
2002-08-08,58.846900,18.371700,,42.138000,36.840000,,37.769600,,,,,,,
2002-08-09,59.066900,18.544800,,42.451900,37.359300,,37.920600,,,,,,,
2002-08-12,58.633300,18.337100,,42.538000,37.588200,,37.972100,,,,,,,
2002-08-13,57.565800,18.162200,,42.877300,38.050400,,38.285100,,,,,,,
2002-08-14,59.668600,18.588100,,42.750700,38.195600,,38.299800,,,,,,,
2002-08-15,60.496800,18.735300,,42.502600,37.861100,,38.185700,,,,,,,
2002-08-16,60.315600,18.735300,,42.224000,37.438600,,38.001600,,,,,,,
2002-08-19,61.726100,19.073000,,42.264600,37.553000,,38.215100,,,,,,,
2002-08-20,61.072600,18.562200,,42.654500,37.971100,,38.623800,,,,,,,
2002-08-21,61.952600,19.029700,,42.548100,37.768700,,38.675300,,,,,,,
2002-08-22,62.554300,19.085100,,42.320300,37.438600,,38.620100,,,,,,,
2002-08-23,61.208500,18.847900,,42.512700,37.808300,,38.730500,,,,,,,
2002-08-26,61.635500,18.934400,,42.532900,37.843500,,38.771000,,,,,,,
2002-08-27,60.923800,19.100700,,42.406300,37.605800,,38.675300,,,,,,,
2002-08-28,59.590900,18.579500,,42.563300,37.795100,,38.748900,,,,,,,
2002-08-29,59.616800,18.397700,,42.760800,38.098800,,38.892500,,,,,,,
2002-08-30,59.383900,18.389000,,42.841900,38.327600,,38.914600,,,,,,,
2002-09-03,57.119300,17.670400,,43.308200,38.915100,,39.099500,,,,,,,
2002-09-04,57.934600,17.673900,,43.293000,38.906200,,39.243800,,,,,,,
2002-09-05,57.442800,17.540500,,43.465800,39.118400,,39.354900,,,,,,,
2002-09-06,58.232200,17.796800,,43.130400,38.658700,,39.088400,,,,,,,
2002-09-09,58.659200,17.717200,,43.069400,38.601200,,39.114300,,,,,,,
2002-09-10,59.332100,17.852200,,43.221800,38.786900,,39.280800,,,,,,,
2002-09-11,58.963300,18.018400,,43.064300,38.583500,,39.229000,,,,,,,
2002-09-12,57.876300,17.720600,,43.287900,38.884100,,39.432600,,,,,,,
2002-09-13,58.018700,17.284300,,43.491200,39.242100,,39.499200,,,,,,,
2002-09-16,58.161000,17.142300,,43.506400,39.308500,,39.654600,,,,,,,
2002-09-17,56.828200,17.055700,,43.648700,39.383600,,39.684200,,,,,,,
2002-09-18,56.258800,17.047100,,43.699500,39.392400,,39.636100,,,,,,,
2002-09-19,54.803000,16.752700,,43.918000,39.657600,,39.636100,,,,,,,
2002-09-20,54.821200,16.660900,,43.902700,39.472000,,39.654600,,,,,,,
2002-09-23,54.372800,16.068700,,44.151700,39.825600,,39.532500,,,,,,,
2002-09-24,53.495400,15.809000,,44.309300,40.082000,,39.525100,,,,,,,
2002-09-25,54.821200,16.207300,,43.973900,39.595800,,39.443700,,,,,,,
2002-09-26,55.718100,16.778700,,43.943400,39.502900,,39.488100,,,,,,,
2002-09-27,53.781300,16.773500,,44.233000,39.799100,,39.802700,,,,,,,
2002-09-30,53.157400,16.484300,,44.492200,39.958200,,39.728700,,,,,,,
2002-10-01,55.711600,16.887700,,44.103800,39.462600,,39.701500,,,,,,,
2002-10-02,54.041300,16.655700,,44.251600,39.688900,,39.690400,,,,,,,
2002-10-03,53.495400,16.472200,,44.226100,39.591300,,39.671800,,,,,,,
2002-10-04,52.514000,16.189900,,44.272000,39.715500,,39.578900,,,,,,,
2002-10-07,51.428600,15.791700,,44.445200,39.782100,,39.393100,,,,,,,
2002-10-08,52.234500,15.833200,,44.363700,39.795400,,39.025100,,,,,,,
2002-10-09,50.759200,15.583900,,44.587900,39.999500,,38.880200,,,,,,,
2002-10-10,52.403500,15.947500,,44.333100,39.684500,,38.872800,,,,,,,
2002-10-11,54.697700,16.527600,,44.017100,39.214100,,38.984300,,,,,,,
2002-10-14,55.003200,16.103400,,43.981500,39.156400,,39.054900,,,,,,,
2002-10-15,57.648400,17.228900,,43.242500,38.229100,,38.594000,,,,,,,
2002-10-16,56.251100,16.925800,,43.242500,38.246900,,38.501100,,,,,,,
2002-10-17,57.368900,17.168300,,43.013200,37.781000,,38.211300,,,,,,,
2002-10-18,57.609400,17.029700,,43.140600,37.878600,,38.311600,,,,,,,
2002-10-21,58.603800,17.272200,,42.809300,37.510300,,38.084900,,,,,,,
2002-10-22,58.181300,17.074800,,42.788900,37.403800,,38.241000,,,,,,,
2002-10-23,58.623300,16.917200,,42.880700,37.417100,,38.315300,,,,,,,
2002-10-24,57.427400,16.752700,,43.084500,37.745500,,38.460300,,,,,,,
2002-10-25,58.623300,17.038400,,43.273100,37.883000,,38.724100,,,,,,,
2002-10-28,58.239800,17.116300,,43.324000,37.829800,,38.831900,,,,,,,
2002-10-29,57.563900,16.735400,,43.716500,38.322300,,39.058600,,,,,,,
2002-10-30,58.122900,17.003800,,43.711400,38.309000,,39.066000,,,,,,,
2002-10-31,57.531400,17.116300,,43.935600,38.482000,,39.486000,,,,,,,
2002-11-01,58.668800,17.383000,,43.672100,38.321100,,39.204900,,,,,,,
2002-11-04,59.227700,17.609800,,43.534000,38.151800,,39.287000,,,,,,,
2002-11-05,59.695700,17.878200,,43.416400,38.004700,,39.246000,,,,,,,
2002-11-06,60.469100,17.886800,,43.559600,38.156200,,39.365500,,,,,,,
2002-11-07,58.987300,17.583800,,43.984000,39.101100,,39.921900,,,,,,,
2002-11-08,58.265800,17.436600,,44.091400,39.417500,,39.974200,,,,,,,
2002-11-11,57.362400,17.095500,,44.203900,39.631500,,40.082500,,,,,,,
2002-11-12,57.817400,17.410700,,44.065800,39.404200,,39.750100,,,,,,,
2002-11-13,57.875900,17.211500,,44.117000,39.488900,,39.903200,,,,,,,
2002-11-14,58.967800,17.596000,,43.564700,38.668800,,39.638100,,,,,,,
2002-11-15,59.403200,17.860900,,43.595400,38.824800,,39.865900,,,,,,,
2002-11-18,58.805300,17.635800,,43.636300,38.998600,,40.142200,,,,,,,
2002-11-19,58.727300,17.471300,,43.672100,39.141200,,40.067600,,,,,,,
2002-11-20,60.033600,17.713700,,43.431700,38.757900,,39.936800,,,,,,,
2002-11-21,61.151500,18.146600,,43.181100,38.383500,,39.936800,,,,,,,
2002-11-22,60.716100,18.060000,,43.130000,38.347900,,39.772500,,,,,,,
2002-11-25,60.755000,17.919700,,43.063500,38.276600,,39.768800,,,,,,,
2002-11-26,59.598200,17.500700,,43.452200,38.757900,,39.992900,,,,,,,
2002-11-27,61.275000,17.985500,,42.956100,37.884300,,39.768800,,,,,,,
2002-11-29,61.080000,18.077300,,43.017500,38.129500,,39.768800,,,,,,,
2002-12-02,61.177500,18.167400,,43.002200,38.164800,,39.834600,,,,,,,
2002-12-03,60.358600,17.845300,,42.997100,38.218600,,39.905800,,,,,,,
2002-12-04,60.085600,17.763900,,43.146300,38.415600,,39.905800,,,,,,,
2002-12-05,59.422700,17.564800,,43.264700,38.514100,,39.995800,,,,,,,
2002-12-06,59.812700,17.687700,,43.439600,38.581200,,40.018300,,,,,,,
2002-12-09,58.168300,17.234100,,43.604300,38.796200,,40.018300,,,,,,,
2002-12-10,58.948300,17.467800,,43.568300,38.899100,,40.093400,,,,,,,
2002-12-11,59.000200,17.445300,,43.712300,39.158800,,40.262100,,,,,,,
2002-12-12,58.993800,17.410700,,43.748400,39.123000,,40.262100,,,,,,,
2002-12-13,58.064400,17.246200,,43.588900,38.742400,,40.055800,,,,,,,
2002-12-16,59.565700,17.618500,,43.408800,38.451400,,40.037100,,,,,,,
2002-12-17,59.045700,17.530200,,43.511700,38.451400,,40.187100,,,,,,,
2002-12-18,58.363300,17.159600,,43.779200,38.751400,,40.389600,,,,,,,
2002-12-19,57.947400,17.254800,,44.005700,39.096100,,40.648400,,,,,,,
2002-12-20,58.774100,17.358700,,44.005700,39.123000,,40.659700,,,,,,,
2002-12-23,58.793700,17.390800,,43.979900,39.132000,,40.667200,,,,,,,
2002-12-24,58.356100,17.359100,,44.144600,39.351300,,40.753400,,,,,,,
2002-12-26,58.382200,17.417300,,44.211500,39.427500,,40.888500,,,,,,,
2002-12-27,57.069500,17.143800,,44.473900,39.861800,,41.124800,,,,,,,
2002-12-30,57.546300,17.399700,,44.556200,39.955800,,41.248500,,,,,,,
2002-12-31,57.624600,17.472000,,44.544000,39.855000,,41.331100,,,,,,,
2003-01-02,59.479500,17.840800,,43.840900,38.824500,,40.441800,,,,,,,
2003-01-03,59.662400,17.858500,,43.913200,38.914500,,40.671700,,,,,,,
2003-01-06,60.713900,18.079100,,43.804700,38.811000,,40.652800,,,,,,,
2003-01-07,60.563700,17.796700,,43.944300,38.950500,,40.807300,,,,,,,
2003-01-08,59.688500,17.555000,,44.047700,39.144000,,40.848800,,,,,,,
2003-01-09,60.615900,17.770200,,43.515100,38.392500,,40.520900,,,,,,,
2003-01-10,60.779200,17.747300,,43.561600,38.491500,,40.626400,,,,,,,
2003-01-13,60.759600,17.784400,,43.639200,38.554500,,40.581200,,,,,,,
2003-01-14,60.955500,17.920200,,43.742600,38.689500,,40.694300,,,,,,,
2003-01-15,60.348100,17.749100,,43.840900,38.878500,,40.694300,,,,,,,
2003-01-16,60.099900,17.823200,,43.825300,38.932500,,40.600100,,,,,,,
2003-01-17,59.211700,17.636100,,44.006300,39.126000,,40.788500,,,,,,,
2003-01-21,58.290800,17.325500,,44.156300,39.351000,,40.814800,,,,,,,
2003-01-22,57.585400,17.082000,,44.337200,39.544500,,40.897700,,,,,,,
2003-01-23,57.938100,17.202000,,44.244200,39.351000,,40.916600,,,,,,,
2003-01-24,56.416400,17.020300,,44.332100,39.585000,,41.101200,,,,,,,
2003-01-27,55.645700,16.566700,,44.197600,39.441000,,40.860100,,,,,,,
2003-01-28,56.057100,16.637300,,44.202800,39.441000,,40.984400,,,,,,,
2003-01-29,56.481700,16.596700,,44.011500,39.225000,,40.743300,,,,,,,
2003-01-30,55.142800,16.586200,,44.182100,39.517500,,40.882700,,,,,,,
2003-01-31,56.207400,16.720300,,44.202800,39.625500,,40.995700,,,,,,,
2003-02-03,56.318400,16.983200,,44.134200,39.683300,,41.035500,,,,,,,
2003-02-04,55.763200,16.737900,,44.279400,39.859400,,41.115000,,,,,,,
2003-02-05,55.417100,16.766200,,44.108200,39.516200,,41.054500,,,,,,,
2003-02-06,55.155800,16.603800,,44.279400,39.836800,,41.126300,,,,,,,
2003-02-07,54.483100,16.363800,,44.300200,39.927100,,41.217200,,,,,,,
2003-02-10,54.868500,16.420300,,44.217200,39.647200,,40.963600,,,,,,,
2003-02-11,54.489700,16.499700,,44.258700,39.638100,,41.115000,,,,,,,
2003-02-12,53.621000,16.325000,,44.450600,39.778100,,41.058200,,,,,,,
2003-02-13,53.784300,16.565000,,44.611400,39.994900,,41.058200,,,,,,,
2003-02-14,54.959900,16.722000,,44.455800,39.651700,,41.039300,,,,,,,
2003-02-18,55.926500,16.967300,,44.455800,39.701400,,41.168000,,,,,,,
2003-02-19,55.632600,16.570300,,44.621800,39.972300,,41.300400,,,,,,,
2003-02-20,55.077500,16.587900,,44.777400,40.107800,,41.406300,,,,,,,
2003-02-21,55.632600,16.693800,,44.611400,39.873000,,41.292800,,,,,,,
2003-02-24,54.731300,16.490900,,44.787800,40.062600,,41.429100,,,,,,,
2003-02-25,55.168900,16.287900,,44.850000,40.247800,,41.504700,,,,,,,
2003-02-26,54.365600,16.093800,,44.984900,40.527700,,41.618200,,,,,,,
2003-02-27,55.084000,16.116800,,45.026400,40.595500,,41.792300,,,,,,,
2003-02-28,55.449700,16.367300,,45.176800,40.852800,,41.807400,,,,,,,
2003-03-03,54.920700,16.437900,,45.270500,40.902700,,42.047900,,,,,,,
2003-03-04,54.045500,16.199700,,45.359000,40.929900,,42.070700,,,,,,,
2003-03-05,54.502700,16.226200,,45.442200,41.065900,,42.047900,,,,,,,
2003-03-06,54.045500,16.040900,,45.348600,40.907200,,41.975700,,,,,,,
2003-03-07,54.417800,15.924400,,45.499400,41.047700,,41.987100,,,,,,,
2003-03-10,53.111600,15.483200,,45.650300,41.260800,,42.104900,,,,,,,
2003-03-11,52.589100,15.432100,,45.639900,41.188300,,42.009900,,,,,,,
2003-03-12,52.941800,15.253800,,45.535800,41.337800,,41.933900,,,,,,,
2003-03-13,54.770500,15.689700,,45.031300,40.576400,,41.668000,,,,,,,
2003-03-14,54.946800,15.767300,,45.176900,40.775800,,41.618700,,,,,,,
2003-03-17,56.677600,16.212000,,44.823200,40.286300,,41.402200,,,,,,,
2003-03-18,57.010700,16.280900,,44.578700,39.905500,,41.238800,,,,,,,
2003-03-19,57.448300,16.367300,,44.365400,39.610900,,41.022300,,,,,,,
2003-03-20,57.572400,16.471400,,44.396600,39.547400,,41.094500,,,,,,,
2003-03-21,58.801500,16.870300,,43.990900,39.003500,,40.885600,,,,,,,
2003-03-24,56.847400,16.323200,,44.417500,39.620000,,41.212200,,,,,,,
2003-03-25,57.391600,16.505000,,44.422700,39.574600,,41.257800,,,,,,,
2003-03-26,57.103100,16.513800,,44.526700,39.656200,,41.440100,,,,,,,
2003-03-27,57.149000,16.402600,,44.609900,39.683400,,41.497100,,,,,,,
2003-03-28,56.860500,16.296700,,44.682700,39.774100,,41.664300,,,,,,,
2003-03-31,55.568600,15.987900,,45.005300,40.295300,,41.858000,,,,,,,
2003-04-01,56.421100,16.236700,,44.947200,40.180600,,41.988300,,,,,,,
2003-04-02,57.785100,16.505000,,44.629000,39.761800,,41.866200,,,,,,,
2003-04-03,57.509700,16.413200,,44.707200,39.739100,,41.870000,,,,,,,
2003-04-04,57.850700,16.633800,,44.629000,39.625300,,41.767000,,,,,,,
2003-04-07,57.739200,16.849100,,44.524600,39.534200,,41.690700,,,,,,,
2003-04-08,57.831000,16.852600,,44.691600,39.852900,,41.843300,,,,,,,
2003-04-09,57.070300,16.789100,,44.842800,39.971200,,41.980600,,,,,,,
2003-04-10,57.385100,16.702600,,44.722900,39.784600,,41.828000,,,,,,,
2003-04-11,57.149000,16.607300,7.143500,44.608100,39.720900,,41.679200,,,,,,,
2003-04-14,58.329400,16.859700,7.236700,44.482900,39.611600,,41.702100,,,,,,,
2003-04-15,58.873600,17.090800,7.322700,44.639400,39.825600,,41.778400,,,,,,,
2003-04-16,57.870300,16.977900,7.407200,44.738500,39.989400,,42.060800,,,,,,,
2003-04-17,58.729400,17.223200,7.460200,44.681100,40.053200,,41.973000,,,,,,,
2003-04-21,58.788400,17.163200,7.457400,44.597700,39.966700,,42.060800,,,,,,,
2003-04-22,59.896600,17.412000,7.482500,44.608100,39.943900,,42.079800,,,,,,,
2003-04-23,60.447500,17.565500,7.517600,44.587200,40.025800,,42.324000,,,,,,,
2003-04-24,59.909700,17.427900,7.369200,44.848100,40.385500,,42.572000,,,,,,,
2003-04-25,59.168700,17.119100,7.247400,44.921100,40.476500,,42.575800,,,,,,,
2003-04-28,60.191700,17.422600,7.367100,44.874100,40.412800,,42.598700,,,,,,,
2003-04-29,60.401600,17.523200,7.577000,44.795900,40.344500,,42.446100,,,,,,,
2003-04-30,60.270400,17.613200,7.555500,45.067200,40.717800,,42.747500,,,,,,,
2003-05-01,60.263800,17.685500,7.526200,45.104700,40.737400,,42.855200,,,,,,,
2003-05-02,61.122900,17.839100,7.641500,44.858600,40.417100,,42.709600,,,,,,,
2003-05-05,61.004800,17.975000,7.723900,45.000000,40.632200,,42.901200,,,,,,,
2003-05-06,61.581900,18.354400,7.763300,45.277600,40.833500,,43.127300,,,,,,,
2003-05-07,61.240900,18.184900,7.749000,45.591800,41.309500,,43.414700,,,,,,,
2003-05-08,60.624500,17.911400,7.680900,45.639000,41.410100,,43.418500,,,,,,,
2003-05-09,61.463900,18.137300,7.771200,45.712300,41.451300,,43.341900,,,,,,,
2003-05-12,62.218000,18.282000,7.879400,45.906100,41.712200,,43.491300,,,,,,,
2003-05-13,62.106500,18.280200,7.835000,45.948000,41.803700,,43.495200,,,,,,,
2003-05-14,61.975400,18.285500,7.795600,46.199400,42.444400,,43.686800,,,,,,,
2003-05-15,62.368800,18.317300,7.811300,46.152200,42.577100,,43.671400,,,,,,,
2003-05-16,62.211400,18.543200,7.817100,46.398400,42.888300,,43.962700,,,,,,,
2003-05-19,60.755700,18.042000,7.630800,46.387900,42.741800,,43.782600,,,,,,,
2003-05-20,60.631100,18.222000,7.668700,46.696900,43.373300,,43.916700,,,,,,,
2003-05-21,60.755700,18.033200,7.675200,46.550300,43.368800,,43.916700,,,,,,,
2003-05-22,61.359000,18.274900,7.744700,46.770200,43.753200,,44.211800,,,,,,,
2003-05-23,61.483500,18.379100,7.824200,46.717900,43.863000,,44.273100,,,,,,,
2003-05-27,62.559000,18.537900,8.104400,46.545000,43.071300,,44.119800,,,,,,,
2003-05-28,62.736000,18.626100,8.139500,46.555500,42.998100,,43.943500,,,,,,,
2003-05-29,62.572100,18.714300,8.150200,46.801700,43.373300,,44.261600,,,,,,,
2003-05-30,63.575400,18.749600,8.244800,46.775500,43.291000,,44.280700,,,,,,,
2003-06-02,63.837700,18.924300,8.304300,46.593900,42.972900,,43.999300,,,,,,,
2003-06-03,64.100000,18.970200,8.241200,46.903700,43.317600,,44.403300,,,,,,,
2003-06-04,65.024600,19.084900,8.347300,47.040300,43.446300,,44.461000,,,,,,,
2003-06-05,65.345900,19.277300,8.355900,46.872200,43.106200,,44.387900,,,,,,,
2003-06-06,65.090200,19.393700,8.434000,46.819700,43.262500,,44.461000,,,,,,,
2003-06-09,64.427900,19.254300,8.361600,47.077000,43.552000,,44.557200,,,,,,,
2003-06-10,65.083600,19.409600,8.447600,47.339600,44.071300,,44.903500,,,,,,,
2003-06-11,65.772200,19.729000,8.454700,47.239900,44.016100,,44.853500,,,,,,,
2003-06-12,65.975500,19.782000,8.518500,47.423700,44.360800,,45.015100,,,,,,,
2003-06-13,65.286900,19.667300,8.515600,47.597000,44.659500,,45.203700,,,,,,,
2003-06-16,66.664000,19.954900,8.607400,47.350100,44.236700,,45.038200,,,,,,,
2003-06-17,66.664000,19.995500,8.784300,47.092800,43.887500,,44.895800,,,,,,,
2003-06-18,66.605000,19.939000,8.752100,46.809200,43.326800,,44.480300,,,,,,,
2003-06-19,65.588600,19.702600,8.752100,46.877500,43.244100,,44.557200,,,,,,,
2003-06-20,65.443900,19.729000,8.752100,46.804000,43.083200,,44.345600,,,,,,,
2003-06-23,64.772700,19.510200,8.537100,46.982500,43.340600,,44.568800,,,,,,,
2003-06-24,64.838500,19.356700,8.474100,47.203100,43.740400,,44.634200,,,,,,,
2003-06-25,64.186900,19.164300,8.544300,46.846000,43.041900,,44.407200,,,,,,,
2003-06-26,65.022700,19.252600,8.636700,46.383800,42.462800,,44.018600,,,,,,,
2003-06-27,64.272500,19.107900,8.596600,46.341800,42.311200,,43.903100,,,,,,,
2003-06-30,64.252700,19.113200,8.590900,46.452100,42.508800,,44.107100,,,,,,,
2003-07-01,64.845100,19.226100,8.684000,46.352200,42.298000,,43.775900,,,,,,,
2003-07-02,65.661100,19.605500,8.888200,46.399600,42.404100,,43.930400,,,,,,,
2003-07-03,64.983300,19.499600,8.913300,46.104700,41.795100,,43.660000,,,,,,,
2003-07-07,66.273200,19.857900,9.134000,45.857200,41.527600,,43.447600,,,,,,,
2003-07-08,66.569300,19.764300,9.159800,45.873000,41.564500,,43.486300,,,,,,,
2003-07-09,66.194200,19.662000,9.138300,45.957200,41.698300,,43.640700,,,,,,,
2003-07-10,65.351800,19.561400,8.977800,46.062600,41.684400,,43.729600,,,,,,,
2003-07-11,65.970400,19.519000,9.053000,46.225800,41.882800,,43.783600,,,,,,,
2003-07-14,66.292900,19.729000,9.212100,45.957200,41.403000,,43.667800,,,,,,,
2003-07-15,66.148100,19.543700,9.096000,45.330600,40.434300,,43.169600,,,,,,,
2003-07-16,65.759800,19.397300,9.103200,45.346400,40.664900,,43.154100,,,,,,,
2003-07-17,64.825300,19.093800,8.865300,45.251600,40.540400,,42.953300,,,,,,,
2003-07-18,65.490000,19.393700,8.983500,45.135700,40.457300,,43.134800,,,,,,,
2003-07-21,64.680500,19.245500,8.864600,44.545900,39.599300,,42.613400,,,,,,,
2003-07-22,65.266300,19.199600,8.970600,44.703900,39.793000,,42.578700,,,,,,,
2003-07-23,65.312300,19.483700,8.913300,44.840800,39.926800,,42.860600,,,,,,,
2003-07-24,64.818700,19.515500,8.956300,44.667000,39.576200,,42.675200,,,,,,,
2003-07-25,65.963900,19.760800,9.103200,44.609100,39.470100,,42.578700,,,,,,,
2003-07-28,65.720400,19.812000,9.153300,44.282600,38.939600,,42.153900,,,,,,,
2003-07-29,65.417600,19.729000,9.101800,43.850800,38.409100,,41.767700,,,,,,,
2003-07-30,65.259700,19.564900,9.035100,44.203600,38.842700,,41.980100,,,,,,,
2003-07-31,65.411000,19.402600,9.078100,43.908700,38.266100,,41.458700,,,,,,,
2003-08-01,64.831900,19.399000,9.098200,43.841600,38.237300,,41.483600,,,,,,,
2003-08-04,64.831900,19.455500,9.058000,44.163800,38.566400,,41.728000,,,,,,,
2003-08-05,63.456400,19.273700,8.960600,43.868000,38.014900,,41.537900,,,,,,,
2003-08-06,63.825000,19.243700,8.920500,44.317000,38.765700,,41.697000,,,,,,,
2003-08-07,64.496200,19.358500,8.985700,44.475500,38.927900,,41.925800,,,,,,,
2003-08-08,64.680500,19.418500,9.045900,44.470200,38.770300,,41.949100,,,,,,,
2003-08-11,64.924000,19.605500,9.085300,44.285300,38.575700,,41.786200,,,,,,,
2003-08-12,65.516300,19.688400,9.121100,44.206100,38.394900,,41.739600,,,,,,,
2003-08-13,65.180700,19.702600,9.250100,43.714800,37.653400,,41.270300,,,,,,,
2003-08-14,65.358400,19.983100,9.371900,43.804600,38.024200,,41.324600,,,,,,,
2003-08-15,65.562400,19.937300,9.278700,43.788800,38.001000,,41.406100,,,,,,,
2003-08-18,66.128400,20.214300,9.476500,43.920800,38.177100,,41.541800,,,,,,,
2003-08-19,66.378500,20.170200,9.523100,44.269500,38.765700,,41.910300,,,,,,,
2003-08-20,66.108700,20.133100,9.524500,44.058200,38.557100,,41.782300,,,,,,,
2003-08-21,66.319300,20.170200,9.699300,43.894400,38.464400,,41.580600,,,,,,,
2003-08-22,65.661100,20.053700,9.748800,43.926100,38.635900,,41.782300,,,,,,,
2003-08-25,65.766400,19.972600,9.672800,43.736000,38.334700,,41.596100,,,,,,,
2003-08-26,65.884900,19.868400,9.554600,43.894400,38.635900,,41.677600,,,,,,,
2003-08-27,65.904600,19.903700,9.665600,43.788800,38.459800,,41.669800,,,,,,,
2003-08-28,66.312700,20.020200,9.733000,44.095200,38.858300,,41.976300,,,,,,,
2003-08-29,66.760200,20.041400,9.803200,43.973700,38.765700,,41.960700,,,,,,,
2003-09-02,67.655200,20.344900,9.948700,43.538800,38.202000,,41.755400,,,,,,,
2003-09-03,68.023800,20.611400,10.027500,43.650100,38.262500,,41.876200,,,,,,,
2003-09-04,68.056700,20.586700,10.063300,43.931000,38.476700,,42.020400,,,,,,,
2003-09-05,67.675000,20.627300,10.054000,44.487500,39.137700,,42.339900,,,,,,,
2003-09-08,68.234400,20.719000,10.244600,44.280800,38.732700,,42.184000,,,,,,,
2003-09-09,67.786900,20.759600,10.066900,44.492800,39.012000,,42.316500,,,,,,,
2003-09-10,67.102400,20.549600,9.899200,44.794900,39.407700,,42.655500,,,,,,,
2003-09-11,67.299900,20.664300,9.887800,44.635900,39.151700,,42.433400,,,,,,,
2003-09-12,67.424900,20.752500,9.958000,44.816100,39.421700,,42.745100,,,,,,,
2003-09-15,67.188000,20.812500,9.811100,44.895600,39.361200,,42.760700,,,,,,,
2003-09-16,68.168600,21.019000,10.013100,44.858500,39.300700,,42.854200,,,,,,,
2003-09-17,68.037000,21.156700,9.970200,45.107600,39.789500,,43.115300,,,,,,,
2003-09-18,68.839900,21.379000,10.084800,45.102300,39.817400,,43.056900,,,,,,,
2003-09-19,68.489800,21.299600,10.038200,45.102300,39.864000,,43.099700,,,,,,,
2003-09-22,67.749800,21.059600,9.874100,44.906200,39.547400,,42.940000,,,,,,,
2003-09-23,68.007500,21.107200,9.898500,45.012200,39.817400,,43.002300,,,,,,,
2003-09-24,66.798500,21.004900,9.916400,45.240100,40.161900,,43.166000,,,,,,,
2003-09-25,66.250200,20.734900,9.769500,45.303700,40.362100,,43.314000,,,,,,,
2003-09-26,66.032100,20.646700,9.701500,45.648100,40.725200,,43.582900,,,,,,,
2003-09-29,66.679600,20.911400,9.770200,45.452000,40.399300,,43.466000,,,,,,,
2003-09-30,66.032100,20.646700,9.739400,45.891900,41.069700,,43.754300,,,,,,,
2003-10-01,67.439300,21.324300,9.995200,45.851600,40.914000,,43.772700,,,,,,,
2003-10-02,67.683800,21.290800,10.138500,45.686800,40.727000,,43.604400,,,,,,,
2003-10-03,68.304800,21.601400,10.238800,45.054100,39.871500,,42.998000,,,,,,,
2003-10-06,68.615300,21.827200,10.278200,45.187000,40.044500,,43.041000,,,,,,,
2003-10-07,68.879500,21.793700,10.267500,44.926500,39.581700,,42.896300,,,,,,,
2003-10-08,68.707800,21.703700,10.344200,45.006200,39.572400,,43.052800,,,,,,,
2003-10-09,68.892800,21.853700,10.518300,44.862700,39.291900,,42.904100,,,,,,,
2003-10-10,69.084400,21.945500,10.647200,44.995600,39.525600,,43.115400,,,,,,,
2003-10-13,69.302400,22.162500,10.808500,44.926500,39.371300,,43.088000,,,,,,,
2003-10-14,69.546800,22.279000,10.602100,44.745700,39.100200,,42.911900,,,,,,,
2003-10-15,69.361800,22.067200,10.730400,44.586200,38.908500,,42.915800,,,,,,,
2003-10-16,69.639300,22.199600,10.727500,44.341600,38.754300,,42.778900,,,,,,,
2003-10-17,68.879500,22.084900,10.662300,44.580900,39.053400,,43.013600,,,,,,,
2003-10-20,69.394900,22.321300,10.721800,44.612800,39.184300,,43.052800,,,,,,,
2003-10-21,69.275900,22.245500,10.775500,44.692500,39.329300,,43.068400,,,,,,,
2003-10-22,68.403900,22.028400,10.617200,45.016900,39.712600,,43.193600,,,,,,,
2003-10-23,68.278400,21.749600,10.461000,44.873300,39.422800,,42.958900,,,,,,,
2003-10-24,68.430300,21.791900,10.405800,45.187000,39.862200,,43.271900,,,,,,,
2003-10-27,68.463300,21.889000,10.525400,45.064700,39.782700,,43.174100,,,,,,,
2003-10-28,69.394900,22.146600,10.669500,45.277400,39.993100,,43.459700,,,,,,,
2003-10-29,69.487300,22.120200,10.758300,44.985000,39.633100,,43.154500,,,,,,,
2003-10-30,69.632700,22.144900,10.719600,44.820100,39.455500,,43.095800,,,,,,,
2003-10-31,69.566600,21.987800,10.633600,44.979600,39.824800,,43.095800,,,,,,,
2003-11-03,70.022500,22.099000,10.887300,44.808500,39.636100,,43.118300,,,,,,,
2003-11-04,69.870500,22.220800,10.917400,44.968600,39.861400,,43.185000,,,,,,,
2003-11-05,69.923400,22.093700,10.931700,44.808500,39.589200,,42.882600,,,,,,,
2003-11-06,70.293300,21.899600,10.853600,44.579200,39.218300,,42.646900,,,,,,,
2003-11-07,69.771400,22.102500,10.865100,44.504500,39.194900,,42.729400,,,,,,,
2003-11-10,69.487300,21.919000,10.715300,44.488500,39.162000,,42.603700,,,,,,,
2003-11-11,69.467500,21.836100,10.577700,44.557800,39.166700,,42.788300,,,,,,,
2003-11-12,70.247100,22.291300,10.766200,44.701900,39.453000,,42.811900,,,,,,,
2003-11-13,70.266900,22.418400,10.849300,45.091300,40.063200,,43.216500,,,,,,,
2003-11-14,69.672300,22.266600,10.794100,45.336600,40.330800,,43.452100,,,,,,,
2003-11-17,69.322200,21.883700,10.583500,45.390000,40.391800,,43.535400,,,,,,,
2003-11-18,68.602100,21.970200,10.604300,45.576700,40.640600,,43.727100,,,,,,,
2003-11-19,69.183400,22.023100,10.535500,45.267300,40.190000,,43.342100,,,,,,,
2003-11-20,68.562400,21.881900,10.399300,45.550000,40.579600,,43.550300,,,,,,,
2003-11-21,68.846500,22.118400,10.489600,45.528700,40.603100,,43.695600,,,,,,,
2003-11-24,69.758200,22.284300,10.603500,45.288600,40.269800,,43.401100,,,,,,,
2003-11-25,70.022500,22.319600,10.640100,45.400700,40.490400,,43.538500,,,,,,,
2003-11-26,70.273500,22.508400,10.737500,45.288600,40.326100,,43.444300,,,,,,,
2003-11-28,70.326400,22.543700,10.833500,44.989900,39.960000,,43.228200,,,,,,,
2003-12-01,71.086100,22.990100,11.143800,44.736400,39.737300,,43.138300,,,,,,,
2003-12-02,70.907700,23.044900,11.094300,44.864800,39.907100,,43.256600,,,,,,,
2003-12-03,70.795400,23.090700,11.055700,44.747100,39.746800,,43.181700,,,,,,,
2003-12-04,71.086100,23.143700,10.979700,44.843400,39.836400,,43.217200,,,,,,,
2003-12-05,70.590600,22.977800,10.958900,45.389200,40.473200,50.461200,43.666700,,,,,,,
2003-12-08,71.066300,23.170100,10.980400,45.218000,40.190200,50.416600,43.339400,,,,,,,
2003-12-09,70.518000,23.073100,10.934600,44.993200,39.907100,50.287700,43.201400,,,,,,,
2003-12-10,70.511400,22.907200,10.890900,45.105600,39.973200,50.421500,43.300000,,,,,,,
2003-12-11,71.304100,23.161300,11.089300,45.378500,40.260900,50.619700,43.497200,,,,,,,
2003-12-12,71.442900,23.237200,11.140200,45.378500,40.336400,50.580100,43.615500,,,,,,,
2003-12-15,71.086100,23.081900,11.148800,45.357100,40.312800,50.471100,43.516900,,,,,,,
2003-12-16,71.456100,23.377700,11.102200,45.903000,40.444900,50.416600,44.169800,,,,,,,
2003-12-17,71.680700,23.322800,10.973300,46.021900,40.718500,50.401700,44.269700,,,,,,,
2003-12-18,72.486700,23.669900,11.150200,46.178700,41.086400,50.619700,44.525300,,,,,,,
2003-12-19,72.284600,23.537100,11.177500,46.184100,41.072300,50.594900,44.553200,,,,,,,
2003-12-22,72.789100,23.692600,11.335300,46.059700,40.959100,50.540400,44.469400,,,,,,,
2003-12-23,72.835600,23.742800,11.366200,45.746300,40.496800,50.287700,44.213800,,,,,,,
2003-12-24,72.762600,23.800200,11.402900,46.032700,40.878900,50.570200,44.477400,,,,,,,
2003-12-26,72.815700,23.757200,11.431700,46.178700,41.029800,50.659300,44.489300,,,,,,,
2003-12-29,73.784800,24.156800,11.604500,45.897600,40.661900,50.510700,44.401500,,,,,,,
2003-12-30,73.798000,24.203400,11.659900,45.849000,40.496800,50.376900,44.229700,,,,,,,
2003-12-31,73.864400,24.513500,11.806900,45.929600,40.496800,50.449900,44.339900,,,,,,,
2004-01-02,73.831200,24.579800,12.069800,45.560900,40.018100,50.340800,44.023100,,,,,,,
2004-01-05,74.634400,25.052900,12.493300,45.522900,39.913900,50.271300,44.071200,,,,,,,
2004-01-06,74.707400,25.090500,12.352100,45.864500,40.354600,50.593700,44.468200,,,,,,,
2004-01-07,74.959600,24.839600,12.380900,45.967500,40.515700,50.633400,44.504300,,,,,,,
2004-01-08,75.258300,25.196300,12.427700,45.967500,40.501500,50.440000,44.576400,,,,,,,
2004-01-09,74.601200,25.036800,12.405400,46.509800,41.207700,50.821900,44.937400,,,,,,,
2004-01-12,75.152100,25.029600,12.394600,46.509800,41.174500,50.782200,45.013600,,,,,,,
2004-01-13,74.714100,24.884400,12.324000,46.759200,41.454100,51.030200,45.133900,,,,,,,
2004-01-14,75.338000,25.099500,12.343500,46.851400,41.657900,51.040100,45.230100,,,,,,,
2004-01-15,75.523900,24.947200,12.091400,46.878500,41.814300,51.104600,45.434600,,,,,,,
2004-01-16,75.822500,24.857600,12.143200,46.683300,41.520500,51.129400,45.234100,,,,,,,
2004-01-20,75.802600,25.126400,12.496100,46.602000,41.511000,51.084800,45.141900,,,,,,,
2004-01-21,76.400000,25.431000,12.512700,46.737600,41.610500,51.293100,45.246100,,,,,,,
2004-01-22,76.200900,25.447200,12.481000,46.938200,41.913800,51.377400,45.474700,,,,,,,
2004-01-23,75.955300,25.174800,12.460100,46.585700,41.411500,51.015300,45.113800,,,,,,,
2004-01-26,76.911100,25.255400,12.543000,46.390500,41.160300,50.826900,44.865200,,,,,,,
2004-01-27,76.121200,25.144300,12.479600,46.574900,41.416200,51.030200,45.137900,,,,,,,
2004-01-28,75.251700,24.821700,12.303100,46.238700,41.051300,50.821900,44.781000,,,,,,,
2004-01-29,75.324700,24.854000,12.109400,46.184500,40.966000,50.797100,44.772900,,,,,,,
2004-01-30,75.324700,24.789400,12.092800,46.395900,41.250300,51.064900,44.881200,,,,,,,
2004-02-02,75.650000,24.732100,12.095700,46.349900,41.163700,51.154200,44.869200,,,,,,,
2004-02-03,75.523900,24.776900,12.028000,46.529400,41.373100,51.248500,44.961800,,,,,,,
2004-02-04,74.906500,24.508100,11.920000,46.453200,41.292200,51.248500,44.925500,,,,,,,
2004-02-05,75.125600,24.610200,11.916400,46.279200,41.130400,51.094700,44.849000,,,,,,,
2004-02-06,75.968600,25.074400,12.187900,46.562000,41.582500,51.303000,44.981900,,,,,,,
2004-02-09,75.988500,25.232100,12.363600,46.670800,41.706200,51.407200,45.171100,,,,,,,
2004-02-10,76.234100,25.341400,12.352800,46.540300,41.473000,51.268300,45.038300,,,,,,,
2004-02-11,77.043900,25.628200,12.544400,46.785000,41.782400,51.476600,45.312000,,,,,,,
2004-02-12,76.765100,25.404200,12.537900,46.757800,41.606300,51.332800,45.231500,,,,,,,
2004-02-13,76.419900,25.371900,12.546600,46.877500,41.782400,51.729600,45.489200,,,,,,,
2004-02-17,77.110300,25.861200,12.798600,46.877500,41.753800,51.476600,45.356300,,,,,,,
2004-02-18,76.771700,25.502700,12.624300,46.866600,41.810900,51.486600,45.251600,,,,,,,
2004-02-19,76.486300,25.673000,12.514200,46.899200,41.853700,51.506400,45.412700,,,,,,,
2004-02-20,76.254000,25.359400,12.373700,46.741500,41.563500,51.362600,45.191300,,,,,,,
2004-02-23,76.061500,25.431000,12.265700,46.893800,41.820400,51.526200,45.316100,,,,,,,
2004-02-24,75.928800,25.332500,12.200800,46.975400,41.896600,51.635400,45.360300,,,,,,,
2004-02-25,76.247400,25.144300,12.334100,47.029800,41.963200,51.769300,45.392500,,,,,,,
2004-02-26,76.293800,25.153300,12.395300,46.959100,41.830000,51.863500,45.424800,,,,,,,
2004-02-27,76.346900,25.359400,12.571000,47.144000,42.191600,52.161100,45.557600,,,,,,,
2004-03-01,77.103600,25.699900,12.857700,47.193700,42.175400,52.463700,45.543400,,,,,,,
2004-03-02,76.652300,25.287700,12.755400,46.921000,41.907800,52.295100,45.454500,,,,,,,
2004-03-03,76.791700,25.233900,12.676200,46.877300,41.831400,52.255400,45.434300,,,,,,,
2004-03-04,76.990800,25.314600,12.762600,47.024600,42.017700,52.270300,45.507000,,,,,,,
2004-03-05,77.249700,25.610300,12.809400,47.608200,42.830000,52.766300,45.992000,,,,,,,
2004-03-08,76.307100,25.445400,12.687000,47.875500,43.083200,52.944800,46.121300,,,,,,,
2004-03-09,76.001800,25.269800,12.604200,48.055500,43.369900,53.113500,46.214300,,,,,,,
2004-03-10,74.727300,24.864700,12.316100,48.050100,43.341200,52.944800,46.363800,,,,,,,
2004-03-11,73.758200,24.461500,12.049600,48.055500,43.403300,52.810900,46.165800,,,,,,,
2004-03-12,74.727300,24.676500,12.150400,47.908300,43.135800,52.726600,46.113200,,,,,,,
2004-03-15,73.811300,24.257200,11.923600,47.935500,43.207400,52.850600,46.165800,,,,,,,
2004-03-16,74.202900,24.481200,12.071200,48.170100,43.565800,53.148200,46.375900,,,,,,,
2004-03-17,75.032700,24.992000,12.236900,48.137300,43.494100,53.366500,46.400200,,,,,,,
2004-03-18,75.052600,24.983000,12.308900,47.984600,43.264800,53.277200,46.206200,,,,,,,
2004-03-19,73.976700,24.660400,12.146800,47.919200,43.207400,52.994500,46.133500,,,,,,,
2004-03-22,73.037500,24.339600,11.952400,48.099200,43.470200,53.123400,46.311300,,,,,,,
2004-03-23,72.910900,24.526000,12.072600,48.170100,43.546700,53.202800,46.396200,,,,,,,
2004-03-24,72.970900,24.429200,12.082000,48.137300,43.522800,53.341700,46.351700,,,,,,,
2004-03-25,73.936700,24.893400,12.200100,48.071900,43.355500,53.267300,46.226400,,,,,,,
2004-03-26,73.956700,24.785900,12.177800,47.766400,42.896900,53.039100,45.882900,,,,,,,
2004-03-29,74.995800,25.144300,12.334100,47.564600,42.610200,52.865500,45.955600,,,,,,,
2004-03-30,75.248900,25.198100,12.485300,47.581000,42.581500,52.890300,45.842500,,,,,,,
2004-03-31,75.335500,25.377300,12.640200,47.755500,42.787000,53.029200,46.008200,,,,,,,
2004-04-01,75.788500,25.714200,12.743200,47.638200,42.646900,53.009100,45.988400,,,,,,,
2004-04-02,76.361300,25.787700,12.870700,46.757400,41.591600,52.236500,45.270300,,,,,,,
2004-04-05,76.780900,25.787700,12.960700,46.527700,41.265500,51.947400,45.043200,,,,,,,
2004-04-06,76.534500,25.708800,13.032700,46.691800,41.490900,52.027100,45.254100,,,,,,,
2004-04-07,76.354600,25.748300,12.985900,46.697200,41.395000,51.718100,45.266300,,,,,,,
2004-04-08,76.181400,25.694500,12.996700,46.609700,41.275100,51.758000,45.310900,,,,,,,
2004-04-12,76.481200,25.861200,13.096800,46.462000,41.126400,51.758000,45.035000,,,,,,,
2004-04-13,75.408800,25.529600,12.944100,46.100900,40.680300,51.488800,44.751100,,,,,,,
2004-04-14,75.528700,25.266200,12.753300,46.068100,40.646700,51.354200,44.690200,,,,,,,
2004-04-15,75.242300,25.090500,12.647400,46.002500,40.406900,51.239600,44.503600,,,,,,,
2004-04-16,75.821800,25.359400,12.741000,46.172100,40.560400,51.553600,44.759200,,,,,,,
2004-04-19,75.821800,25.386200,12.762600,46.051700,40.474000,51.553600,44.678000,,,,,,,
2004-04-20,74.549500,25.036800,12.651000,45.718000,40.104700,51.154900,44.386000,,,,,,,
2004-04-21,75.049100,25.207000,12.557400,45.811000,40.301300,51.154900,44.422500,,,,,,,
2004-04-22,76.101500,25.386200,12.553800,45.991500,40.541200,51.090100,44.665900,,,,,,,
2004-04-23,76.174800,25.350400,12.647400,45.800100,40.310900,50.571700,44.475200,,,,,,,
2004-04-26,76.068200,25.343200,12.467300,45.794600,40.378100,50.815900,44.479300,,,,,,,
2004-04-27,76.134800,25.368300,12.401100,45.975100,40.531600,50.995400,44.690200,,,,,,,
2004-04-28,75.149000,24.900600,12.046000,45.674200,40.152600,50.561700,44.418400,,,,,,,
2004-04-29,74.489600,24.633500,11.649100,45.570300,39.956000,50.292600,44.219600,,,,,,,
2004-04-30,73.910100,24.517000,11.401400,45.679700,40.119100,50.472000,44.219600,,,,,,,
2004-05-03,74.702700,24.767900,11.515900,45.662100,40.169600,50.489100,44.277300,,,,,,,
2004-05-04,74.642800,25.083400,11.741300,45.530400,39.895200,50.514200,44.130700,,,,,,,
2004-05-05,75.122400,25.359400,11.770100,45.426100,39.784400,50.494100,44.065500,,,,,,,
2004-05-06,74.476200,24.821700,11.526000,45.382200,39.678500,50.313700,43.866000,,,,,,,
2004-05-07,73.244000,24.149600,11.266700,44.822400,39.158400,50.038100,43.295700,,,,,,,
2004-05-10,72.491300,23.531300,10.722900,44.811400,39.066900,50.003000,42.974000,,,,,,,
2004-05-11,73.104100,23.701600,11.041300,44.899200,39.245100,50.223500,43.059500,,,,,,,
2004-05-12,73.570300,23.853900,11.044900,44.833300,38.985100,50.293700,43.075800,,,,,,,
2004-05-13,73.263900,23.603000,11.016100,44.696100,38.835800,50.403900,42.847700,,,,,,,
2004-05-14,73.297200,23.583300,10.725800,44.921200,39.153600,50.529200,43.108400,,,,,,,
2004-05-17,72.671100,23.325200,10.296500,45.212000,39.500300,50.910100,43.316100,,,,,,,
2004-05-18,73.037500,23.572600,10.602600,45.124200,39.346200,50.995200,43.377200,,,,,,,
2004-05-19,72.784400,23.805500,10.895800,44.915700,39.216200,51.090500,43.234600,,,,,,,
2004-05-20,73.017500,23.836000,10.828800,45.140700,39.519600,51.336000,43.474900,,,,,,,
2004-05-21,73.144000,24.011600,11.006700,45.041900,39.360700,51.055400,43.438300,,,,,,,
2004-05-24,73.450500,24.165800,11.178100,45.074800,39.485900,51.240800,43.613400,,,,,,,
2004-05-25,74.502900,24.526000,11.424400,45.091300,39.601400,51.185700,43.658200,,,,,,,
2004-05-26,74.762700,24.481200,11.379800,45.316300,39.813300,51.381100,43.853700,,,,,,,
2004-05-27,75.182300,24.947200,11.559800,45.563300,40.126300,51.541500,44.053300,,,,,,,
2004-05-28,75.175600,24.796600,11.534600,45.437100,40.015500,51.491400,43.988100,,,,,,,
2004-06-01,75.075700,24.855800,11.454700,45.212200,39.651200,51.547000,43.755200,,,,,,,
2004-06-02,75.355500,24.927400,11.454700,45.135100,39.549600,51.284700,43.640700,,,,,,,
2004-06-03,74.662700,24.687300,11.200400,45.206700,39.631800,51.153500,43.755200,,,,,,,
2004-06-04,75.255600,24.983000,11.365400,45.019500,39.399800,51.032400,43.599800,,,,,,,
2004-06-07,76.401300,25.535000,11.757900,45.085600,39.409400,51.077800,43.657000,,,,,,,
2004-06-08,76.507800,25.391600,11.594400,45.074600,39.481900,50.850800,43.661100,,,,,,,
2004-06-09,75.795100,24.956100,11.332200,44.942400,39.312700,50.704500,43.468900,,,,,,,
2004-06-10,76.168100,25.251800,11.345200,44.992000,39.390100,50.760000,43.493400,,,,,,,
2004-06-14,75.415400,24.644300,10.908000,44.771700,39.075900,50.538000,43.272600,,,,,,,
2004-06-15,75.948300,25.081600,11.119000,45.366400,39.902500,50.971900,43.763400,,,,,,,
2004-06-16,75.935000,25.072600,10.970000,45.267300,39.747800,50.936600,43.767400,,,,,,,
2004-06-17,75.821800,25.233900,11.024700,45.394000,40.008900,51.032400,43.853300,,,,,,,
2004-06-18,75.964700,25.278700,10.962000,45.300400,39.921900,51.108100,43.800200,,,,,,,
2004-06-21,75.677200,25.189100,11.012500,45.371900,39.950900,51.178700,43.877900,,,,,,,
2004-06-22,76.058300,25.199900,11.129100,45.311400,39.830000,51.087900,43.816500,,,,,,,
2004-06-23,76.713400,25.359400,11.327200,45.377500,39.907400,51.108100,43.787900,,,,,,,
2004-06-24,76.472700,25.457900,11.372600,45.553700,40.149100,51.158600,43.931000,,,,,,,
2004-06-25,76.105000,25.364700,11.487800,45.575700,40.187800,51.128300,43.963800,,,,,,,
2004-06-28,75.844300,25.520700,11.389900,45.239800,39.776800,50.775100,43.657000,,,,,,,
2004-06-29,76.158500,25.466900,11.477000,45.454600,40.028200,50.966800,43.963800,,,,,,,
2004-06-30,76.566300,25.628200,11.641200,45.735400,40.439100,51.420900,44.045500,,,,,,,
2004-07-01,75.503400,25.305600,11.495700,45.825700,40.514900,51.669900,44.265800,,,,,,,
2004-07-02,75.463300,25.447200,11.495000,46.218000,40.942000,52.135900,44.573800,,,,,,,
2004-07-06,74.801400,25.027800,11.371900,46.129600,40.874000,51.999200,44.471100,,,,,,,
2004-07-07,75.022000,25.323500,11.520200,46.151700,40.888600,51.897900,44.508100,,,,,,,
2004-07-08,74.500600,25.162200,11.356000,46.157200,40.912900,51.923200,44.532700,,,,,,,
2004-07-09,74.694500,25.375500,11.416500,46.234600,40.956600,51.877600,44.549100,,,,,,,
2004-07-12,74.727900,25.449000,11.387000,46.289800,41.014800,51.816800,44.639500,,,,,,,
2004-07-13,74.781400,25.323500,11.438800,46.190400,40.893500,51.740800,44.553200,,,,,,,
2004-07-14,74.554100,25.180100,11.329400,46.168300,40.908000,51.740800,44.573800,,,,,,,
2004-07-15,74.072700,24.866500,11.270300,46.146200,40.951700,51.847200,44.483400,,,,,,,
2004-07-16,74.012600,25.067200,11.394200,46.593700,41.495300,52.100500,44.914600,,,,,,,
2004-07-19,73.698400,25.087000,11.376900,46.582700,41.524500,52.075200,44.943300,,,,,,,
2004-07-20,74.634300,25.099500,11.425100,46.278800,41.150700,51.700300,44.635400,,,,,,,
2004-07-21,73.257100,24.554700,11.293300,46.179300,41.039100,51.761100,44.627200,,,,,,,
2004-07-22,73.457700,24.638900,11.293300,46.234600,41.097300,51.796500,44.524500,,,,,,,
2004-07-23,72.842600,24.232100,11.098900,46.345100,41.233200,51.913100,44.717500,,,,,,,
2004-07-26,72.702300,24.232100,10.995900,46.184900,41.039100,51.740800,44.692900,,,,,,,
2004-07-27,73.384100,24.382600,11.205500,45.858900,40.485700,51.254500,44.380800,,,,,,,
2004-07-28,73.604800,24.414900,11.201900,45.930700,40.490600,51.411600,44.249400,,,,,,,
2004-07-29,73.919000,24.445300,11.271700,45.974900,40.582800,51.553400,44.417700,,,,,,,
2004-07-30,74.099500,24.535000,11.217700,46.289800,41.058500,51.837100,44.733900,,,,,,,
2004-08-02,74.253200,24.651500,11.161500,46.335700,41.112100,51.893000,44.825900,,,,,,,
2004-08-03,73.678300,24.490200,11.174500,46.446600,41.277800,51.999900,44.776400,,,,,,,
2004-08-04,73.671600,24.486600,11.185300,46.418800,41.297300,51.969400,44.896000,,,,,,,
2004-08-05,72.468300,24.122800,11.113300,46.557400,41.414200,52.127200,44.978500,,,,,,,
2004-08-06,71.432100,24.086900,11.032600,47.194900,42.111000,52.682300,45.382500,,,,,,,
2004-08-09,71.532300,24.060000,11.124800,47.039700,41.964800,52.651800,45.390700,,,,,,,
2004-08-10,72.454900,24.257200,11.250100,46.845700,41.813800,52.448100,45.242300,,,,,,,
2004-08-11,72.307800,24.176500,11.145700,47.006400,41.994100,52.656900,45.209300,,,,,,,
2004-08-12,71.519000,23.907700,11.021100,47.067400,42.081800,52.957300,45.271200,,,,,,,
2004-08-13,71.659300,24.051100,11.038400,47.150600,42.218200,53.161000,45.452600,,,,,,,
2004-08-16,72.401400,24.293000,11.188900,47.100700,42.072000,52.896200,45.407200,,,,,,,
2004-08-17,72.809200,24.310900,11.263800,47.322400,42.310800,52.952200,45.654600,,,,,,,
2004-08-18,73.558000,24.495500,11.397100,47.167200,42.106200,52.743400,45.522700,,,,,,,
2004-08-19,73.344000,24.438200,11.409300,47.283600,42.208500,53.064300,45.683400,,,,,,,
2004-08-20,73.858800,24.552900,11.466200,47.189400,42.169500,53.003200,45.518500,,,,,,,
2004-08-23,73.671600,24.353900,11.528100,47.028600,41.925900,52.768900,45.432000,,,,,,,
2004-08-24,73.771900,24.348600,11.495000,47.072900,41.950200,52.672100,45.390700,,,,,,,
2004-08-25,74.273300,24.606600,11.631900,47.078500,42.096400,52.677200,45.605100,,,,,,,
2004-08-26,74.273300,24.624600,11.647700,47.283600,42.335200,52.763800,45.634000,,,,,,,
2004-08-27,74.507300,24.687300,11.626100,47.228200,42.305900,52.789300,45.741200,,,,,,,
2004-08-30,73.892200,24.597700,11.563400,47.394500,42.505700,52.921700,45.918400,,,,,,,
2004-08-31,74.280000,24.827100,11.613900,47.599600,42.768900,53.232300,46.112200,,,,,,,
2004-09-01,74.420400,24.848600,11.709600,47.591900,42.812900,53.240400,46.023900,,,,,,,
2004-09-02,75.262700,25.108500,11.855100,47.336100,42.392100,52.984700,45.829300,,,,,,,
2004-09-03,74.955200,24.775100,11.729100,47.208300,42.397000,52.897800,45.469200,,,,,,,
2004-09-07,75.449900,25.121000,11.819100,47.236100,42.353000,52.754600,45.725900,,,,,,,
2004-09-08,75.262700,25.108500,11.811900,47.508500,42.710200,53.010300,45.920400,,,,,,,
2004-09-09,75.195900,25.027800,11.847900,47.425100,42.548700,52.908000,46.015600,,,,,,,
2004-09-10,75.583600,25.216000,11.960300,47.519600,42.612300,52.918200,45.990700,,,,,,,
2004-09-13,75.831000,25.305600,12.069800,47.636400,42.798200,53.051200,46.148000,,,,,,,
2004-09-14,75.984700,25.368300,12.065400,47.647500,42.842200,53.061400,46.160400,,,,,,,
2004-09-15,75.409800,25.004500,12.012100,47.597500,42.744400,52.872200,46.160400,,,,,,,
2004-09-16,75.637100,25.169400,12.162700,47.858800,43.228700,53.025600,46.425300,,,,,,,
2004-09-17,75.958500,25.251800,12.244100,47.692000,43.013500,52.913100,46.251500,,,,,,,
2004-09-20,75.502000,25.094100,12.256300,47.964500,43.297200,53.102300,46.504000,,,,,,,
2004-09-21,75.830900,25.486600,12.384500,47.997800,43.424400,53.066500,46.520500,,,,,,,
2004-09-22,74.884400,25.072600,12.197200,48.192500,43.874500,53.368200,46.686100,,,,,,,
2004-09-23,74.481600,25.004500,12.251300,48.025600,43.698400,53.179000,46.499800,,,,,,,
2004-09-24,74.824000,25.036800,12.216700,48.020100,43.752200,53.122800,46.483300,,,,,,,
2004-09-27,74.347400,24.911300,12.143900,48.153500,43.943000,53.383500,46.644700,,,,,,,
2004-09-28,74.703100,25.155100,12.294500,48.103500,43.766900,53.506300,46.611600,,,,,,,
2004-09-29,75.079100,25.251800,12.359300,47.803200,43.341300,53.281300,46.392200,,,19.670200,,,,
2004-09-30,75.025400,25.341400,12.424100,47.753200,43.174900,53.276200,46.255600,,,19.828000,,,,
2004-10-01,76.294100,25.735700,12.661800,47.562100,42.959300,53.025600,46.050600,,,20.195000,,,,
2004-10-04,76.421700,25.775100,12.877900,47.578900,43.023100,52.897800,46.021500,,,20.281800,,,,
2004-10-05,76.462000,25.789500,12.782800,47.578900,43.023100,53.035800,46.212600,,,20.277900,,,,
2004-10-06,76.985600,25.886300,12.930400,47.422700,42.826600,52.693200,46.079700,,,20.372600,,,,
2004-10-07,76.159900,25.708800,12.820300,47.339000,42.640000,52.769900,45.980000,,,20.163400,,,,
2004-10-08,75.528900,25.888100,12.726600,47.740600,43.204900,53.204600,46.428700,,,20.262100,,,,
2004-10-11,75.837700,25.950800,12.792900,47.818700,43.249100,53.342600,46.470200,,,20.183200,,,,
2004-10-12,75.542300,25.655100,12.591200,47.818700,43.347300,53.332400,46.495100,,,20.250200,,,,
2004-10-13,74.877700,25.475900,12.420500,47.991600,43.504500,53.444900,46.673800,,,20.301500,,,,
2004-10-14,74.273500,25.341400,12.251300,48.158900,43.710900,53.547200,46.864900,,,20.459400,,,,
2004-10-15,74.689700,25.630000,12.414800,47.997200,43.558600,53.547200,46.657200,,,20.668500,,,,
2004-10-18,74.971700,25.732100,12.546600,48.069700,43.578200,53.536900,46.736100,,,20.779000,,,,
2004-10-19,74.340600,25.682000,12.486100,48.052900,43.691200,53.547200,46.727800,,,20.668500,,,,
2004-10-20,74.193000,25.780500,12.407600,48.270400,43.990900,53.782400,46.881500,,,20.569800,,,,
2004-10-21,74.676300,25.931100,12.586200,48.203500,44.020400,53.940900,46.840000,,,20.779000,,,,
2004-10-22,73.837200,25.771600,12.496100,48.337400,44.123500,53.946000,46.802600,,,20.613300,,,,
2004-10-25,73.749900,25.744700,12.530000,48.393100,44.157900,53.935800,46.906500,,,20.514600,,,,
2004-10-26,74.877700,25.888100,12.575400,48.309500,44.025300,53.905100,46.856600,,,20.708000,,,,
2004-10-27,75.777200,26.156900,12.791400,48.013900,43.593000,53.485800,46.574100,,,20.952600,,,,
2004-10-28,76.005500,26.228600,12.728100,48.086400,43.735400,53.731200,46.653000,,,20.964400,,,,
2004-10-29,75.992100,26.228600,12.777800,48.225800,43.936800,53.859100,46.802600,,,20.952600,,,,
2004-11-01,76.200200,26.273400,12.872800,47.988200,43.663600,53.668400,46.607100,,,21.157800,,,,
2004-11-02,76.227000,26.477700,12.902400,48.105700,43.727700,53.965500,46.678000,,,20.952600,,,,
2004-11-03,77.187000,26.791300,13.090300,48.088900,43.747400,54.006400,46.585000,,,21.165700,,,,
2004-11-04,78.240900,27.165900,13.288400,48.060900,43.791800,53.878400,46.786500,,,21.485300,,,,
2004-11-05,78.731000,27.293100,13.338800,47.702900,43.313400,53.627400,46.586300,,,20.905200,,,,
2004-11-08,78.616900,27.103200,13.188300,47.635700,43.160400,53.560900,46.390200,,,20.960500,,,,
2004-11-09,78.462500,27.035100,13.273300,47.646900,43.135800,53.489200,46.398600,,,21.039400,,,,
2004-11-10,78.522900,26.983100,13.288400,47.551800,42.973000,53.402100,46.356900,,,21.189300,,,,
2004-11-11,79.120400,27.277000,13.439700,47.540600,42.879300,53.535300,46.361000,,,21.362400,,,,
2004-11-12,79.744700,27.599600,13.666500,47.719700,43.343000,53.637700,46.594600,,,21.781200,,,,
2004-11-15,79.940600,27.626500,13.679500,47.742000,43.382400,53.837400,46.611300,,,22.057400,,,,
2004-11-16,79.368300,27.393500,13.523200,47.691700,43.382400,53.811800,46.586300,,,21.923300,,,,
2004-11-17,79.839600,27.743000,13.828600,47.943400,43.752400,54.001300,46.844800,,,21.414300,,,,
2004-11-18,79.947300,27.680200,13.853800,47.982600,43.885500,54.078100,46.919900,,,21.378800,,44.380000,,
2004-11-19,79.058600,27.501000,13.655700,47.719700,43.535300,53.929600,46.673800,,,21.157800,,44.780000,,
2004-11-22,79.435600,27.581700,13.709000,47.753200,43.762200,54.170300,46.653000,,,21.303800,,44.950000,,
2004-11-23,79.556800,27.635400,13.732800,47.708500,43.816500,54.067900,46.711400,,,21.394500,,44.750000,,
2004-11-24,79.745400,27.760900,13.879000,47.775600,43.816500,54.211300,46.707200,,,21.765400,,45.050000,,
2004-11-26,79.684800,27.922200,14.109500,47.602200,43.530400,53.996200,46.540400,,,21.741800,,45.290000,,
2004-11-29,79.321200,28.011800,14.023100,47.316900,43.066700,53.750400,46.173400,,,21.662900,,45.400000,,
2004-11-30,79.375000,27.823600,14.049000,47.272100,42.884200,53.683800,46.231800,,,21.781200,,45.120000,,
2004-12-01,80.277300,28.307500,14.156300,47.256600,42.817400,53.592700,46.203900,,,22.203400,,45.380000,,
2004-12-02,80.344600,28.262700,14.135400,47.150000,42.644000,53.464400,46.057400,,,22.014000,,44.950000,,
2004-12-03,80.290700,28.431200,14.199500,47.621400,43.307700,53.916200,46.317000,,,22.310000,,45.600000,,
2004-12-06,80.263800,28.257300,14.179300,47.711200,43.456300,54.044600,46.446800,,,22.416500,,45.170000,,
2004-12-07,79.516400,28.103200,13.961800,47.705600,43.510800,54.065100,46.555600,,,22.132400,,45.110000,,
2004-12-08,79.981000,28.083500,13.888400,48.059100,44.189300,54.434800,46.714700,,,22.191600,,44.010000,,
2004-12-09,80.263800,27.967000,13.662200,47.946900,43.897100,54.306500,46.823600,,,22.353400,,43.780000,,
2004-12-10,80.344600,27.692800,13.648500,48.019800,44.006000,54.224300,46.844500,,,22.542800,,43.440000,,
2004-12-13,81.044800,28.110400,13.856000,48.053500,44.100100,54.321900,46.936600,,,22.479700,,43.910000,,
2004-12-14,81.327600,28.119300,13.983400,48.137700,44.273500,54.429700,46.957500,,,22.459900,,43.550000,,
2004-12-15,81.388200,28.289600,14.177200,48.311600,44.674700,54.799400,47.208700,,,22.503300,,43.990000,,
2004-12-16,81.341100,28.110400,14.105900,47.941300,44.015900,54.455400,46.802600,,,22.298100,,43.680000,,
2004-12-17,80.798500,28.029700,14.073500,47.879500,43.956500,54.506700,46.852900,,,22.550700,,44.190000,,
2004-12-20,80.818800,28.286000,14.257100,47.935600,44.035800,54.630000,46.819400,,,22.471800,,44.340000,,
2004-12-21,81.441100,28.484900,14.394000,48.003000,44.169500,54.948300,46.840300,,,22.728200,,44.220000,,
2004-12-22,81.637300,28.527900,14.390400,47.952500,44.020900,54.712100,46.890600,,,22.897700,,44.020000,,
2004-12-23,81.698200,28.715200,14.488300,47.890800,43.877300,54.799400,46.974300,,,22.724200,,44.270000,,
2004-12-27,81.529100,28.940800,14.477300,47.688700,43.535500,54.624800,46.723100,,,22.554700,,44.480000,,
2004-12-28,81.975500,29.133700,14.552400,47.683100,43.500800,54.527300,46.773300,,,22.639500,,44.370000,,
2004-12-29,82.097300,28.993600,14.632600,47.587700,43.456300,54.393800,46.702200,,,22.768600,,43.660000,,
2004-12-30,81.941700,28.997200,14.595500,47.767300,43.748500,54.537500,46.869600,,,22.877500,,43.830000,,
2004-12-31,81.765800,29.161000,14.715700,47.824400,44.024400,54.628100,46.874800,,,22.817000,,43.800000,,
2005-01-03,81.380200,28.951800,14.562600,47.920100,44.118900,54.612600,47.177500,,,22.550700,,43.020000,,
2005-01-04,80.385800,28.396700,14.114300,47.621700,43.656500,54.235700,46.912700,,,22.211800,,42.740000,,
2005-01-05,79.831100,28.378500,13.941500,47.700600,43.890200,54.173800,46.950500,,,21.473400,,42.670000,,
2005-01-06,80.237000,28.378500,13.932000,47.745600,43.920000,54.261500,46.984100,,,21.638800,,42.150000,,
2005-01-07,80.122000,28.251200,13.959000,47.706200,44.019400,54.122100,46.963100,,,21.590400,,41.840000,,
2005-01-10,80.500800,28.378500,13.976500,47.700600,44.089100,54.158300,46.883300,,,21.521800,,41.950000,,
2005-01-11,79.946100,28.323900,13.950200,47.796300,44.347600,54.209900,46.992500,,,21.303900,,42.210000,,
2005-01-12,80.209900,28.551400,14.121600,47.869400,44.407200,54.400900,47.038800,,,21.203100,,42.600000,,
2005-01-13,79.567300,28.305800,14.063300,48.060900,44.834800,54.540300,47.164800,,,21.203100,,42.600000,,
2005-01-14,79.986700,28.442200,14.314800,48.032700,44.829800,54.545500,47.219500,,,21.465300,,42.320000,,
2005-01-18,80.818800,28.464100,14.289300,48.015800,44.979000,54.545500,47.244700,,,21.675100,,42.320000,,
2005-01-19,79.973200,28.169300,14.092400,48.044000,45.108300,54.493900,47.316200,,,21.695300,,42.260000,,
2005-01-20,79.486100,27.981800,13.917400,48.128400,45.197700,54.519700,47.232100,,,21.626700,,42.250000,,
2005-01-21,78.999000,28.092800,14.107000,48.224100,45.247500,54.597100,47.337200,,,21.646900,,42.740000,,
2005-01-24,78.843400,28.142000,14.085100,48.218500,45.441400,54.690000,47.421200,,,21.473400,,42.770000,,
2005-01-25,79.066700,28.151100,14.212700,48.038300,45.013800,54.339000,47.261500,,,21.069900,,42.240000,,
2005-01-26,79.303400,28.491400,14.420500,48.049600,45.098300,54.406100,47.278300,,,21.005400,,42.690000,,
2005-01-27,79.438700,28.533200,14.434300,47.976400,45.013800,54.390600,47.177500,,,20.856100,,42.620000,,
2005-01-28,79.438700,28.469500,14.447500,48.224100,45.466200,54.602300,47.450600,,,20.888400,,42.690000,,
2005-01-31,79.932600,28.606000,14.637700,48.241000,45.595500,54.633200,47.450600,,,20.864100,,42.220000,,
2005-02-01,80.439900,28.784300,14.763100,48.207800,45.523100,54.541300,47.441100,,,21.017500,,42.100000,,
2005-02-02,80.683500,28.824400,14.809800,48.213500,45.627900,54.448300,47.398900,,,21.251500,,42.160000,,
2005-02-03,80.473800,28.678800,14.764600,48.134400,45.603000,54.355200,47.432600,,,21.316000,,41.680000,,
2005-02-04,81.332900,28.815300,15.025600,48.382900,46.236800,54.706800,47.609800,,,21.606600,,41.470000,,
2005-02-07,81.224600,28.633300,15.073000,48.478900,46.581100,54.887800,47.626700,,,21.533900,,41.270000,,
2005-02-08,81.319300,28.633300,15.102100,48.524100,46.845600,55.156700,47.799700,,,21.586400,,41.260000,,
2005-02-09,80.710500,28.560500,15.053300,48.761200,46.970400,55.456600,47.968400,,,21.723600,,41.310000,,
2005-02-10,81.001400,28.857100,15.126200,48.456300,46.336600,55.136000,47.799700,,,21.889000,,41.750000,,
2005-02-11,81.698200,29.057300,15.273500,48.394200,46.306600,55.161800,47.660500,,,21.953600,,42.080000,,
2005-02-14,81.637300,29.282900,15.382800,48.456300,46.451300,55.368700,47.740600,,,21.957600,,42.550000,,
2005-02-15,81.941700,29.479500,15.419300,48.382900,46.216800,55.079100,47.668900,,,22.054400,,42.580000,,
2005-02-16,81.995800,29.219300,15.371900,48.207800,46.042100,54.934300,47.441100,,,22.183500,,42.520000,,
2005-02-17,81.332900,29.279300,15.346400,48.100500,45.752700,54.867100,47.335600,,,22.167400,,42.730000,,
2005-02-18,81.441100,29.424900,15.535200,47.857700,45.343500,54.810200,47.255400,,,21.973700,,42.750000,,
2005-02-22,80.230200,29.355700,15.478300,47.863400,45.143800,54.655100,47.213300,,,21.344300,,43.570000,,
2005-02-23,80.805200,29.370300,15.549800,47.902900,45.293600,54.774000,47.280800,,,21.263600,,43.420000,,
2005-02-24,81.339600,29.415800,15.791100,47.823800,45.193700,54.655100,47.187900,,,21.279700,,43.330000,,
2005-02-25,82.144600,29.757900,16.082000,47.891600,45.413300,54.629200,47.272300,,,21.586400,,43.500000,,
2005-02-28,81.603500,29.688700,16.055000,47.581000,44.924300,54.344900,47.006500,,,21.525900,,43.520000,,
2005-03-01,82.009400,29.852500,16.100200,47.581500,44.910200,54.370700,46.997600,,,21.751800,,43.220000,,
2005-03-02,81.968800,29.628700,15.834800,47.575800,44.850200,54.432800,47.014500,,,21.606600,,43.250000,,
2005-03-03,82.002600,29.643200,15.878600,47.547500,44.825100,54.510300,47.010300,,,21.723000,,42.970000,,
2005-03-04,83.024100,30.161900,16.068100,47.762700,45.310700,54.732700,47.162800,,,22.131100,,43.380000,,
2005-03-07,83.064700,30.034500,16.173800,47.774000,45.491000,54.887800,47.298300,,,22.236000,,43.470000,,
2005-03-08,82.753500,30.116400,16.050600,47.547500,45.060400,54.743000,47.086500,,,22.110900,,44.030000,,
2005-03-09,81.833500,29.979900,15.958800,47.185100,44.324500,54.375900,46.637600,,,21.485500,,44.020000,,
2005-03-10,82.016100,30.078200,15.805700,47.270100,44.594900,54.267300,46.701100,,,21.630800,,44.200000,,
2005-03-11,81.441100,30.070900,15.716700,47.071900,44.269500,54.034600,46.620700,,,21.388700,,44.430000,,
2005-03-14,81.948500,29.974400,15.596400,47.185100,44.534800,54.138000,46.616400,,,21.687300,,44.030000,,
2005-03-15,81.272000,29.788800,15.207800,47.094500,44.254400,54.065600,46.425900,,,21.659000,,44.060000,,
2005-03-16,80.582000,29.823400,15.078800,47.202100,44.524800,54.267300,46.586800,,,21.400800,,44.310000,,
2005-03-17,80.744300,29.788800,15.353700,47.383300,44.669900,54.458600,46.480900,,,21.626700,,43.820000,,
2005-03-18,80.504700,29.728800,15.284400,47.264400,44.389600,54.375900,46.341200,,,21.550100,,43.892000,,
2005-03-21,80.205800,29.526800,15.063500,47.207800,44.264400,54.277600,46.287800,,,21.404800,,43.090000,,
2005-03-22,79.390900,29.188300,14.785000,46.862400,43.889000,53.915700,45.888000,,,21.021500,,42.650000,,
2005-03-23,79.458800,28.993600,14.597600,46.970000,44.099200,53.750200,46.023500,,,20.985200,,42.420000,,
2005-03-24,79.553900,28.988100,14.581600,47.009600,44.189400,53.931200,46.120900,,,21.027700,,42.390000,,
2005-03-28,79.669300,28.988100,14.682200,46.856700,43.919000,53.703700,46.053200,,,20.921500,,42.540000,,
2005-03-29,79.139600,28.687900,14.302400,47.049200,44.179300,53.848500,46.133600,,,20.929700,,42.560000,,
2005-03-30,80.260200,28.922600,14.628300,47.156800,44.399600,54.065600,46.252200,,,21.207300,,42.610000,,
2005-03-31,80.110800,28.909900,14.785000,47.389000,44.720000,54.463800,46.413200,,,21.158300,,42.820000,,
2005-04-01,79.750800,28.842600,14.872500,47.485100,44.870800,54.534700,46.455800,,,21.170600,,42.620000,,
2005-04-04,79.886700,28.851700,14.905300,47.462300,44.860700,54.591700,46.170900,,,21.076700,,42.400000,,
2005-04-05,80.267000,29.006300,14.901700,47.468000,44.745100,54.446500,46.311200,,,21.027700,,42.450000,,
2005-04-06,80.545400,29.088200,15.105800,47.610100,44.900900,54.477600,46.285700,,,21.137900,,42.630000,,
2005-04-07,80.980100,29.206500,15.258200,47.428300,44.539100,54.265000,46.051800,,,21.329800,,42.570000,,
2005-04-08,80.137900,29.206500,15.186000,47.479400,44.694900,54.316900,46.200600,,,21.231800,,42.690000,,
2005-04-11,80.199100,29.315700,15.040200,47.621400,44.936100,54.462100,46.328200,,,21.252200,,42.780000,,
2005-04-12,80.613300,29.388500,15.229700,47.871400,45.353100,54.757600,46.515300,,,21.538000,,42.840000,,
2005-04-13,79.662500,29.079100,14.926400,47.894100,45.242600,54.705800,46.625900,,,21.562500,,42.900000,,
2005-04-14,78.623500,28.697000,14.544400,48.019100,45.172200,54.809500,46.455800,,,21.358400,,42.310000,,
2005-04-15,77.523300,28.345800,14.238200,48.331600,45.770200,55.120600,46.668400,,,21.517600,,42.400000,,
2005-04-18,77.761000,28.242100,14.406600,48.229300,45.735000,55.120600,46.676900,,,21.485000,,42.690000,,
2005-04-19,78.379000,28.616900,14.647900,48.507700,46.177200,55.431700,46.872500,,,21.591100,,43.280000,,
2005-04-20,77.285600,28.251200,14.302400,48.479300,46.061600,55.525100,46.898000,,,21.538000,,43.400000,,
2005-04-21,78.786500,28.762500,14.714300,48.132800,45.579200,55.099900,46.651400,,,21.534000,,43.190000,,
2005-04-22,78.487600,28.660600,14.551700,48.337300,45.961100,55.462800,46.872500,,,21.701400,,43.390000,,
2005-04-25,79.003800,28.811600,14.827300,48.337300,46.096800,55.379900,46.987300,,,21.938200,,43.440000,,
2005-04-26,78.236400,28.451300,14.675600,48.314600,46.026400,55.198400,46.910800,,,21.966800,,43.640000,,
2005-04-27,78.542000,28.374900,14.543000,48.462300,46.187200,55.198400,47.140400,,,22.138200,,43.200000,,
2005-04-28,77.557200,27.992800,14.311100,48.757700,46.528900,55.623600,47.336000,,,22.085200,,43.000000,,
2005-04-29,78.609900,28.442200,14.600600,48.581600,46.448500,55.431700,47.165900,,,22.379100,,43.350000,,
2005-05-02,79.051300,28.433100,14.697500,48.631400,46.438400,55.462700,47.182200,,,22.362800,,42.880000,,
2005-05-03,79.187100,28.495000,14.683700,48.694100,46.564500,55.441800,47.207800,,,22.395500,,42.760000,,
2005-05-04,79.798400,28.833500,15.083900,48.682700,46.156000,55.311700,47.101100,,,22.415900,,42.900000,,
2005-05-05,79.771200,28.875300,15.163400,48.836600,46.261900,55.369000,47.169400,,,22.701700,,42.910000,,
2005-05-06,79.519900,28.749800,15.204200,48.489000,45.919000,55.176300,46.913300,,,22.415900,,42.520000,,
2005-05-09,80.015700,28.815300,15.218100,48.483300,45.964400,55.202400,46.751100,,,22.803800,,42.550000,,
2005-05-10,79.187100,28.414900,14.876100,48.654200,46.292200,55.389800,46.742500,,,22.803800,,42.640000,,
2005-05-11,79.621800,28.542300,14.945400,48.716900,46.433400,55.447100,46.785200,,,22.816000,,42.690000,,
2005-05-12,78.745700,28.187500,14.690200,48.762500,46.614900,55.436600,46.635800,,,22.587400,,42.160000,,
2005-05-13,78.589500,28.023700,14.539300,48.887900,46.796500,55.452300,46.896200,,,22.579200,,41.950000,,
2005-05-16,79.323000,28.136500,14.712100,48.893600,46.741000,55.431400,46.823600,,,22.685400,,41.880000,,
2005-05-17,79.852700,28.132900,14.715700,48.956300,46.872100,55.551200,46.849300,,,22.885400,,41.860000,,
2005-05-18,80.674500,28.451300,15.008800,49.115900,47.184700,55.467900,47.015700,,,23.110000,,42.050000,,
2005-05-19,81.014000,28.471300,15.063500,48.967700,47.063700,55.410600,46.947400,,,23.416200,,41.980000,,
2005-05-20,80.898600,28.351200,15.025600,48.962000,47.119200,55.613600,46.934600,,,23.465200,,41.650000,,
2005-05-23,81.346800,28.586000,15.075200,49.184300,47.487300,55.681300,47.131000,,,23.518300,,41.620000,,
2005-05-24,81.156600,28.511400,15.031400,49.315300,47.618400,55.853100,47.233400,,,23.191700,,41.730000,,
2005-05-25,81.095500,28.433100,14.923500,49.138700,47.285600,55.650100,47.229200,,,22.905900,,41.870000,,
2005-05-26,81.530200,28.451300,15.091200,49.167200,47.270500,55.467900,47.259100,,,22.807900,,41.690000,,
2005-05-27,81.666000,28.569600,15.193300,49.218500,47.320900,55.608400,47.254800,,,22.926300,,41.880000,,
2005-05-31,81.143100,28.196600,15.062000,49.474900,47.905900,55.853100,47.459700,,,23.167200,,41.650000,,
2005-06-01,81.835800,28.367600,15.239900,49.779900,48.492500,56.398700,47.785700,,,23.432600,,41.530000,,
2005-06-02,82.012300,28.609600,15.355800,49.762800,48.608900,56.231100,47.970000,,,23.350900,,42.100000,,
2005-06-03,81.598100,28.342100,15.276400,49.477000,48.209000,56.047900,47.717200,,,23.355000,,42.170000,,
2005-06-06,81.523400,28.529600,15.430200,49.608400,48.462100,56.047900,47.850000,,,23.530600,,42.480000,,
2005-06-07,81.584500,28.651500,15.353700,49.751400,48.846800,56.152600,47.948600,,,23.730600,,42.380000,,
2005-06-08,81.435100,28.569600,15.295300,49.659900,48.613900,55.995500,47.850000,,,23.828600,,42.340000,,
2005-06-09,81.822200,28.682500,15.375500,49.631300,48.573400,55.953600,47.760000,,,23.853100,,42.270000,,
2005-06-10,81.632000,28.573300,15.419300,49.316900,48.026800,55.613300,47.545800,,,23.804100,,42.620000,,
2005-06-13,81.890100,28.475000,15.480500,49.185400,47.738300,55.445800,47.434300,,,23.914400,,42.780000,,
2005-06-14,82.080300,28.442300,15.544000,49.128300,47.424500,55.335800,47.382900,,,24.110300,,42.600000,,
2005-06-15,82.236500,28.611500,15.659900,49.111100,47.510600,55.351500,47.292900,,,24.163400,,42.740000,,
2005-06-16,82.447000,28.704300,15.799800,49.265400,47.748500,55.550500,47.340100,,,24.187900,,43.460000,,
2005-06-17,82.752200,29.135600,15.990100,49.208300,47.743400,55.581900,47.331500,,,24.461500,,43.630000,,
2005-06-20,82.779500,28.862600,15.845800,49.134000,47.662400,55.587100,47.275800,,,24.441100,,43.660000,,
2005-06-21,82.827200,29.081000,15.769200,49.288300,48.011600,55.655200,47.434300,,,24.232800,,43.810000,,
2005-06-22,82.895400,28.993600,15.918000,49.659900,48.593700,55.838400,47.772900,,,24.196100,,43.720000,,
2005-06-23,81.729400,28.666100,15.638000,49.608400,48.543100,55.917000,47.802900,,,24.110300,,44.020000,,
2005-06-24,81.129400,28.660600,15.583300,49.728500,48.786000,56.021700,47.922900,,,24.061400,,43.900000,,
2005-06-27,81.245300,28.595100,15.681700,49.768500,48.917600,56.178800,47.991400,,,24.030000,,43.910000,,
2005-06-28,81.927100,28.758900,15.799800,49.557000,48.583600,56.053100,47.841400,,,24.149700,,43.450000,,
2005-06-29,81.708900,28.638800,15.708000,49.539800,48.507600,55.906500,47.867200,,,24.228100,,43.630000,,
2005-06-30,81.265700,28.600600,15.659900,49.711300,48.942900,56.142100,48.038600,,,24.232300,,43.440000,,
2005-07-01,81.504400,28.562400,15.716700,49.283300,48.349700,55.771800,47.817800,,,24.438700,,42.700000,,
2005-07-05,82.159000,28.595100,15.786700,49.082600,47.892600,55.460900,47.662900,,,24.748300,,42.280000,,
2005-07-06,81.470300,28.518700,15.710200,49.185800,48.156700,55.571600,47.766100,,,24.686400,,42.250000,,
2005-07-07,81.790800,28.360400,15.756100,49.300500,48.258300,55.608400,47.890900,,,24.711100,,42.360000,,
2005-07-08,82.724900,28.742500,15.920100,49.122800,48.060200,55.350200,47.796300,,,25.132200,,42.260000,,
2005-07-11,83.147700,28.950000,16.162900,49.099800,48.060200,55.460900,47.533900,,,25.437700,,42.540000,,
2005-07-12,83.365900,29.250200,16.355400,48.973700,47.791100,55.350200,47.426300,,,25.433600,,42.640000,,
2005-07-13,83.481800,29.015500,16.344400,48.927800,47.720000,55.213200,47.533900,,,25.284900,,42.350000,,
2005-07-14,83.809100,29.097400,16.438500,48.864700,47.598100,54.860200,47.576900,,,24.863900,,41.900000,,
2005-07-15,83.761400,29.020900,16.348800,48.876200,47.725000,54.775900,47.598400,,,24.967100,,42.050000,,
2005-07-18,83.427300,28.939000,16.298500,48.795900,47.369500,54.586200,47.559700,,,25.033100,,42.010000,,
2005-07-19,83.884100,29.004600,16.484400,48.864700,47.537100,54.818000,47.598400,,,25.223000,,41.890000,,
2005-07-20,84.170500,29.201100,16.486600,48.956500,47.796100,54.976100,47.650000,,,25.445900,,42.200000,,
2005-07-21,83.679600,29.261100,16.666000,48.595200,47.146100,54.717900,47.404800,,,25.086800,,42.460000,,
2005-07-22,84.238700,29.233800,16.626600,48.824600,47.511700,54.934000,47.624200,,,25.284900,,42.450000,,
2005-07-25,84.000000,29.152000,16.482200,48.738600,47.339100,54.765300,47.619900,,,25.284900,,42.510000,,
2005-07-26,84.102300,29.064600,16.576300,48.773000,47.415200,54.818000,47.628500,,,25.565700,,42.250000,,
2005-07-27,84.409200,29.397600,16.666000,48.704200,47.339100,54.796900,47.568300,,,25.635800,,42.440000,,
2005-07-28,84.941000,29.599600,16.873700,48.916300,47.760600,54.918100,47.748900,,,25.994400,,42.750000,,
2005-07-29,84.375100,29.457700,16.862800,48.623900,47.288300,54.754800,47.641400,,,25.962000,,42.820000,,
2005-08-01,84.313700,29.747000,17.138400,48.526400,47.112400,54.671300,47.528200,,,25.945400,,43.130000,,
2005-08-02,84.818300,29.959900,17.442400,48.480400,46.959500,54.570500,47.441900,,,26.131200,,43.140000,,
2005-08-03,85.043300,30.183700,17.398600,48.601200,47.188900,54.819800,47.554200,,,26.069300,,43.530000,,
2005-08-04,84.361400,29.938100,17.245500,48.566700,47.092000,54.830400,47.554200,,,25.627600,,43.680000,,
2005-08-05,83.788700,29.828900,16.928400,48.307900,46.725000,54.522800,47.472100,,,24.740000,,43.600000,,
2005-08-08,83.631800,29.899900,17.044300,48.181300,46.638300,54.512200,47.256100,,,23.848300,,43.350000,,
2005-08-09,84.136400,30.282000,17.387700,48.319400,46.811600,54.469700,47.333900,,,23.959800,,43.340000,,
2005-08-10,84.095500,30.489400,17.573600,48.296400,46.760700,54.437900,47.372800,,,24.191000,,43.650000,,
2005-08-11,84.429600,30.980800,17.475200,48.503400,47.086900,54.719000,47.519600,,,24.513000,,44.450000,,
2005-08-12,83.911400,30.789700,17.289300,48.699000,47.566100,54.941800,47.744200,,,24.492300,,44.490000,,
2005-08-15,84.429600,30.844300,17.409600,48.635700,47.443700,54.941800,47.679400,,,24.723500,,44.130000,,
2005-08-16,83.331800,30.511300,17.107800,48.865800,47.775100,55.095600,47.804700,,,24.868000,,44.550000,,
2005-08-17,83.325000,30.434900,17.118700,48.676000,47.459000,54.973600,47.679400,,,24.669800,,43.910000,,
2005-08-18,83.318200,30.107300,16.803700,48.934900,47.810800,55.138000,47.813300,,,24.504700,,43.830000,,
2005-08-19,83.509100,30.254700,16.738100,48.906100,47.805700,55.238800,47.770100,,,24.418000,,43.600000,,
2005-08-22,83.509100,30.587700,16.945900,48.946400,47.754700,55.159200,47.748500,,,24.492300,,43.700000,,
2005-08-23,83.352300,30.456700,16.786200,49.038400,47.973900,55.307700,47.787400,,,24.595500,,43.760000,,
2005-08-24,82.609000,30.134600,16.567500,49.061400,48.019800,55.397900,47.770100,,,24.682200,,43.590000,,
2005-08-25,82.909000,30.249200,16.753400,49.090200,48.172700,55.482700,47.860800,,,24.711100,,43.730000,,
2005-08-26,82.343100,30.151000,16.731600,49.009600,48.157400,55.456200,47.938600,,,24.405600,,43.610000,,
2005-08-29,82.977200,30.134600,16.915300,49.044200,48.218600,55.546400,47.942900,,,24.409800,,43.570000,,
2005-08-30,82.540800,30.047300,16.738100,49.274200,48.524400,55.832800,48.020600,,,24.484100,,43.010000,,
2005-08-31,83.584100,30.587700,17.085900,49.596400,48.932300,56.140400,48.357500,,,24.909300,,43.400000,,
2005-09-01,83.522700,30.953500,17.322100,49.645100,48.637600,56.288100,48.220900,,,25.132200,,44.220000,,
2005-09-02,83.372700,31.062700,17.475200,49.656600,48.678500,56.309400,48.233900,,,25.066100,,44.250000,,
2005-09-06,84.347800,31.444800,17.693900,49.500800,48.335800,55.995200,48.134200,,,25.602800,,44.270000,,
2005-09-07,84.491000,31.357500,17.715800,49.339200,47.880500,55.920700,47.960700,,,25.549100,,44.330000,,
2005-09-08,84.211400,31.117300,17.687300,49.339200,47.931700,56.011200,47.973700,,,25.384000,,44.600000,,
2005-09-09,84.961500,31.526700,17.947600,49.379600,48.085100,56.160300,47.995400,,,25.512000,,44.840000,,
2005-09-12,84.791000,31.281000,17.921400,49.223800,47.752600,55.957900,47.874000,,,25.433600,,44.890000,,
2005-09-13,84.320500,31.068100,17.720200,49.373800,48.003300,56.149600,47.956400,,,25.239500,,44.560000,,
2005-09-14,84.013700,31.090000,17.656700,49.270000,47.819100,56.112400,47.839300,,,25.218900,,44.960000,,
2005-09-15,83.972800,31.111800,17.759500,49.119900,47.425200,56.000500,47.670100,,,25.229600,,45.420000,,
2005-09-16,84.569700,31.461200,18.032900,48.929500,47.113200,55.910000,47.540000,,,25.284900,,45.820000,,
2005-09-19,84.288900,31.253700,18.006700,49.027600,47.215500,56.096400,47.670100,,,25.086800,,46.250000,,
2005-09-20,83.576800,31.139100,18.054800,48.987200,47.338300,55.942000,47.596400,,,24.892800,,46.230000,,
2005-09-21,82.796100,31.171800,18.225400,49.212300,47.778200,56.256100,47.808900,,,24.343700,,47.060000,,
2005-09-22,83.090600,31.139100,18.043800,49.246900,47.732200,56.272100,47.782900,,,24.475800,,46.360000,,
2005-09-23,83.159000,31.008100,18.028500,48.975700,47.374100,55.995200,47.644100,,,24.496500,,46.280000,,
2005-09-26,83.254900,31.346500,18.188200,48.848700,47.159200,55.867400,47.492300,,,24.691000,,46.570000,,
2005-09-27,83.234400,31.226400,18.067900,48.877600,47.225700,55.979200,47.535700,,,24.628400,,46.250000,,
2005-09-28,83.316500,31.548500,18.273500,48.975700,47.542900,56.197600,47.635400,,,24.390400,,46.800000,,
2005-09-29,83.994500,31.925200,18.595000,48.866000,47.328100,56.144300,47.618100,,,24.845600,,47.100000,,
2005-09-30,84.254700,31.717800,18.564400,48.727500,47.164400,56.053800,47.457600,,,25.242200,,46.700000,,
2005-10-03,83.953400,31.608600,18.682500,48.540600,46.795600,55.681300,47.312000,,,25.167100,,46.420000,,
2005-10-04,83.008400,31.401100,18.507500,48.563800,46.949700,55.638600,47.373000,,,24.741200,,46.450000,,
2005-10-05,81.919600,31.128200,17.945400,48.679600,47.155100,55.627900,47.438300,,,24.357000,,46.360000,,
2005-10-06,81.625100,30.980800,17.317700,48.615900,46.975400,55.478400,47.333800,,,24.323600,,47.210000,,
2005-10-07,81.905900,31.090000,17.746400,48.679600,47.165400,55.569200,47.412200,,,24.073000,,47.360000,,
2005-10-10,81.214300,30.937100,17.687300,48.691200,47.134600,55.633300,47.381700,,,23.764000,,47.370000,,
2005-10-11,81.097900,30.975300,17.763900,48.598500,47.037000,55.462400,47.303300,,,23.659600,,47.390000,,
2005-10-12,80.461000,30.767900,17.219300,48.413300,46.579900,55.280800,47.103000,,,23.233700,,46.850000,,
2005-10-13,80.413100,30.702400,17.112100,48.338000,46.410500,55.254100,47.024600,,,23.237900,,47.020000,,
2005-10-14,81.262200,30.991700,17.046500,48.338000,46.338600,55.371600,46.928800,,,23.776600,,46.800000,,
2005-10-17,81.563500,30.680500,17.234600,48.280100,46.328300,55.478400,46.994200,,,23.914400,,47.260000,,
2005-10-18,80.680200,30.325700,16.797200,48.349600,46.379600,55.515800,47.055100,,,23.684700,,47.000000,,
2005-10-19,82.022300,30.571300,17.125300,48.407500,46.400200,55.521100,47.103000,,,23.951900,,46.340000,,
2005-10-20,80.577400,29.872600,16.436300,48.436400,46.523400,55.483700,46.985500,,,23.572000,,45.980000,,
2005-10-21,80.892400,30.025400,16.873700,48.650600,46.954800,55.660000,47.190100,,,23.797400,,46.520000,,
2005-10-24,82.145600,30.473100,17.328700,48.442200,46.590200,55.419600,47.055100,,,24.281800,,46.390000,,
2005-10-25,81.981200,30.505800,16.987500,48.216400,46.189600,55.131200,46.824400,,,24.181600,,47.060000,,
2005-10-26,81.741600,30.451200,17.048700,48.031100,45.850700,54.965700,46.685000,,,23.935200,,46.930000,,
2005-10-27,80.871900,30.391200,16.644100,48.141100,46.015000,55.190000,46.719900,,,23.676300,,47.180000,,
2005-10-28,82.036000,30.653200,17.081500,48.089000,46.020100,55.168600,46.719900,,,24.390400,,47.220000,,
2005-10-31,82.262000,30.707800,17.387700,48.123800,46.107500,55.318200,46.706800,,,24.515700,,46.400000,,
2005-11-01,82.508500,30.969900,17.693900,48.093400,46.054300,55.313900,46.690400,,,23.972800,,45.730000,,
2005-11-02,83.371300,31.395700,17.967300,47.994600,45.837700,55.206700,46.598600,,,24.194100,,46.130000,,
2005-11-03,83.727400,31.379300,17.987000,47.826200,45.528200,55.120900,46.436800,,,24.123200,,45.960000,,
2005-11-04,83.617800,31.090000,17.949800,47.802900,45.455900,55.078000,46.471800,,,23.985400,,45.510000,,
2005-11-07,83.700000,31.270100,17.962900,47.890100,45.610700,55.254900,46.519900,,,24.098100,,45.770000,,
2005-11-08,83.700000,31.193700,17.794500,48.128300,46.054300,55.356800,46.799600,,,24.031300,,45.910000,,
2005-11-09,83.809600,31.171800,18.061300,47.872600,45.579700,55.072600,46.550500,,,24.302700,,46.560000,,
2005-11-10,84.460100,31.133600,18.089800,48.145700,46.136900,55.195900,46.795300,,,24.879000,,46.480000,,
2005-11-11,84.747700,31.297400,18.129100,48.203800,46.162600,55.271000,46.834600,,,24.979200,,46.800000,,
2005-11-14,84.699800,31.111800,18.081000,47.988800,45.817000,54.890300,46.598600,,,24.958300,,46.620000,,
2005-11-15,84.391600,30.942600,17.978200,48.151500,46.116200,55.051100,46.721000,,,24.945800,,46.660000,,
2005-11-16,84.562800,30.888000,18.131300,48.395500,46.601100,55.372900,46.917600,,,24.803800,,47.780000,,
2005-11-17,85.350300,31.417500,18.398200,48.488500,46.714600,55.437300,46.996300,,,25.213000,,48.480000,,
2005-11-18,85.685900,31.635900,18.448500,48.372300,46.497900,55.335400,46.904500,,,25.304900,,48.460000,,
2005-11-21,86.117300,31.679500,18.459400,48.465200,46.637200,55.394400,47.057500,,,25.430200,,48.990000,,
2005-11-22,86.487000,31.783300,18.450700,48.633700,46.699100,55.614300,47.144900,,,25.755900,,49.320000,,
2005-11-23,86.986900,31.936100,18.645300,48.505900,46.518600,55.399700,47.101200,,,25.868600,,49.150000,,
2005-11-25,87.055400,31.630400,18.632200,48.651100,46.688800,55.587400,47.162400,,,25.956300,,49.420000,,
2005-11-28,86.439100,31.712300,18.514100,48.715100,46.920900,55.705400,47.319800,,,25.672300,,49.740000,,
2005-11-29,86.343200,31.663200,18.350000,48.447800,46.477300,55.426600,47.101200,,,25.689000,,49.800000,,
2005-11-30,85.877600,31.417500,18.393800,48.424600,46.425700,55.415800,47.013800,,,25.534500,,49.100000,,
2005-12-01,86.754100,32.007100,18.875000,48.315800,46.353200,55.285600,46.918400,,,25.906200,,50.170000,,
2005-12-02,86.863700,32.127200,18.853100,48.356600,46.368700,55.307300,46.931600,,,25.776700,,50.320000,,
2005-12-05,86.678800,32.269100,19.006200,48.210900,46.161500,55.274800,46.808700,,,25.680700,,50.780000,,
2005-12-06,86.843100,32.367400,19.181200,48.438300,46.633000,55.437500,46.905300,,,25.597200,,50.890000,,
2005-12-07,86.336400,32.154500,18.999600,48.409100,46.456800,55.225900,46.848200,,,25.463600,,51.320000,,
2005-12-08,86.281600,32.149000,18.857500,48.619000,46.757300,55.459200,46.944700,,,25.655600,,51.900000,,
2005-12-09,86.507600,32.471100,19.049900,48.403300,46.389500,55.263900,46.861400,,,25.722500,,52.400000,,
2005-12-12,86.589800,32.880600,19.159300,48.292500,46.301400,55.285600,46.760500,,,25.739200,,52.560000,,
2005-12-13,87.178700,33.038900,19.410800,48.409100,46.472400,55.388700,46.800000,,,25.864400,,51.650000,,
2005-12-14,87.521100,33.022500,19.281800,48.712200,46.949000,55.611100,47.041300,,,25.914500,,50.350000,,
2005-12-15,87.267700,32.716800,19.203000,48.648100,46.835000,55.611100,47.001800,,,25.718300,,50.240000,,
2005-12-16,86.986600,32.973400,19.137400,48.735600,46.990400,55.649100,47.199200,,,25.810100,,50.090000,,
2005-12-19,86.539100,32.913300,19.093700,48.764700,47.037100,55.692500,47.120200,,,25.471900,,50.220000,,
2005-12-20,86.621700,32.918800,19.257700,48.683100,46.980100,55.665400,47.159700,,,25.505300,,49.040000,,
2005-12-21,86.759400,33.077100,19.570500,48.619000,46.897200,55.611100,47.177200,,,25.659800,,49.370000,,
2005-12-22,87.213800,33.268200,19.574800,48.811300,47.270200,55.730500,47.181600,,,25.806000,,50.140000,,
2005-12-23,87.262000,33.251500,19.691600,48.927900,47.560300,55.963800,47.365900,,,25.893700,,50.120000,,
2005-12-27,86.373900,32.945700,19.472700,49.161100,47.948900,56.028900,47.580800,,,25.776600,,50.640000,,
2005-12-28,86.566700,33.184800,19.525700,49.010100,47.815200,55.906800,47.427300,,,25.746600,,51.470000,,
2005-12-29,86.181200,33.195900,19.528000,49.068600,47.919200,56.004800,47.300100,,,25.613600,,51.470000,,
2005-12-30,85.713100,33.045700,19.516900,49.086200,47.810000,55.988500,47.418800,,,25.540700,,51.580000,,
2006-01-03,87.220700,34.152300,20.246700,49.080300,47.747600,56.108300,47.678600,,,26.055300,,53.120000,,
2006-01-04,87.633700,34.435900,20.430300,49.168100,47.862000,56.113700,47.678600,,,26.248300,,53.300000,,
2006-01-05,87.688800,34.263500,20.534200,49.179800,47.804800,55.950400,47.718200,,,26.449800,,52.340000,,
2006-01-06,88.418500,34.725000,20.963200,49.115400,47.716400,55.923100,47.643300,,,26.698600,,53.720000,,
2006-01-09,88.645600,34.741700,21.168900,49.138800,47.747600,55.988500,47.652100,,,26.925800,,54.600000,,
2006-01-10,88.735100,34.430300,20.914600,48.939900,47.362600,55.863200,47.524400,,,27.088800,,54.060000,,
2006-01-11,89.017400,34.725000,21.160100,48.817100,47.284600,55.776100,47.445200,,,27.131700,,54.530000,,
2006-01-12,88.666300,34.441400,20.865900,48.992600,47.601900,55.993900,47.594900,,,27.054500,,54.430000,,
2006-01-13,88.583700,34.574900,20.888100,49.209000,47.877600,56.146400,47.735800,,,26.720000,,55.440000,,
2006-01-17,88.342800,34.141200,20.523100,49.267500,48.090900,56.277100,47.735800,,,26.612800,,55.260000,,
2006-01-18,87.991700,33.679600,20.512100,49.285100,48.075300,56.249900,47.722600,,,26.608500,,54.070000,,
2006-01-19,88.329000,34.063300,21.175600,49.162200,47.934900,56.206300,47.713800,,,26.943000,,55.590000,,
2006-01-20,86.718100,33.546200,20.545300,49.244100,48.059700,56.309800,47.753400,,,26.681400,,55.200000,,
2006-01-23,87.027900,34.013300,21.142400,49.232400,48.044100,56.222600,47.863500,,,26.801500,,55.770000,,
2006-01-24,87.117400,34.185600,21.474100,49.150500,47.810000,56.086500,47.757800,,,27.003000,,55.730000,,
2006-01-25,87.193100,34.302400,21.485200,48.846300,47.289800,55.732600,47.493600,,,27.020200,,56.140000,,
2006-01-26,87.675000,34.708300,21.993800,48.741000,47.086900,55.678100,47.423200,,,27.110200,,55.880000,,
2006-01-27,88.487300,34.891800,22.245900,48.776100,47.086900,55.825100,47.493600,,,27.414700,,55.630000,,
2006-01-30,88.418500,34.919600,22.142000,48.670800,47.040000,55.814200,47.317500,,,27.393300,,56.680000,,
2006-01-31,87.771400,34.953000,22.288000,48.741000,47.170100,56.004800,47.211800,,,27.466200,,56.700000,,
2006-02-01,88.384100,35.058600,22.276900,48.590800,47.008800,55.836000,47.224600,,,27.594800,,56.700000,,
2006-02-02,87.358300,34.663800,21.704100,48.590800,47.097500,55.841500,47.184800,,,27.401800,,56.980000,,
2006-02-03,86.924600,34.574900,21.407800,48.737500,47.431700,56.113700,47.260000,,,27.161700,19.422900,56.500000,,
2006-02-06,87.151800,34.524800,21.916400,48.667100,47.525600,56.151800,47.339600,,,27.264600,19.185100,56.720000,,
2006-02-07,86.380800,34.269000,21.341400,48.608400,47.301100,55.890500,47.220200,,,27.050200,18.630200,54.600000,,
2006-02-08,87.165600,34.391400,21.407800,48.579100,47.191500,55.787000,47.220200,,,26.930100,18.550900,54.830000,,
2006-02-09,87.021000,34.458100,21.463100,48.626000,47.405600,55.912200,47.295400,,,27.058800,18.725300,56.180000,,
2006-02-10,87.179300,34.380300,21.429900,48.485200,47.144500,55.683500,47.206900,,,27.084500,18.384300,54.790000,,
2006-02-13,87.021000,34.141200,20.901300,48.485200,47.149700,55.656300,47.277700,,,27.123100,18.099000,53.720000,,
2006-02-14,87.943500,34.519300,21.429900,48.414700,46.982700,55.405800,47.229000,,,27.273200,17.948400,54.490000,,
2006-02-15,88.253300,34.207900,21.319300,48.502800,47.097500,55.460300,47.260000,,,27.513300,17.686800,53.760000,,
2006-02-16,88.914100,34.535900,21.872200,48.479300,47.108000,55.629100,47.326300,,,27.697700,17.900800,54.520000,,
2006-02-17,88.673200,34.435900,21.843400,48.643600,47.483900,55.934000,47.481000,,,27.993600,18.154500,54.960000,,
2006-02-21,88.452900,34.441400,21.651000,48.584900,47.405600,55.814200,47.458900,,,27.959300,18.455700,55.120000,,
2006-02-22,88.989800,34.702800,21.768200,48.766900,47.729300,55.972100,47.635700,,,28.272300,18.154500,55.340000,,
2006-02-23,88.859100,34.791700,21.761600,48.649500,47.609200,55.841500,47.529600,,,28.225200,18.091100,54.640000,,
2006-02-24,89.086200,34.908500,21.803600,48.590800,47.536100,55.895900,47.507500,,,28.075100,18.582600,55.640000,,
2006-02-27,89.120600,35.030800,22.002700,48.496900,47.457800,55.797900,47.485400,,,28.079400,18.217900,55.220000,,
2006-02-28,88.273900,34.708300,21.429900,48.690600,47.692700,56.004800,47.534000,,,27.976500,18.463700,56.070000,,
2006-03-01,89.058700,35.064200,22.022600,48.596400,47.404600,55.890500,47.350700,,,28.139400,18.424000,56.100000,,
2006-03-02,89.051800,34.997500,22.040300,48.402100,47.074500,55.852400,47.133700,,,28.105100,18.757000,56.740000,,
2006-03-03,88.638800,34.852900,21.673200,48.284300,46.802000,55.808800,47.044500,,,27.950700,18.931400,56.280000,,
2006-03-06,88.232600,34.719400,21.341400,48.131200,46.393400,55.422200,46.800400,,,28.456700,18.630200,55.230000,,
2006-03-07,88.094900,34.296800,20.589500,48.154800,46.424800,55.422200,46.778200,,,28.113700,18.305100,54.950000,,
2006-03-08,88.280800,34.413600,20.711100,48.178300,46.409100,55.209800,46.800400,,,28.259500,18.011800,53.970000,,
2006-03-09,87.688800,34.374700,20.501000,48.225400,46.424800,55.117200,46.791500,,,28.491000,18.194100,54.240000,,
2006-03-10,88.521700,34.897400,20.932300,48.131200,46.251900,55.051900,46.911300,,,28.748300,18.114900,53.830000,,
2006-03-13,88.687000,35.186500,20.910200,48.090000,46.215200,55.079100,46.849200,,,28.559700,18.352700,54.310000,,
2006-03-14,89.616300,35.559100,21.562600,48.366700,46.524400,55.345900,47.151000,,,28.765500,18.622200,54.870000,,
2006-03-15,90.015600,35.687000,21.812500,48.278400,46.272900,55.242500,47.080000,,,29.310100,18.416100,55.120000,,
2006-03-16,90.201400,35.803700,21.617900,48.584600,46.692000,55.542000,47.337400,,,29.614600,18.574700,55.340000,,
2006-03-17,90.277100,35.976100,21.770500,48.484500,46.550600,55.482100,47.293000,,,29.880400,18.487500,55.120000,,
2006-03-20,90.132000,36.048400,21.894300,48.578700,46.623900,55.449400,47.346300,,,29.377500,18.106900,55.170000,,
2006-03-21,89.565200,35.675800,21.452000,48.378500,46.382900,55.177100,47.168700,,,29.036800,18.170300,54.830000,,
2006-03-22,90.111200,36.009500,21.688600,48.437400,46.482400,55.258800,47.159900,,,29.101500,18.138600,54.750000,,
2006-03-23,89.924600,35.575700,21.487400,48.313800,46.335800,55.198900,47.133200,,,29.179100,18.447800,54.700000,,
2006-03-24,89.993700,35.859300,21.673200,48.525700,46.676300,55.465700,47.248600,,,29.136000,18.408200,55.710000,,
2006-03-27,89.862400,35.798200,21.805800,48.419700,46.503400,55.286000,47.248600,,,28.799500,18.519200,56.390000,,
2006-03-28,89.309500,35.453400,21.407800,48.184200,46.068500,55.019200,47.026700,,,29.118700,18.757000,56.060000,,
2006-03-29,89.869300,35.920500,21.816900,48.137100,45.848500,54.915800,46.982300,,,29.662200,18.883800,57.070000,,
2006-03-30,89.710400,36.354200,21.927500,47.995800,45.528900,54.796000,46.840300,,,29.235200,19.113700,58.600000,,
2006-03-31,89.731100,36.098400,21.894300,48.031100,45.513200,54.806900,46.733800,,,29.295600,18.979000,58.100000,,
2006-04-03,89.662000,36.493200,22.513500,47.978100,45.527900,54.732800,46.772900,,,28.790500,19.066200,58.470000,,
2006-04-04,90.235600,36.782400,22.646200,47.984000,45.480600,54.689000,46.817400,,,28.592500,18.963100,58.330000,,
2006-04-05,90.546600,36.904700,22.878400,48.096300,45.543700,54.875100,46.973400,,,28.747800,19.082000,58.660000,,
2006-04-06,90.449900,36.938100,22.761200,47.960400,45.196600,54.721800,46.804100,,,28.631400,19.422900,59.280000,,
2006-04-07,89.530700,36.515500,22.414000,47.741900,44.754800,54.502900,46.621300,,,28.200000,19.335700,58.590000,,
2006-04-10,89.668900,36.582200,22.336600,47.800900,44.839000,54.541200,46.518800,,,27.932600,19.692500,59.600000,,
2006-04-11,88.908600,36.337500,22.146400,47.889500,44.996700,54.760100,46.652500,,,27.863600,19.771700,59.010000,,
2006-04-12,89.074500,36.159600,22.274700,47.777300,44.723300,54.568600,46.505500,,,27.863600,19.732100,59.430000,,
2006-04-13,88.957000,36.254100,22.380800,47.523300,44.407700,54.229200,46.416300,,,27.496900,19.859000,59.500000,,
2006-04-17,88.922500,36.420900,22.646200,47.706400,44.570800,54.513800,46.407400,,,27.419300,20.073000,61.090000,,
2006-04-18,90.332400,37.166000,23.398200,47.860000,44.649600,54.694500,46.594600,,,28.087800,20.334600,61.850000,,
2006-04-19,90.505200,37.421800,23.541900,47.724200,44.376200,54.749200,46.563400,,,28.432900,20.532800,63.750000,,
2006-04-20,90.629600,37.255000,23.457900,47.682800,44.339400,54.563100,46.541100,,,28.463100,20.295000,60.960000,,
2006-04-21,90.643400,37.505200,23.641400,47.783200,44.597100,54.760100,46.630300,,,28.467400,20.723100,63.200000,,
2006-04-24,90.477500,37.544100,23.331800,47.842300,44.775900,54.705400,46.723900,,,28.320800,20.310800,61.650000,,
2006-04-25,90.104300,37.521900,23.011100,47.541100,44.244700,54.300400,46.501000,,,28.105100,20.374300,62.780000,,
2006-04-26,90.125000,37.755400,23.464500,47.517400,44.171100,54.240200,46.447500,,,28.018800,20.295000,63.650000,,
2006-04-27,90.560500,37.822200,23.095200,47.647400,44.228900,54.481000,46.532200,,,28.197300,19.977900,62.960000,,
2006-04-28,90.864600,37.827700,23.320800,47.730100,44.260500,54.678000,46.639200,,,28.299200,20.310800,65.090000,,
2006-05-01,90.125000,37.811000,23.314100,47.471600,43.927800,54.499200,46.403000,,,27.958400,20.532800,65.160000,,
2006-05-02,90.802400,38.389300,23.725500,47.548700,44.044000,54.620300,46.474600,,,27.673800,20.770600,66.550000,,
2006-05-03,90.463700,38.161400,23.752000,47.483500,43.949000,54.466200,46.474600,,,27.725500,20.398000,66.460000,,
2006-05-04,90.788500,38.456100,23.984200,47.453800,43.875100,54.257200,46.456700,,,28.118000,20.152300,67.480000,,
2006-05-05,91.590300,39.045500,24.371200,47.566500,44.139000,54.565200,46.510400,,,28.480400,20.374300,67.990000,,
2006-05-08,91.479700,39.012100,24.548200,47.590200,44.165400,54.565200,46.568600,,,28.605400,20.318800,67.560000,,
2006-05-09,91.659400,39.245600,24.570300,47.572400,44.139000,54.647800,46.586500,,,28.592500,20.635900,69.680000,,
2006-05-10,91.611000,39.123300,24.304900,47.596100,44.218200,54.779800,46.617900,,,28.489000,21.151200,70.380000,,
2006-05-11,90.505200,38.728500,23.685700,47.513100,44.001800,54.807300,46.537300,,,27.962800,21.357300,71.030000,,
2006-05-12,89.323300,38.228100,23.066400,47.335300,43.637500,54.620300,46.420900,,,27.609100,21.285900,71.120000,,
2006-05-15,89.503000,37.900000,22.513500,47.436000,43.811700,54.592800,46.461200,,,27.988600,20.564500,67.410000,,
2006-05-16,89.371700,37.844400,22.626300,47.613900,44.139000,54.801800,46.631300,,,27.880800,20.627900,68.610000,,
2006-05-17,87.671500,36.637800,21.850100,47.477500,43.864500,54.620300,46.483600,,,27.358900,20.596200,68.150000,,
2006-05-18,87.229200,36.526600,21.429900,47.815400,44.461100,54.955800,46.779000,,,27.147600,20.604200,67.460000,,
2006-05-19,87.844300,36.710100,21.892100,47.785800,44.577300,54.911800,46.756700,,,27.212300,20.152300,65.580000,,
2006-05-22,87.173900,35.903800,20.861500,47.851000,44.672300,54.994300,46.783500,,,27.138900,20.310800,65.300000,,
2006-05-23,86.510400,35.914900,20.633700,47.833200,44.645900,54.944800,46.752200,,,26.843200,20.627900,66.380000,,
2006-05-24,87.201500,35.892700,20.490000,47.904300,44.667000,54.922800,46.801400,,,26.884500,20.104700,64.060000,,
2006-05-25,88.279700,36.376500,21.361300,47.827300,44.492800,54.917300,46.738700,,,27.389100,20.453500,64.700000,,
2006-05-26,88.728900,36.671200,21.297200,47.868800,44.461100,55.060300,46.743200,,,27.716900,20.651700,65.100000,,
2006-05-30,87.153100,36.115100,20.379400,47.827300,44.440000,54.917300,46.640300,,,27.488300,20.540700,65.110000,,
2006-05-31,88.127600,36.382000,20.722200,47.679100,44.176000,54.840300,46.550700,,,27.535800,20.231600,64.230000,,
2006-06-01,88.970800,36.615600,21.146800,47.759000,44.373200,54.881300,46.632000,,,28.040400,19.985200,62.560000,,
2006-06-02,89.157400,36.971400,21.363500,48.127900,44.945700,55.301700,46.924200,,,28.363900,20.382200,63.500000,,
2006-06-05,87.858100,36.170700,20.456800,48.032700,44.887400,55.163400,46.780300,,,28.501900,20.326700,63.290000,,
2006-06-06,87.643800,35.731400,20.306400,48.074300,45.099400,55.086000,46.883700,,,28.161200,20.152300,62.550000,,
2006-06-07,86.987300,35.242100,19.859700,48.008900,45.110000,54.897900,46.757800,,,28.359600,20.017500,62.280000,,
2006-06-08,86.911200,34.463700,19.505800,48.074300,45.200100,54.936600,46.910700,,,28.299200,19.803500,60.910000,,
2006-06-09,86.634800,34.424700,19.251500,48.193300,45.438700,55.157900,46.960100,,,28.484700,19.835200,60.450000,,
2006-06-12,85.694800,34.130000,18.535000,48.169500,45.475800,55.146800,46.834300,,,28.143900,19.597300,60.030000,,
2006-06-13,84.699600,33.062400,18.123600,48.235000,45.507600,55.185500,46.883700,,,27.854900,19.066200,55.920000,,
2006-06-14,85.356200,33.540600,18.643300,47.913700,45.051700,54.975300,46.681400,,,27.617700,19.058300,55.620000,,
2006-06-15,87.167000,34.697200,19.729200,47.806600,44.792000,54.859200,46.587000,,,28.195700,19.264400,57.320000,,
2006-06-16,86.532100,34.419200,19.616400,47.776800,44.691200,54.875800,46.524100,,,28.139600,19.304000,57.680000,,
2006-06-19,85.851800,34.246800,18.886600,47.723300,44.627600,54.759600,46.465700,,,27.945500,18.947300,56.360000,,
2006-06-20,86.143300,34.452500,19.118800,47.687600,44.553400,54.709800,46.429700,,,27.798900,19.105800,57.300000,,
2006-06-21,86.782000,34.897400,19.738100,47.681600,44.564000,54.732000,46.371300,,,28.122400,19.383300,58.330000,,
2006-06-22,86.400200,34.713900,19.384200,47.526900,44.309600,54.615800,46.263400,,,27.923900,19.375400,57.730000,,
2006-06-23,86.386300,34.613800,19.351000,47.485300,44.219500,54.543900,46.187000,,,27.712600,19.335700,57.990000,,
2006-06-26,86.768100,34.886300,19.351000,47.455500,44.134700,54.483100,46.187000,,,28.008200,19.549800,58.280000,,
2006-06-27,86.018400,34.241200,18.986100,47.580500,44.352000,54.571600,46.115100,,,27.977600,19.621100,57.680000,,
2006-06-28,86.601500,34.630500,19.581000,47.425800,44.118800,54.449900,46.011700,,,28.060500,19.541800,57.540000,,
2006-06-29,88.350900,35.909400,20.744300,47.622100,44.267200,54.781700,46.254400,,,28.683800,19.969900,59.520000,,
2006-06-30,88.357800,36.359800,20.766400,47.788700,44.696500,55.074900,46.510600,,,28.901800,20.057100,61.230000,,
2006-07-03,88.718800,36.548800,21.226400,47.766100,44.652400,54.961600,46.453300,,,29.438000,20.588300,62.180000,,
2006-07-05,88.212100,35.853800,20.567400,47.592900,44.295800,54.750300,46.159800,,,29.390000,20.429800,62.500000,,
2006-07-06,88.468900,36.231900,20.987600,47.742200,44.567200,54.939400,46.390000,,,29.459800,20.564500,63.020000,,
2006-07-07,87.892700,36.065100,20.589500,47.891600,44.854600,55.100700,46.566100,,,29.337700,20.413900,62.630000,,
2006-07-10,88.059300,36.365300,20.755400,47.927400,44.897200,55.106200,46.624800,,,29.568800,20.271200,62.020000,,
2006-07-11,88.448100,36.465400,20.854900,47.981200,45.040800,55.145200,46.697100,,,29.616700,20.715100,63.810000,,
2006-07-12,87.504000,35.781500,20.390500,48.023000,45.051500,55.134100,46.773800,,,29.695200,20.921300,64.920000,,
2006-07-13,86.080900,35.153200,19.583200,48.130500,45.227100,55.351000,46.769300,,,29.294100,20.913300,65.550000,,
2006-07-14,85.747600,34.852900,19.682800,48.166300,45.253700,55.389900,46.809900,,,28.893100,21.008500,65.850000,,
2006-07-17,85.622700,34.363600,19.373100,48.124500,45.322900,55.428900,46.859600,,,28.893100,20.532800,63.950000,,
2006-07-18,86.060000,34.308000,19.643000,47.939400,44.934400,55.150700,46.615800,,,29.329000,20.406000,62.900000,,
2006-07-19,87.254100,35.153200,20.854900,48.244000,45.360100,55.501200,46.828000,,,29.782400,20.477300,64.030000,,
2006-07-20,86.657000,34.964100,20.255600,48.345500,45.493200,55.673600,47.031200,,,29.538200,20.263300,62.540000,,
2006-07-21,86.046100,34.964100,19.861900,48.315700,45.408000,55.506700,46.995000,,,29.054400,20.207800,61.710000,,
2006-07-24,87.615000,35.598000,20.755400,48.315700,45.381400,55.462200,47.008600,,,29.533900,20.295000,61.140000,,
2006-07-25,87.927400,35.586900,20.810700,48.267900,45.248400,55.567900,46.972500,,,29.686500,20.120600,61.550000,,
2006-07-26,88.045400,35.837100,20.722200,48.387300,45.413300,55.751500,47.071800,,,29.791100,19.985800,62.000000,,
2006-07-27,87.962100,36.059500,21.007500,48.381400,45.344200,55.762600,46.999600,,,29.695200,20.374300,62.900000,,
2006-07-28,88.843800,36.782400,21.458600,48.512800,45.604900,55.929500,47.180100,,,30.126700,20.302900,63.110000,,
2006-07-31,88.753500,36.654500,21.253000,48.590400,45.663400,55.907200,47.189200,,,30.026500,20.501100,63.160000,,
2006-08-01,88.316200,36.398700,20.910200,48.602000,45.659200,56.003300,47.255300,,,29.869500,20.596200,64.320000,,
2006-08-02,88.913200,36.799000,21.186600,48.644000,45.830100,56.131900,47.336900,,,29.812900,20.873700,64.750000,,
2006-08-03,89.149200,36.737900,21.164500,48.656000,45.840800,56.104000,47.341400,,,30.096200,20.675500,64.120000,,
2006-08-04,88.996500,36.765700,21.208700,48.895800,46.118700,56.484300,47.527400,,,30.571400,20.651700,64.280000,,
2006-08-07,88.788200,36.537700,21.076000,48.829900,46.145400,56.467500,47.486500,,,30.270600,20.976800,64.500000,,
2006-08-08,88.448100,36.409800,21.076000,48.835900,46.043900,56.557000,47.513800,,,29.821600,20.683400,63.970000,,
2006-08-09,88.149600,36.587800,21.155700,48.811900,45.894300,56.579400,47.491100,,,29.638500,20.715100,64.630000,,
2006-08-10,88.420300,36.671200,21.372400,48.823900,45.824800,56.484300,47.486500,,,29.661200,20.445600,63.250000,,
2006-08-11,88.170400,36.354200,21.113600,48.668000,45.627100,56.350100,47.391300,,,29.477200,20.247400,62.710000,,
2006-08-14,88.239800,36.476500,21.197700,48.584000,45.547000,56.215800,47.332400,,,29.760600,20.057100,62.250000,,
2006-08-15,89.295000,37.266100,21.717400,48.817900,45.931700,56.411600,47.577200,,,30.100600,20.088900,62.010000,,
2006-08-16,90.037800,37.616400,21.929700,49.021800,46.241500,56.517900,47.776800,,,30.157300,19.874800,62.490000,,
2006-08-17,90.266900,37.466300,21.960700,49.009800,46.225500,56.450800,47.754100,,,30.113700,19.565600,61.030000,,
2006-08-18,90.725100,37.622000,21.752800,49.141700,46.359100,56.646500,47.849300,,,30.248800,19.668700,61.040000,,
2006-08-21,90.336300,37.505200,21.640000,49.201700,46.524700,56.792000,47.917300,,,30.421900,19.827200,62.440000,,
2006-08-22,90.329400,37.399600,21.633300,49.219700,46.540700,56.875900,47.949100,,,30.636800,19.795500,62.050000,,
2006-08-23,90.079500,37.266100,21.241900,49.171700,46.562100,56.792000,47.930900,,,30.401400,19.589400,61.830000,,
2006-08-24,90.003100,37.160500,21.184400,49.219700,46.647600,56.691300,47.930900,,,30.519100,19.874800,61.750000,,
2006-08-25,90.114200,37.132700,21.244100,49.285600,46.717000,56.819900,47.999000,,,30.497300,19.866900,61.770000,,
2006-08-28,90.544600,37.288400,21.485200,49.279600,46.759800,56.646500,48.012600,,,30.859100,19.557700,61.000000,,
2006-08-29,90.648700,37.588600,21.558200,49.321600,46.823900,56.663300,48.044300,,,30.863500,19.526000,60.940000,,
2006-08-30,90.704200,37.588600,21.651000,49.381600,46.946800,56.713700,48.076000,,,31.046500,19.819300,61.420000,,
2006-08-31,90.690300,37.588600,21.589100,49.447500,47.059000,56.836700,48.239300,,,31.072700,19.819300,62.290000,,
2006-09-01,91.231800,37.866700,21.830200,49.520700,47.075100,56.815200,48.182100,,,30.894000,19.779700,62.140000,,
2006-09-05,91.405400,38.011200,21.949600,49.358200,46.780000,56.573300,48.063700,,,31.207800,19.748000,63.360000,,
2006-09-06,90.600100,37.427400,21.319300,49.322100,46.715700,56.545200,48.036400,,,31.020400,19.660800,62.860000,,
2006-09-07,90.183600,36.993700,21.076000,49.358200,46.806900,56.455200,48.086500,,,30.806800,19.581500,61.250000,,
2006-09-08,90.440400,36.988100,21.248500,49.406300,46.844400,56.421500,48.136600,,,31.098900,19.422900,60.640000,,
2006-09-11,90.530700,36.765700,20.790700,49.316100,46.801500,56.275200,48.118400,,,31.199100,18.971000,58.500000,,
2006-09-12,91.419300,37.188300,21.146800,49.454500,47.037500,56.382100,48.191200,,,31.600200,18.669800,58.310000,,
2006-09-13,91.787200,37.116000,21.463100,49.502700,47.059000,56.505800,48.318800,,,31.778900,18.622200,58.620000,,
2006-09-14,91.794100,37.166000,21.286100,49.406300,46.951700,56.517100,48.195800,,,31.608900,18.511200,57.190000,,
2006-09-15,92.009800,37.049300,21.412200,49.376200,46.914100,56.337100,48.163900,,,31.861700,18.471600,57.400000,,
2006-09-18,92.135300,37.243900,21.653200,49.304000,46.839100,56.297700,48.173000,,,31.635000,18.677700,58.230000,,
2006-09-19,91.905200,36.899100,21.319300,49.599000,47.364700,56.427100,48.359800,,,31.870400,18.400300,56.920000,,
2006-09-20,92.393300,37.260600,21.757200,49.611000,47.434500,56.348300,48.437200,,,31.800700,18.289300,57.260000,,
2006-09-21,91.947100,37.349500,21.226400,49.966100,47.869000,56.674600,48.728700,,,31.447600,18.606400,57.950000,,
2006-09-22,91.668200,37.166000,20.956600,50.116600,48.105000,56.854600,48.756000,,,31.530400,18.392300,58.500000,,
2006-09-25,92.372400,37.321700,21.199900,50.285200,48.442900,57.012100,48.778800,,,31.577900,18.432000,58.500000,,
2006-09-26,93.139400,37.366200,21.449800,50.158800,48.239100,56.922100,48.692300,,,31.503100,18.511200,58.740000,,
2006-09-27,93.250900,37.649800,21.401100,50.146700,48.099600,56.910900,48.678600,,,31.780400,18.788700,59.810000,,
2006-09-28,93.216100,37.738800,21.573600,50.098600,48.019100,56.922100,48.683200,,,31.714400,18.939300,59.790000,,
2006-09-29,93.139400,37.672000,21.401100,50.044400,47.960100,56.899600,48.660400,,,31.635200,18.986900,59.470000,,
2006-10-02,92.790700,37.777700,21.365700,50.132400,48.091500,56.959300,48.740300,,,31.622000,18.780800,59.150000,,
2006-10-03,92.986000,37.811000,21.076000,50.126400,48.026900,56.761500,48.772300,,,31.930000,18.471600,57.110000,,
2006-10-04,94.073700,38.194700,21.640000,50.356000,48.377000,56.981900,49.005600,,,32.299600,18.606400,56.370000,,
2006-10-05,94.255000,38.217000,21.927500,50.180700,48.037700,56.891500,48.845500,,,32.510900,18.709400,56.920000,,
2006-10-06,94.136400,37.877800,21.872200,49.908800,47.536800,56.727600,48.571000,,,32.308400,18.780800,56.990000,,
2006-10-09,94.192200,37.894500,21.790400,49.969300,47.666100,56.614600,48.607600,,,32.493200,19.415000,57.200000,,
2006-10-10,94.317700,37.950100,21.987200,49.667200,47.289100,56.388500,48.392500,,,32.497600,18.788700,57.000000,,
2006-10-11,94.206200,37.922300,21.870000,49.606700,47.149100,56.224700,48.351400,,,32.374400,18.535000,56.880000,,
2006-10-12,95.022000,38.339300,22.403000,49.636900,47.176000,56.230300,48.397100,,,32.669300,18.741100,57.490000,,
2006-10-13,95.266000,38.394900,22.535700,49.552400,46.939100,56.134300,48.214100,,,33.043300,19.145500,58.570000,,
2006-10-16,95.412400,38.539500,22.597600,49.636900,47.149100,56.179500,48.337600,,,33.113700,19.343700,59.170000,,
2006-10-17,95.112600,38.300400,22.301200,49.691300,47.186800,56.173800,48.429100,,,33.003700,19.327800,58.650000,,
2006-10-18,95.238100,38.394900,22.520200,49.679200,47.283700,56.055100,48.529800,,,33.170900,19.018600,58.590000,,
2006-10-19,95.391500,38.684000,22.619700,49.636900,47.197600,56.072100,48.374200,,,33.091700,19.335700,59.410000,,
2006-10-20,95.412400,38.806400,22.513500,49.624900,47.149100,56.066400,48.392500,,,33.047700,19.066200,58.780000,,
2006-10-23,95.851700,38.839700,22.493600,49.485900,46.960600,55.902600,48.282700,,,33.245700,19.105800,57.760000,,
2006-10-24,96.137600,38.845300,22.621900,49.552400,46.960600,55.987300,48.365100,,,33.074100,19.240600,58.170000,,
2006-10-25,96.465300,39.117800,22.885100,49.733600,47.332200,56.247300,48.571000,,,33.241300,19.581500,58.760000,,
2006-10-26,96.765100,39.418000,22.940400,49.902800,47.639200,56.524200,48.726500,,,33.571400,19.446700,59.290000,,
2006-10-27,96.158500,39.145600,22.557800,50.065900,47.860000,56.648500,48.882100,,,33.346900,19.502200,59.400000,,
2006-10-30,96.088800,39.062100,22.480400,50.090100,47.994600,56.546800,48.927800,,,33.536200,19.296100,59.900000,,
2006-10-31,96.074800,39.084400,22.911600,50.313700,48.366200,56.857500,49.170300,,,33.593400,19.177200,60.240000,,
2006-11-01,95.426400,39.034300,22.681600,50.488500,48.633800,57.052300,49.309700,,,33.333700,19.422900,61.360000,,
2006-11-02,95.370600,39.162200,22.752400,50.349100,48.433800,56.904600,49.249900,,,32.700100,19.280200,61.920000,,
2006-11-03,95.203200,39.012100,22.823200,49.967000,47.860700,56.586300,48.905300,,,32.339200,19.589400,62.300000,,
2006-11-06,96.277000,39.590400,23.365000,50.015500,48.001300,56.751100,48.960400,,,32.638500,19.859000,61.890000,,
2006-11-07,96.646600,39.634900,23.265500,50.185300,48.222900,56.955700,49.135000,,,32.282000,19.811400,62.040000,,
2006-11-08,96.855700,39.646000,23.325200,50.294500,48.395900,57.058000,49.194800,,,32.392000,19.787600,61.110000,,
2006-11-09,96.346700,39.445800,23.404800,50.288400,48.368900,57.166000,49.245300,,,32.440400,20.049200,62.950000,,
2006-11-10,96.388600,39.601500,23.438000,50.397600,48.579700,57.143200,49.378600,,,32.572500,19.629100,62.490000,,
2006-11-13,96.625600,39.351300,23.517600,50.373300,48.568900,57.012500,49.346400,,,32.651700,19.486400,62.190000,,
2006-11-14,97.350800,39.785000,23.884700,50.476400,48.758100,57.080700,49.424500,,,33.065300,19.541800,61.630000,,
2006-11-15,97.629700,39.773900,23.928900,50.336900,48.574300,56.910300,49.295900,,,33.104900,19.692500,61.840000,,
2006-11-16,97.880700,39.690500,23.687900,50.209600,48.352700,56.592000,49.226900,,,33.329300,19.201000,61.310000,,
2006-11-17,97.908600,39.573700,23.661300,50.391500,48.628400,56.705700,49.387800,,,33.201700,19.438800,61.780000,,
2006-11-20,97.964400,39.273400,23.568400,50.421800,48.704100,56.722700,49.424500,,,34.350300,19.367400,61.770000,,
2006-11-21,98.062000,39.468100,23.944400,50.494600,48.823000,56.813600,49.493500,,,34.904700,19.549800,62.270000,,
2006-11-22,98.257200,39.851700,24.112500,50.573500,48.904100,56.887500,49.548600,,,35.058700,19.621100,62.500000,,
2006-11-24,97.859800,39.640400,24.108100,50.628000,48.990600,57.023900,49.626700,,,35.208400,19.890700,63.500000,,
2006-11-27,96.514100,39.312400,23.652500,50.676600,49.169000,57.114800,49.631300,,,34.257800,19.946200,63.700000,,
2006-11-28,96.932400,39.662700,23.789600,50.767500,49.271700,57.313700,49.727800,,,34.350300,20.001700,63.570000,,
2006-11-29,97.943500,40.113100,24.174400,50.706900,49.158200,57.239800,49.677300,,,34.834300,20.255300,63.160000,,
2006-11-30,97.985300,40.285400,24.282800,50.973700,49.482600,57.467100,49.865700,,,35.199600,20.437700,64.390000,,
2006-12-01,97.769100,40.235400,24.183300,51.091900,49.608500,57.649000,49.924400,,,35.133500,20.429800,64.120000,,
2006-12-04,98.515200,40.496700,24.687500,51.085800,49.695300,57.666000,50.039700,,,35.542800,20.334600,64.120000,,
2006-12-05,98.940500,40.724700,25.118700,51.018900,49.462000,57.626200,50.016700,,,35.270000,20.398000,63.810000,,
2006-12-06,98.856900,40.635800,24.946200,50.939700,49.364300,57.427400,49.892100,,,35.073900,20.128500,62.690000,,
2006-12-07,98.424600,40.774800,24.857800,50.921500,49.326300,57.347800,49.915200,,,34.856300,20.057100,62.730000,,
2006-12-08,98.605900,40.674700,24.747200,50.690200,48.968100,57.171600,49.730600,,,34.970700,19.898600,62.050000,,
2006-12-11,98.891700,40.841500,24.758300,50.848400,49.179800,57.302300,49.841300,,,35.049900,19.930300,62.570000,,
2006-12-12,98.815000,41.008300,24.459700,50.939700,49.282900,57.308000,49.947500,,,34.891500,19.898600,62.520000,,
2006-12-13,98.919600,41.164000,24.592400,50.678000,48.843300,57.080700,49.698300,,,34.711100,19.906500,62.480000,,
2006-12-14,99.791200,41.330800,25.012600,50.598900,48.664300,57.023900,49.652200,,,34.737500,20.136400,62.120000,,
2006-12-15,99.800100,41.164000,25.123200,50.611000,48.691400,56.739800,49.642900,,,34.477900,20.231600,61.000000,,
2006-12-18,99.526600,41.102800,24.948500,50.635400,48.707700,56.637500,49.647500,,,34.262200,19.874200,61.040000,,
2006-12-19,99.715900,41.286300,24.791400,50.623200,48.642600,56.597700,49.638300,,,33.971800,20.109700,61.800000,,
2006-12-20,99.659800,41.214000,25.065800,50.611000,48.637100,56.563600,49.675200,,,34.328300,20.150300,61.620000,,
2006-12-21,99.295200,41.193000,25.020900,50.793600,48.881300,56.688600,49.804400,,,34.046600,19.947300,61.380000,,
2006-12-22,98.685200,41.096500,25.110600,50.562300,48.506900,56.455700,49.647500,,,33.747800,20.101600,61.650000,,
2006-12-26,99.267200,41.085200,25.343900,50.598900,48.653400,56.421600,49.702900,,,34.012500,19.793000,61.980000,,
2006-12-27,99.919200,41.590500,25.705000,50.464100,48.295700,56.217000,49.544100,,,34.295200,19.736100,62.220000,,
2006-12-28,99.708900,41.618900,25.655700,50.348200,48.186800,56.114700,49.442200,,,34.389400,19.882300,62.900000,,
2006-12-29,99.295200,41.573500,25.608600,50.323700,48.148700,56.143100,49.419000,,,34.551000,19.963500,63.210000,,
2007-01-03,99.120000,41.738100,25.826100,50.470300,48.491700,56.387500,49.312500,,,34.604800,19.329900,62.280000,,
2007-01-04,99.330300,41.630200,25.469500,50.653400,48.785700,56.427200,49.683100,,,34.649700,18.826500,61.650000,,
2007-01-05,98.538000,40.994300,24.724800,50.488600,48.573400,56.268100,49.655300,,,34.008000,18.842700,60.170000,,
2007-01-08,98.993700,41.051100,24.904300,50.525200,48.660500,56.307900,49.636700,,,34.057400,18.859000,60.480000,,
2007-01-09,98.909600,41.090800,24.348000,50.513000,48.660500,56.268100,49.646000,,,34.488200,18.696500,60.850000,,
2007-01-10,99.239100,40.778500,24.291900,50.427500,48.442700,56.126100,49.581100,,,34.932400,18.420400,60.590000,,
2007-01-11,99.673800,41.039700,24.599200,50.293200,48.159600,55.938500,49.428300,,,35.385600,18.396000,60.630000,,
2007-01-12,100.431100,41.505300,25.099400,50.189500,47.936300,55.711200,49.377300,,,35.497800,18.826500,62.170000,,
2007-01-16,100.234800,41.454200,25.189100,50.287100,48.039800,55.807800,49.428300,,,36.004800,18.396000,61.970000,,
2007-01-17,100.276800,41.476900,25.083700,50.189500,47.892800,55.802200,49.363400,,,35.986900,18.558500,62.640000,,
2007-01-18,99.940300,41.335000,24.819000,50.256600,48.039800,55.841900,49.507000,,,35.942000,18.363500,62.260000,,
2007-01-19,100.136600,41.840300,25.265400,50.177200,47.909100,55.938500,49.474600,,,36.301000,18.639700,63.000000,,
2007-01-22,99.828100,41.630200,25.236200,50.268800,48.023400,56.029500,49.511700,,,35.995800,18.655900,62.720000,,
2007-01-23,100.122600,41.999300,25.810400,50.122300,47.707600,56.023800,49.377300,,,36.166300,19.248800,64.230000,,
2007-01-24,100.928900,42.271800,26.034700,50.128400,47.702200,56.097700,49.400500,,,36.637500,19.086400,64.330000,,
2007-01-25,99.744000,41.584800,25.234000,49.933100,47.359200,55.927200,49.243000,,,36.861900,18.915800,64.060000,,
2007-01-26,99.652800,41.664300,25.388700,49.927000,47.321100,55.881700,49.210600,,,36.983000,19.151300,64.100000,,
2007-01-29,99.596700,41.709700,25.052300,49.890300,47.217600,55.824900,49.187400,,,37.104200,18.761500,63.770000,,
2007-01-30,100.115600,41.993600,25.440300,49.939200,47.272100,55.984000,49.256900,,,37.288100,19.281300,64.220000,,
2007-01-31,100.788700,42.152600,25.637700,50.122300,47.669500,56.273800,49.465300,,,37.584300,19.484300,64.830000,,
2007-02-01,101.391600,42.504600,25.951700,50.086200,47.612100,56.086300,49.445600,,,37.732400,19.411200,65.220000,,
2007-02-02,101.531900,42.419500,25.873200,50.129100,47.672300,56.188600,49.492100,,,37.799700,19.663000,64.280000,,
2007-02-05,101.559900,42.283200,25.897900,50.184200,47.737900,56.217000,49.557200,,,37.799700,19.597200,64.310000,,
2007-02-06,101.588000,42.612500,26.153600,50.325200,48.000300,56.217000,49.687500,,,38.356100,19.500700,64.790000,,
2007-02-07,101.812300,42.731700,26.052700,50.435500,48.142400,56.313600,49.757300,,,39.159300,19.265100,64.630000,,
2007-02-08,101.679100,42.561400,25.913600,50.447700,48.180700,56.256800,49.813100,,,38.858600,19.711800,65.520000,,
2007-02-09,100.921900,42.379700,25.604100,50.294500,47.907300,56.114700,49.603700,,,38.409900,19.833600,66.120000,,
2007-02-12,100.578300,42.215100,25.429100,50.227100,47.798000,55.972600,49.613000,,,37.714400,19.460000,65.670000,,
2007-02-13,101.426700,42.754500,25.832900,50.190400,47.694100,55.978300,49.582200,,,38.445800,19.817300,65.840000,,
2007-02-14,102.092800,43.333600,26.389100,50.478400,48.147900,56.347700,49.864300,,,38.172100,19.549300,66.370000,,
2007-02-15,102.226000,43.384700,26.404800,50.558000,48.290000,56.330600,49.957300,,,38.454800,19.549300,66.410000,,
2007-02-16,102.176900,43.367700,26.465400,50.613200,48.459500,56.518200,50.008500,,,38.356100,19.890400,66.360000,,
2007-02-20,102.394300,43.430100,26.534900,50.674400,48.568900,56.523800,50.087600,,,38.652200,19.671100,65.310000,20.631500,
2007-02-21,102.352200,43.208700,26.609000,50.668300,48.486800,56.603400,50.055000,,,38.526600,20.093500,67.280000,20.672700,
2007-02-22,102.275100,43.401700,26.579800,50.539600,48.224400,56.569300,49.985200,,,38.320200,20.369600,67.150000,20.672700,
2007-02-23,101.875400,43.538000,26.355500,50.741900,48.568900,56.734100,50.148100,,,37.651600,20.499600,67.720000,20.606800,
2007-02-26,101.784300,43.560700,26.344300,50.901200,48.891400,56.972800,50.352800,,,37.463100,20.556400,68.100000,20.606800,
2007-02-27,97.808800,41.806200,24.202200,51.330100,49.509200,57.478500,50.548200,,,36.301000,20.166600,65.410000,20.491600,
2007-02-28,98.811400,42.118500,24.617100,51.152400,49.285000,57.387600,50.445800,,,36.525300,20.540200,66.480000,20.524600,
2007-03-01,98.517000,41.670000,24.451200,51.198300,49.253700,57.472000,50.464900,,,36.202200,20.329000,65.820000,20.549200,
2007-03-02,97.226900,41.107900,24.215600,51.364300,49.500700,57.586000,50.605100,,,35.627900,20.142200,63.710000,20.541000,
2007-03-05,96.301400,40.256200,23.616800,51.395100,49.583000,57.546100,50.530300,,,34.241400,19.841700,62.930000,20.672700,
2007-03-06,97.949000,41.505300,24.641800,51.327500,49.434800,57.466300,50.338800,,,35.497800,20.028500,64.150000,20.656200,
2007-03-07,97.850900,41.516700,24.471400,51.419700,49.626900,57.551800,50.385500,,,34.999700,20.304700,64.300000,20.573900,
2007-03-08,98.678200,42.005000,25.072500,51.413500,49.583000,57.500500,50.450900,,,35.560600,20.337100,64.480000,20.672700,
2007-03-09,98.706300,42.073100,25.164400,51.124600,49.061700,57.238400,50.320100,,,36.031700,20.069100,64.250000,20.705600,
2007-03-12,98.853500,42.340000,25.296800,51.266000,49.253700,57.289600,50.427600,,,36.211200,19.882300,64.370000,20.639700,
2007-03-13,96.932400,41.335000,24.471400,51.493400,49.550100,57.517600,50.455600,,,35.358700,19.728000,63.720000,20.590400,
2007-03-14,97.654600,41.352000,24.756200,51.425800,49.325100,57.523300,50.408900,,,35.529200,19.768600,63.940000,20.541000,
2007-03-15,97.787800,41.539400,24.958100,51.370500,49.319600,57.506200,50.418200,,,35.847800,19.646800,63.980000,20.541000,
2007-03-16,97.514200,41.590500,24.729300,51.364300,49.308600,57.540400,50.222000,,,35.448400,19.695500,64.620000,20.466900,
2007-03-19,98.689700,42.232100,25.301300,51.296700,49.204400,57.534700,50.128600,,,35.802900,19.793000,64.740000,20.573900,
2007-03-20,99.231700,42.589800,25.424600,51.370500,49.231800,57.546100,50.264000,,,35.946500,19.817300,65.270000,20.450500,
2007-03-21,100.864800,43.498300,26.216400,51.444300,49.253700,57.762600,50.413500,,,36.381700,19.849800,65.820000,20.392800,
2007-03-22,100.787400,43.333600,26.104300,51.272100,48.864100,57.591700,50.273400,,,36.417600,20.174700,65.760000,20.389600,
2007-03-23,100.935200,43.435800,26.250100,51.192200,48.726900,57.551800,50.142600,,,36.440100,20.182800,65.150000,20.516300,
2007-03-26,100.801500,43.452800,26.160300,51.235200,48.787300,57.756900,50.236000,,,35.856500,20.272200,65.840000,20.450500,
2007-03-27,100.562100,43.259800,26.093100,51.222900,48.705000,57.739800,50.226700,,,35.481900,20.329000,65.700000,20.442200,
2007-03-28,99.830100,42.879400,25.680300,51.216800,48.606200,57.660000,50.194000,,,35.247300,20.523900,66.050000,20.442200,
2007-03-29,99.935600,43.254100,26.135700,51.143000,48.540300,57.586000,50.133200,,,35.305900,20.921900,65.650000,20.466900,
2007-03-30,99.956800,43.299500,26.131200,51.081500,48.447000,57.574600,50.114500,,,35.811400,20.611300,65.740000,20.401100,
2007-04-02,100.069400,43.435800,26.344300,51.138300,48.527400,57.596900,50.143700,,,36.037000,20.410200,65.850000,20.446800,
2007-04-03,101.146400,43.799200,26.714400,51.095100,48.466900,57.345300,50.115600,,,36.353000,20.329000,65.830000,20.475100,
2007-04-04,101.259000,43.980900,26.914000,51.175300,48.516400,57.528300,50.157800,,,36.172400,20.556400,66.810000,20.450500,
2007-04-05,101.533500,44.139900,26.983500,51.045700,48.334700,57.516800,50.054500,,,36.136300,20.597000,66.860000,20.384600,
2007-04-09,101.674300,44.105800,27.089000,50.811200,48.015200,57.259500,49.890300,,,36.204000,20.385900,66.530000,20.516300,
2007-04-10,101.794000,44.435100,27.216800,50.916100,48.158400,57.396700,49.993500,,,36.353000,20.670100,67.160000,20.450500,
2007-04-11,101.378700,44.219300,26.965600,50.854400,48.125300,57.305200,49.899700,31.505400,,35.811400,20.637700,67.080000,20.448000,
2007-04-12,101.829200,44.514600,27.416400,50.903700,48.136400,57.305200,49.974800,31.526600,,35.567700,20.759500,66.990000,20.327000,
2007-04-13,102.293800,44.662200,27.582400,50.817300,47.987600,57.162300,49.890300,31.469200,,35.969300,20.873200,67.840000,20.318800,
2007-04-16,103.265200,45.133500,27.892000,50.872900,48.252000,57.345300,49.932500,31.457100,,36.014500,20.710700,68.400000,20.236500,
2007-04-17,103.539700,45.139200,27.728200,51.088900,48.521900,57.379600,50.204700,31.442000,,36.483800,20.499600,68.000000,20.228300,
2007-04-18,103.666400,45.122100,27.517400,51.206200,48.764300,57.568300,50.218800,31.451100,,36.258200,20.507700,68.380000,20.203600,
2007-04-19,103.638300,44.951800,27.299800,51.200000,48.681700,57.539700,50.251700,31.559800,,36.014500,20.450800,67.530000,20.203600,
2007-04-20,104.616700,45.468500,27.625000,51.144400,48.555000,57.562600,50.237600,31.540400,,36.285300,20.735100,68.700000,20.129500,
2007-04-23,104.222500,45.025600,27.479200,51.249400,48.731300,57.694100,50.383100,31.559800,,36.691400,20.873200,68.260000,20.236500,
2007-04-24,104.264800,44.997200,27.519600,51.348100,48.913000,57.791300,50.509800,31.777100,,36.443200,20.588900,67.730000,20.211800,
2007-04-25,105.222100,45.417400,27.822400,51.317200,48.742300,57.797100,50.439400,31.825500,,36.420700,20.995000,67.890000,20.178900,
2007-04-26,105.341800,45.207300,27.777600,51.169100,48.389700,57.636900,50.331400,31.882800,,36.443200,20.848800,66.870000,20.261200,
2007-04-27,105.257300,45.110800,27.647500,51.169100,48.378700,57.648400,50.317400,31.882800,,36.353000,20.954400,67.560000,20.195300,
2007-04-30,104.384400,44.946100,27.104700,51.391300,48.885500,57.957200,50.561400,31.885800,,35.766300,20.767600,67.090000,20.154200,
2007-05-01,104.651900,44.900700,27.212300,51.394100,48.920900,57.948900,50.533200,31.889800,,35.454900,20.808200,66.690000,20.277600,
2007-05-02,105.264300,45.241400,27.752900,51.332100,48.893200,57.943200,50.519100,31.877700,,35.734700,20.645800,66.660000,20.294100,
2007-05-03,105.834500,45.303800,27.999600,51.276400,48.782700,57.799700,50.448300,31.880800,,35.829400,20.743200,67.490000,20.318800,
2007-05-04,106.235700,45.729700,27.977200,51.406500,48.981700,57.828400,50.570900,31.920100,,35.518000,20.702600,68.190000,20.244700,
2007-05-07,106.256800,45.797800,28.158900,51.449800,49.114400,57.788200,50.632200,31.917100,,35.617300,20.605200,68.250000,20.294100,
2007-05-08,106.116100,45.423100,27.793300,51.449800,49.003800,57.857100,50.603900,31.941300,,35.382600,20.475200,67.880000,20.351700,
2007-05-09,106.404700,45.672900,28.241900,51.282600,48.810300,57.673400,50.523800,31.856500,,35.766300,20.369600,67.450000,20.376400,
2007-05-10,105.292500,44.770100,27.551000,51.412700,48.926400,57.799700,50.547300,31.971600,,35.287900,20.288400,66.000000,20.401100,
2007-05-11,106.193500,45.525300,28.250800,51.307300,48.755000,57.696300,50.495500,31.989700,,35.766300,20.588900,66.450000,20.417500,
2007-05-14,105.961200,45.354900,27.970500,51.233000,48.627900,57.604500,50.443600,31.986700,,35.563200,20.515800,66.280000,20.401100,
2007-05-15,105.989400,45.434400,28.010800,51.226800,48.611300,57.449500,50.330500,31.962500,,35.021600,20.718900,66.540000,20.335200,
2007-05-16,106.714400,45.502500,28.410100,51.195800,48.578100,57.392100,50.448300,32.047300,,34.588300,20.515800,65.600000,20.425800,
2007-05-17,106.503200,45.269800,28.295700,51.059500,48.379100,57.369100,50.297500,32.038200,,33.988100,20.686400,65.060000,20.475100,
2007-05-18,107.432400,45.621800,28.452700,50.910900,48.058400,57.219800,50.156100,32.047300,,33.645100,20.653900,65.520000,20.434000,
2007-05-21,107.376100,45.406000,28.490800,50.979000,48.202200,57.363400,50.222100,32.077500,,33.780500,20.856900,65.670000,20.491600,
2007-05-22,107.291600,45.445800,28.508800,50.836500,47.953400,57.139500,50.061800,32.080600,,34.281500,20.556400,65.220000,20.499800,
2007-05-23,107.305700,45.678600,28.463900,50.737400,47.815200,57.133700,50.014600,32.056400,,34.019700,20.653900,65.540000,20.483400,
2007-05-24,106.334300,45.241400,27.779800,50.805500,47.859400,57.202600,50.075900,32.065400,,33.451000,20.540200,64.750000,20.516300,
2007-05-25,106.777800,45.530900,28.206000,50.749800,47.748800,57.283000,50.042900,32.110800,,33.640600,20.792000,64.940000,20.499800,
2007-05-29,107.164900,45.587700,28.109500,50.644500,47.743300,57.110800,49.943900,31.983700,,34.841100,20.337100,65.070000,20.508100,
2007-05-30,108.037800,45.780800,28.394400,50.694000,47.842800,57.162400,49.981600,32.056400,,35.775300,20.532100,64.720000,20.541000,70.548700
2007-05-31,107.925100,46.007900,28.441500,50.675400,47.754400,57.196900,49.939200,32.004900,,35.630900,20.718900,65.540000,20.508100,70.548700
2007-06-01,108.460100,46.308800,29.188400,50.457300,47.503500,57.004600,49.748100,32.000500,,35.680500,20.873200,66.440000,20.516300,70.564100
2007-06-04,108.474200,46.433700,29.058300,50.538100,47.720000,57.154500,49.828600,32.027900,,35.824900,21.060000,66.540000,20.434000,70.579500
2007-06-05,108.044800,46.195200,28.957400,50.376400,47.420300,56.946900,49.667500,31.982200,,35.256300,20.978800,66.370000,20.376400,70.579500
2007-06-06,106.883300,45.530900,28.228400,50.401300,47.398100,56.993000,49.710200,31.942600,,35.017100,20.970600,66.410000,20.409300,70.610300
2007-06-07,104.954600,44.753100,27.793300,49.897500,46.548900,56.497100,49.179700,31.793400,,33.915900,21.076200,65.260000,20.541000,70.594900
2007-06-08,106.320200,45.241400,28.284500,49.990800,46.510000,56.600900,49.203400,31.708200,,34.322100,20.702600,64.220000,20.606800,70.610300
2007-06-11,106.503200,45.394700,28.526700,49.860100,46.376800,56.479800,49.051800,31.641200,,33.807600,21.100600,64.700000,20.656200,70.641100
2007-06-12,105.341800,44.588400,28.046700,49.505600,45.705300,56.128000,48.788000,31.479900,,33.220900,21.043700,64.100000,20.697300,70.579500
2007-06-13,106.918500,45.167600,28.591800,49.667300,46.249200,56.335600,48.999700,31.534700,,33.956500,21.311800,64.530000,20.738500,70.641100
2007-06-14,107.601300,45.502500,29.040400,49.679800,46.132600,56.370200,48.985500,31.559000,,33.590900,21.514800,64.600000,20.763200,70.671900
2007-06-15,108.213300,45.871600,29.702100,49.897500,46.449000,56.537500,49.179400,31.552900,,33.961000,21.644800,64.850000,20.648000,70.733500
2007-06-18,108.086000,46.127100,29.729000,49.872600,46.354600,56.491300,49.174900,31.571200,,33.437500,21.644800,64.950000,20.623300,70.748900
2007-06-19,108.354700,46.172500,29.762600,50.115200,46.787500,56.791200,49.492300,31.610800,,33.500700,21.433600,65.480000,20.631500,70.748900
2007-06-20,106.848900,45.627500,29.509200,49.953400,46.410100,56.577800,49.255500,31.330700,,32.494300,21.458000,64.710000,19.849700,70.764300
2007-06-21,107.442700,46.041900,29.877000,49.891200,46.188100,56.554800,49.127600,31.388500,,32.674700,21.360500,64.560000,20.656200,70.764300
2007-06-22,106.431800,45.406000,29.482300,50.040500,46.487800,56.785400,49.260200,31.449400,,32.552900,21.311800,64.780000,20.532800,70.825900
2007-06-25,105.922700,45.394700,29.258000,50.202200,46.743100,56.918100,49.317000,31.266800,,32.019200,21.230500,64.430000,20.598600,70.795100
2007-06-26,104.834000,45.167600,29.002300,50.214700,46.754200,56.802700,49.307600,31.358100,,31.895800,20.986900,63.620000,20.565700,70.810500
2007-06-27,106.325700,45.491200,29.406000,50.208500,46.798600,56.831600,49.307600,31.248500,,32.713800,20.954400,63.670000,20.598600,70.795100
2007-06-28,106.311600,45.570700,29.421700,50.177400,46.787500,56.739300,49.255500,31.084100,,32.544700,20.889400,64.260000,20.598500,70.825900
2007-06-29,106.346900,45.860300,29.529400,50.438600,47.270400,57.073800,49.534900,30.995800,,32.421300,20.873200,64.270000,20.476100,70.856700
2007-07-02,107.308400,46.524600,30.123800,50.515600,47.518900,57.245900,49.412100,31.238500,,33.170700,21.003100,65.020000,20.368200,70.877000
2007-07-03,107.697200,46.746000,30.363800,50.365700,47.229200,57.014200,49.421600,31.180400,,33.079400,21.027500,64.740000,20.335200,70.877000
2007-07-05,107.584100,46.513200,30.498300,50.084800,46.699900,56.776700,49.102800,31.067000,,33.577400,21.222400,64.420000,20.434000,70.877000
2007-07-06,108.149700,46.848200,31.021000,49.966100,46.510500,56.655000,49.007600,31.100700,,33.536300,21.401100,64.960000,20.396600,70.908000
2007-07-09,108.234500,46.961800,31.321500,50.147200,46.677600,56.834600,49.107600,31.195700,,33.513500,21.352400,65.380000,20.401100,70.923400
2007-07-10,106.693300,46.388300,30.702500,50.490600,47.468700,57.286400,49.445400,31.113000,,32.663500,21.506700,65.610000,20.261200,70.938900
2007-07-11,107.449800,46.825500,30.958200,50.315800,46.978500,57.037300,49.221700,30.880200,,32.599500,21.555400,65.440000,20.236500,70.938900
2007-07-12,109.146500,47.478500,31.637800,50.172200,46.816900,56.846200,49.026700,30.972100,,33.020000,21.612300,66.020000,20.203600,70.954400
2007-07-13,109.471700,47.444400,32.019100,50.284600,46.945000,56.933100,49.240800,31.100700,,33.335300,21.644800,66.030000,20.223300,70.969800
2007-07-16,109.457500,47.336500,31.698400,50.484400,47.396300,57.106900,49.369200,31.113000,,33.056500,21.263000,65.820000,20.211800,70.985300
2007-07-17,109.401000,47.177500,31.691600,50.378200,47.296000,57.060500,49.264600,31.149700,,32.937700,21.133100,65.750000,20.211800,71.016300
2007-07-18,109.203000,47.012900,31.303600,50.559300,47.474300,57.280600,49.407300,30.917000,,32.864600,21.376700,66.620000,20.195300,71.000800
2007-07-19,109.627200,47.279700,31.604200,50.553100,47.463200,57.350100,49.302600,30.949700,,32.988000,21.449800,67.010000,20.187100,71.016300
2007-07-20,108.517300,46.791400,31.397800,50.802800,47.892200,57.570200,49.440600,30.871000,,32.412200,21.441700,67.580000,20.154200,71.047200
2007-07-23,108.849500,47.075300,32.306200,50.784100,47.814200,57.448600,49.383500,30.802700,,31.850100,21.344300,67.470000,20.195300,71.047200
2007-07-24,106.962000,46.365600,31.200400,50.921500,47.992500,57.628200,49.321700,30.626000,,31.205800,21.181800,67.470000,20.039000,71.047200
2007-07-25,107.181100,46.240700,31.379900,50.990200,48.087200,57.801900,49.359700,30.335100,,30.867700,21.368600,66.900000,20.211800,71.062700
2007-07-26,104.643200,44.702000,29.874800,51.396000,48.488300,58.074200,49.255100,29.906300,,30.301000,21.141200,65.650000,20.121300,71.078100
2007-07-27,102.585900,44.083100,29.394800,51.495900,48.627600,58.161100,49.074200,29.407100,,29.295700,21.344300,65.410000,20.285900,71.109100
2007-07-30,104.190700,44.866600,30.357000,51.364800,48.488300,58.097300,49.150400,29.691900,,29.862400,21.100600,65.770000,20.318800,71.047200
2007-07-31,103.017200,44.809800,29.735700,51.577100,48.839300,58.387000,49.126600,29.793000,,29.743500,21.271200,65.790000,20.285900,71.140000
2007-08-01,103.519100,44.883700,29.619100,51.434300,48.733600,58.145400,49.285300,29.731400,,30.136500,21.238700,65.930000,20.294100,71.117400
2007-08-02,104.346200,45.019900,29.946600,51.471900,48.856700,58.174500,49.218400,29.900900,,30.634600,21.271200,65.890000,20.327000,71.133000
2007-08-03,101.659800,44.208000,28.654600,51.804100,49.181100,58.354800,49.462200,29.900900,,29.451100,21.035600,66.690000,20.137700,71.101900
2007-08-06,103.363600,44.690600,29.166000,51.597200,48.823100,57.970800,49.290100,29.836200,,30.479300,20.743200,66.520000,20.178900,71.179600
2007-08-07,104.466400,44.843900,29.383600,51.591000,48.783900,57.976700,49.423900,30.048900,,30.648300,20.856900,66.480000,20.236500,71.195100
2007-08-08,105.922700,45.570700,30.370500,51.233700,48.191100,57.761400,49.476500,30.403400,,31.859300,20.824500,66.770000,20.178900,71.164000
2007-08-09,102.783900,44.270400,29.114400,51.522000,48.258200,57.947600,49.433500,30.372600,,31.507400,20.662000,65.460000,20.335200,71.226200
2007-08-10,102.303100,43.509600,28.609700,51.446800,48.146300,57.819600,49.213600,30.310900,,30.556900,20.735100,66.570000,20.351700,71.272800
2007-08-13,102.670800,43.594800,28.892300,51.528300,48.286200,58.075600,49.385700,30.532900,,30.410700,20.588900,66.260000,20.409300,71.288300
2007-08-14,101.101300,43.174600,28.145400,51.716300,48.414800,58.145400,49.694700,30.295500,,29.537900,20.657000,66.290000,20.541000,71.272800
2007-08-15,99.708600,42.164000,27.039600,51.810400,48.241400,58.145400,49.560100,30.465000,,29.039800,20.808200,66.130000,20.631500,71.288300
2007-08-16,100.458000,41.982300,26.579800,52.011000,48.739200,58.273400,49.079700,30.425000,,30.205100,20.450800,64.680000,20.573900,71.381500
2007-08-17,102.303100,42.368400,27.420900,52.048600,48.543400,58.465400,49.165800,30.733200,,30.890500,20.434600,65.010000,20.516300,71.428100
2007-08-20,102.253700,42.504600,27.477000,52.161400,48.571400,58.459500,49.519600,30.440400,,31.457100,20.491500,65.120000,20.565700,71.490300
2007-08-21,102.458700,42.476200,27.376100,52.387100,48.806300,58.663200,49.619900,30.283200,,31.603400,20.459000,65.070000,20.574000,71.474700
2007-08-22,103.674600,43.481200,28.553600,52.217800,48.728000,58.529400,49.720300,30.517400,,31.987200,20.507700,65.400000,20.516300,71.474700
2007-08-23,103.582700,43.674300,28.699400,52.236600,48.895800,58.558500,49.744200,30.702400,,31.438900,20.572700,65.310000,20.483400,71.428100
2007-08-24,104.862300,44.435100,29.383600,52.255400,49.136300,58.634100,49.854200,30.779500,,31.607900,20.816300,66.110000,20.392800,71.412600
2007-08-27,103.886700,43.963800,29.518100,52.399600,49.393600,58.703900,49.720300,30.979800,,30.922500,20.840700,65.980000,20.376400,71.319400
2007-08-28,101.603300,43.078100,28.318100,52.669200,49.477500,58.878400,50.145800,30.872000,,29.976600,20.621400,65.590000,20.376400,71.397000
2007-08-29,103.596900,44.066000,29.439600,52.468600,49.343300,58.634100,49.916400,30.995200,,31.073300,20.816300,66.070000,20.356600,71.443700
2007-08-30,103.321200,43.759400,29.289400,52.731900,49.673300,58.890100,50.064600,31.060000,,31.233200,20.856900,65.800000,20.450500,71.459200
2007-08-31,104.339200,44.526000,30.045300,52.744400,49.712400,58.866800,50.298800,31.340500,,31.749600,20.865100,66.520000,20.401100,71.443700
2007-09-04,105.392500,44.934800,30.552200,52.647200,49.736700,58.914200,50.188800,31.558400,,32.170000,21.100600,67.440000,20.434000,71.456100
2007-09-05,104.480600,44.281800,30.090100,52.974500,50.135500,59.188900,50.385800,31.570700,,31.397700,21.141200,67.560000,20.356600,71.471700
2007-09-06,104.720900,44.446500,30.325600,52.861200,50.006300,59.060300,50.270500,31.552100,,31.676500,21.060000,68.860000,20.302300,71.471700
2007-09-07,103.264600,43.907100,29.641500,53.427600,50.714000,59.738100,50.544300,31.192400,,30.913400,21.198100,69.390000,20.187100,71.518500
2007-09-10,103.066700,43.725400,29.663900,53.547200,51.107100,59.960200,50.693200,31.325700,,30.593500,21.344300,69.620000,20.162400,71.534100
2007-09-11,104.268500,44.480500,30.262800,53.433900,51.067800,59.960200,50.400200,31.583200,,31.228700,21.393000,70.520000,20.187100,71.456100
2007-09-12,104.537100,44.526000,30.370500,53.301700,50.876800,59.936800,50.193600,31.725800,,31.045900,21.620400,70.460000,20.088400,71.565300
2007-09-13,105.272400,44.713300,30.706900,52.987100,50.421900,59.621300,50.121600,31.614200,,31.745000,21.458000,70.080000,20.146000,71.549700
2007-09-14,105.265300,44.452100,30.767500,53.056300,50.494900,59.720600,50.260900,31.911900,,31.950700,21.474200,69.990000,20.195300,71.596500
2007-09-17,104.699700,43.827600,30.572400,53.087800,50.736400,59.936800,50.241700,32.057700,,31.717600,21.726000,70.970000,20.178900,71.627600
2007-09-18,107.782000,45.252700,32.052800,53.031100,50.354500,59.977700,50.361700,32.287200,,32.846300,21.807200,71.700000,20.113000,71.580900
2007-09-19,108.418300,45.661500,32.198600,52.842300,49.888400,59.808300,50.083100,32.904400,,33.463200,21.994000,71.430000,20.104800,71.612100
2007-09-20,107.654800,45.621800,32.097600,52.244400,48.944900,59.136300,49.991900,32.098000,,32.595000,22.335100,72.720000,19.953400,71.565300
2007-09-21,107.945100,45.820500,32.523800,52.508700,49.360500,59.370000,50.227200,32.178700,,32.828000,22.489400,72.340000,19.964900,71.596500
2007-09-24,107.746200,45.922700,32.927500,52.578000,49.500900,59.276500,50.477000,32.395800,,33.450400,22.448800,72.280000,19.956700,71.658800
2007-09-25,107.533100,45.979500,32.804200,52.584300,49.326800,59.165500,50.448200,32.473300,,32.619300,22.286400,72.330000,19.907300,71.674400
2007-09-26,108.101400,46.206600,33.241600,52.603100,49.371700,59.223900,50.573100,32.355500,,33.094900,22.318900,72.000000,19.973100,71.596500
2007-09-27,108.740600,46.819800,33.735000,52.773100,49.714300,59.574500,50.702800,32.256200,,33.348800,22.903700,72.700000,19.940200,71.612100
2007-09-28,108.378400,46.893600,33.521900,52.792000,49.826600,59.621300,50.669100,32.256200,,32.993300,22.830600,73.510000,19.792000,71.580900
2007-10-01,109.600100,47.495500,34.576200,52.855200,50.111300,59.753500,50.342400,32.379600,,33.796700,22.595000,73.900000,19.816800,71.659900
2007-10-02,109.450900,47.376200,34.811700,52.968900,50.269200,59.812200,50.294200,32.442000,,34.410700,22.140200,72.350000,19.940200,71.612900
2007-10-03,109.230800,47.160500,33.757500,52.931000,50.122600,59.700700,50.520900,32.270300,,34.244500,22.164600,71.900000,20.001100,71.628600
2007-10-04,109.401200,47.325100,34.093900,53.025800,50.314300,59.788700,50.921400,32.407600,,34.595400,22.473200,72.870000,19.973100,71.706800
2007-10-05,110.701100,47.807800,35.231100,52.558300,49.773000,59.436700,50.714000,32.426400,,35.408000,22.538200,73.400000,19.940200,71.628600
2007-10-08,110.111500,47.364900,34.856500,52.747800,49.733600,59.542300,50.892500,32.535600,,34.738600,22.067100,72.530000,20.063700,71.738100
2007-10-09,111.148600,47.892900,35.399300,52.583600,49.671600,59.336900,50.670500,32.560600,,35.126400,22.221400,73.090000,19.989600,71.691200
2007-10-10,110.963900,47.802100,35.446500,52.634100,49.699700,59.378000,50.849100,32.532500,,34.881700,22.481300,73.360000,19.932000,71.753800
2007-10-11,110.431200,48.023500,35.134700,52.640400,49.649000,59.278200,50.955200,32.579300,,34.743200,22.733100,73.910000,19.948500,71.738100
2007-10-12,111.042000,48.233600,35.776200,52.463500,49.406600,59.202000,50.675400,32.613600,,34.415400,22.838700,74.590000,19.915500,71.753800
2007-10-15,110.104400,47.841800,35.338800,52.514100,49.417800,59.202000,50.834600,32.769700,,33.769000,23.228500,75.140000,19.890800,71.722500
2007-10-16,109.230800,47.103700,34.683800,52.659400,49.434800,59.372100,50.919500,32.644800,,33.358100,23.252900,75.120000,19.915500,71.769400
2007-10-17,109.564600,47.603400,35.484600,52.981500,49.976000,59.730000,51.162700,32.242200,,33.307300,23.131100,74.500000,19.907300,71.800700
2007-10-18,109.166800,47.716900,35.664000,53.183700,50.252300,59.906100,51.167500,32.226600,,33.316500,23.545300,76.000000,19.783900,71.800700
2007-10-19,106.311400,46.666500,34.138800,53.638500,51.002100,60.416500,51.500500,32.083100,,31.899100,23.478500,75.700000,19.742700,71.863300
2007-10-22,106.929400,46.609700,34.385500,53.537500,51.007800,60.269800,51.500500,31.786600,,32.734800,23.415300,74.600000,19.907300,71.832000
2007-10-23,107.795900,47.268400,35.338800,53.524800,50.940100,60.293300,51.196500,32.051900,,33.081000,23.252900,75.230000,19.783900,71.832000
2007-10-24,107.597000,47.166200,35.107800,53.796500,51.317900,60.522100,51.510100,32.051900,,32.527000,23.334100,75.520000,19.750900,71.863300
2007-10-25,107.852800,47.381900,35.554100,53.752200,51.143100,60.692300,51.389500,32.098700,,32.596300,23.878300,76.030000,19.709800,71.847700
2007-10-26,109.117100,48.239300,36.561200,53.619600,51.024700,60.639500,51.307500,32.173600,,33.090300,24.243800,77.690000,19.627500,71.816400
2007-10-29,109.479400,48.591300,37.402400,53.663800,51.222000,60.903500,51.418500,32.270300,,32.550100,24.641700,78.120000,19.594600,71.879000
2007-10-30,108.719300,48.205200,36.695800,53.720700,51.193800,60.604300,51.423300,32.207900,,32.997900,24.089400,77.350000,19.634000,71.847700
2007-10-31,109.848700,48.886600,37.501100,53.360600,50.731500,60.316800,51.157900,32.410800,,33.685900,24.771700,78.620000,19.545200,71.863300
2007-11-01,107.277400,47.858900,35.987000,53.795800,51.390700,60.869900,51.548400,32.200300,,32.111500,24.454900,77.930000,19.611000,71.911600
2007-11-02,107.398200,48.125700,36.191100,53.941600,51.554900,61.211300,51.228500,32.121700,,31.654400,24.982800,79.830000,19.421800,71.958700
2007-11-05,106.581300,47.359200,34.932800,53.878200,51.532200,61.240700,51.354600,32.106000,,31.197300,24.820400,79.750000,19.520500,71.958700
2007-11-06,108.016100,48.074600,36.258400,53.783100,51.283100,61.246600,51.039500,32.272500,,31.589700,25.470200,81.430000,19.454700,71.958700
2007-11-07,105.061300,47.240000,35.103300,53.979600,51.373700,61.281900,51.005600,32.231700,,30.606300,25.340200,82.240000,19.355900,72.005900
2007-11-08,104.528500,47.325100,35.282700,54.100100,51.283100,61.470300,51.088000,31.823300,,30.698700,25.275200,82.230000,19.339500,71.958700
2007-11-09,103.093700,46.405300,34.452800,54.423400,51.719100,62.005900,51.315800,31.964600,,30.449300,25.267100,82.180000,19.339500,72.021600
2007-11-12,102.070900,45.644500,32.546200,54.518500,51.906000,62.206000,51.296400,32.090300,,30.800200,24.714800,78.300000,19.520500,72.053000
2007-11-13,105.182000,46.870900,34.845300,54.239500,51.713500,61.611500,51.039500,31.964600,,31.820600,24.243800,79.120000,19.446400,72.037300
2007-11-14,104.890800,46.797100,34.879000,54.277600,51.770100,61.617400,50.821400,32.043200,,31.174200,24.787900,80.280000,19.454700,72.005900
2007-11-15,103.377800,46.024900,34.076000,54.581900,52.257100,61.746900,51.015300,32.033800,,31.118800,24.544300,77.950000,19.504100,72.053000
2007-11-16,103.555400,46.172500,34.497700,54.581900,52.330700,61.870500,51.020100,32.043200,,30.537100,24.625500,77.750000,19.479400,72.053000
2007-11-19,102.113500,44.951800,32.907400,54.974900,52.670500,62.376700,51.412700,32.043200,,29.872200,24.812300,77.240000,19.421800,72.084400
2007-11-20,102.738600,45.956800,33.811300,54.829100,52.613900,62.311900,51.088000,31.729000,,29.295100,25.429500,79.470000,19.240700,72.100100
2007-11-21,100.636100,44.917700,32.108800,55.260200,52.919700,62.835700,51.446600,31.132100,,29.091900,25.462000,79.360000,19.142000,72.131500
2007-11-23,102.376300,46.047600,33.057600,55.095400,53.078200,62.794500,51.189800,31.072500,,29.664400,25.697600,81.250000,19.285200,72.147200
2007-11-26,100.117500,45.326500,31.745500,55.849700,54.125800,63.506700,52.038000,31.414900,,28.242400,25.380800,81.300000,19.183100,72.100100
2007-11-27,101.268200,45.939700,32.961200,55.329900,53.610500,62.935800,51.592100,31.462000,,28.902600,25.177800,80.100000,19.290100,72.162900
2007-11-28,104.507200,47.245700,34.766800,55.133400,53.248100,62.464900,51.233400,31.760400,,30.172300,24.869100,79.570000,19.347700,72.178600
2007-11-29,104.542700,46.859600,34.340600,55.444000,53.706800,62.847500,51.427300,31.917500,,29.687500,24.926000,78.280000,19.454700,72.131500
2007-11-30,105.594000,47.115100,34.632200,55.520100,53.446300,62.800400,51.679300,32.046300,,30.495500,24.617400,77.320000,19.602800,72.147200
2007-12-03,104.897900,46.939100,34.331700,55.739800,53.870400,63.010300,51.698800,32.369500,,30.167700,24.796000,78.280000,19.561700,72.129100
2007-12-04,103.960300,46.643800,34.241900,55.790600,53.864800,62.898100,51.723100,32.246200,,29.355100,24.909700,79.400000,19.421800,72.144800
2007-12-05,105.700500,47.183200,35.762700,55.580700,53.222300,62.230300,51.528400,31.866900,,30.343100,24.722900,78.630000,19.660400,72.144800
2007-12-06,107.213500,47.631800,36.325700,55.288100,52.756100,62.041200,51.148700,32.151400,,31.308100,25.169600,79.370000,19.652200,72.160600
2007-12-07,107.192200,47.444400,35.895100,54.931900,52.164800,61.722100,50.710600,32.135600,,31.197300,25.088400,78.600000,19.685100,72.223600
2007-12-10,108.023200,47.932700,35.906300,54.804700,51.852100,61.639400,50.744600,32.088200,,31.866800,25.072200,80.000000,19.545200,72.176300
2007-12-11,105.061300,46.683500,34.385500,55.555300,52.869800,62.313000,51.236300,32.056500,,30.186200,25.291500,78.840000,19.504100,72.270800
2007-12-12,106.098300,47.620400,35.417300,55.091000,52.324000,62.070800,51.075700,32.230400,,30.084600,25.981800,80.490000,19.578500,72.255100
2007-12-13,105.878100,46.649500,34.443800,54.683900,51.755400,61.692600,50.783600,32.214600,,29.742900,25.705700,78.500000,19.644000,72.286600
2007-12-14,104.535600,45.389000,33.622900,54.524800,51.516600,61.651200,50.209100,32.262000,,28.995000,25.527000,78.520000,19.890800,72.239300
2007-12-17,103.044000,44.423800,32.189600,54.849200,51.977200,62.100300,50.698500,32.088200,,28.099300,25.402200,78.130000,20.056800,72.270800
2007-12-18,103.619300,44.980200,33.073300,54.957400,52.312600,62.165300,50.851700,32.119800,,28.533300,25.294000,79.250000,19.866000,72.270800
2007-12-19,103.619300,44.611100,33.288700,55.396300,53.006200,62.555300,51.250900,32.277800,41.153300,28.824100,25.535300,79.240000,19.924000,72.302300
2007-12-20,104.272800,44.929100,33.470400,55.307200,52.892500,62.484400,51.002600,32.208300,41.169500,28.704000,25.427100,78.670000,19.957200,72.333800
2007-12-21,105.776200,45.570700,34.479700,54.906500,52.119300,62.106200,50.949100,32.309500,41.124800,29.267200,25.726800,80.100000,20.007000,72.333800
2007-12-24,106.561700,45.757000,35.062900,54.747500,51.874800,61.917100,50.691100,32.195600,41.198000,30.215200,25.918200,80.140000,19.874200,72.333800
2007-12-26,106.790200,45.885100,35.244600,54.486700,51.420000,61.645300,50.705700,32.053400,41.230500,29.713000,26.226200,81.520000,19.799600,72.302300
2007-12-27,105.447800,45.605600,34.431300,54.852600,51.980500,62.055800,51.007400,32.264800,41.198400,29.121700,26.317700,81.560000,19.675100,72.333800
2007-12-28,105.183600,45.995800,34.560800,55.293100,52.791100,62.430000,51.167800,31.950100,41.214700,28.610100,26.234500,83.000000,19.542300,72.332200
2007-12-31,104.405200,45.710400,34.145100,55.548500,53.110800,62.839800,51.265600,32.020000,41.271700,28.844800,26.267800,82.460000,19.666800,72.316400
2008-01-02,103.491200,45.547400,33.581700,55.944300,53.875700,63.338700,51.871900,31.632200,41.328700,28.755600,26.991900,84.860000,19.492500,72.379600
2008-01-03,103.441200,45.623100,33.883800,56.059200,53.801500,63.552600,51.700800,31.571800,41.402000,27.859200,27.200000,85.570000,19.534000,72.332200
2008-01-04,100.906200,44.586600,32.866100,56.206000,53.812900,63.534700,52.126200,31.536800,41.422300,26.728100,27.041800,85.130000,19.326600,72.316400
2008-01-07,100.820600,44.633200,33.106900,56.308200,54.047000,63.522900,52.062700,31.349200,41.516000,26.976900,26.550800,84.770000,19.517400,72.379600
2008-01-08,99.192500,44.382800,32.850200,56.429500,53.984200,63.570400,51.964900,31.168000,41.616500,26.042900,26.792100,86.780000,19.492500,72.332200
2008-01-09,100.235000,44.703100,33.927000,56.340100,54.086900,63.522900,51.857300,30.827900,41.585200,26.502800,26.525800,86.549900,19.641900,72.284800
2008-01-10,100.892000,44.656500,34.326800,56.186900,53.356300,63.237800,51.704700,31.056800,41.621900,26.911200,26.400900,88.250000,19.451000,72.316400
2008-01-11,100.077900,43.765600,33.361300,56.544400,53.773000,63.707000,52.082200,31.123500,41.470400,26.915900,26.642300,88.580000,19.542300,72.348000
2008-01-14,100.884800,44.464300,33.852000,56.569900,53.972800,63.974300,51.867100,31.013900,41.613700,26.803300,26.975200,89.539900,19.442700,72.411100
2008-01-15,98.664000,43.020300,32.320800,56.940200,54.577900,64.300900,52.145800,31.094900,41.683000,26.258800,26.642300,87.990000,19.426100,72.395400
2008-01-16,97.814300,42.152600,30.975900,56.831700,54.184000,63.920800,52.067500,31.059900,41.740000,26.559200,26.392600,86.700000,19.666800,72.395400
2008-01-17,95.279300,41.517900,30.074000,57.291300,54.886100,64.384100,52.312000,30.840600,41.703300,26.197800,26.051400,86.500100,19.633600,72.363800
2008-01-18,94.301000,41.756600,30.760100,57.208400,54.509400,64.443500,52.224000,31.082200,41.727800,25.850500,26.151200,87.420000,19.691700,72.411100
2008-01-22,93.344200,40.592100,29.987700,57.846800,55.091600,64.930500,52.336500,30.866000,41.528200,26.470000,26.059700,88.169900,19.722700,72.442700
2008-01-23,95.586400,40.353300,30.178500,57.578600,54.966000,64.776100,52.404900,30.926400,41.536400,28.980900,25.568600,87.890000,19.666800,72.521700
2008-01-24,96.393300,41.768300,30.764600,57.055100,53.864300,64.336600,51.960000,31.314300,41.544500,28.300400,26.201200,90.080000,19.500800,72.553300
2008-01-25,95.000800,41.162700,30.296700,57.585000,54.771900,64.859300,52.522300,31.361900,41.608800,28.136100,26.783800,90.300000,19.550600,72.474300
2008-01-28,96.571800,41.622700,31.046300,57.374300,54.566400,64.782000,52.507600,31.218900,41.593300,29.088800,26.908600,91.750000,19.426100,72.505900
2008-01-29,97.050200,41.873100,30.894100,57.144500,54.195400,64.758300,52.419600,31.250700,41.524100,28.826000,27.133400,91.150000,19.417800,72.569100
2008-01-30,96.336100,41.681000,30.487500,57.119000,53.841500,64.770200,52.409800,31.371500,41.650400,28.056300,26.900300,92.060100,19.301700,72.600700
2008-01-31,98.092800,42.123500,31.098600,57.412600,54.223900,65.085000,52.581000,31.435100,41.662600,28.619500,27.033500,91.400000,19.451000,72.600700
2008-02-01,99.670900,42.828100,31.718800,57.598800,54.549900,65.121200,52.803800,31.452300,41.665100,29.816300,26.559100,89.349900,19.525700,72.593100
2008-02-04,98.414100,42.391300,31.816500,57.278600,53.988500,64.745100,52.661400,31.460300,41.681400,29.506500,27.025200,89.100000,19.492500,72.609000
2008-02-05,95.779200,40.446400,30.103600,57.682000,54.400900,65.055600,52.843100,31.205900,41.587300,28.464600,26.800400,87.680000,19.700000,72.561500
2008-02-06,95.008000,40.411500,29.610500,57.579600,54.234800,64.977900,52.558200,31.141800,41.603700,28.000000,26.675600,88.949900,19.700000,72.624800
2008-02-07,95.636400,40.207700,30.112600,56.932700,53.066300,64.201800,51.954000,31.010600,41.456400,28.661700,27.000200,89.850000,19.890800,72.609000
2008-02-08,95.022200,39.794300,30.055800,57.413100,53.673500,64.846600,52.150500,30.777000,41.296900,27.746500,27.807500,91.000000,19.832800,72.609000
2008-02-11,95.507800,40.003900,30.428400,57.541100,53.896900,65.013800,52.307700,30.533700,41.276400,27.183400,27.990700,91.330000,19.791300,72.624800
2008-02-12,96.393300,40.865700,30.919100,57.419500,53.576100,64.894400,52.234000,30.648900,41.288700,27.957800,27.424700,89.330000,19.724900,72.609000
2008-02-13,97.378700,41.145200,31.614300,57.176100,53.009000,64.303300,51.708400,30.568900,41.366400,28.178300,27.649400,89.440000,19.758100,72.624800
2008-02-14,96.521800,40.958900,31.207600,56.862300,52.229900,63.873500,51.595400,30.719400,41.361500,27.652700,28.207100,89.710000,19.691700,72.640600
2008-02-15,96.500400,41.110300,31.430300,56.984000,52.630900,64.195900,51.762400,30.642500,41.440100,27.878000,28.073900,89.150000,19.691700,72.640600
2008-02-19,96.771700,41.512100,31.841500,56.574100,52.098200,63.825700,51.251500,30.485700,41.129100,27.807600,28.989400,91.580000,19.658500,72.640600
2008-02-20,97.057400,41.296600,32.107300,56.522900,52.459100,64.040600,51.364500,30.565700,41.129100,27.981200,29.139200,93.240000,19.666800,72.609000
2008-02-21,96.250500,41.220900,31.657500,57.105700,53.014700,64.440600,51.718200,30.671400,41.084100,27.220900,28.981100,93.250000,19.525700,72.672300
2008-02-22,96.843100,41.745000,32.082300,56.945600,52.711100,64.261500,51.514800,30.725800,41.235500,27.990600,29.380600,93.390000,19.301700,72.672300
2008-02-25,98.064200,42.408800,32.679800,56.567700,52.172700,63.939200,51.187600,30.818600,41.288700,28.844800,29.663600,92.740000,19.401300,72.640600
2008-02-26,98.799700,43.037700,33.111400,56.708600,52.189800,64.363000,51.556100,31.017000,41.325500,28.840100,30.296200,93.710000,19.268500,72.688100
2008-02-27,98.699700,43.177400,33.390800,56.843100,52.235700,64.470500,51.506900,31.010600,41.407300,28.704000,30.254500,94.780000,19.143900,72.704000
2008-02-28,97.735700,42.764000,33.031900,57.509100,53.163600,65.324200,51.880300,30.965800,41.370500,28.112600,30.545900,95.990000,19.036100,72.704000
2008-02-29,95.557800,41.692600,31.718800,58.123900,53.977000,66.010800,52.209400,30.847400,41.493200,27.710400,30.046500,96.180000,19.044400,72.719800
2008-03-03,95.329300,41.814900,31.891500,57.976200,53.837900,65.984600,52.208600,30.855700,41.498800,27.901400,30.487600,97.240000,19.002900,72.746400
2008-03-04,94.965100,41.180200,31.150800,57.757800,53.314700,65.834600,51.902700,30.820300,41.445400,27.638600,30.379400,95.180000,19.054400,72.746400
2008-03-05,95.564900,41.675100,31.805100,57.507300,52.676500,65.792600,51.537700,30.905700,41.502900,28.018800,31.045200,97.720000,18.961400,72.730500
2008-03-06,93.586900,41.081200,30.714700,57.969800,52.958200,66.146500,51.468600,30.826700,41.442900,26.742200,31.278300,96.500000,18.861900,72.762200
2008-03-07,92.622900,40.597900,30.289800,58.168900,53.027200,66.392400,51.360100,30.762300,41.400200,27.178700,30.962000,96.090000,18.920000,72.762200
2008-03-10,91.401900,40.394000,29.758200,58.586500,53.809200,66.890300,51.350200,30.691400,41.404300,26.793800,31.544600,95.870000,18.861900,72.762200
2008-03-11,94.686600,41.669300,31.759700,57.950500,53.349200,66.242500,50.763100,30.768800,41.367300,28.535000,32.035700,95.990000,18.986300,72.762200
2008-03-12,93.801200,41.669300,31.171300,58.618600,54.378400,66.878300,51.374900,30.762300,41.387900,27.934300,32.385300,97.010000,18.654400,72.778100
2008-03-13,94.008300,41.739200,30.887300,58.310200,53.952900,66.446400,50.817400,30.546500,41.289300,28.262800,32.418600,98.340000,18.604600,72.762200
2008-03-14,92.551500,40.731700,29.792300,58.914100,54.619800,66.596400,50.787800,30.362900,41.470000,27.690200,32.376900,98.710000,18.637700,72.857400
2008-03-17,91.616100,40.114500,29.056300,59.209600,55.039500,65.882600,51.202200,30.221200,41.383800,27.859200,31.078500,99.170000,18.480100,72.841500
2008-03-18,95.422100,41.343200,30.567000,58.804900,54.826800,65.810600,51.108500,30.665700,41.589200,29.084100,31.769400,96.500000,18.695900,72.920800
2008-03-19,93.058500,39.846600,28.730600,59.312400,55.735200,66.086500,51.330500,30.697900,41.638500,28.863600,30.396000,93.039900,18.712500,72.936700
2008-03-20,94.782200,40.446500,29.215300,59.440900,55.873200,66.230500,51.601800,30.842800,41.630300,29.825700,29.172500,89.912800,18.911700,72.920800
2008-03-24,96.676700,41.185900,30.335300,58.393800,54.792300,65.060900,51.503100,31.078600,41.638500,30.496800,29.705200,90.100100,19.193800,72.857400
2008-03-25,96.770000,41.785700,30.801000,58.599300,55.022300,64.952900,51.735000,31.158500,41.556300,30.574800,30.004900,92.730000,18.770600,72.809800
2008-03-26,95.585900,41.785700,30.551100,58.644300,54.792300,65.144800,51.798100,31.086000,41.638500,29.988400,30.903700,93.800000,18.507300,72.857400
2008-03-27,95.284500,41.750800,30.403400,58.567200,54.407100,65.276800,51.483400,30.984600,41.622100,29.742500,31.245000,93.460000,18.538200,72.873300
2008-03-28,94.373200,41.715900,30.348900,58.798500,54.936100,65.762600,51.759700,31.000700,41.544000,29.392500,30.504200,91.880000,18.554800,72.809800
2008-03-31,94.703300,41.867300,30.528400,58.901300,55.131500,65.918600,51.897800,31.137500,41.531700,29.506000,29.771800,90.410000,18.588000,72.889100
2008-04-01,98.033000,43.189100,31.700600,58.386100,54.234300,65.346600,51.814800,31.275900,41.486000,31.184900,29.605300,86.859900,18.878500,72.842100
2008-04-02,98.097600,43.282200,31.725600,58.192800,54.349800,65.346600,51.904000,31.292100,41.614000,31.033600,30.487600,89.270000,18.695900,72.842100
2008-04-03,98.341600,43.410400,32.109500,58.192800,54.471000,65.322500,51.928800,31.237000,41.647000,31.743000,30.654100,89.420000,18.762300,72.842100
2008-04-04,98.233900,43.555900,31.980100,58.637500,54.967600,65.696500,52.558400,31.357000,41.779100,31.241700,30.870500,90.250000,18.579600,72.873900
2008-04-07,98.284100,43.823800,32.404900,58.250800,54.678900,65.545700,52.617900,31.606700,41.890500,30.953200,31.203400,91.170000,18.712500,72.842100
2008-04-08,98.183700,43.363800,32.226800,58.257200,54.488300,65.431100,52.430500,31.713700,41.902900,30.910600,31.328200,90.350000,18.712500,72.889800
2008-04-09,97.473200,43.008600,31.725600,58.605300,55.054200,65.865400,52.275800,31.438000,41.898800,30.135000,31.852600,92.290000,18.588000,72.889800
2008-04-10,97.609600,42.874600,32.180000,58.373300,54.869400,65.581900,52.324400,31.551500,42.006100,30.428200,31.711100,91.770000,18.671000,72.889800
2008-04-11,95.715100,42.298200,31.655200,58.624600,55.238900,66.070500,52.375000,31.298600,42.051500,30.054600,31.586200,91.300000,18.604600,72.889800
2008-04-14,95.392200,42.391300,31.580200,58.476400,54.915600,65.865400,52.052800,31.408800,42.063800,29.879600,31.802600,91.110000,18.604600,72.921600
2008-04-15,95.614600,42.688300,31.950500,58.212100,54.234300,65.624100,51.943700,31.405600,42.109200,30.182300,32.185500,91.660000,18.629500,72.921600
2008-04-16,98.205200,44.030800,32.895600,57.818900,53.703100,65.219900,51.646300,31.542600,42.146400,31.407200,32.493500,93.270000,18.447000,72.873900
2008-04-17,98.348700,43.544300,32.657000,57.683600,53.610700,64.948500,51.780100,31.574200,42.092700,31.520700,32.343600,92.560000,18.546500,72.873900
2008-04-18,99.374900,43.852900,33.149100,57.625500,53.564500,64.888100,52.008100,31.788200,42.001900,31.341000,32.360300,90.620000,18.671000,72.826300
2008-04-21,99.425200,44.196500,33.318100,57.632000,53.778100,64.912300,51.839600,31.736400,41.997800,31.109300,32.401900,90.250000,18.529900,72.858000
2008-04-22,98.987400,43.735300,33.009200,57.677100,53.962900,65.075100,51.725600,31.778500,41.944200,31.033600,32.601700,90.270000,18.463600,72.873900
2008-04-23,98.829500,43.963500,33.484000,57.619100,53.783900,64.876100,51.884200,31.908200,41.894600,31.421400,32.293700,89.220000,18.588000,72.873900
2008-04-24,99.260100,43.678200,33.054600,57.167900,53.327800,64.290900,51.814800,31.918000,41.869900,32.045700,31.752700,87.220000,18.795500,72.889800
2008-04-25,100.178600,44.039200,33.297700,57.090500,53.016000,64.200400,51.839600,32.070400,41.808000,32.225400,32.335300,87.270000,18.845300,72.889800
2008-04-28,100.200200,44.297800,33.234100,57.193700,53.177700,64.309000,52.087500,32.258400,41.746100,32.182800,32.410200,87.690000,18.820400,72.842100
2008-04-29,99.805500,43.905300,32.645700,57.296800,53.379700,64.315000,52.251100,32.164400,41.749400,31.832800,31.627900,85.810000,18.895100,72.921600
2008-04-30,99.217000,44.144100,33.318100,57.477300,53.760800,64.616700,52.543500,32.196800,42.014300,31.388300,31.569600,86.650000,18.762300,72.842100
2008-05-01,101.269400,44.411900,33.672500,57.470800,53.764300,64.570500,52.853600,32.880900,42.083000,32.064600,30.837200,83.990000,18.920000,72.896200
2008-05-02,101.549300,44.534200,33.995100,57.005300,53.086300,64.406900,52.544900,32.548300,42.257100,32.036200,31.619500,84.580000,19.019500,72.848500
2008-05-05,101.061300,44.609900,33.970100,57.089300,53.086300,64.558400,52.619500,32.496100,42.240500,31.946300,32.277100,86.270000,18.928300,72.864400
2008-05-06,101.936800,44.941800,34.349500,56.908300,52.703800,64.509900,52.281000,32.264500,42.182500,32.168600,32.701500,86.630000,18.861900,72.832600
2008-05-07,100.121200,44.155700,33.327200,57.134600,52.929800,64.667400,52.420400,32.287400,42.112000,31.293700,32.759800,85.820000,18.987600,72.880300
2008-05-08,99.862900,44.540000,33.670300,57.503100,53.405000,65.146000,52.651900,32.218900,42.120300,31.104500,33.292500,87.240000,18.986300,72.848500
2008-05-09,99.676300,44.184800,33.395400,57.567800,53.602000,65.321700,52.654400,32.287400,42.132700,30.934300,33.808500,87.420000,18.861800,72.880300
2008-05-12,100.795800,44.627400,33.824800,57.470800,53.520900,65.218700,52.606600,32.245000,42.074700,31.676800,33.234200,86.990000,18.837000,72.880300
2008-05-13,100.810100,44.476000,33.986000,56.992300,52.935600,64.728000,52.305900,32.235200,42.041500,31.804500,33.417300,85.390100,18.920000,72.848500
2008-05-14,101.018200,44.476000,34.067800,56.972900,52.958800,64.788600,52.335700,32.189500,41.954500,32.003100,32.876300,85.200000,18.943200,72.848500
2008-05-15,102.281200,45.232900,34.792500,57.289800,53.439800,65.255000,52.684300,32.274300,42.091300,32.390900,33.250900,87.000000,18.928300,72.848500
2008-05-16,102.374500,45.722200,35.235500,57.192800,53.219600,65.255000,52.614600,32.320000,42.232200,32.220600,33.733600,89.100100,18.745700,72.864400
2008-05-19,102.654400,45.535700,35.242400,57.322100,53.289100,65.461000,52.626700,32.447200,42.240500,32.272700,33.783500,89.390000,18.845300,72.864400
2008-05-20,101.822000,45.116500,34.631200,57.496700,53.567300,65.854700,52.644400,32.385200,42.302700,31.837600,34.249600,90.900000,18.654400,72.832600
2008-05-21,100.099700,44.604100,34.279100,57.360900,53.578900,65.927400,52.412900,32.326500,42.311000,31.071400,35.248400,91.960000,18.521600,72.832600
2008-05-22,100.114100,45.122300,34.379100,56.985900,52.947200,65.467000,51.837800,32.277600,42.182500,30.806600,34.740700,90.980000,18.637800,72.880300
2008-05-23,98.772100,44.609900,33.779300,57.238000,53.179000,65.721500,52.076800,32.085200,42.252900,30.660000,34.807300,91.230000,18.529900,72.880300
2008-05-27,99.504100,44.522500,33.724800,56.960000,52.819700,65.267100,51.763100,31.905800,42.203200,31.080900,34.249600,89.360000,18.637800,72.880300
2008-05-28,99.963400,44.516700,34.179200,56.533200,52.350400,64.679500,51.432000,32.062300,42.157600,31.132900,34.466000,89.140000,18.720800,72.912100
2008-05-29,100.465700,44.417700,34.254100,56.268100,51.973700,64.431200,51.180600,32.031400,42.024900,31.468700,33.525500,86.510000,18.870200,72.880300
2008-05-30,100.716900,44.668100,34.372300,56.455600,52.315600,64.685600,51.384700,32.033000,42.058100,31.322100,33.750300,87.450000,18.845300,72.912100
2008-06-02,99.676300,44.202300,33.963300,56.791200,52.517400,64.902600,51.561400,31.768500,42.124500,30.797100,34.199700,87.960000,18.820400,72.971500
2008-06-03,99.095000,44.109100,33.349900,57.089700,52.895400,64.902600,51.761500,31.791400,42.195300,31.000500,33.392400,86.880000,18.920000,72.971500
2008-06-04,99.044800,43.852900,33.059200,56.882100,52.424300,64.566900,51.601400,31.758600,42.211900,31.161300,32.893000,86.650000,18.969700,72.955500
2008-06-05,101.025400,44.580800,34.111000,56.583600,52.110300,64.365400,51.326300,31.896500,42.132800,31.875400,34.141400,86.450000,18.878500,72.907800
2008-06-06,97.803300,43.299700,32.875100,57.076700,52.784900,65.152900,51.581400,31.809500,42.174500,30.541700,35.015400,89.060000,18.659900,72.923700
2008-06-09,98.040200,43.239200,32.791100,56.667900,52.784900,64.811100,51.536400,31.909600,42.174500,29.936400,35.373300,87.987000,18.820400,72.955500
2008-06-10,97.552200,42.507800,32.034600,56.330500,52.441800,64.463100,51.241300,31.922700,41.970400,29.950600,35.231800,85.550000,19.019500,73.003300
2008-06-11,96.117000,41.966300,31.555200,56.388900,52.319700,64.585200,51.221200,31.916200,41.991200,29.496600,36.530200,87.020000,18.895100,73.051100
2008-06-12,96.482900,41.820700,31.739200,55.895800,51.796200,63.980800,50.786100,31.863700,41.764300,29.799200,36.521900,85.600000,19.052700,73.003300
2008-06-13,97.702900,42.205000,32.082300,55.766000,51.685700,63.974700,50.521000,32.004800,41.708100,30.295800,36.288800,85.830000,19.077600,73.051100
2008-06-16,97.760300,42.420400,32.191300,55.772500,51.697400,64.133400,50.701000,31.561700,41.588100,30.697800,36.255500,87.010000,18.994600,73.051100
2008-06-17,97.286700,42.548600,32.327600,55.960600,51.802000,64.316500,50.866100,31.617500,41.695600,29.827600,36.621700,87.250000,18.953100,73.035100
2008-06-18,96.339400,42.199200,32.170900,56.265600,52.238200,64.664500,51.121200,31.686400,41.641400,29.387800,37.121100,88.280000,18.936600,73.067000
2008-06-19,96.461400,42.117700,32.220900,55.941200,51.930000,64.261600,50.856100,31.486100,41.595600,30.068800,36.255500,88.420000,18.953100,73.051100
2008-06-20,94.895800,41.197600,31.169000,56.200700,52.232400,64.469200,50.886100,31.361400,41.579000,29.392500,36.505200,88.950000,18.828700,73.082900
2008-06-23,94.802100,41.191800,31.259900,56.174800,52.342900,64.469200,50.866100,31.246500,41.512400,28.664200,36.763200,87.090000,18.936600,73.082900
2008-06-24,94.614600,41.005500,31.121300,56.473300,52.691900,64.859900,50.836100,31.115200,41.474900,28.682400,36.771500,87.470000,18.886800,73.082900
2008-06-25,95.061700,41.441000,31.744500,56.466800,52.715100,64.908700,50.875100,31.218600,41.495700,29.152100,36.630100,87.420000,18.795500,73.098800
2008-06-26,92.479800,40.393200,30.655300,56.784700,53.069900,65.470400,50.916100,30.974100,41.399900,28.179200,37.845200,90.610000,18.679300,73.098800
2008-06-27,91.975000,40.500000,30.951700,57.063800,53.692200,65.781800,50.866100,30.888700,41.158400,27.958800,37.945100,91.470000,18.621200,73.130700
2008-06-30,92.299500,40.743200,31.186100,57.102700,53.703800,65.842800,50.721000,30.855900,41.225000,27.997100,37.270900,91.400000,18.662700,73.082900
2008-07-01,92.588000,40.304200,30.630000,56.947600,53.576600,65.859300,50.698000,30.823100,41.006400,27.973200,37.928500,92.660000,18.646100,73.108000
2008-07-02,91.001300,39.663400,29.756900,57.084400,53.856800,66.271100,50.662900,30.799900,41.115100,27.628100,38.652600,93.170000,18.554800,73.108000
2008-07-03,91.095100,39.918500,29.671800,57.103900,53.740000,66.443200,50.597600,30.785900,41.081600,27.345400,38.635900,92.060000,18.737400,73.108000
2008-07-07,90.164800,39.574400,29.566100,57.370800,53.985200,66.412400,50.833700,30.813100,41.169400,26.731900,38.111600,91.230000,18.720800,73.092100
2008-07-08,91.765800,39.782000,29.929200,57.514000,54.335400,66.363300,51.110000,30.730500,41.198700,28.725600,36.729900,90.860000,18.803800,73.060200
2008-07-09,89.998900,39.265900,29.324900,57.787500,54.574700,66.750500,51.145100,30.624700,41.140100,26.765500,36.705000,91.500000,18.671000,73.076200
2008-07-10,90.366700,39.604000,29.855700,57.807000,54.568900,66.744300,50.853800,30.664400,41.077400,27.283100,37.703700,93.530000,18.654400,73.139900
2008-07-11,89.313700,38.981100,29.655800,57.266600,53.792600,66.142000,50.461900,30.624700,41.211200,27.148900,38.228100,95.160000,18.529900,73.187700
2008-07-14,88.506000,38.898000,29.619000,57.572600,54.265300,66.633700,50.487000,30.550400,41.248800,26.204800,38.244700,95.910000,18.496700,73.187700
2008-07-15,87.258300,38.275000,29.125000,57.781000,54.247800,66.590700,50.477000,30.079300,41.236300,25.950800,37.029600,96.170000,18.480100,73.203700
2008-07-16,89.400300,38.981100,29.966000,57.253600,53.267200,66.252600,50.080100,30.178500,41.198700,27.843800,36.463600,94.440000,18.571400,73.219600
2008-07-17,90.294600,39.574400,30.106100,56.980200,52.992900,65.822400,49.909300,30.267800,41.330300,28.179200,35.606300,94.220000,18.604600,73.108000
2008-07-18,90.857100,39.829500,29.846500,56.784900,52.794500,65.521200,49.818900,30.753700,41.340800,28.227200,34.998700,94.170000,18.604600,73.203700
2008-07-21,90.907600,40.060900,30.216400,56.915100,52.998700,65.533500,49.874200,30.905700,41.428600,28.438000,35.423200,95.120000,18.538200,73.139900
2008-07-22,91.938900,40.197400,30.234800,56.719800,52.736100,65.220000,50.195700,31.009800,41.215400,29.200000,34.649200,93.060000,18.671000,73.171800
2008-07-23,92.436500,40.345700,30.278500,56.628600,52.631000,64.777500,50.019800,30.928800,41.261400,30.024300,33.866800,90.570000,18.745700,73.203700
2008-07-24,90.518100,39.610000,29.159500,57.116900,53.144700,65.238500,50.461900,31.001600,41.136000,28.035500,33.891700,91.330000,18.729100,73.187700
2008-07-25,90.496500,39.693000,29.359400,56.784900,52.613500,64.789800,50.195700,31.067700,41.303200,28.495500,33.467300,91.690000,18.754000,73.203700
2008-07-28,89.169500,39.028500,28.863000,57.110400,53.144700,65.343000,50.487000,30.961900,41.273900,28.030700,33.633700,91.730000,18.712500,73.203700
2008-07-29,91.073500,39.414200,30.462300,56.947600,52.928700,64.900400,50.361500,30.968500,41.378400,29.334200,33.250900,90.590000,18.870200,73.203700
2008-07-30,92.696200,39.782000,30.145200,57.058300,52.981200,65.170900,50.602600,30.973500,41.468300,29.233600,33.908400,89.520000,18.853600,73.219600
2008-07-31,91.470100,39.390400,29.469700,57.514000,53.506600,65.441300,50.919100,31.037900,41.549800,28.869300,33.625400,90.080000,18.853600,73.219600
2008-08-01,90.986900,38.803100,29.269800,57.543000,53.624900,65.698100,50.732900,30.899200,41.414500,28.893300,33.250900,89.570000,18.911700,73.197500
2008-08-04,90.143100,38.435200,28.373600,57.503800,53.501900,65.512100,50.740500,30.686200,41.540500,28.471600,32.152200,88.140000,18.920000,73.213500
2008-08-05,92.573600,39.408200,28.739000,57.209900,53.103500,65.158600,50.518400,30.902600,41.548900,29.751100,31.927500,86.080000,19.061000,73.229400
2008-08-06,92.984700,39.420100,29.311100,57.229500,52.886800,64.991200,50.594100,30.696200,41.557300,29.607400,31.586200,86.640000,19.119100,73.197500
2008-08-07,91.599900,38.631000,28.304700,57.765200,53.747900,65.660900,51.013000,30.657900,41.582400,28.826200,31.761000,86.090000,19.218700,73.245400
2008-08-08,93.302000,38.791200,28.373600,57.739000,53.894400,65.574100,51.061500,30.712800,41.473300,29.664900,30.870500,84.430000,19.525700,73.229400
2008-08-11,94.268400,38.755600,28.077200,57.458100,53.378800,64.985000,50.831300,30.626300,41.506900,30.623300,30.837200,81.130000,19.633600,73.245400
2008-08-12,93.287600,38.476700,27.842800,57.856600,53.876800,65.288800,51.139200,30.746100,41.586600,29.938000,30.570800,80.520000,19.592100,73.197500
2008-08-13,92.725000,37.871600,27.835900,57.732500,53.689300,65.282600,50.871700,30.792700,41.595000,29.501900,31.594600,81.560000,19.592100,73.261400
2008-08-14,93.424600,37.723200,28.201300,57.908900,54.035000,65.617500,51.018100,30.792700,41.607600,29.976400,31.319900,79.350000,19.708300,73.245400
2008-08-15,93.878900,37.474000,27.760100,58.124500,54.503600,65.778700,51.134100,30.864300,41.681100,29.933200,30.895400,77.630000,19.857700,73.261400
2008-08-18,92.595200,37.284200,27.291300,58.268200,54.720300,65.840700,51.154300,30.792700,41.716800,29.521100,31.070200,78.800000,19.799600,73.213500
2008-08-19,91.585500,36.862900,27.061900,58.183300,54.509500,65.772500,51.073600,30.852600,41.662200,28.792700,31.553000,80.433000,19.708300,73.277300
2008-08-20,92.011000,37.082400,27.753200,58.353100,54.661800,66.045300,51.078600,30.846000,41.700000,28.835800,31.802600,80.060000,19.766400,73.277300
2008-08-21,92.169700,37.230800,27.711800,58.229000,54.562200,66.157000,50.775800,30.801000,41.662200,28.323000,33.167600,82.300000,19.542300,73.293300
2008-08-22,93.503900,37.402800,27.691100,58.059100,54.527000,65.902700,50.796000,30.626300,41.742000,29.286300,32.044000,81.080000,19.741500,73.309300
2008-08-25,91.607200,36.815400,27.119000,58.444600,55.071800,66.150800,51.124000,30.792700,41.729400,28.399700,31.860900,80.930000,19.733200,73.293300
2008-08-26,91.874000,36.999400,27.167200,58.464200,55.118700,66.175600,51.184600,30.626300,41.658000,28.735100,31.877600,81.230000,19.849400,73.309300
2008-08-27,92.768300,37.349400,27.746300,58.549100,55.212400,66.349200,51.103900,30.659600,41.704200,29.022700,32.177200,81.360000,19.791300,73.309300
2008-08-28,93.893400,37.830000,27.939300,58.464200,55.218300,66.144500,51.093800,30.702800,41.779800,29.760700,31.544600,82.180000,19.857700,73.309300
2008-08-29,92.883700,37.717300,27.608400,58.392300,54.972200,65.952300,50.992800,30.759400,41.846900,29.554600,31.428100,81.710000,19.866000,73.277300
2008-09-02,92.306700,37.135800,26.774300,58.710100,55.482600,65.922400,51.194000,30.767500,41.915000,29.746300,30.612400,79.200000,20.056800,73.330200
2008-09-03,92.227400,36.981600,26.333100,58.854300,55.717800,65.809900,51.295300,30.868000,41.898100,30.216000,30.437700,78.890000,20.040200,73.330200
2008-09-04,89.450800,35.397400,25.119900,59.149200,56.164600,65.709900,51.310600,31.002100,41.808300,29.367700,30.004900,78.390000,20.197900,73.330200
2008-09-05,89.732000,35.266900,25.478300,59.018200,56.135200,65.728700,51.257800,30.975300,41.750500,29.372500,29.705200,78.980000,20.272600,73.346200
2008-09-08,91.585500,36.056000,25.795400,59.024700,56.370400,65.984900,51.346100,30.938400,41.767400,30.642500,29.638600,78.860000,20.380400,73.346200
2008-09-09,88.866600,34.887200,24.347800,59.293400,56.928900,66.097400,51.523500,31.005500,41.691400,29.497100,28.556600,76.490000,20.388700,73.330200
2008-09-10,89.227200,35.225300,24.739000,59.142700,56.576200,66.066100,51.503200,30.834500,41.666100,29.549800,28.598200,74.220000,20.521500,73.362200
2008-09-11,90.518100,35.148200,24.375400,59.037800,56.546800,66.116100,51.102700,30.834500,41.543800,30.000300,28.356900,73.080000,20.579600,73.346200
2008-09-12,90.936400,35.836500,25.188800,58.742900,55.817700,65.647400,50.712400,30.834500,41.286600,29.904500,28.548300,75.550000,20.189600,73.378200
2008-09-15,86.609200,34.311600,23.210400,59.870300,57.628600,66.034900,50.337200,29.701700,40.856400,28.179200,27.424700,77.560000,20.007000,73.458100
2008-09-16,88.058800,34.056500,23.410300,59.699800,57.616800,65.378700,47.143300,29.018000,40.405200,29.569000,26.867000,76.790000,20.297500,73.490100
2008-09-17,84.099400,32.757100,21.749000,60.237300,57.904900,65.616200,44.984600,27.275100,39.490100,27.867700,27.674400,85.460000,19.857700,73.809800
2008-09-18,86.594800,34.246400,23.582600,59.529400,57.058300,64.747500,45.597000,29.426900,37.440500,30.235200,27.724300,82.800000,19.940600,73.602000
2008-09-19,90.033800,36.673000,26.519300,58.467600,55.247400,65.078700,47.021600,29.802200,39.114700,31.136100,28.639900,85.980000,19.783000,73.346200
2008-09-22,87.995400,35.421100,24.789000,58.343000,55.241600,65.303700,47.300500,29.775400,38.372500,28.519500,29.630300,89.180000,19.334900,73.378200
2008-09-23,85.993400,34.922800,24.016900,58.343000,55.029900,64.635100,46.813800,29.484500,39.140000,28.711200,29.339000,88.320000,19.459300,73.618000
2008-09-24,86.269000,35.023600,24.292700,58.493800,55.271000,64.316400,46.692100,29.748600,39.768400,28.513100,29.097600,86.710000,19.650200,73.394200
2008-09-25,87.618200,35.830500,25.540400,58.316800,55.159300,64.291400,46.894900,28.991200,39.529700,28.867500,29.605300,86.450000,19.617000,73.474100
2008-09-26,87.661800,35.450800,24.671800,58.277500,55.559000,64.153900,45.627400,28.890600,39.583700,29.760800,29.255800,86.640000,19.617800,73.602000
2008-09-29,80.792500,31.493400,21.790300,59.090300,57.175800,64.410100,41.470300,26.551200,38.870100,27.537300,27.441300,89.570000,19.766400,73.921700
2008-09-30,84.136400,33.403900,23.555100,58.310200,55.782500,63.304000,45.521000,27.482900,38.857500,29.518100,28.207100,85.070000,20.280900,73.650000
2008-10-01,84.187200,33.154700,23.837700,58.721300,56.484200,64.141700,45.941100,28.678800,38.982500,28.804400,27.549500,85.970000,20.363800,73.639100
2008-10-02,81.133400,31.707000,21.749000,59.050200,56.938300,64.009500,45.274000,27.932500,38.712100,26.945000,26.026400,82.330000,20.646000,73.607100
2008-10-03,80.038100,31.582400,21.176800,59.273800,57.439600,64.160600,45.253600,27.829400,38.635000,25.779800,25.418800,82.590000,20.562900,73.607100
2008-10-06,75.961400,29.796500,19.584400,59.753900,58.483400,64.110200,44.729100,26.820500,38.147700,25.007800,24.336800,84.280000,20.807800,73.591100
2008-10-07,72.559400,28.402200,18.060900,59.707900,58.306500,63.562200,45.565200,26.367500,37.376600,22.861900,24.636400,87.270000,20.662600,73.575100
2008-10-08,70.731500,27.767300,18.060900,58.945000,57.469100,61.685200,45.238300,25.265700,36.105400,22.546400,24.994300,89.420000,20.596200,73.511000
2008-10-09,65.791700,26.107200,16.730500,58.353000,56.985500,61.313500,44.033900,24.677500,35.719800,20.759800,23.829100,89.900000,20.704100,73.623100
2008-10-10,64.195800,25.133000,16.923500,57.669000,56.584500,60.078900,41.607300,23.029800,34.101200,22.745400,22.772100,83.220000,20.737300,73.687100
2008-10-13,73.516900,29.126000,20.777000,57.274300,55.859100,59.209700,43.899000,25.857200,34.567300,24.192200,24.037200,81.990000,20.720700,73.399000
2008-10-14,72.428900,28.526800,19.743000,57.004700,55.499400,60.564000,43.211400,26.026200,34.431700,22.546400,23.596000,82.200000,20.712400,73.527000
2008-10-15,65.298400,25.483100,16.551300,57.471700,56.030100,60.771800,43.211400,24.890800,34.232500,19.652800,22.522400,83.310000,20.953000,73.543000
2008-10-16,68.018600,26.984100,17.364700,57.484800,55.741200,60.381300,43.664700,23.947400,32.987600,20.793700,22.097900,79.290000,21.060900,73.511000
2008-10-17,67.612400,26.408600,16.820100,57.846600,55.357900,60.135600,43.292900,23.660100,32.686000,20.571400,22.347600,77.210000,21.094100,73.350900
2008-10-20,71.674500,28.093700,17.998900,57.905800,55.800200,60.960800,44.611900,24.133300,32.380900,20.720900,22.797000,78.500000,21.260100,73.527000
2008-10-21,69.534600,26.509500,16.565100,58.517400,56.095000,61.055300,45.055000,23.994800,32.825800,20.012100,21.981400,76.027000,21.608600,73.527000
2008-10-22,65.748100,24.575300,14.821000,58.964700,57.233200,61.508800,44.535500,23.795300,31.101200,18.599300,20.941000,71.710000,21.865800,73.431000
2008-10-23,66.509800,25.115200,15.234600,59.043600,57.657800,60.885200,44.815600,24.197600,29.520700,18.113800,21.024200,70.650000,21.741400,73.527000
2008-10-24,63.136800,23.489500,13.662900,58.793700,57.044500,59.430200,44.994900,23.592500,28.736900,17.084600,20.183600,72.210000,22.305600,73.447000
2008-10-27,60.895400,22.255400,13.304400,58.760800,57.085800,58.800300,44.703600,22.392600,28.741100,16.113600,20.033800,72.180000,22.305600,73.559000
2008-10-28,68.011300,25.322900,16.709800,58.287200,56.254200,58.447500,44.408200,22.646100,27.630900,18.633300,20.583100,73.790000,22.048400,73.543000
2008-10-29,67.518100,25.382200,15.579300,58.372700,55.971200,58.831800,45.156900,23.677000,27.830100,17.973000,21.798300,74.000000,21.691600,73.463000
2008-10-30,69.853800,26.272200,17.681800,57.925500,55.464000,58.504200,44.820700,24.326000,29.702900,18.934300,20.899400,72.710000,21.666700,73.559000
2008-10-31,70.238200,26.444200,17.530100,57.807100,54.744500,58.183000,44.637400,24.336100,31.321600,20.152900,21.132400,71.340000,21.990300,73.479000
2008-11-03,70.441300,26.551000,17.371600,57.899500,54.892600,58.674300,45.003300,24.534100,32.864800,19.492600,20.899400,71.100000,22.098100,73.458400
2008-11-04,72.835100,28.372500,18.957100,58.592600,55.922800,59.581300,45.310400,24.810500,34.263200,20.585000,21.848200,75.478600,21.633600,73.490500
2008-11-05,69.774000,26.829900,16.544400,58.902900,56.585900,60.003400,46.190700,24.605800,35.108100,18.560500,21.282200,72.800000,21.708200,73.522500
2008-11-06,65.907700,25.097400,15.710300,58.724700,56.177400,59.751400,46.507300,24.605400,34.851500,17.691400,20.350000,72.220000,22.015200,73.634700
2008-11-07,68.083900,26.515400,16.985600,58.513400,55.810300,59.493200,46.180500,24.861700,33.150500,18.812900,20.375000,72.500000,21.965400,73.634700
2008-11-10,67.191600,26.117900,17.144100,58.572800,56.082700,59.701000,46.201000,24.865100,34.301500,17.128300,20.508200,73.580000,21.982000,73.618700
2008-11-11,65.117100,25.257600,16.075600,58.790700,56.248400,59.839600,46.349400,24.820800,34.105400,16.890400,20.117000,72.050000,22.322200,73.618700
2008-11-12,62.251800,23.898900,14.883000,59.153700,56.609600,59.934100,46.339200,24.469200,34.037200,15.681500,19.526000,70.000000,22.372000,73.634700
2008-11-13,66.132600,25.934000,16.944200,58.724700,55.253700,59.562400,46.021800,24.337900,33.809100,17.404900,19.892300,72.150000,22.015200,73.634700
2008-11-14,62.832100,24.444700,15.317300,59.305600,56.349100,60.167100,46.011600,24.042700,34.109700,15.443600,19.767400,73.300000,22.197800,73.634700
2008-11-17,61.997900,23.999800,15.062300,59.556400,56.597800,60.223800,46.344300,23.670700,33.636500,14.885300,19.318000,72.650000,22.181200,73.666800
2008-11-18,63.165800,24.041300,14.841700,60.018500,57.326000,59.612800,46.400600,23.172400,32.621800,14.744500,19.026700,72.510000,22.247500,73.586600
2008-11-19,59.118200,22.433400,13.559500,60.665400,58.794400,59.600200,46.472200,22.380700,32.481100,12.763700,18.810300,72.260000,22.323900,73.570600
2008-11-20,54.729700,21.199300,12.587500,61.886700,61.831800,58.882200,45.965500,21.636700,31.270400,11.753800,17.853100,73.450000,22.471600,73.618700
2008-11-21,57.682000,22.706300,14.400500,61.319000,60.937800,58.283800,46.497800,21.851700,31.824600,12.618000,18.161000,78.850000,22.363700,73.602700
2008-11-24,61.678800,24.065000,15.276000,60.744600,59.984500,57.150000,46.293100,21.950600,32.856300,14.763900,19.409500,80.910000,21.816000,73.618700
2008-11-25,62.135800,24.504100,14.986400,61.787600,61.748900,58.195600,46.513200,22.179300,34.075600,14.996900,18.760300,80.870000,21.558800,73.634700
2008-11-26,64.536800,24.771100,16.130800,62.163900,61.831800,58.510500,46.267500,22.694600,34.489100,15.807700,19.359600,80.380000,21.799400,73.666800
2008-11-28,65.349200,24.759200,15.820600,62.289300,62.595600,58.693200,46.134400,22.609300,34.318600,15.574700,18.518900,80.310000,22.031800,73.442400
2008-12-01,59.560700,22.736000,14.297100,63.132100,64.992800,59.871100,46.855400,22.142800,33.292100,12.535000,17.944600,75.650000,22.156300,73.644800
2008-12-02,61.852900,23.970100,15.200100,63.463300,65.242300,60.400200,47.210300,22.380800,33.772600,14.200700,17.953000,76.950000,22.031800,73.709000
2008-12-03,63.339900,24.290500,15.324200,63.562600,65.426400,61.200200,47.539500,22.384300,35.338600,14.996900,17.744900,76.180000,22.065000,73.596700
2008-12-04,61.874600,23.542900,14.669300,63.960000,66.715600,61.685200,47.585800,22.253200,35.274200,14.584300,16.812700,75.500000,22.006900,73.564700
2008-12-05,63.782400,23.839600,15.537900,63.284500,65.634400,61.256800,47.261700,22.263500,35.248500,16.128100,16.396500,74.520000,22.098200,73.564700
2008-12-08,66.009300,24.972800,16.530600,63.046000,65.491800,60.469500,47.750400,22.522200,34.598900,17.633200,17.154000,76.195000,21.724800,73.580700
2008-12-09,64.921200,24.741400,16.303100,63.582500,66.786900,60.828500,48.074400,22.353200,34.703600,16.103900,16.779400,76.330000,21.782800,73.548600
2008-12-10,65.363700,25.392900,17.275100,63.522900,66.626500,60.431700,48.187600,22.336000,34.527700,17.487500,17.287100,79.750000,21.658400,73.596700
2008-12-11,63.789600,25.281300,16.833900,63.907000,66.757200,61.099400,48.352200,22.163500,34.579200,14.992100,17.836400,80.650000,21.177100,73.516600
2008-12-12,64.551300,25.530500,17.068300,64.085900,66.757200,60.853700,48.614600,22.470500,34.120200,16.560200,18.227600,80.810000,21.127300,73.548600
2008-12-15,63.651800,25.595800,16.840800,64.225000,67.517600,60.595500,48.599100,22.351500,34.863200,15.982500,17.711900,82.600000,20.760000,73.532600
2008-12-16,66.647600,27.067200,18.185000,65.244900,69.187000,62.541800,49.597000,22.768400,35.175500,17.939000,17.965500,84.460000,20.258500,73.580700
2008-12-17,66.002000,26.930700,17.867900,65.688700,71.064300,63.738600,50.332600,23.350000,35.533800,18.269200,17.720400,85.430000,20.016200,73.532600
2008-12-18,64.768900,26.106000,17.475000,66.132400,72.555500,64.091400,51.551700,24.705500,37.067500,16.749600,17.449800,83.870000,20.358700,73.484500
2008-12-19,64.490500,25.726300,17.537000,65.913900,72.632700,62.995300,50.785300,24.539900,37.582400,17.924500,17.331500,82.630000,20.669500,73.532600
2008-12-22,63.664200,25.548300,16.882200,65.741700,72.074200,63.448900,51.397400,25.522900,37.621000,17.249600,16.842100,83.460000,20.657800,73.628800
2008-12-23,63.006000,25.356600,16.742300,65.708600,71.979200,63.291400,51.567100,25.895400,38.045700,17.152500,16.908800,82.630000,20.642700,73.548600
2008-12-24,63.371700,25.693100,16.861200,65.642300,71.824700,63.304000,51.695700,25.488400,38.105800,17.354500,16.646700,83.460000,20.634400,73.628800
2008-12-26,63.737300,25.813300,16.805300,65.993400,72.062400,63.448900,51.793500,25.974700,39.354200,17.603800,16.908800,85.600000,20.525800,73.628800
2008-12-29,63.554500,25.819300,16.777300,66.138900,71.975900,63.241000,51.954400,26.149900,39.475800,16.591500,17.094700,86.350000,20.626000,73.616800
2008-12-30,65.060900,26.594400,17.224700,66.232000,72.661400,62.321400,52.408900,26.229800,39.319900,17.254800,17.196200,85.900000,20.534100,73.874400
2008-12-31,65.989600,26.954900,17.455400,65.500800,71.141400,62.510300,52.507100,26.399900,40.394100,18.177300,17.914800,86.520000,20.626000,73.713400
2009-01-02,67.978700,27.303500,18.287300,64.563400,69.353200,61.338700,51.969900,26.316600,41.087600,17.598900,18.540400,86.230000,20.818100,73.729500
2009-01-05,67.898200,26.864800,18.524900,64.450400,67.565000,61.112000,52.326300,27.587800,40.984200,17.274200,18.734900,84.480000,21.043700,73.729500
2009-01-06,68.351600,27.153200,18.944400,64.410500,66.885500,61.565500,52.414100,27.820500,36.840600,18.137400,19.225300,85.130000,21.010300,73.745600
2009-01-07,66.304100,26.684600,17.853800,64.423800,67.147700,61.641100,51.975000,27.318300,37.691500,17.529000,18.244500,82.750000,20.876700,73.858300
2009-01-08,66.574600,27.081100,17.776900,64.596700,67.094100,62.132400,52.346900,26.920900,37.956200,17.399400,18.312200,84.460000,20.667800,73.777800
2009-01-09,65.148700,26.143800,17.392500,64.895800,67.195400,62.680400,52.997800,27.316800,38.554900,16.506700,18.100800,83.920000,20.985300,73.826100
2009-01-12,63.583700,25.512900,16.658500,65.301300,67.892800,62.995300,52.724000,26.723000,37.047300,15.539300,17.280700,80.760000,21.085500,73.793900
2009-01-13,63.700700,25.044200,16.707400,65.347900,67.964400,62.982700,52.610400,26.625000,37.581400,16.008000,17.568200,80.880000,21.326900,73.890500
2009-01-14,61.697100,24.016700,15.896500,65.713500,69.085000,63.058300,52.377900,26.285300,38.111200,15.170200,17.323000,79.790000,21.411300,73.906600
2009-01-15,61.719000,24.233000,16.078200,65.660300,69.198200,63.058300,52.481200,26.181100,37.986300,15.668900,17.306100,80.390000,21.403000,73.922700
2009-01-16,62.201600,24.377200,16.253000,65.055400,68.131300,62.800100,52.481200,26.393000,37.043000,16.262400,17.382200,82.710000,21.219200,73.874400
2009-01-20,58.918300,22.592600,15.043600,64.955600,68.119300,62.762300,51.706400,25.941500,36.095400,14.442100,16.841100,84.520000,21.829000,73.745600
2009-01-21,61.463100,23.698200,15.861500,64.377300,65.967500,61.804800,51.448100,25.944900,35.565600,15.953200,16.908800,84.150000,21.636900,73.874400
2009-01-22,60.512400,23.145400,15.337200,63.951800,64.697900,61.911900,51.257000,25.875500,35.880000,15.080500,16.688900,84.580000,21.620200,73.890500
2009-01-23,60.775700,22.983200,15.533000,63.965100,64.191200,62.138700,50.916100,25.462200,36.353800,15.539300,17.466700,88.530000,21.611800,73.874400
2009-01-26,61.192500,23.433900,15.714700,63.805600,63.630900,61.930800,50.461500,25.528200,36.297800,15.449500,17.500600,88.950000,21.327800,73.858300
2009-01-27,61.814100,23.890500,15.994400,64.224400,65.127000,62.466200,51.412000,25.764300,36.743200,15.668900,17.027100,88.380000,21.302700,73.826100
2009-01-28,63.905500,24.593500,16.805300,63.812200,63.499800,62.504000,51.820100,26.677800,37.770900,17.025400,17.432900,87.415000,21.377900,73.793900
2009-01-29,61.828700,23.475900,15.952400,62.981200,62.039400,62.195400,51.199000,26.014400,37.900200,15.634000,17.221600,89.500000,21.545000,73.793900
2009-01-30,60.570900,23.253600,15.833600,62.954600,61.842700,62.485100,51.561800,26.132500,37.581400,14.990700,17.120100,91.310000,21.678600,73.858300
2009-02-02,60.388100,23.025300,15.672800,63.465500,62.993300,62.711900,51.313000,25.575800,36.415000,15.354700,16.790400,88.840000,21.661900,73.902800
2009-02-03,61.236400,23.686200,16.141200,62.918800,61.493000,62.485100,51.141700,25.621400,36.969000,15.200100,16.595900,88.470000,21.394600,73.838400
2009-02-04,60.936600,23.566100,16.260000,62.598800,61.277800,62.359200,51.162500,25.600400,36.353900,14.831100,16.688900,89.180000,21.595100,73.886700
2009-02-05,61.843300,23.902500,16.602500,62.745500,61.331600,62.289900,50.716100,25.389900,35.734500,14.516900,17.060900,90.120000,21.661900,73.854500
2009-02-06,63.605700,24.455300,17.434400,62.365500,61.140400,62.648900,51.017100,25.902100,35.929400,15.524300,17.187800,89.590000,21.478100,73.741800
2009-02-09,63.693400,24.449300,17.343500,62.238800,61.337600,63.304000,51.110800,26.102100,36.237000,15.753700,17.094700,88.320000,21.336100,73.838400
2009-02-10,60.775700,23.235600,16.294900,63.072100,62.670500,63.593700,51.359000,25.930200,36.800100,14.352400,16.874900,90.210000,21.586800,73.822300
2009-02-11,61.134000,23.487900,16.784300,63.558800,63.483400,63.423700,51.536200,25.870500,36.553200,14.626600,16.773500,92.290000,21.620200,73.806200
2009-02-12,61.177900,23.415800,16.679400,63.538800,62.885700,63.196900,51.577800,25.789800,35.821200,14.377300,16.798800,93.170000,21.703700,73.806200
2009-02-13,60.519700,23.163500,16.763300,63.038800,61.212100,62.932400,51.183300,25.891600,35.816000,13.494600,16.494500,92.550000,21.636900,73.870600
2009-02-17,57.931000,21.931700,15.693800,64.098800,63.118800,63.316600,51.463600,25.232000,35.305700,12.537100,15.573000,95.450000,22.062900,73.870600
2009-02-18,57.792100,21.913700,15.581900,63.632100,62.580900,62.919800,51.209200,25.081200,35.617600,12.716700,15.480000,96.910000,22.163200,73.886700
2009-02-19,57.170500,21.883600,15.435100,63.278800,61.516900,62.743400,50.788700,25.207500,35.392400,12.168100,15.859700,95.770000,22.037900,73.886700
2009-02-20,56.614800,21.565200,15.043600,63.458800,62.114600,62.963800,50.575900,24.839100,34.989500,12.936100,15.682900,97.800000,21.728800,73.886700
2009-02-23,54.589100,20.742000,14.673100,63.518800,62.688400,62.900900,50.404600,24.214600,35.496300,11.963600,15.530700,97.730000,21.929300,73.870600
2009-02-24,56.658600,21.607200,15.477100,63.278800,62.622700,62.359200,50.222900,24.558400,36.167700,12.976000,15.826600,94.730000,21.812300,73.822300
2009-02-25,56.212600,21.012400,15.211400,62.705500,61.899500,61.987500,49.537700,24.439100,35.626300,12.726600,16.012600,93.150000,22.079600,73.790100
2009-02-26,55.298500,20.838100,15.078600,62.545500,61.247900,61.489900,49.221100,23.955000,35.587300,12.073300,16.350800,93.057000,22.062900,73.806200
2009-02-27,54.062600,20.838100,14.840900,62.492200,60.895300,61.112000,48.878500,23.593600,35.474700,11.913800,16.156300,92.630000,22.119400,73.854500
2009-03-02,51.627500,19.642400,13.939100,63.118800,61.903400,61.496200,48.884900,23.103800,35.295400,11.170700,15.344700,90.930000,22.347000,73.897800
2009-03-03,51.239900,19.564300,14.134900,63.038600,61.489900,61.357600,48.618800,23.196000,35.077500,11.215600,15.446100,90.040000,22.338600,73.881700
2009-03-04,52.453800,20.435500,15.127500,62.717700,61.208200,61.237900,48.603100,23.192400,34.554600,11.395100,15.987200,88.990000,22.213400,73.881700
2009-03-05,50.311200,19.612300,14.505400,63.453000,62.910400,61.804800,48.472700,22.093100,34.428200,10.692000,15.852000,91.987000,22.330300,73.897800
2009-03-06,50.399000,19.576300,14.750000,63.152200,62.490800,61.395400,48.577000,21.986700,34.119700,10.547300,16.232400,92.290000,22.221700,73.881700
2009-03-09,49.806700,19.047500,14.463400,63.179000,62.125200,61.162400,47.241300,21.859100,33.962000,10.781700,16.139400,90.570000,22.347000,73.881700
2009-03-10,52.775600,20.327400,15.637800,62.717700,60.932500,60.771800,47.924800,22.940700,34.088400,12.282800,16.097100,88.140000,22.221700,73.881700
2009-03-11,53.119300,20.441500,15.637800,63.165600,61.591800,61.074200,47.940500,23.305900,35.282300,12.083300,15.589900,89.220000,21.979400,73.881700
2009-03-12,55.210700,20.904200,16.239000,63.346100,61.885500,62.000100,47.898700,23.692500,35.674500,13.070700,16.316900,91.100000,21.872500,73.849500
2009-03-13,55.642200,21.042400,16.329900,63.299300,61.573800,61.981200,48.342200,23.745700,36.005600,12.791500,16.173200,91.300000,21.894200,73.833400
2009-03-16,55.474000,21.270700,16.343900,62.938300,60.602800,61.918200,48.410100,23.881100,36.480600,11.784100,16.528300,90.800000,21.828200,73.817300
2009-03-17,57.170500,21.829500,16.700400,62.818000,60.273100,61.855200,48.279600,23.745700,36.498000,12.676800,16.883400,90.040000,21.795600,73.865600
2009-03-18,58.450200,22.454400,17.049900,64.970300,62.556800,64.141700,49.307500,24.291800,37.090600,13.369900,17.094700,93.090000,21.097200,73.881700
2009-03-19,57.726300,22.442400,16.938100,64.749700,62.634700,64.437800,49.411900,24.079000,37.517700,12.552100,17.449800,94.350000,20.843200,73.833400
2009-03-20,56.497400,22.130000,16.707400,64.749700,62.287000,64.116500,48.911000,24.032900,37.400000,11.469900,17.686600,93.590000,21.018700,73.865600
2009-03-23,60.555500,23.722300,18.252300,64.529200,61.747600,64.103900,49.062300,24.529400,37.395700,13.325100,18.058500,92.080000,20.910100,73.881700
2009-03-24,59.362400,22.977200,17.686100,64.435600,62.335000,64.469300,48.577000,24.575500,37.604800,12.297800,17.762600,90.950000,21.144000,73.865600
2009-03-25,59.988400,23.331700,17.951700,64.047900,61.495900,64.374800,48.342200,24.706700,37.343400,12.500200,17.492100,91.980000,20.976900,73.897800
2009-03-26,61.211000,23.644200,18.441000,64.215000,62.209100,65.092900,48.592700,25.089700,37.230100,12.779900,17.796500,91.930000,21.110600,73.881700
2009-03-27,60.106300,22.887100,17.895800,64.174900,62.670600,64.929100,48.744000,24.834400,37.465400,12.210300,17.466700,90.690000,21.361200,73.897800
2009-03-30,58.029300,22.015800,16.973000,64.449000,62.910400,65.048800,48.707500,23.671200,36.951200,11.544100,16.832700,89.980000,21.494800,73.881700
2009-03-31,58.567000,22.586600,17.343500,64.562600,63.359900,64.721200,49.109200,24.043500,37.288500,12.347600,16.908800,90.280000,21.419700,73.849500
2009-04-01,59.701200,23.175500,17.916800,64.720900,63.938200,64.951600,49.035100,24.081400,37.305100,12.281500,16.866500,91.030000,21.436400,73.861600
2009-04-02,61.446700,24.221000,18.888400,64.298600,63.156800,64.552900,49.050900,24.957100,37.967100,13.171400,17.517500,88.800000,21.152300,73.813300
2009-04-03,62.058000,24.359200,19.119100,63.561300,61.864400,64.128900,48.746600,25.308800,37.879400,14.305500,17.788000,87.590000,21.085500,73.861600
2009-04-06,61.571900,23.854500,18.881400,63.413800,61.599900,64.078300,48.720300,25.226300,38.607200,14.142800,17.567300,85.270000,21.185800,73.845500
2009-04-07,60.135700,23.355700,18.448000,63.574700,61.756200,63.989700,48.699300,24.935600,38.580900,13.085000,17.255400,86.740000,21.344500,73.845500
2009-04-08,60.783800,23.590100,18.720700,63.889700,62.303200,64.306100,49.187300,25.229900,38.852700,13.279300,17.382200,86.610000,21.352800,73.877700
2009-04-09,63.199600,24.221000,19.538600,63.514300,61.521800,64.109900,49.517800,25.947600,38.637900,15.058200,17.635800,86.310000,21.436400,73.829400
2009-04-13,63.214300,24.461300,19.657400,63.889700,62.086800,64.401000,49.995300,25.929700,39.457700,15.103900,17.711900,87.880000,21.152300,73.877700
2009-04-14,62.124300,24.227000,19.342800,64.218200,62.411400,64.432700,50.126400,25.796900,39.019300,13.822400,17.390700,87.370000,21.202500,73.845500
2009-04-15,62.787100,24.545500,19.622400,64.278500,62.303200,64.470600,50.514700,26.015800,39.709800,15.022600,17.280700,87.500000,21.235900,73.845500
2009-04-16,63.707800,24.701700,19.790200,64.023800,61.810300,64.230200,50.729800,26.428500,39.501600,15.526000,17.204700,85.810000,21.311100,73.893800
2009-04-17,64.134900,24.617600,19.650400,63.507600,61.131100,63.597400,50.666800,27.006400,39.650700,15.805700,17.077800,85.220000,21.528300,73.813300
2009-04-20,61.446700,23.608100,18.692700,63.950100,62.056800,63.654300,50.388800,26.019400,39.238500,14.178400,16.435300,86.950000,21.695400,73.845500
2009-04-21,62.647200,24.148900,19.091200,63.702000,61.443600,63.439200,50.546200,26.313700,39.238500,15.434500,16.494500,86.890000,21.645200,73.829400
2009-04-22,62.264200,23.956600,18.930400,63.547900,61.071000,63.597400,50.420200,26.439300,39.299900,14.895400,16.519900,87.380000,21.586800,73.877700
2009-04-23,62.875500,24.557500,19.224000,63.534500,61.065000,63.932800,50.378300,26.410600,38.905300,15.566700,16.739700,88.800000,21.344500,73.910000
2009-04-24,63.825600,24.936000,19.587500,63.286400,60.451800,64.072000,50.488400,26.819700,39.221000,16.304100,16.993300,89.720000,21.177400,73.910000
2009-04-27,63.221700,24.641600,18.930400,63.547900,60.710300,64.135300,50.425500,26.608000,38.811100,15.327700,16.570600,89.010000,21.428000,73.893800
2009-04-28,63.022800,24.407300,18.867500,63.239500,59.718500,64.135300,50.262800,26.665400,39.212200,15.531100,16.452200,87.750000,21.294400,73.910000
2009-04-29,64.363300,25.032200,19.860100,62.897600,59.189500,63.869500,50.504200,27.160700,39.155200,16.207500,16.832700,88.330000,21.144000,73.893800
2009-04-30,64.385400,25.188400,20.041900,62.790400,58.955100,63.559400,50.472700,27.372400,40.168000,16.136300,16.891800,87.270000,21.169100,73.893800
2009-05-01,64.731500,25.482800,20.335500,62.588900,58.549400,62.943400,50.597900,27.329200,40.238600,15.607400,17.399100,86.950000,21.118900,73.918400
2009-05-04,66.933700,26.540300,21.740600,62.649400,58.742300,63.058000,50.719200,27.262300,40.273900,16.894000,17.737200,88.640100,20.926800,73.821700
2009-05-05,66.705400,26.276000,21.544800,62.636000,58.669900,63.077100,50.882600,27.499200,41.054800,16.263400,17.483600,88.250000,20.993600,73.837900
2009-05-06,67.861700,26.912900,21.914600,62.662900,58.531300,63.331800,51.109300,27.727100,41.346000,16.883900,17.948600,89.540000,20.951800,73.821700
2009-05-07,66.918900,26.462200,21.370100,62.138400,57.102400,63.395500,50.619000,27.271400,41.650500,15.917600,17.982500,89.440000,20.951800,73.821700
2009-05-08,68.480300,27.609900,22.083100,62.212400,57.241000,63.421000,50.940600,27.759600,41.868900,16.980500,18.430500,89.980000,20.575900,73.837900
2009-05-11,67.198800,26.906900,21.565800,62.797300,58.055000,63.739300,51.093500,27.615000,41.804900,16.334600,18.278400,89.690000,20.684500,73.821700
2009-05-12,67.000000,27.195300,21.719600,62.757000,58.266000,63.936700,51.235900,27.723500,41.474000,16.288900,18.464400,90.700000,20.575900,73.886200
2009-05-13,65.313400,26.270000,20.922700,63.046100,58.899000,63.924000,51.141000,27.361800,41.310700,15.220900,18.253000,91.090000,20.651100,73.837900
2009-05-14,65.873100,26.528300,21.223300,63.052800,59.128200,64.280600,51.256900,27.072400,41.143100,15.582000,18.371400,91.030000,20.584300,73.854000
2009-05-15,65.335400,26.288000,21.027500,62.898200,59.110100,64.414300,51.246400,26.692700,40.993000,15.058200,17.906400,91.550000,20.726300,73.854000
2009-05-18,67.191400,27.291400,22.195000,62.528400,58.193600,64.395200,51.172600,27.260500,41.094500,16.268500,18.379800,90.360000,20.617700,73.902300
2009-05-19,67.110400,27.537800,22.446600,62.441000,57.886100,64.522500,51.378200,27.441400,41.306300,15.958300,18.379800,90.960000,20.509100,73.886200
2009-05-20,66.661200,27.718100,22.516500,62.636000,58.495100,64.866400,51.673500,27.846500,41.178400,15.831200,18.675700,92.250000,20.258500,73.821700
2009-05-21,65.703700,27.507700,22.097100,61.950200,57.024000,64.229600,51.146200,27.488400,41.549000,15.876900,18.523500,93.850000,20.124800,73.870100
2009-05-22,65.563800,27.664000,22.195000,61.587100,56.390900,64.344300,51.077700,27.868200,41.412200,15.485300,18.794100,94.150000,19.982800,73.886200
2009-05-26,67.243000,28.216800,22.460600,61.177000,55.540800,64.070500,51.056600,27.795800,41.474000,16.405800,18.836300,93.760000,20.024600,73.902300
2009-05-27,66.042500,27.670000,22.202000,60.484500,54.558000,63.924000,50.703400,27.846500,41.579900,15.810800,18.920900,93.450000,20.091400,73.902300
2009-05-28,66.963100,27.952400,22.887000,60.800500,55.347900,63.994000,50.893200,27.944100,41.557800,16.029500,19.267500,94.240000,20.108100,73.886200
2009-05-29,68.148900,28.511200,23.236600,61.486300,56.776800,64.828200,51.641800,28.152100,41.332800,16.558400,19.639500,96.200000,19.824100,73.902300
2009-06-01,69.798700,29.214200,24.215200,60.482900,55.098200,64.311000,51.625000,28.820000,41.800200,17.407700,20.180600,95.730000,19.773900,73.843800
2009-06-02,69.857600,29.466600,23.865700,60.685200,55.394600,64.771100,52.006500,28.736000,42.110600,17.046600,20.265100,96.360000,19.590100,73.843800
2009-06-03,68.973800,28.589300,23.019800,61.056100,55.914800,64.745600,52.271500,28.571700,42.057400,17.016100,19.588800,94.410000,19.882500,73.876000
2009-06-04,69.621900,28.769600,23.446300,60.348100,54.759500,64.093700,52.043600,28.659400,42.126200,17.560200,20.307400,96.230000,19.840800,73.876000
2009-06-05,69.636600,28.415100,23.495200,59.747900,54.342100,63.844500,51.768100,28.750600,42.066300,17.514500,20.197500,93.710000,20.183300,73.859900
2009-06-08,69.349400,28.355000,23.131700,59.444400,54.203000,63.595200,51.662100,28.801700,41.680400,17.194100,20.146800,93.560000,20.191600,73.876000
2009-06-09,69.702900,28.703500,23.173600,59.700700,54.197000,64.023400,52.054200,28.856500,41.689300,17.194100,20.341200,93.830000,19.932700,73.859900
2009-06-10,69.526200,28.757600,23.465800,59.343300,53.344100,64.055300,51.900600,28.893000,41.250100,16.894000,20.265100,93.860000,20.049600,73.876000
2009-06-11,69.835500,29.250300,23.970600,59.747900,53.936900,64.176800,52.080700,28.958700,41.449700,16.548200,20.451100,93.700000,19.849100,73.827700
2009-06-12,70.027000,29.100000,23.586100,60.064800,54.420800,64.055300,52.467500,29.108400,41.822300,17.148300,20.163700,92.170000,20.041300,73.892200
2009-06-15,68.421400,28.054500,22.740200,60.334600,54.910700,63.985000,52.483400,28.677600,41.609400,16.334600,19.774800,91.100000,20.408800,73.892200
2009-06-16,67.493400,27.730100,22.397700,60.671800,55.866400,64.195900,52.451600,28.403800,41.285600,16.034600,19.698700,91.930000,20.141500,73.908300
2009-06-17,67.427100,27.808200,22.146000,60.509900,55.551900,63.774200,52.515200,28.239600,41.866700,15.729400,19.757900,92.350000,20.024600,73.908300
2009-06-18,67.920600,27.760100,22.083100,59.774900,54.711100,63.614400,51.847600,28.509700,41.662700,15.836200,19.783200,91.610000,20.116400,73.892200
2009-06-19,68.171100,28.198700,22.195000,60.051400,55.461200,64.017000,52.239700,28.538900,41.294500,15.993900,19.614200,91.900000,20.024600,73.908300
2009-06-22,66.126800,27.291400,21.391100,60.375000,55.999500,64.125600,52.430400,28.151900,41.010600,15.159900,18.954700,90.540000,20.158200,73.908300
2009-06-23,66.178700,27.650400,21.529900,60.570600,56.658800,64.438800,52.854300,28.199400,40.496100,15.271800,19.284400,90.920000,19.924300,73.908300
2009-06-24,66.749000,27.675000,22.002100,60.341300,56.090200,64.106500,52.769500,28.341800,40.731200,15.353100,19.276000,91.450000,20.041300,73.908300
2009-06-25,68.200700,28.257900,22.657500,61.096600,57.118500,64.477100,53.182800,28.611900,40.766700,15.810500,19.445100,92.310000,20.024600,73.908300
2009-06-26,68.022900,28.202700,22.777300,61.177500,57.215300,64.477100,53.209300,28.604600,41.387600,15.944900,19.284400,92.290000,19.907600,73.908300
2009-06-29,68.659900,28.442000,22.946400,61.305700,57.300000,64.521900,53.151000,28.962300,41.600600,15.934600,19.470400,92.040000,19.890900,73.908300
2009-06-30,68.104400,28.110600,22.713900,61.143800,57.203200,64.956500,53.135200,29.097400,41.729200,16.027600,19.123800,91.180000,19.966100,73.892200
2009-07-01,68.385900,28.577000,23.129700,61.104300,57.089700,64.820900,53.063100,29.169100,41.801800,16.306700,19.047700,92.390000,19.865800,73.894000
2009-07-02,66.519400,27.754700,22.495400,61.307200,57.223200,64.660500,53.068400,28.660800,41.788400,15.443600,18.625000,91.250000,19.974400,73.910100
2009-07-06,66.512000,27.791500,22.446100,61.347800,57.114000,64.506600,53.196200,28.233400,41.659100,15.831200,18.067000,90.760000,20.006200,73.894000
2009-07-07,65.223200,27.116500,21.917500,61.591200,57.496300,64.609200,52.983300,27.839300,41.494200,15.216200,17.779600,90.710000,20.091400,73.894000
2009-07-08,65.178800,27.006100,21.663800,62.301200,58.558200,64.840200,53.467600,28.008700,41.342600,15.071400,17.559700,89.270000,20.066300,73.910100
2009-07-09,65.304700,27.337500,22.052100,61.936100,57.860400,64.314100,53.488900,28.410300,41.106400,14.787200,17.669600,89.510000,19.899200,73.894000
2009-07-10,65.149100,27.018400,21.790600,62.321500,58.394400,64.570700,53.701800,28.192900,41.570000,14.766500,17.534400,89.580000,19.949400,73.894000
2009-07-13,66.734200,27.490900,21.945700,62.098400,58.066700,64.307700,53.669900,28.255500,41.627900,15.324700,17.627400,90.190000,19.916000,73.910100
2009-07-14,67.111900,27.638100,22.185300,61.685900,57.101900,64.256400,53.552800,28.366100,41.694800,15.510800,17.627400,90.810000,19.932700,73.910100
2009-07-15,69.074700,28.583100,23.376300,60.887900,55.633400,64.083200,53.057800,28.992300,41.636800,16.084500,18.092400,92.240000,19.740500,73.877900
2009-07-16,68.963600,28.834700,23.418600,61.253100,56.234100,64.480900,53.425000,29.080700,41.948900,16.270500,18.134600,91.980000,19.723800,73.910100
2009-07-17,69.719100,28.730400,23.658200,60.840600,55.366400,64.455300,53.260000,29.106500,42.011300,15.836400,18.405200,91.930000,19.765600,73.910100
2009-07-20,70.459700,29.288800,24.503900,61.063700,55.657600,64.827300,53.478300,29.511700,42.171800,16.394600,18.709500,93.280000,19.631900,73.877900
2009-07-21,70.785600,29.472900,24.429900,61.746700,56.768100,64.974900,54.234000,29.655400,42.408100,16.348100,18.641900,93.130000,19.640300,73.877900
2009-07-22,70.770800,29.546500,24.377000,61.381600,56.258400,64.801700,54.090300,29.692300,42.541800,16.368700,18.743400,93.440000,19.606900,73.894000
2009-07-23,72.333600,30.043600,25.067700,60.786500,55.226800,64.487300,53.999800,29.994300,42.506100,17.020000,19.132300,93.260000,19.606900,73.877900
2009-07-24,72.629900,30.227700,24.947900,60.915000,55.493800,64.519400,54.148900,30.171200,42.702300,17.138900,19.149200,93.410000,19.581800,73.861700
2009-07-27,72.844700,30.258400,25.166400,60.630900,54.856600,64.397500,54.026500,30.226400,42.951900,17.386900,19.225300,93.710000,19.565100,73.861700
2009-07-28,72.504000,30.129500,25.053600,60.752700,55.342100,64.339800,54.234000,30.259600,42.960800,17.371400,19.013900,92.110000,19.623600,73.877900
2009-07-29,72.326200,29.884000,24.489800,60.793200,55.645500,64.307700,54.574600,30.362700,42.711200,17.154400,18.523500,91.200000,19.765600,73.877900
2009-07-30,73.081700,30.467000,25.095900,61.036700,56.434400,64.673400,54.872700,30.613200,42.822600,17.769400,19.098400,91.620000,19.740500,73.894000
2009-07-31,73.185400,30.933400,25.215700,61.652100,57.532700,65.013400,55.596500,31.110600,43.025500,17.753900,19.478900,93.350000,19.481500,73.845600
2009-08-03,74.392700,31.651300,26.160000,60.996800,56.660800,64.677800,55.078700,31.169400,43.426100,18.074400,20.028400,93.870000,19.322800,73.865500
2009-08-04,74.585300,31.602200,25.920400,60.820500,56.210300,64.445900,54.800600,31.102600,43.282800,19.061500,20.036900,94.680000,19.322800,73.881600
2009-08-05,74.370500,31.473400,25.702000,60.474600,55.370000,64.497400,54.811300,31.002300,43.743800,19.790300,20.248200,94.780000,19.297800,73.865500
2009-08-06,73.985300,31.277000,25.490500,60.474600,55.558800,64.394300,54.661600,30.757100,43.887400,19.640400,19.783200,94.600000,19.389600,73.865500
2009-08-07,74.955600,31.246300,25.744200,60.074500,55.096000,64.478100,54.650900,30.972500,43.860600,20.736100,19.690200,93.750000,19.615200,73.865500
2009-08-10,74.800000,31.056100,25.455300,60.461100,55.784100,64.600500,54.822000,31.113700,43.775500,20.291700,19.681800,92.927000,19.682000,73.865500
2009-08-11,73.866800,30.878100,24.976100,60.881500,56.429500,64.884000,55.105400,31.039400,43.762000,19.702400,19.385900,92.790000,19.698700,73.865500
2009-08-12,74.659300,31.227900,25.201600,60.712000,55.826700,64.632700,54.624100,30.961400,43.641100,19.847200,19.487300,92.950000,19.606900,73.897700
2009-08-13,75.229600,31.706500,25.638500,61.186700,56.618200,64.845300,55.153500,30.567600,43.403700,19.950500,19.749400,93.720000,19.515000,73.865500
2009-08-14,74.651900,31.436500,25.173400,61.376600,56.837400,64.774500,55.142800,30.415300,43.771000,19.785100,19.191400,93.000000,19.590100,73.897700
2009-08-17,72.815100,30.424000,24.186800,61.797100,57.677600,65.006400,55.233700,29.672300,43.475400,18.730800,18.904000,91.610000,19.707100,73.865500
2009-08-18,73.392800,30.951800,24.715300,61.580100,57.342800,65.148100,55.094700,30.185000,43.385800,18.916800,19.276000,92.060000,19.657000,73.897700
2009-08-19,74.037200,31.215600,24.778800,61.810700,57.817700,65.476700,55.271200,30.307500,43.654500,18.766900,19.411200,92.532000,19.531700,73.865500
2009-08-20,74.800000,31.436500,25.208600,61.973400,58.292600,65.869700,55.533200,30.214700,43.600800,19.516400,19.250600,92.270000,19.473200,73.881600
2009-08-21,76.266600,32.123800,25.589200,61.342700,57.093100,65.605600,55.281900,30.627000,43.883000,20.028100,19.394300,93.650000,19.406400,73.865500
2009-08-24,76.259200,32.117700,25.702000,61.722500,58.128200,65.837500,55.565300,30.467300,43.735200,19.960900,19.428200,92.340000,19.448100,73.865500
2009-08-25,76.407300,32.436800,25.645600,61.885300,58.457000,65.644200,55.661500,30.463600,43.994900,20.183100,19.149200,92.760000,19.448100,73.865500
2009-08-26,76.414700,32.301800,25.568100,61.966700,58.724900,65.831100,56.030500,30.582500,43.936700,20.245100,19.098400,92.790000,19.523300,73.881600
2009-08-27,76.585100,32.547200,25.518700,61.797100,58.493500,65.592700,55.773800,30.426400,43.950100,20.441500,19.259100,93.190000,19.414700,73.881600
2009-08-28,76.570200,32.565600,25.384800,61.939500,58.761400,65.618500,56.051900,30.578700,43.981500,20.622400,19.216800,93.870000,19.448100,73.897700
2009-08-31,75.888800,32.326300,24.884500,62.122600,58.816200,65.560500,56.324600,30.582500,44.075500,20.296800,18.692600,93.400000,19.431400,73.897700
2009-09-01,74.214900,31.522500,24.412300,62.284200,58.673900,65.651800,56.042100,30.294900,44.059200,19.211400,18.405200,93.900000,19.556700,73.853200
2009-09-02,73.933500,31.485600,24.673000,62.624200,59.529000,65.755800,56.208700,30.133800,43.879200,18.823800,18.447400,96.190000,19.481500,73.917700
2009-09-03,74.548200,31.731100,25.166400,62.399800,59.162500,65.840300,56.305400,30.328600,44.167300,19.199000,18.354500,97.460000,19.498300,73.917700
2009-09-04,75.592600,32.215900,25.652600,62.025700,58.154700,65.827300,56.343000,30.560900,44.153800,19.423300,18.278400,97.529000,19.423100,73.917700
2009-09-08,76.244400,32.854000,26.181200,61.882900,57.745500,65.963800,56.197900,30.995600,44.342800,20.100400,18.616500,97.430000,19.205900,73.917700
2009-09-09,76.829500,33.259000,26.322100,61.937300,57.678300,66.171900,56.181800,30.703300,44.905500,20.493200,18.692600,97.080000,19.139000,73.869400
2009-09-10,77.614600,33.553600,26.667500,62.399800,58.741100,66.327900,56.552500,31.179200,44.905500,20.798200,18.794100,97.700000,19.097300,73.885500
2009-09-11,77.599800,33.510600,26.681600,62.583400,59.064800,66.477400,57.062900,31.475200,44.901000,20.762000,18.548900,98.780000,19.055500,73.869400
2009-09-14,77.977500,33.578100,26.582900,62.216200,58.478400,66.327900,56.772800,31.512700,45.162100,21.377000,18.447400,97.960000,19.038800,73.869400
2009-09-15,78.303400,33.584300,26.900000,62.086900,58.179100,66.366900,56.740600,31.737500,45.571700,21.718200,18.878600,98.900000,18.971900,73.869400
2009-09-16,79.488500,34.247000,27.576600,62.039300,58.283000,66.496900,56.917900,32.145900,45.792200,22.602000,19.123800,99.910000,18.913500,73.869400
2009-09-17,79.370000,34.026100,27.428600,62.345400,59.015900,66.581500,57.197200,32.202100,46.219900,22.503800,19.132300,99.340000,18.946900,73.885500
2009-09-18,79.420800,34.118100,27.506100,62.012100,58.490600,66.275900,56.837300,32.112200,46.098300,22.534800,18.965300,98.670000,19.013700,73.869400
2009-09-21,79.219900,33.756100,27.266500,61.971300,58.625000,66.204400,56.971600,32.130900,46.098300,22.183300,18.548900,98.360000,19.080600,73.917700
2009-09-22,79.681300,34.222400,27.682300,62.134500,58.747200,66.360400,57.105900,32.093500,45.994800,22.886300,18.853300,99.670000,18.880100,73.869400
2009-09-23,79.019000,33.927900,27.266500,62.270600,58.924300,66.503400,57.132800,32.190900,45.900300,22.059300,18.430500,98.830000,18.963600,73.901600
2009-09-24,78.148200,33.430900,26.730900,62.440600,59.095300,66.438400,57.224100,32.250800,45.850800,21.253900,18.193800,97.550000,19.105600,73.869400
2009-09-25,77.731500,33.289700,26.843600,62.692200,59.846600,66.536000,57.444400,32.145900,45.922800,21.321800,18.050100,97.000000,19.055500,73.901600
2009-09-28,79.123100,33.743800,27.189000,62.801000,60.371900,66.672500,57.589400,32.400700,45.967800,22.203900,18.210700,97.050000,19.114000,73.917700
2009-09-29,78.885000,33.541300,27.251700,62.773800,60.317000,66.646500,57.363800,32.363300,45.913800,21.843700,18.143100,97.430000,19.147400,73.917700
2009-09-30,78.579900,33.553600,27.421500,62.821500,60.262000,66.887000,57.315400,32.355800,46.372900,21.634900,18.650400,98.850000,19.038800,73.917700
2009-10-01,76.630100,32.676100,26.674500,63.294300,61.087300,67.074000,56.728100,31.503700,46.347500,20.664100,18.533200,97.890000,19.172400,73.872200
2009-10-02,76.272900,32.314000,26.681600,63.267000,60.664500,66.943900,56.361100,31.515000,46.220900,20.518000,18.346000,98.370000,19.130700,73.872200
2009-10-05,77.411500,32.780400,27.301700,63.260200,60.670700,66.982900,56.663300,31.938200,46.474100,21.081700,18.937800,99.820000,19.022100,73.904400
2009-10-06,78.520300,33.332700,27.752800,63.055600,60.070200,66.976400,56.544600,31.828600,46.912600,21.024300,18.709500,102.280000,18.938500,73.872200
2009-10-07,78.736200,33.455400,27.724600,63.458000,60.774800,67.269100,56.906200,32.062800,46.826700,21.008600,18.743400,102.361000,18.955200,73.904400
2009-10-08,79.339000,33.940200,28.062900,63.226100,60.137600,67.204100,56.587800,32.266800,46.998500,21.410500,19.115300,103.640000,18.829900,73.872200
2009-10-09,79.822700,33.854300,28.084000,62.619200,58.759000,66.859400,56.091300,32.391500,47.021100,21.593200,19.191400,102.840000,18.980300,73.888300
2009-10-12,80.135300,34.056800,28.316600,62.803300,58.850900,67.022000,56.285600,32.383900,47.107000,21.561900,19.580300,103.560000,18.896800,73.888300
2009-10-13,79.971500,33.983100,28.365900,62.946500,59.157300,67.399200,56.393500,32.376400,47.048300,21.259100,19.800100,104.260000,18.855000,73.888300
2009-10-14,81.348300,34.799300,29.282100,62.516900,58.281100,67.106500,56.123700,32.504800,47.079900,22.036800,19.952300,104.180000,18.713000,73.872200
2009-10-15,81.646000,34.958800,29.120000,62.312300,58.011500,67.158600,56.112900,32.497300,47.052800,21.848900,20.155200,102.860000,18.721300,73.872200
2009-10-16,81.035700,34.431100,28.718300,62.598700,58.483300,67.373200,56.156100,32.493500,46.881000,21.274800,20.206000,103.180000,18.771500,73.904400
2009-10-19,81.705500,34.983400,29.268000,62.694200,58.942800,67.802500,56.442100,32.501100,46.975900,21.734100,20.493400,104.230000,18.679600,73.888300
2009-10-20,81.273900,34.799300,28.880400,62.837400,59.261400,67.861000,56.803700,32.561500,47.039200,21.332200,20.366600,103.420000,18.763100,73.872200
2009-10-21,80.544600,34.682700,28.725300,62.694200,58.906000,67.594400,56.566200,32.618200,46.917100,21.060800,20.797800,103.745000,18.646100,73.872200
2009-10-22,81.363200,35.020200,28.964900,62.510000,58.618100,67.262600,56.900800,32.867500,46.727200,21.614100,20.966900,103.920000,18.637800,73.872200
2009-10-23,80.432900,34.467900,28.725300,62.203100,58.176900,67.119500,56.587800,32.810800,46.677500,21.358300,20.890800,103.490000,18.738000,73.872200
2009-10-26,79.562200,33.946300,28.365900,61.848500,57.423300,66.813800,56.350300,32.829700,46.456000,21.306100,20.510300,101.860000,18.863300,73.872200
2009-10-27,79.197600,33.676300,27.872600,62.380500,58.207600,67.347200,56.836000,32.572800,46.302200,20.998200,20.366600,101.850000,18.911800,73.872200
2009-10-28,77.701700,32.866300,26.597000,62.571400,58.483300,67.399200,56.452900,32.036400,45.859200,20.116100,19.842400,100.730000,18.988700,73.872200
2009-10-29,79.368700,33.835900,27.773900,62.271300,57.846100,67.405700,56.523000,32.485900,45.881800,21.034700,20.459600,102.688000,18.855000,73.888300
2009-10-30,77.069200,32.706800,26.477200,62.735100,58.685500,67.652900,57.030300,32.179900,46.125900,20.669300,19.939600,102.530000,18.963600,73.920500
2009-11-02,77.634700,33.025900,26.871800,62.570000,58.426100,67.784800,56.945600,32.432600,45.893500,20.664100,20.290500,103.950000,18.896800,73.921400
2009-11-03,77.880300,32.897000,26.914100,62.425500,57.842100,67.647800,56.685400,32.505000,45.725500,20.966800,20.578000,106.460000,18.946900,73.921400
2009-11-04,78.081300,33.228400,27.414500,62.253600,57.313500,67.778300,56.907600,32.554500,45.857200,20.518000,20.561000,107.100000,18.804900,73.905300
2009-11-05,79.517600,33.657900,27.978300,62.267400,57.313500,67.908800,56.945600,32.581200,45.975300,20.982500,20.451100,106.980000,19.164100,73.905300
2009-11-06,79.725900,33.756100,27.943000,62.453100,57.368800,68.078500,57.097400,32.611700,46.057000,20.638000,20.087600,107.430000,19.072200,73.921400
2009-11-09,81.541800,34.701100,28.972000,62.480600,57.436400,68.430900,57.129900,32.741200,46.247800,21.655800,20.417300,108.190000,18.829900,73.921400
2009-11-10,81.556700,34.517000,28.838100,62.528700,57.331900,68.313400,57.092000,32.729800,46.497500,21.494000,20.315900,108.390000,18.746400,73.873100
2009-11-11,81.973400,34.620100,29.084700,62.707500,57.571700,68.561400,57.303400,32.748800,46.520200,21.895900,20.451100,109.600000,18.779800,73.873100
2009-11-12,81.139900,34.118100,28.436400,62.728200,57.467200,68.241600,57.303400,32.786900,46.520200,21.671500,20.146800,108.210000,19.047100,73.873100
2009-11-13,81.579000,34.596800,28.922600,62.776300,57.731500,68.267700,57.471400,32.722100,46.561100,21.963800,20.129900,109.740000,18.646100,73.873100
2009-11-16,82.762300,35.149000,29.648500,63.113300,58.407600,68.783300,57.742500,32.874500,46.751800,22.496200,20.713200,111.630000,18.562600,73.873100
2009-11-17,82.859000,34.915900,29.542800,63.250800,58.721100,68.966000,57.829300,32.866900,46.656500,22.104700,20.814700,111.970000,18.679600,73.873100
2009-11-18,82.806900,34.805400,29.310200,63.092700,58.376900,68.946400,57.639500,32.783100,46.683700,22.506600,20.831600,112.250000,18.612700,73.873100
2009-11-19,81.727800,34.148800,28.767600,63.168300,58.481400,68.952900,57.710000,32.851700,46.661000,21.989900,20.535700,112.300000,18.671200,73.873100
2009-11-20,81.437600,33.958600,28.647800,63.161400,58.469100,68.952900,57.438900,32.844000,46.620100,21.833300,20.510300,112.940000,18.746400,73.873100
2009-11-23,82.472000,34.566100,29.246800,63.072000,58.395300,69.011700,57.438900,32.809800,46.679200,22.109900,20.603300,114.290000,18.604400,73.873100
2009-11-24,82.598500,34.424900,29.084700,63.395300,58.764200,69.083500,57.661200,32.828800,46.788200,21.780000,20.366600,114.730000,18.621100,73.873100
2009-11-25,82.888800,34.885200,29.423000,63.608500,59.034600,69.357500,57.872600,32.844000,46.856300,21.869800,20.856900,116.620000,18.403900,73.873100
2009-11-27,81.541800,33.878800,28.281300,63.897300,59.255900,69.507600,57.856400,32.615500,46.574700,21.233000,20.620200,115.060000,18.596000,73.889200
2009-11-30,81.817100,33.989300,28.556200,64.000500,59.397300,69.546800,58.143700,32.722100,46.493000,22.026400,20.848500,115.640000,18.520800,73.889200
2009-12-01,82.829200,34.922000,29.373700,63.647400,58.735600,69.427800,57.853200,32.884100,46.621500,22.350000,21.000700,117.380000,18.437300,73.889200
2009-12-02,82.792000,34.977200,29.493500,63.516500,58.785000,69.355900,57.864100,32.918600,46.553100,22.715400,20.856900,119.180000,18.495800,73.873100
2009-12-03,82.144600,34.897400,29.218600,63.220100,58.174500,69.127000,57.847700,32.960800,46.521200,22.459600,20.840000,118.700000,18.504100,73.873100
2009-12-04,82.613400,34.774700,29.486400,62.751400,57.557800,68.564700,57.608200,33.095100,46.489300,23.122500,20.670900,113.753000,18.779800,73.905300
2009-12-07,82.486900,34.584500,29.232700,62.923700,57.631800,68.675900,57.580900,33.137300,46.512100,22.637100,20.485000,113.110000,18.779800,73.873100
2009-12-08,81.571600,33.983100,28.690100,63.144300,57.718200,68.643200,57.826000,33.175700,46.416300,22.506600,20.282000,110.950000,18.871700,73.873100
2009-12-09,81.876700,33.940200,28.866300,63.020200,57.453000,68.342400,57.493800,33.175700,46.329700,22.459600,20.028400,110.840000,18.796500,73.905300
2009-12-10,82.338100,34.044500,29.035400,62.806500,56.793200,68.120100,57.542800,33.340700,46.398100,22.370900,19.918500,110.820000,18.796500,73.873100
2009-12-11,82.687900,34.032200,29.141100,62.496400,56.787000,68.146200,57.270600,33.359900,46.457400,22.731000,20.020000,109.320000,18.946900,73.873100
2009-12-14,83.253400,34.363600,29.338400,62.496400,56.854800,68.381600,57.586400,33.628500,46.475600,23.143400,20.129900,110.240000,18.905100,73.857000
2009-12-15,82.866500,33.983100,29.035400,62.296500,56.602000,68.375100,57.172600,33.593900,46.443700,22.913700,20.036900,110.210000,19.038800,73.857000
2009-12-16,82.993000,34.382000,29.204500,62.296500,56.534200,68.492800,57.390400,33.670700,46.475600,23.080800,20.383500,111.590000,19.022100,73.873100
2009-12-17,81.995700,33.572000,28.365900,62.847900,57.465300,68.787000,57.635400,33.651500,46.448200,22.939800,20.070700,107.340000,19.222600,73.873100
2009-12-18,82.459800,33.651800,28.443400,62.537700,57.218700,68.682400,57.542800,33.632300,46.521200,23.091200,20.155200,108.950000,19.222600,73.873100
2009-12-21,83.297800,33.750600,28.408200,61.896700,56.201200,68.362000,57.265200,33.732100,46.484700,23.404400,19.960800,106.950000,19.281000,73.873100
2009-12-22,83.597100,33.964200,28.694500,61.621000,55.886700,68.139700,57.025600,33.805000,46.539400,23.649700,20.104500,106.170000,19.347900,73.873100
2009-12-23,83.761700,34.273800,28.978700,61.593400,55.899000,68.041600,57.205300,33.885600,46.528000,23.931500,20.459600,106.550000,19.239300,73.873100
2009-12-24,84.158200,34.410000,29.269900,61.372800,55.319400,67.858500,56.938500,34.012200,46.471000,24.277300,20.578000,108.360000,19.239300,73.889200
2009-12-28,84.337800,34.558600,29.369400,61.207400,55.165200,67.838900,56.786100,33.912400,46.398100,24.393600,20.941500,108.550000,19.189200,73.873100
2009-12-29,84.218100,34.614400,29.264200,61.369200,55.529100,68.047900,56.958400,33.730800,46.411000,24.028800,20.899200,107.470000,19.247600,73.879200
2009-12-30,84.188100,34.472000,29.392100,61.479700,55.894200,68.152700,57.024000,33.873700,46.429300,24.065800,20.873900,106.930000,19.247600,73.895300
2009-12-31,83.380100,34.230500,29.491600,61.182700,55.628100,68.093700,56.942000,33.927800,46.603300,23.653400,20.814700,107.310000,19.281000,73.911400
2010-01-04,84.794200,35.128300,30.351500,61.334600,55.578600,68.270700,57.242700,34.194300,46.672000,23.553000,21.338800,109.800000,19.147400,73.879200
2010-01-05,85.018600,35.159300,30.571800,61.604000,55.937600,68.493500,57.516100,34.356600,46.955900,23.526600,21.364200,109.700000,19.139000,73.863100
2010-01-06,85.078500,35.307900,30.635800,61.355400,55.188700,68.316600,57.346600,34.445400,47.020000,23.484300,21.744700,111.510000,19.088900,73.863100
2010-01-07,85.437600,35.171700,30.458100,61.355400,55.281600,68.421400,57.417700,34.584400,46.777300,23.738000,21.474100,110.820000,19.214200,73.863100
2010-01-08,85.722000,35.450300,30.699700,61.431300,55.256800,68.565600,57.543400,34.638500,46.832200,23.563600,21.457200,111.370000,19.080600,73.863100
2010-01-11,85.841700,35.741400,30.635800,61.472700,54.953600,68.414900,57.603500,34.607600,47.187100,23.701000,21.389600,112.850000,18.980300,73.863100
2010-01-12,85.041100,35.320300,30.145400,61.914700,55.894200,68.729500,57.712900,34.429900,47.198500,23.304500,20.933000,110.490000,18.980300,73.863100
2010-01-13,85.759400,35.617500,30.237800,61.617800,55.244400,68.421400,57.472300,34.507200,47.093200,23.775000,20.949900,111.540000,18.963600,73.895300
2010-01-14,85.991300,35.890000,30.159600,61.907800,56.018000,68.598400,57.680100,34.545800,46.846000,23.753900,20.840000,112.030000,18.913500,73.879200
2010-01-15,85.026100,35.326500,29.810900,62.184000,56.364600,68.821200,57.658200,34.406800,46.818500,23.574100,20.603300,110.860000,19.022100,73.879200
2010-01-19,86.088600,35.673200,30.415500,62.073500,56.203700,68.768800,57.707400,34.421400,46.891800,24.055200,20.738600,111.520000,19.080600,73.879200
2010-01-20,85.213200,34.763000,29.683500,62.287600,56.773000,68.873600,57.669200,34.372000,46.946700,23.785600,20.349700,108.940000,19.314500,73.879200
2010-01-21,83.574600,34.019900,28.786300,62.515500,57.032900,69.004700,57.822200,33.835100,46.864300,23.103600,20.096100,107.370000,19.314500,73.879200
2010-01-22,81.711600,33.357400,28.148500,62.570700,56.933900,68.939200,57.734800,33.514500,46.731500,22.522100,19.884700,107.170000,19.281000,73.879200
2010-01-25,82.130600,33.766000,28.354600,62.432600,56.674000,68.762200,57.729300,33.564700,46.749800,22.680700,19.977700,107.480000,19.256000,73.895300
2010-01-26,81.786400,33.574100,27.764800,62.556900,56.692500,68.972000,57.576200,33.607200,46.736100,22.469200,19.757900,107.560000,19.339500,73.895300
2010-01-27,82.175500,33.536900,27.693700,62.411900,56.661600,68.788400,57.368500,33.618800,46.630800,22.670100,19.470400,106.528000,19.406400,73.911400
2010-01-28,81.232700,32.973400,27.501800,62.391200,56.630700,68.880200,57.286400,33.475900,46.475100,22.474500,19.402800,106.480000,19.439800,73.895300
2010-01-29,80.349800,32.496600,27.203400,62.632900,57.125700,69.135800,57.652800,33.306000,46.351400,22.347600,19.183000,105.960000,19.590100,73.911400
2010-02-01,81.599300,33.091100,27.935300,62.417700,56.607200,69.108300,57.395800,33.466600,46.365900,22.754700,19.648000,108.350000,19.506600,73.895300
2010-02-02,82.587000,33.642200,28.162700,62.521700,56.768600,69.233000,57.577000,33.567800,46.254600,23.066600,20.070700,109.130000,19.439800,73.879200
2010-02-03,82.175500,33.289200,27.999300,62.223700,56.110400,68.950700,57.516600,33.739100,46.190100,22.691200,19.825500,108.700000,19.548400,73.911400
2010-02-04,79.639000,31.933200,26.734300,62.736400,56.998400,69.134500,57.511100,33.260400,45.720900,21.850600,19.166100,104.370000,19.673700,73.911400
2010-02-05,79.803600,31.877400,26.435900,62.937400,57.122600,69.009800,57.335400,33.065700,45.559900,22.252400,18.920900,104.680000,19.757200,73.911400
2010-02-08,79.227500,31.245800,26.172900,62.881900,57.197200,68.904700,57.390300,32.921700,45.762300,21.766000,18.929300,104.040000,19.748900,73.911400
2010-02-09,80.222600,32.230400,27.025700,62.542500,56.625800,68.668300,57.258500,32.987900,45.707100,21.697300,19.267500,105.410000,19.623600,73.911400
2010-02-10,80.065500,32.026000,26.954600,62.369200,56.085500,68.464700,56.813700,32.544200,45.849700,21.739600,19.343600,105.120000,19.682000,73.911400
2010-02-11,80.903500,32.323300,27.665300,62.293000,55.781200,68.300600,56.944400,32.675700,46.171700,21.944700,19.571900,107.130000,19.673700,73.911400
2010-02-12,80.836200,32.044600,27.317100,62.438500,56.011000,68.300600,57.011400,32.657000,46.102700,22.204800,19.462000,107.040000,19.740500,73.911400
2010-02-16,82.108100,32.756700,28.020600,62.577100,56.116600,68.497600,57.236500,32.980100,46.180900,22.834000,20.053800,109.620000,19.573400,73.911400
2010-02-17,82.497200,32.800100,28.120100,62.244500,55.476900,68.366200,57.044900,33.233100,46.378800,23.040200,19.952300,109.250000,19.757200,73.863100
2010-02-18,82.983500,32.985800,28.226700,62.022800,55.253300,68.307100,57.005900,33.548400,46.268400,23.383800,20.129900,109.980000,19.757200,73.895300
2010-02-19,83.155600,32.781500,27.985100,62.057500,55.551400,68.188900,57.209100,33.774100,46.429400,23.399700,20.248200,109.470000,19.815700,73.863100
2010-02-22,83.170600,32.843400,28.020600,62.009000,55.321600,68.018200,57.242000,33.817000,46.452400,23.457800,20.138300,109.070000,19.782300,73.895300
2010-02-23,82.160500,32.379000,27.373900,62.480100,56.184900,68.228300,57.379300,33.571700,46.378800,23.278100,19.808600,107.890000,19.890900,73.863100
2010-02-24,82.916200,32.583300,27.636900,62.514700,56.321500,68.097000,57.626400,33.700200,46.447800,23.516000,19.969200,107.360000,19.849100,73.895300
2010-02-25,82.804000,32.385200,27.409400,62.743400,56.638200,68.097000,57.566000,33.704100,46.613400,23.605900,19.631100,108.310000,19.807300,73.895300
2010-02-26,82.856300,32.583300,27.686600,62.840400,56.930100,68.234900,57.944800,33.929800,46.967600,23.595300,19.977700,109.430000,19.748900,73.895300
2010-03-01,83.716800,32.837200,28.155600,62.905400,56.905200,68.244400,58.019100,33.955900,47.005100,23.796200,19.774800,109.430000,19.815700,73.863100
2010-03-02,83.948700,33.084900,28.472600,62.940100,56.830400,68.296900,58.140400,34.175500,47.389300,23.806800,19.986100,111.020000,19.757200,73.879200
2010-03-03,84.023500,33.481200,28.510900,62.877600,56.687100,68.270700,58.261700,34.210700,47.338000,23.743300,20.180600,111.630000,19.640300,73.863100
2010-03-04,84.277900,33.394500,28.361700,62.988700,56.986200,68.342900,58.289300,34.238200,47.384200,23.891400,20.003100,110.830000,19.748900,73.863100
2010-03-05,85.482500,34.044700,29.100800,62.690000,56.238600,68.191900,58.217600,34.442100,47.435100,24.541600,20.239800,110.810000,19.740500,73.863100
2010-03-08,85.497500,34.044700,29.122100,62.523300,55.945800,68.132800,58.311300,34.450000,47.624600,24.790100,20.214400,109.880000,19.732200,73.863100
2010-03-09,85.639700,33.964200,29.285500,62.683100,55.958200,68.251000,58.256200,34.599000,47.657000,24.848300,19.994600,109.718000,19.765600,73.863100
2010-03-10,86.021200,34.106600,29.491600,62.578800,55.814900,68.178700,58.311300,34.610700,47.601500,25.070300,20.053800,108.470000,19.732200,73.879200
2010-03-11,86.380400,34.236600,29.498700,62.523300,56.020500,68.257500,58.289300,34.579400,47.698600,25.218400,20.003100,108.600000,19.690400,73.863100
2010-03-12,86.387900,34.465800,29.399200,62.620500,56.369400,68.434800,58.410600,34.587200,48.022200,25.419300,19.884700,107.950000,19.565100,73.863100
2010-03-15,86.410300,34.224300,29.186000,62.620500,56.294700,68.421700,58.399500,34.548000,48.105400,25.361100,19.648000,108.360000,19.673700,73.863100
2010-03-16,87.098700,34.657700,29.562700,62.863700,56.743200,68.677800,58.669700,34.664100,48.156200,25.974400,19.910100,110.400000,19.531700,73.863100
2010-03-17,87.614900,34.843500,29.882500,62.940100,56.986200,68.822300,58.884800,34.665600,48.350400,26.360300,20.087600,109.590000,19.540000,73.863100
2010-03-18,87.570000,34.640700,29.655100,62.773400,56.799300,68.546500,58.769000,34.716600,48.234800,26.217600,20.045300,110.340000,19.673700,73.863100
2010-03-19,87.127000,34.286200,29.271300,62.690000,56.855400,68.415100,58.724900,34.544100,48.387400,25.932100,19.800100,108.280000,19.807300,73.863100
2010-03-22,87.592800,34.385300,29.377900,62.898400,56.917700,68.572700,58.818600,34.708800,48.257900,26.259900,19.800100,107.750000,19.757200,73.879200
2010-03-23,88.208900,34.626800,29.584000,62.766400,56.649800,68.520200,58.780000,34.704800,48.281000,26.185900,19.715600,108.320000,19.824100,73.879200
2010-03-24,87.780700,34.057100,29.143400,62.141200,55.615600,67.968600,58.344400,34.685200,48.244100,26.328600,19.495800,106.300000,20.091400,73.863100
2010-03-25,87.637900,34.038500,29.065200,61.911900,55.260500,67.876600,58.134900,34.767600,48.147000,26.393100,19.385900,106.780000,20.158200,73.895300
2010-03-26,87.585300,34.372900,29.207400,62.057800,55.416200,67.962000,58.311300,34.755800,48.123900,26.254600,19.419700,108.590000,20.016200,73.895300
2010-03-29,88.141300,34.663900,29.733200,61.967500,55.204400,67.876600,58.261700,34.799000,48.160900,26.334500,19.859300,108.750000,19.916000,73.863100
2010-03-30,88.201400,34.663900,29.846900,62.030000,55.378800,67.935700,58.294800,34.763700,48.142400,26.297200,19.901600,107.970000,19.991100,73.863100
2010-03-31,87.900900,34.663900,29.934000,62.175900,55.758900,68.231300,58.322300,34.653900,48.193200,25.998900,19.884700,108.950000,19.882500,73.895300
2010-04-01,88.501900,35.276900,30.713900,62.047000,55.622500,68.219100,58.449000,34.570000,48.215800,26.132100,20.273600,110.260000,19.765600,73.895300
2010-04-05,89.223100,35.314100,30.991100,61.489600,54.697100,67.737600,57.911800,34.554200,48.280800,26.707300,20.594900,110.890000,19.865800,73.863100
2010-04-06,89.433500,35.215000,31.083500,61.670800,54.784600,68.008000,58.050200,34.779400,48.229800,27.319900,20.578000,111.030000,19.924300,73.863100
2010-04-07,88.922600,34.967300,30.813400,62.054000,55.485000,68.489500,58.343800,34.830800,48.253000,26.718000,20.501900,112.490000,19.966100,73.863100
2010-04-08,89.230700,34.930200,30.921800,61.984300,55.510000,68.423500,58.233000,34.890000,48.318000,26.749900,20.468000,112.650000,19.949400,73.863100
2010-04-09,89.816700,35.388400,31.111900,62.054000,55.641300,68.496100,58.271800,34.941400,48.369100,27.128100,20.510300,113.640000,19.799000,73.863100
2010-04-12,89.959400,35.499900,30.863200,62.221200,55.935200,68.687300,58.437900,34.949300,48.485200,26.957700,20.493400,113.010000,19.715500,73.863100
2010-04-13,90.027000,35.468900,30.799200,62.339600,56.116600,68.746700,58.648400,35.044100,48.508400,27.618200,20.569500,112.690000,19.715500,73.863100
2010-04-14,91.048800,35.939500,31.254000,62.172400,55.722600,68.660900,58.598500,35.138900,48.629200,27.660800,20.806200,113.030000,19.615200,73.863100
2010-04-15,91.123900,35.914700,31.083500,62.276900,55.785100,68.858800,58.698200,35.233800,48.893900,26.904400,20.882300,113.650000,19.690400,73.863100
2010-04-16,89.673900,35.122100,30.173800,62.653100,56.191600,69.017100,58.836700,34.949300,48.912400,26.286500,20.501900,111.240000,19.757200,73.863100
2010-04-19,90.012000,35.029200,30.053000,62.499800,56.054000,68.852200,58.687200,34.882100,48.787100,26.403700,20.239800,111.150000,19.790600,73.879200
2010-04-20,90.815900,35.246000,30.408400,62.527700,56.254100,69.017100,58.814500,35.257500,48.926400,26.851100,20.400400,111.460000,19.824100,73.863100
2010-04-21,90.650600,35.016900,30.308900,62.729800,56.716900,69.228100,59.019500,35.261400,48.870700,27.319900,20.501900,112.310000,19.865800,73.863100
2010-04-22,90.921100,34.701100,30.436800,62.583400,56.548000,69.030300,58.886600,35.158700,48.736000,27.740700,20.552600,111.840000,19.957700,73.863100
2010-04-23,91.514600,34.961100,30.600200,62.409300,56.347900,69.036800,58.875500,35.387900,48.624500,28.108200,20.687900,113.190000,19.916000,73.863100
2010-04-26,91.169000,34.998300,30.600200,62.451100,56.410500,69.096200,58.903200,35.387900,48.647700,28.331900,20.586400,112.750000,19.907600,73.879200
2010-04-27,89.012800,33.592700,29.502300,63.036300,57.204600,69.498500,58.941900,34.941400,48.308700,27.426400,20.273600,114.630000,20.149900,73.863100
2010-04-28,89.688900,33.598900,29.754600,62.715800,56.716900,69.360000,59.041600,34.965100,48.188000,27.511600,20.341200,114.310000,20.141500,73.879200
2010-04-29,90.800900,34.119000,30.244900,62.820300,56.954500,69.722700,59.192800,35.206100,48.276200,28.752700,20.501900,114.280000,20.049600,73.879200
2010-04-30,89.260700,33.691700,29.882500,63.203500,57.611100,69.947000,59.434900,35.320700,48.438700,27.857900,20.662500,115.360000,20.016200,73.863100
2010-05-03,90.417700,33.933200,30.045900,63.038100,57.535800,69.823700,59.452400,35.316800,48.509300,28.784700,20.763900,115.730000,20.141500,73.879200
2010-05-04,88.291500,32.589500,28.667300,63.464400,58.571200,69.929300,59.524700,34.954700,48.262000,28.129500,20.206000,114.870000,20.367100,73.863100
2010-05-05,87.765600,31.964100,28.148500,63.708900,58.916300,69.962400,59.268900,34.477200,47.898100,27.751300,19.749400,115.090000,20.559200,73.879200
2010-05-06,84.850600,30.539900,26.997300,64.407700,60.736000,70.279400,58.290000,33.620000,45.769900,26.611400,19.360400,118.486000,20.727900,73.895300
2010-05-07,83.588500,30.471800,27.139400,64.233000,59.976800,70.127500,58.479100,33.617700,46.400600,26.164000,19.259100,118.270000,20.634400,73.895300
2010-05-10,87.269800,32.447100,29.093700,63.743900,58.734300,69.929300,58.846200,34.246400,47.963500,27.889800,19.631100,117.570000,20.584300,73.895300
2010-05-11,87.021900,31.920800,28.567800,63.820800,58.583700,70.061400,58.907300,34.206600,47.986800,28.054900,19.597200,120.656000,20.676200,73.895300
2010-05-12,88.239000,32.279900,28.923100,63.660000,58.138200,70.147300,58.885100,34.624400,48.173400,28.507700,19.757900,121.400000,20.734600,73.895300
2010-05-13,87.142100,31.858800,28.653100,63.834700,58.521000,70.206800,59.057500,34.409600,48.327400,28.044300,19.588800,120.560000,20.851600,73.879200
2010-05-14,85.564400,30.954800,28.063200,64.247000,59.537500,70.411500,59.040800,34.210600,48.089400,27.154800,19.090000,120.370000,21.043700,73.895300
2010-05-17,85.609400,30.998100,27.892700,64.107300,59.317900,70.167100,59.141000,34.166800,48.080100,27.192000,18.548900,119.360000,21.043700,73.895300
2010-05-18,84.444900,30.329400,27.308200,64.575500,60.227800,70.530400,59.330100,34.095200,48.010100,26.504900,18.523500,119.490000,21.269300,73.879200
2010-05-19,83.964100,30.447000,27.047000,64.631400,60.428600,70.081300,59.363400,33.896200,47.744200,26.259900,18.354500,116.630000,21.068800,73.895300
2010-05-20,80.793700,29.388200,25.700400,65.260300,61.702400,70.074600,59.229900,32.885500,46.797100,24.912300,17.974000,115.840000,20.960200,73.895300
2010-05-21,81.973200,30.106500,26.535400,65.295200,61.765100,70.120900,59.129800,33.546000,47.156400,25.748500,18.160000,115.220000,20.868300,73.895300
2010-05-24,80.921400,29.419100,26.258200,65.295200,61.551800,70.048200,59.285600,33.597800,47.301000,25.173300,18.143100,116.840000,21.077200,73.895300
2010-05-25,81.004000,29.301500,25.973900,65.518800,61.853000,69.817000,59.001900,33.558000,46.913800,25.375700,17.999400,117.360000,21.135600,73.895300
2010-05-26,80.515700,28.868000,25.959700,65.386100,61.677300,69.949200,59.040800,33.156100,47.147000,25.322400,18.193800,118.470000,21.277700,73.911400
2010-05-27,83.212800,30.508900,27.530300,64.764100,60.278000,69.691500,58.734900,33.613700,47.445600,26.712600,18.726400,118.690000,21.052100,73.879200
2010-05-28,82.168500,29.920700,27.075400,65.057600,60.554100,70.081300,58.657100,33.669400,47.557600,26.371700,18.565800,118.881000,21.169100,73.895300
2010-06-01,80.786200,29.623500,26.581500,65.141900,60.978900,69.951900,58.609900,33.513300,47.661000,25.823100,18.219200,119.910000,21.177400,73.895300
2010-06-02,82.889800,30.416100,27.508900,64.770500,60.399700,69.878900,58.816600,33.685700,47.436100,26.329100,18.439000,119.780000,21.169100,73.911400
2010-06-03,83.175300,30.323200,27.409400,64.679400,59.959000,69.912100,58.626700,33.697800,47.834400,26.254600,18.540400,117.960000,21.277700,73.879200
2010-06-04,80.252700,29.029000,26.435900,65.576300,61.570800,70.356900,58.984100,33.509300,47.609500,24.768500,17.965500,119.190000,21.528300,73.911400
2010-06-07,79.253500,28.663700,26.023700,65.842600,62.043000,70.416700,59.232700,33.276700,47.454800,24.635300,17.999400,121.490000,21.578400,73.895300
2010-06-08,80.102500,29.121900,26.620600,65.639400,61.734500,70.237400,59.229900,33.328800,47.337700,25.077400,18.143100,121.002500,21.511600,73.911400
2010-06-09,79.674300,29.016600,26.478500,65.646400,61.665200,70.310400,59.252200,33.402600,47.497000,25.226500,18.227600,120.560000,21.428000,73.911400
2010-06-10,82.003300,30.242700,27.402300,65.036800,60.563400,69.792600,59.006500,33.741900,47.721900,26.318500,18.532000,118.975000,21.202500,73.911400
2010-06-11,82.401400,30.286000,27.544500,65.450200,61.331500,70.197600,59.224300,33.789100,47.895300,26.632700,18.557400,120.010000,21.269300,73.911400
2010-06-14,82.273700,30.478000,27.551600,65.394100,61.016700,70.197600,59.112600,33.834100,48.031200,26.963000,18.608100,119.600000,21.077200,73.879200
2010-06-15,84.144400,31.444000,28.383000,65.190900,60.764900,70.104600,59.040000,34.162900,48.176500,27.564900,18.920900,120.990000,20.901700,73.879200
2010-06-16,84.114400,31.295400,28.383000,65.373100,61.111200,70.323700,59.101400,34.191000,48.279600,27.314500,18.963200,120.330000,20.968600,73.879200
2010-06-17,84.249600,31.394400,28.240900,65.681500,61.608600,70.662300,59.492400,34.447700,48.378000,27.373100,18.971600,121.900000,20.843200,73.879200
2010-06-18,84.341200,31.338700,28.368800,65.548300,61.507800,70.542800,59.486800,34.596000,48.602900,27.287900,18.937800,122.830000,20.834900,73.895300
2010-06-21,84.099600,31.332500,28.859200,65.499300,61.331500,70.582700,59.637700,34.720400,48.734100,27.074900,18.861700,120.390000,20.910100,73.879200
2010-06-22,82.710600,30.936200,28.304900,65.891700,62.061900,70.748600,59.928100,34.471700,48.616900,26.270500,18.819400,121.450000,20.943500,73.895300
2010-06-23,82.454000,31.143500,28.377800,66.136900,62.483700,70.761900,60.179500,34.447700,48.663800,26.339800,18.506600,120.950000,20.860000,73.895300
2010-06-24,81.087700,30.601600,27.877100,66.080900,62.112300,70.562700,59.939300,34.211100,48.513900,25.782200,18.548900,121.300000,20.860000,73.895300
2010-06-25,81.427400,30.778100,28.206100,66.186000,62.364100,70.808400,60.039800,34.367500,48.499800,26.432800,18.887100,122.760000,20.743000,73.895300
2010-06-28,81.170700,30.551200,28.013000,66.655500,62.949700,70.974400,60.369400,34.443600,48.640400,26.120900,18.684200,121.090000,20.851600,73.895300
2010-06-29,78.664600,29.505400,26.875600,66.942800,63.636000,71.034100,60.341400,34.098800,48.616900,25.266000,18.168500,121.270000,20.951800,73.895300
2010-06-30,77.917300,29.303700,26.696800,67.040900,64.064100,70.981000,60.581600,34.046600,48.696600,24.997200,18.236100,121.680000,20.935100,73.911400
2010-07-01,77.570000,29.732200,26.889900,67.011600,64.165100,70.575400,60.648900,34.209600,48.599200,24.911100,17.957100,117.040000,20.550900,73.895300
2010-07-02,77.147300,29.669200,27.004400,66.892100,63.653600,70.442200,60.475100,34.217600,48.650900,24.432600,17.923300,118.490000,20.525800,73.895300
2010-07-06,77.653000,30.261400,27.505100,67.053700,64.177800,70.522100,60.727500,34.488300,48.726300,23.889500,17.974000,116.510000,20.459000,73.879200
2010-07-07,80.098800,31.203400,28.113100,66.842900,63.426200,70.229200,60.766700,34.904400,48.919200,25.050900,18.379800,117.730000,20.392100,73.879200
2010-07-08,80.891400,31.508900,28.249100,66.681400,63.022000,70.335700,60.615300,35.066000,49.149900,25.362800,18.548900,117.210000,20.367100,73.895300
2010-07-09,81.495300,31.540400,28.596000,66.505700,62.662100,70.389000,60.542400,34.985200,49.258100,25.685400,18.582700,118.360000,20.417200,73.879200
2010-07-12,81.548200,31.420700,28.363500,66.618100,62.636800,70.342400,60.615300,34.956900,49.112200,25.766100,18.371400,117.340000,20.475700,73.895300
2010-07-13,82.778600,32.000400,28.692600,66.287900,62.100000,70.262500,60.648900,35.227600,49.521700,26.400500,18.667300,118.360000,20.300200,73.895300
2010-07-14,82.771000,32.113800,28.635300,66.618100,62.725200,70.462200,60.918100,35.195300,49.592300,26.244600,18.633400,118.300000,20.258500,73.895300
2010-07-15,82.793700,32.271300,28.499400,66.962400,63.350500,70.548700,61.024700,35.247800,49.526400,26.155900,18.811000,118.230000,20.024600,73.895300
2010-07-16,80.514000,31.238000,27.648200,67.348800,63.659900,70.382300,61.131300,35.033700,49.700600,25.309000,18.574300,116.670000,20.058000,73.895300
2010-07-19,80.989600,31.439600,28.013000,67.173200,63.268400,70.109400,61.120000,35.150800,49.780600,25.620900,18.557400,115.730000,20.074700,73.879200
2010-07-20,81.887800,31.653800,28.671100,67.243400,63.363100,70.189300,61.187300,35.433600,49.870000,26.099400,18.709500,116.650000,20.108100,73.879200
2010-07-21,80.823500,31.080500,28.377800,67.672000,64.436700,70.555400,61.484600,35.417500,50.058300,25.556400,18.658800,115.850000,20.241800,73.879200
2010-07-22,82.627600,32.126400,29.236200,67.299600,63.691500,70.488800,61.406100,35.732600,50.317200,26.513500,19.030800,116.863000,20.074700,73.879200
2010-07-23,83.344700,32.504400,29.436500,67.081800,63.015700,70.309100,61.484600,35.894200,50.416100,26.849500,18.971600,116.090000,20.041300,73.895300
2010-07-26,84.212800,32.731200,29.636800,67.060700,62.908400,70.335700,61.540700,35.910300,50.434900,27.524300,18.954700,115.520000,19.932700,73.863100
2010-07-27,84.205300,32.825700,29.586800,66.828900,62.302100,70.235900,61.333200,35.861900,50.707900,27.518900,18.751800,113.510000,19.966100,73.863100
2010-07-28,83.661800,32.655600,29.422200,67.116900,62.504200,70.468900,61.551900,35.785100,50.632600,27.465200,18.827900,113.780000,19.957700,73.879200
2010-07-29,83.254200,32.806800,29.472300,67.257500,62.485200,70.555400,61.574300,35.894200,50.693800,27.234000,19.098400,114.288000,19.824100,73.863100
2010-07-30,83.239100,32.706000,29.615400,67.650900,63.457800,70.808400,61.860300,35.801300,50.670200,27.395300,19.352100,115.490000,19.832400,73.879200
2010-08-02,85.118700,33.808600,30.384400,67.441900,62.567000,70.936500,61.729400,35.988000,50.894600,28.314700,19.724100,115.540000,19.648600,73.863100
2010-08-03,84.711000,33.758200,30.237700,67.758900,62.928100,71.309900,61.881400,35.988000,51.220700,28.040500,19.791700,115.990000,19.565100,73.863100
2010-08-04,85.277200,33.789700,30.280600,67.477100,62.446600,71.069800,61.690000,35.967600,51.343600,28.239400,19.960800,116.720000,19.673700,73.863100
2010-08-05,85.186600,33.764500,30.144700,67.801100,62.738100,71.329900,61.802600,35.951400,51.419200,27.884600,19.867800,116.980000,19.606900,73.863100
2010-08-06,84.839400,33.865300,30.101800,68.244900,63.422300,71.396600,62.157300,35.943200,51.683800,27.755500,19.690200,117.840000,19.506600,73.863100
2010-08-09,85.292300,33.903100,30.259200,68.230800,63.187900,71.363300,62.360000,35.878200,51.887000,28.072800,19.757900,117.400000,19.606900,73.863100
2010-08-10,84.831800,33.632200,29.844300,68.576000,63.321000,71.803400,62.281200,35.866000,51.929600,27.798500,19.546500,117.730000,19.648600,73.879200
2010-08-11,82.506800,32.101200,28.892900,68.963500,64.170000,71.796700,62.275600,35.398200,51.868100,27.104900,19.106900,117.340000,19.991100,73.895300
2010-08-12,82.001100,32.063400,28.942900,68.787300,64.011600,71.323300,62.056000,35.276200,51.820900,26.766200,18.963200,118.770000,20.058000,73.895300
2010-08-13,81.759500,31.950000,29.100300,69.083200,64.809900,71.510000,62.298100,35.430800,51.868100,26.766200,18.946300,118.740000,20.141500,73.895300
2010-08-16,81.721800,32.208300,29.372200,69.583300,66.431900,71.743400,62.985000,35.475500,51.952300,26.744700,18.887100,119.730000,20.016200,73.879200
2010-08-17,82.725700,32.567400,29.679800,69.231100,66.051700,71.583300,62.883700,35.609700,52.269900,27.357600,19.157600,119.750000,19.949400,73.895300
2010-08-18,82.876700,32.554800,29.658300,69.160700,66.229100,71.543300,62.940000,35.670700,52.430500,27.381800,19.081500,120.220000,19.974400,73.879200
2010-08-19,81.434900,32.031900,29.429400,69.470600,67.261900,71.550000,63.007600,35.597500,52.624300,26.685500,18.887100,120.390000,20.016200,73.879200
2010-08-20,81.170700,31.697900,29.343500,69.245200,67.185900,71.463300,63.120200,35.682900,52.728300,26.599500,18.768700,119.970000,20.158200,73.895300
2010-08-23,80.861200,31.634900,29.078900,69.336800,67.198500,71.463300,63.255300,35.682900,52.789700,26.459700,18.641900,119.780000,20.200000,73.879200
2010-08-24,79.661000,31.200200,28.706900,69.886300,68.275600,71.703400,63.401700,35.495800,52.624300,26.352200,18.430500,120.360000,20.166600,73.879200
2010-08-25,79.970500,31.231700,28.520900,69.569300,68.053900,71.703400,63.520000,35.448700,52.458900,26.771600,18.523500,121.360000,20.200000,73.895300
2010-08-26,79.434500,31.219100,28.342100,69.886300,68.693800,72.090200,63.576300,35.398200,52.203700,26.610200,18.734900,120.960000,20.074700,73.879200
2010-08-27,80.665000,31.830300,28.964400,69.083200,66.748700,71.663400,63.001900,35.394100,52.052500,27.051200,19.056200,121.010000,20.108100,73.879200
2010-08-30,79.494900,31.370300,28.485100,69.611500,68.028500,71.983500,63.413000,35.457600,51.981600,26.841500,19.022300,120.910000,20.166600,73.895300
2010-08-31,79.494900,31.464800,28.656800,69.921500,68.782500,72.183500,63.626900,35.447000,51.981600,27.045800,18.768700,122.080000,20.149900,73.879200
2010-09-01,81.872700,32.586300,29.665400,69.418100,67.360300,71.876700,63.149000,35.830100,52.296600,27.927600,19.140700,121.690000,19.991100,73.879200
2010-09-02,82.635200,32.769000,29.715500,69.128600,66.648600,71.743300,63.069900,35.887500,52.258700,28.282500,19.276000,122.290000,19.974400,73.895300
2010-09-03,83.707100,33.071500,30.066000,68.733100,65.822500,71.629900,62.595100,35.994000,52.313200,28.696500,19.377400,121.860000,19.874200,73.895300
2010-09-07,82.763500,32.611500,29.629700,69.276900,67.169700,72.030200,63.058600,35.940800,52.083100,28.255600,19.478900,122.700000,20.083000,73.879200
2010-09-08,83.344700,32.863500,29.950200,69.086200,66.635900,71.816700,62.934300,35.949000,51.627600,28.314700,19.521200,122.710000,20.016200,73.879200
2010-09-09,83.729700,33.172300,30.124700,68.542400,65.320400,71.656600,62.606400,36.092300,51.755700,27.986700,19.411200,121.560000,20.016200,73.879200
2010-09-10,84.152400,33.273100,30.230600,68.344700,65.021800,71.730000,62.651700,36.186600,51.665500,28.137300,19.614200,121.730000,20.032900,73.879200
2010-09-13,85.088500,33.877900,30.953100,68.669500,65.339500,72.216900,62.736400,36.373000,51.864800,28.599700,19.757900,121.620000,19.815700,73.879200
2010-09-14,85.035600,34.104700,30.938800,69.015600,65.968600,72.143600,63.030300,36.366800,51.798400,28.492200,19.817100,124.024000,19.648600,73.895300
2010-09-15,85.360200,34.117300,30.981700,68.775500,64.990000,71.990100,62.928600,36.334000,51.997700,28.739500,19.783200,123.940000,19.732200,73.895300
2010-09-16,85.337600,33.953500,30.824300,68.535400,64.348200,71.843400,62.730800,36.395500,51.983500,28.588900,19.681800,124.630000,19.665300,73.895300
2010-09-17,85.369600,33.789700,30.774200,68.690700,64.608700,71.636600,62.934300,36.461000,51.959700,28.675000,19.749400,124.542500,19.715500,73.879200
2010-09-20,86.674900,34.375700,31.260700,68.902600,64.983600,71.916800,63.013400,36.518400,51.950200,29.374000,19.910100,124.870000,19.690400,73.879200
2010-09-21,86.500300,34.369400,31.167700,69.545200,65.886000,72.837300,63.493800,36.456900,52.011900,28.943800,19.698700,126.010000,19.473200,73.879200
2010-09-22,86.075300,34.319000,31.189100,69.651100,66.477000,72.937400,63.454200,36.309500,52.173300,28.551300,19.817100,126.200000,19.331200,73.879200
2010-09-23,85.377100,33.947200,30.988800,69.750000,66.667600,72.884000,63.499400,36.215200,52.216000,27.846900,19.834000,126.300000,19.389600,73.879200
2010-09-24,87.137800,34.892300,31.561100,69.404000,65.771600,72.517100,63.358100,36.358600,52.225500,28.634700,20.138300,126.690000,19.189200,73.895300
2010-09-27,86.720400,34.715900,31.502100,69.940700,66.915500,72.730600,63.686000,36.420100,52.505400,28.282000,20.003100,126.720000,19.214200,73.895300
2010-09-28,87.024000,34.917500,31.732800,70.173700,67.373000,73.237600,63.799000,36.473300,52.590800,28.396000,20.003100,127.850000,19.114000,73.879200
2010-09-29,86.872200,34.860800,31.840100,70.004200,67.093400,72.910700,63.736800,36.559400,52.681000,28.173500,20.265100,127.950000,19.080600,73.879200
2010-09-30,86.614200,34.602500,32.026100,69.919500,67.048900,72.750600,63.917700,36.743700,52.818600,28.254900,20.383500,127.910000,19.080600,73.879200
2010-10-01,86.978400,34.947800,32.498200,69.957200,66.724900,72.947900,63.607700,36.791900,52.883100,28.396000,20.425800,128.910000,18.921800,73.879200
2010-10-04,86.325800,34.445000,32.398100,70.205000,66.897100,73.061400,63.709800,36.664100,52.864100,28.656400,20.358100,128.460000,19.005400,73.895300
2010-10-05,88.063700,35.421600,32.984700,70.219200,66.495300,73.529000,63.840300,36.796100,53.226100,29.112100,20.772400,130.990000,18.846600,73.879200
2010-10-06,88.056100,35.717700,32.970300,70.672200,67.330900,74.176800,64.254500,36.763100,53.364300,28.954800,20.780900,131.810000,18.754700,73.879200
2010-10-07,87.949800,35.598000,32.677100,70.743000,66.769600,74.009800,64.237500,36.837300,53.392900,29.036200,20.569500,130.370000,18.779800,73.879200
2010-10-08,88.443100,35.831100,33.070500,70.771300,66.476100,74.497400,64.175100,36.961000,53.583500,29.117500,21.254300,131.660000,18.713000,73.879200
2010-10-11,88.526600,35.787000,33.049000,70.842100,66.488900,74.497400,64.231800,37.039400,53.802600,29.112100,21.152800,132.292000,18.788200,73.879200
2010-10-12,88.799800,35.711400,32.913100,70.636800,65.831900,74.270300,64.135400,37.006400,53.893100,29.318300,21.254300,131.960000,18.729700,73.879200
2010-10-13,89.490400,36.114600,33.517600,70.636800,65.729900,74.717800,64.101300,37.130100,54.121800,29.622100,21.355800,134.070000,18.679600,73.879200
2010-10-14,89.141300,36.366600,33.460400,70.233300,64.747600,74.951600,63.585000,36.952800,53.840700,29.546100,21.321900,134.750000,18.554200,73.895300
2010-10-15,89.323500,36.246900,33.421000,69.928900,63.956700,74.470700,63.182200,37.047600,53.864600,29.508200,21.085200,133.680000,18.662800,73.879200
2010-10-18,89.763600,36.328800,33.435300,70.261600,64.473300,74.637700,63.619100,36.998100,53.554900,29.887900,21.296600,134.280000,18.646100,73.895300
2010-10-19,88.587300,35.528700,32.376600,70.502300,64.862400,74.677700,63.624700,36.994000,53.469100,29.519000,20.670900,130.110000,18.963600,73.879200
2010-10-20,89.452500,36.196500,32.891700,70.459800,65.002700,74.657700,63.738200,37.109500,53.440500,30.164600,21.161300,131.320000,18.704600,73.879200
2010-10-21,89.649800,36.001200,32.891700,70.070500,64.230900,74.657700,63.568000,37.051700,53.454800,30.132100,20.899200,129.470000,18.771500,73.879200
2010-10-22,89.816800,36.095700,32.927400,70.091700,64.664700,74.677700,63.647400,37.220800,53.550100,30.148300,21.072500,129.730000,18.771500,73.895300
2010-10-25,90.082400,36.234300,33.285100,70.070500,64.849600,74.904800,63.874400,37.365100,53.874100,30.202600,21.186700,130.850000,18.687900,73.879200
2010-10-26,90.097600,36.001200,33.256500,69.603300,63.848200,74.497400,63.534000,37.422900,53.797900,29.985600,21.296600,130.880000,18.813200,73.895300
2010-10-27,89.839500,35.654700,32.691400,69.199800,63.286900,74.036600,63.369400,37.381600,53.621600,29.774000,21.228900,129.520000,18.921800,73.895300
2010-10-28,89.854700,35.931900,32.898800,69.603300,63.459100,74.303700,63.624700,37.402300,53.669200,29.589500,21.338800,131.240000,18.721300,73.879200
2010-10-29,89.923000,35.919300,32.991800,69.914800,64.052300,74.550800,63.749600,37.418800,53.843100,29.595000,21.288100,132.620000,18.687900,73.895300
2010-11-01,89.953400,35.787000,33.356600,69.797500,63.776500,74.667900,63.727800,37.348800,53.868500,29.849900,21.423400,131.920000,18.721300,73.895300
2010-11-02,90.666700,36.379200,33.768000,70.031600,64.614800,74.848600,64.024000,37.531400,54.035900,30.056100,21.617800,132.490000,18.583500,73.863100
2010-11-03,91.031000,36.631300,33.979000,70.258700,63.296600,74.714700,63.813300,37.655900,54.308500,30.056100,21.719300,131.570000,18.495800,73.879200
2010-11-04,92.784100,37.462900,34.751600,70.826300,63.789300,74.895500,64.417000,38.145800,54.585900,30.750500,22.235000,136.030000,18.353800,73.879200
2010-11-05,93.133200,37.299100,34.687200,70.528300,62.695200,74.641100,64.212000,38.104300,54.365900,31.081500,22.328000,136.380000,18.529200,73.879200
2010-11-08,92.958600,37.069100,34.547700,70.549600,62.976700,74.741500,64.246100,37.992200,54.093300,30.913300,22.387200,137.780000,18.633600,73.879200
2010-11-09,92.290800,36.701800,34.107700,69.953500,61.588200,74.065400,63.767700,37.884300,53.610200,29.660100,22.235000,135.590000,18.796500,73.879200
2010-11-10,92.662700,36.807700,34.358100,70.216100,61.671400,74.246100,63.631000,37.572900,53.543200,30.029000,22.471700,137.240000,18.779800,73.879200
2010-11-11,92.313600,36.492600,34.021900,70.138000,61.639400,74.252800,63.351900,37.423500,53.433200,29.790300,22.285700,137.660000,18.913500,73.863100
2010-11-12,91.220700,36.190200,33.199300,69.556200,61.306600,73.643700,62.907700,37.286500,53.002800,29.513600,21.355800,133.690000,18.888400,73.895300
2010-11-15,91.091700,36.165000,33.185000,68.662200,60.026900,72.719800,62.218500,37.215900,52.524500,29.231500,21.389600,132.420000,19.038800,73.895300
2010-11-16,89.672600,35.314400,32.310400,69.173100,61.517800,72.853700,62.548900,36.804900,52.165800,28.227800,20.755500,130.968000,19.147400,73.895300
2010-11-17,89.718100,35.508200,32.476800,68.974400,61.178600,72.867100,62.548900,36.991700,52.519700,28.444800,20.594900,130.380000,19.130700,73.895300
2010-11-18,91.038600,36.398100,33.249300,68.811200,61.428200,72.987600,62.594400,37.460800,52.711000,28.699800,21.152800,132.088000,18.997000,73.879200
2010-11-19,91.289000,36.398100,33.270800,68.953100,61.805700,73.195100,62.810800,37.448400,52.400100,28.851700,20.848500,132.200000,18.938500,73.879200
2010-11-22,91.213100,36.007500,33.170600,69.322100,62.068100,73.449500,63.158300,37.186900,52.639300,28.927600,20.916100,133.480000,18.992800,73.879200
2010-11-23,89.892600,34.923800,32.119100,69.464000,62.375200,73.476300,63.192500,36.676200,52.161000,28.699800,20.861200,134.410000,19.247600,73.879200
2010-11-24,91.220700,35.478300,32.859500,68.718900,61.261800,73.088000,62.674200,36.896300,52.022300,29.253200,21.254300,134.180000,19.272700,73.895300
2010-11-26,90.158300,34.923800,32.140500,69.017000,62.112900,73.302300,62.753900,36.742700,51.893200,29.193500,21.195100,133.110000,19.406400,73.895300
2010-11-29,90.431500,34.577300,32.297900,69.166000,62.644000,73.382600,62.816500,36.858900,51.749700,29.177200,21.398000,133.508000,19.506600,73.895300
2010-11-30,89.923000,34.186600,32.033200,69.286600,62.970300,73.288900,62.719700,36.941900,51.462700,29.047000,21.195100,135.420000,19.631900,73.895300
2010-12-01,91.835500,35.156900,32.952500,68.375700,61.570500,72.811900,62.580300,37.283800,51.673400,29.215200,21.820700,135.380000,19.464800,73.879200
2010-12-02,93.011800,35.824800,33.599900,68.205000,61.410000,72.785100,62.443100,37.304700,52.009700,29.665500,22.006700,135.200000,19.347900,73.879200
2010-12-03,93.262200,36.171300,33.721500,68.212100,60.928400,72.778300,62.265900,37.367400,52.312300,29.660100,22.285700,138.070000,19.114000,73.895300
2010-12-06,93.163500,36.007500,33.664200,68.638900,61.788800,73.066700,62.700400,37.345700,52.523600,29.719700,22.260400,139.110000,19.205900,73.879200
2010-12-07,93.216700,36.026400,33.506900,67.500800,60.466100,72.342500,62.117200,37.538700,52.288200,29.784800,22.108200,136.500000,19.289400,73.879200
2010-12-08,93.558200,36.133500,33.292300,66.924700,59.881800,71.638500,61.717000,37.417500,51.755100,29.345400,22.277300,134.790000,19.297800,73.879200
2010-12-09,93.922400,36.228000,33.181400,67.066900,60.177200,71.551300,61.865600,37.338100,51.913600,29.085000,22.218100,135.370000,19.314500,73.895300
2010-12-10,94.468900,36.309900,33.328000,66.497900,59.811200,71.202600,61.579700,37.354900,51.769500,29.274900,22.184300,135.408000,19.314500,73.895300
2010-12-13,94.529600,36.700600,33.542600,66.711300,60.035900,71.631800,61.808400,37.166800,51.534100,29.323700,22.404100,136.050000,19.105600,73.895300
2010-12-14,94.613100,36.757300,33.592700,66.007100,59.162700,70.947800,61.431100,37.350700,51.534100,29.036200,22.344900,136.180000,19.139000,73.895300
2010-12-15,94.180500,36.272100,33.049000,65.736800,58.392200,71.169100,61.048000,37.204400,51.164300,28.759500,22.285700,134.700000,19.339500,73.879200
2010-12-16,94.726900,36.473700,33.142000,66.128000,58.796700,71.484200,61.345300,37.342300,50.808800,28.808300,22.209600,133.810000,19.289400,73.879200
2010-12-17,94.828200,36.272100,33.195700,66.697100,59.869000,71.967000,61.905600,37.396600,50.900100,29.047000,22.378700,134.200000,19.372900,73.895300
2010-12-20,95.057000,36.354000,33.038300,66.690000,59.804800,71.960300,61.865600,37.463500,51.159500,29.394200,22.581600,135.110000,19.414700,73.895300
2010-12-21,95.659700,36.658000,33.524200,66.832200,60.222100,72.081000,61.997100,37.542900,51.428500,29.703500,22.725400,135.320000,19.456500,73.895300
2010-12-22,95.957300,36.728000,33.641400,66.647300,59.791900,72.027400,61.945700,37.647400,51.510100,29.931300,22.841600,135.050000,19.439800,73.879200
2010-12-23,95.819900,36.708900,33.603500,66.412600,59.669900,71.759200,61.974200,37.685000,51.558100,29.795700,22.928300,134.660000,19.381300,73.879200
2010-12-27,95.858100,36.632600,33.495400,66.668600,60.202900,71.913400,62.094300,37.714200,51.543700,30.165900,22.886000,135.020000,19.339500,73.879200
2010-12-28,95.995400,36.664400,33.524200,65.968600,59.023800,71.377400,61.599300,37.738100,51.476400,30.286600,23.131200,137.220000,19.347900,73.895300
2010-12-29,96.064100,36.982400,33.953400,66.710300,60.022500,71.841200,62.064300,37.864200,51.389600,30.346900,23.139600,137.710000,19.214200,73.879200
2010-12-30,95.911500,36.804300,34.126500,66.574800,59.977400,71.774000,62.093000,37.906300,51.428200,30.429200,22.860600,137.030000,19.147400,73.895300
2010-12-31,95.934400,37.026900,34.366000,66.909900,60.641000,72.271400,62.248000,37.973600,51.654900,30.368800,23.291800,138.720000,18.971900,73.879200
2011-01-03,96.926100,37.332200,34.696400,66.703100,60.183500,71.968900,62.489100,38.003000,51.872000,30.933800,23.393300,138.000000,19.065900,73.895300
2011-01-04,96.872700,37.217700,34.855100,66.860000,60.254400,72.150400,62.569400,38.175500,52.190400,30.341400,23.080400,134.750000,19.114000,73.895300
2011-01-05,97.376300,37.058700,34.768500,66.139700,58.927200,71.874800,62.110200,38.272200,51.891300,30.451100,23.325600,134.370000,19.306100,73.895300
2011-01-06,97.185500,36.632600,34.397000,66.482000,59.184900,72.083200,62.204900,38.318500,51.490900,30.165900,23.012800,133.830000,19.454400,73.895300
2011-01-07,96.994800,36.486300,34.083300,66.924200,59.500600,72.311700,62.517800,38.171200,51.597000,30.176900,22.928300,133.580000,19.517000,73.879200
2011-01-10,96.872700,36.422700,33.729800,67.152400,59.822700,72.520100,62.626800,38.141800,51.466800,30.171400,23.198800,134.120000,19.450200,73.895300
2011-01-11,97.216000,36.670700,34.086900,66.888600,59.487700,72.547000,62.598100,38.289000,51.606700,30.105600,23.456700,134.910000,19.435600,73.895300
2011-01-12,98.093400,37.478400,34.775700,66.696000,59.023800,72.526800,62.558000,38.368900,51.852700,30.231700,23.611000,135.460000,19.245500,73.879200
2011-01-13,97.933200,37.580200,34.472800,67.145300,59.552100,72.748600,62.827800,38.360500,51.954000,30.330500,23.579300,134.050000,19.047100,73.879200
2011-01-14,98.642700,37.809200,34.573800,66.959900,59.172000,72.432700,62.529300,38.423600,52.021500,30.533400,23.691300,132.690000,19.022100,73.879200
2011-01-18,98.810500,38.057200,34.523300,66.795800,58.895000,72.446200,62.494800,38.419400,51.925100,30.796700,23.663800,133.430000,19.003300,73.879200
2011-01-19,97.841600,37.796400,34.256400,66.967000,59.320200,72.473000,62.448900,38.301600,51.761000,30.390800,23.638400,133.720000,18.888400,73.895300
2011-01-20,97.711900,37.472100,33.881300,66.446400,58.501900,71.787400,62.179100,38.225900,51.577700,30.396300,23.401700,131.200000,18.946900,73.895300
2011-01-21,97.933200,37.675600,33.527800,66.667500,58.965800,71.921900,62.270900,38.381500,51.524700,30.418200,23.638400,131.030000,18.788200,73.879200
2011-01-24,98.490100,38.076300,33.789300,66.674600,58.991600,71.874800,62.299600,38.436200,51.669400,30.571800,23.435500,130.360000,18.746400,73.879200
2011-01-25,98.543500,38.000000,33.581900,67.009800,59.552100,72.157100,62.609600,38.495100,51.630800,30.928300,23.137500,130.100000,18.733900,73.895300
2011-01-26,98.924900,38.241600,33.881300,66.603300,58.650100,72.036100,62.259500,38.575000,51.621100,30.977700,23.655300,131.160000,18.700400,73.879200
2011-01-27,99.169100,38.330700,33.765900,66.852900,58.914300,71.989100,62.362800,38.625500,51.442700,31.465800,23.452400,127.925000,18.671200,73.895300
2011-01-28,97.437300,37.478400,32.698300,67.159600,59.223500,72.264700,62.443100,38.394200,51.061600,30.944700,23.748300,130.280000,18.788200,73.879200
2011-01-31,98.169700,37.802800,33.044500,66.895700,58.772500,72.284800,62.270900,38.600200,51.119500,31.356100,24.120300,129.870000,18.679600,73.879200
2011-02-01,99.741200,38.699500,33.845200,66.584900,58.481600,72.220300,62.188600,38.675800,51.354200,31.432900,24.297900,130.800000,18.495800,73.879200
2011-02-02,99.550500,38.667700,33.592800,66.427600,58.494500,72.025100,62.067600,38.718200,51.422000,31.432900,24.534600,130.450000,18.527100,73.879200
2011-02-03,99.771700,38.674100,33.549500,66.048700,58.009600,71.648100,61.916300,38.718200,51.291200,31.520600,24.374000,132.200000,18.675400,73.879200
2011-02-04,100.054000,38.661400,33.540500,65.641200,57.421200,71.244200,61.727500,38.887500,50.981100,31.290300,24.238700,131.660000,18.740100,73.895300
2011-02-07,100.679600,38.782200,33.585500,65.612600,57.718600,71.230700,61.796700,38.959400,50.801900,31.597400,24.171100,131.680000,18.740100,73.879200
2011-02-08,101.137300,39.036600,33.600000,65.162100,57.188500,70.860400,61.571900,39.001800,50.961800,31.734500,24.331700,133.140000,18.717200,73.879200
2011-02-09,100.908500,38.922100,32.828100,65.533900,57.686300,71.062400,61.969600,38.781600,50.719500,31.756500,24.450100,133.070000,18.637800,73.895300
2011-02-10,100.946600,38.667700,32.518000,65.319400,57.020400,70.624800,61.664100,38.824000,50.593600,31.888100,24.306300,132.850000,18.788200,73.879200
2011-02-11,101.549300,38.686800,32.911100,65.619700,57.841500,70.988300,62.004200,38.921300,50.666200,32.096500,24.221800,132.322500,18.836200,73.879200
2011-02-14,101.793400,38.763100,32.748800,65.641200,57.880300,71.042200,62.044500,38.951000,50.545100,32.102000,24.340100,132.950000,18.863300,73.879200
2011-02-15,101.473000,38.648700,32.813700,65.791300,58.138900,71.129700,62.182800,38.874800,50.530600,31.981400,24.027300,133.970000,18.880100,73.895300
2011-02-16,102.113800,39.112900,33.087800,65.698400,57.951400,71.028700,62.107900,38.887500,50.632300,32.052700,24.204900,134.100000,18.771500,73.895300
2011-02-17,102.419000,39.246500,33.203200,65.941500,58.041900,71.298000,62.223200,38.976400,50.942400,32.085600,24.281000,135.040000,18.721300,73.895300
2011-02-18,102.632600,39.381600,33.405200,65.927200,57.860900,71.668300,62.315400,39.094900,51.082900,32.211700,24.255600,135.410000,18.631500,73.879200
2011-02-22,100.572800,38.254300,32.337600,66.563500,58.727300,72.233700,62.488300,38.773200,50.772800,31.932000,24.221800,136.290000,18.677500,73.879200
2011-02-23,99.954800,38.305200,32.367200,66.399000,58.940600,72.496300,62.413300,38.811300,50.719500,31.663200,24.762900,137.510000,18.571000,73.895300
2011-02-24,99.886200,38.337000,32.445800,66.570600,59.315700,72.758800,62.482500,38.840900,50.772800,31.421900,24.543100,136.480000,18.504100,73.895300
2011-02-25,100.954200,38.794900,32.835300,66.785100,59.664800,73.001200,62.776400,38.959400,51.049000,32.036200,25.084100,137.384000,18.533400,73.895300
2011-02-28,101.579800,39.144700,33.030100,66.756500,59.742400,72.806000,62.943500,39.154100,51.087700,32.831500,25.126400,137.661000,18.454000,73.879200
2011-03-01,99.886200,38.597800,32.691100,66.832800,59.915600,73.227400,62.944900,39.094000,51.112100,31.855200,25.504700,140.030000,18.479100,73.879200
2011-03-02,100.099800,38.801300,33.138300,66.481700,58.994500,73.011400,62.609300,39.128000,51.185100,31.564500,25.608300,139.917000,18.378800,73.895300
2011-03-03,101.823900,39.297400,33.796500,66.030200,58.417200,72.815700,62.343100,39.268600,51.185100,32.019700,25.599900,138.090000,18.353800,73.879200
2011-03-04,101.061000,38.941200,33.827200,66.503200,58.903700,73.301600,62.580300,39.187700,51.442900,31.712600,25.726700,139.350000,18.324500,73.895300
2011-03-07,100.267600,38.566000,33.354700,66.338300,58.527500,73.240900,62.424100,39.196200,51.564600,31.482200,25.608300,139.721000,18.345400,73.879200
2011-03-08,101.145000,38.686800,33.801900,66.180700,58.170700,73.288100,62.343100,39.162100,51.686200,31.926500,25.388500,139.360000,18.426800,73.879200
2011-03-09,101.000000,38.699500,33.866900,66.567700,58.735000,73.389300,62.667100,39.051400,51.695900,31.893600,25.489900,139.410000,18.395500,73.879200
2011-03-10,99.130900,37.739200,32.864200,67.133800,59.721000,73.807800,62.921700,38.846900,51.659000,31.405500,25.075700,137.770000,18.537500,73.879200
2011-03-11,99.817500,37.739200,33.203200,66.976100,59.383700,73.686300,62.863900,38.838400,51.691100,31.721900,24.932000,138.220000,18.403900,73.895300
2011-03-14,99.214800,37.065100,33.398000,67.126600,59.357700,73.794300,62.933300,38.680800,51.559700,31.405500,24.999600,138.860000,18.312000,73.895300
2011-03-15,98.078100,36.289200,32.842600,67.370300,60.246400,73.774000,62.927500,38.480600,51.496500,31.240900,24.086500,136.270000,18.328700,73.911400
2011-03-16,96.262400,35.163500,32.171700,67.943600,60.927500,74.300500,63.303600,38.242100,51.272700,30.780200,24.230200,136.240000,18.387200,73.911400
2011-03-17,97.536500,36.333700,32.568500,67.735800,60.460400,74.448900,63.263100,38.655200,51.515900,31.016000,24.982700,136.970000,18.228400,73.911400
2011-03-18,97.891500,36.835500,32.626200,67.692800,60.622600,74.395000,63.303600,38.838400,51.535400,31.328700,25.126400,138.370000,18.144900,73.911400
2011-03-21,99.408600,37.742400,33.251900,67.341600,60.265800,74.077700,63.101100,39.076900,51.749500,31.668200,25.244800,139.140000,18.086400,73.911400
2011-03-22,99.063800,37.637400,33.354700,67.377500,60.466900,73.895500,63.216800,39.098200,51.744600,31.465800,25.430800,139.050000,18.090600,73.879200
2011-03-23,99.347300,37.682000,33.794700,67.291500,60.389100,73.774000,63.176300,39.051400,51.807900,31.120300,25.481500,140.340000,18.195000,73.895300
2011-03-24,100.297400,38.184400,34.184300,66.947500,59.935000,73.841500,62.968000,39.085400,51.851600,31.251900,25.566000,139.220000,18.153300,73.879200
2011-03-25,100.603900,37.764600,34.148200,66.768300,59.785800,73.497300,62.875400,39.098200,51.817600,31.496100,25.633700,139.260000,18.274400,73.879200
2011-03-28,100.358700,37.745600,33.971500,66.789800,59.870200,73.537800,62.898600,39.111000,51.846800,31.457400,25.287000,138.540000,18.261900,73.895300
2011-03-29,101.032900,37.942700,34.364600,66.596300,59.409600,73.389300,62.591900,39.132300,51.798100,31.584500,25.430800,138.210000,18.253500,73.879200
2011-03-30,101.730200,38.394300,34.804600,66.825600,59.883100,73.645800,62.806000,39.191900,51.798100,32.043000,25.396900,138.670000,18.236800,73.895300
2011-03-31,101.592300,38.209800,35.107600,66.653700,59.759900,73.672800,62.603500,39.170600,51.880800,32.302700,25.794300,139.860000,18.203400,73.879200
2011-04-01,102.021400,38.572300,35.670200,66.796100,60.050400,73.864200,62.899000,39.123300,51.979500,32.352400,25.971800,139.200000,18.186700,73.879200
2011-04-04,102.105600,38.623200,35.973200,66.947000,60.115500,74.196700,63.044200,39.363300,52.174900,32.330300,26.208600,139.840000,18.186700,73.879200
2011-04-05,102.090300,38.527800,35.901000,66.609300,59.874500,74.061000,63.079100,39.320500,52.047900,32.363400,26.233900,142.050000,18.195000,73.879200
2011-04-06,102.412100,38.845800,36.095800,66.321900,58.975600,73.660700,62.875800,39.406200,52.174900,32.380000,26.310000,142.380000,18.094800,73.879200
2011-04-07,102.151600,38.655000,36.059700,66.329100,58.858400,73.789600,62.782800,39.444800,52.047900,32.020900,26.360700,142.510000,18.103100,73.895300
2011-04-08,101.799200,38.973000,36.095800,66.135000,58.545700,73.945600,62.748000,39.444800,52.189600,31.788900,26.986400,143.660000,17.961100,73.879200
2011-04-11,101.492700,38.896700,35.670200,66.221300,58.597800,73.891400,62.753800,39.406200,52.038100,31.811000,26.487600,142.640000,17.986200,73.879200
2011-04-12,100.734100,38.534200,34.999400,66.594900,59.229700,74.264500,62.974500,39.281900,51.959900,31.755700,25.946500,141.610000,17.944400,73.895300
2011-04-13,100.726500,38.648700,35.287900,66.853600,59.601000,74.427400,63.084900,39.470500,52.013700,31.706000,26.149400,141.900000,17.961100,73.895300
2011-04-14,100.803100,38.820400,35.396100,66.630800,59.555400,74.332400,62.928100,39.311900,52.018500,32.164600,26.217000,143.810000,17.894300,73.879200
2011-04-15,101.170900,38.763100,35.443000,67.119500,60.363100,74.875200,63.259200,39.363300,52.150500,32.578900,26.352300,145.050000,17.927700,73.895300
2011-04-18,100.036900,37.968200,34.552100,67.284700,60.499900,74.895600,63.346300,39.226200,52.082100,32.286100,26.190800,145.930000,18.094800,73.879200
2011-04-19,100.611500,38.248000,35.049800,67.370900,60.760400,75.160200,63.479900,39.363300,51.994100,32.540200,26.200100,145.930000,17.986200,73.879200
2011-04-20,101.983000,39.221000,35.879400,67.105100,60.369600,74.902400,63.508900,39.513400,52.145600,32.921400,26.614400,146.500000,17.810700,73.879200
2011-04-21,102.504100,39.475400,36.193200,67.155400,60.317500,74.766700,63.567000,39.607700,52.253100,33.142400,26.808800,146.740000,17.739700,73.879200
2011-04-25,102.396800,39.475400,35.901000,67.392500,60.545500,74.970200,63.630900,39.564800,52.140700,33.363400,26.732700,146.870000,17.718800,73.879200
2011-04-26,103.277900,39.780700,36.211200,67.679900,61.131700,75.228100,63.927200,39.654800,52.233500,33.656200,26.724300,146.380000,17.677100,73.879200
2011-04-27,103.952200,40.276800,36.146300,67.485900,60.506400,75.044800,63.845900,39.680500,52.321500,33.904800,26.884900,149.200000,17.560100,73.879200
2011-04-28,104.289300,40.550200,35.850500,67.744600,60.968900,75.268800,64.049200,39.701900,52.468100,34.357900,26.690500,149.820000,17.510000,73.879200
2011-04-29,104.534500,40.359400,36.066900,67.881100,61.157700,75.424800,64.171200,39.796200,52.766100,34.159000,26.969500,152.370000,17.501600,73.879200
2011-05-02,104.373600,40.620200,36.074200,67.860500,61.255900,75.550200,64.321300,39.775900,52.720700,34.208700,26.698900,150.414000,17.518400,73.879200
2011-05-03,103.998200,40.289500,35.269900,68.040600,61.602600,75.673000,64.292100,39.784600,52.848300,33.915900,26.419900,149.880000,17.514200,73.879200
2011-05-04,103.308600,39.946100,34.689200,68.213500,61.877300,75.741200,64.385400,39.771600,52.877700,33.722500,25.997200,147.730000,17.510000,73.911400
2011-05-05,102.373800,39.157400,34.357400,68.552100,62.466100,75.652600,64.607000,39.607800,52.848300,33.700400,24.255600,143.470000,17.769000,73.911400
2011-05-06,102.825900,39.176500,34.804600,68.588100,62.191300,75.679900,64.607000,39.810400,52.872800,33.402100,24.179500,145.300000,17.902600,73.911400
2011-05-09,103.224300,39.456400,34.869500,68.689000,62.125900,75.836800,64.671100,39.862200,53.054300,33.573300,25.067200,147.380000,17.877600,73.911400
2011-05-10,104.105500,39.831600,35.280700,68.357600,61.681100,75.632100,64.408700,39.948500,53.024900,34.103700,25.295500,147.900000,17.860900,73.911400
2011-05-11,103.009800,39.030200,34.501600,68.602500,62.034300,75.393300,64.513700,39.888100,53.010200,33.744600,24.483900,146.540000,18.027900,73.911400
2011-05-12,103.500100,39.157400,34.602600,68.451200,61.641800,75.304700,64.362100,39.926900,53.024900,33.799900,24.509200,146.590000,17.994500,73.911400
2011-05-13,102.703300,38.546900,33.845200,68.717800,62.197900,75.291000,64.554500,39.763000,53.201500,33.440800,24.551500,145.630000,18.119800,73.895300
2011-05-16,102.052000,38.476900,33.794700,68.883500,62.544600,75.311500,64.741100,39.840600,53.206400,33.490500,24.230200,145.370000,18.061400,73.895300
2011-05-17,102.036700,38.559600,33.902900,69.085200,63.185700,75.372900,64.828600,39.909600,53.260400,33.479400,24.289400,144.740000,18.044700,73.895300
2011-05-18,102.948500,38.794900,34.451100,68.689000,62.348300,75.331900,64.665300,39.957100,53.392900,33.805400,24.779800,145.600000,18.036300,73.879200
2011-05-19,103.193700,39.017500,34.227500,68.761000,62.322200,75.134100,64.776100,39.939800,53.353600,33.949000,24.585300,145.650000,17.961100,73.911400
2011-05-20,102.373800,38.464200,33.953400,68.926700,62.354900,75.106800,64.729500,39.909600,53.392900,33.534700,24.813600,147.490000,18.086400,73.895300
2011-05-23,101.186200,37.573800,33.246500,69.020300,62.655800,75.113700,64.688600,39.719900,53.177000,33.192100,24.416200,147.830000,18.203400,73.895300
2011-05-24,101.101900,37.790100,33.578300,69.092400,62.891300,75.495700,64.770300,39.655200,53.132800,33.291600,24.746000,148.590000,18.153300,73.895300
2011-05-25,101.439000,38.031800,33.650500,69.099600,62.596900,75.516100,64.642000,39.655200,53.211300,33.446300,25.194000,148.580000,18.136500,73.895300
2011-05-26,101.906400,38.387900,34.083300,69.481400,63.133300,75.700300,64.921900,39.620700,53.069100,33.893800,25.287000,148.220000,18.061400,73.895300
2011-05-27,102.297200,38.667700,34.443900,69.474200,63.107200,75.823100,64.991900,39.741400,53.162300,34.087100,25.430800,149.700000,17.911000,73.895300
2011-05-31,103.362200,39.469100,35.006600,69.582200,63.251100,75.625300,64.986000,39.849300,53.530300,34.628600,25.574500,149.640000,17.826600,73.895300
2011-06-01,101.040600,38.534200,34.379000,70.156000,64.105900,76.168900,65.311100,39.617400,53.518500,33.634100,25.253200,149.910000,17.869200,73.879200
2011-06-02,100.933300,38.731300,34.703600,69.737100,62.884700,75.893400,64.719800,39.591400,53.538200,33.391000,25.473000,149.500000,17.752300,73.879200
2011-06-03,99.929600,38.750400,34.530500,70.011600,63.245800,76.010500,64.860300,39.435200,53.528400,33.523600,25.570300,150.220000,17.618600,73.879200
2011-06-06,98.872200,38.248000,33.975100,69.968200,62.766500,76.044900,64.749100,39.339700,53.582600,33.031900,25.278600,150.480000,17.668700,73.879200
2011-06-07,98.810900,38.597800,34.242000,70.098200,63.055400,76.155100,64.971600,39.309300,53.607200,33.380000,25.515300,150.420000,17.568500,73.895300
2011-06-08,98.397200,38.101700,33.996700,70.249900,63.547800,76.148200,65.012500,39.122700,53.691000,33.286100,25.726700,149.810000,17.652000,73.895300
2011-06-09,99.148100,38.496000,34.263600,69.968200,63.291800,76.058700,64.836900,39.148800,53.750100,32.927000,25.870400,150.560000,17.710500,73.879200
2011-06-10,97.768900,37.605600,33.520600,70.192100,63.777600,76.031100,64.760800,38.892800,53.705700,32.098300,25.599900,149.240000,17.877600,73.895300
2011-06-13,97.845500,37.662900,33.462900,70.040400,63.455900,76.024200,64.831100,38.745200,53.695900,32.230900,25.430800,147.770000,17.785700,73.879200
2011-06-14,99.086800,38.330700,33.967900,69.484300,62.497300,75.817600,64.637900,38.988200,53.671200,32.711500,25.608300,148.670000,17.760600,73.895300
2011-06-15,97.324500,37.071400,33.239300,70.235400,63.633200,76.210200,64.995000,38.823300,53.622000,32.186700,24.923500,149.120000,18.046300,73.895300
2011-06-16,97.539000,36.944200,32.986800,70.430400,63.922100,76.155100,64.872000,38.133400,53.301700,32.440800,24.822000,148.970000,18.036300,73.895300
2011-06-17,97.829800,37.306700,33.030100,70.379900,63.620100,76.113800,64.895500,38.554300,53.277100,32.750200,24.712100,149.940000,17.919300,73.895300
2011-06-20,98.330300,37.262200,32.979600,70.271500,63.698800,75.907200,64.907200,38.823300,53.257400,33.148000,24.576900,150.030000,17.919300,73.895300
2011-06-21,99.677800,38.069900,33.585500,70.177700,63.416500,76.093100,64.889600,39.083700,53.617000,33.407600,24.593800,150.760000,17.802400,73.879200
2011-06-22,99.077200,37.701000,33.251100,70.148800,63.455900,75.920900,64.977400,38.801600,53.651500,33.308200,24.703700,150.990000,17.869200,73.895300
2011-06-23,98.792300,37.376800,33.207400,70.517100,63.941800,76.471900,65.147200,39.009900,53.607200,32.634200,24.179500,148.339000,17.961100,73.895300
2011-06-24,97.645000,37.020200,33.149100,70.813200,63.672600,76.768000,65.182300,38.823300,53.513600,32.639200,23.892100,146.260000,18.069700,73.879200
2011-06-27,98.515100,37.325000,33.535300,70.538800,62.799400,76.644100,64.971600,38.814700,53.641700,32.778500,23.883600,145.730000,17.986200,73.879200
2011-06-28,99.801000,37.772300,33.994300,69.888800,62.293800,76.341000,64.520800,38.970900,53.814100,33.051500,24.306300,146.240000,17.919300,73.879200
2011-06-29,100.655700,38.433600,34.307500,69.469900,61.880200,76.368600,64.374500,39.357100,53.779600,33.396900,24.746000,147.180000,17.810700,73.895300
2011-06-30,101.618200,38.991200,34.679100,69.231600,61.781700,76.196400,64.468100,39.621800,53.863400,33.486100,24.483900,146.001000,17.727200,73.895300
2011-07-01,103.119700,39.419100,35.087100,69.058300,61.682900,76.283000,64.471900,39.832000,54.020900,34.060000,24.517700,144.930000,17.710500,73.879200
2011-07-05,103.035000,39.185700,35.072500,69.492600,61.821200,76.366200,64.701100,39.884400,54.006100,34.321800,24.847400,147.630000,17.777300,73.879200
2011-07-06,103.158200,38.939300,34.839400,69.615700,62.137500,76.588100,64.836200,39.901900,53.882400,34.578100,24.839000,148.910000,17.885900,73.895300
2011-07-07,104.228600,39.276500,35.320200,69.347900,61.953000,76.560400,64.853900,40.059100,54.030800,35.012700,25.363100,149.150000,17.852500,73.879200
2011-07-08,103.489300,38.790200,34.919500,70.086300,62.829200,76.907100,65.271100,39.950000,54.124800,34.968200,25.337800,150.250000,17.894300,73.879200
2011-07-11,101.618200,37.616700,33.943300,70.622000,63.771300,77.337000,65.488500,39.556900,54.006100,34.360800,25.143300,151.590000,18.136500,73.863100
2011-07-12,101.179300,37.363900,33.600800,70.723400,63.988700,77.649000,65.541400,39.447700,53.714200,34.477800,25.363100,152.770000,18.128200,73.879200
2011-07-13,101.518100,37.921400,34.147300,70.839200,64.166500,77.794700,65.706000,39.753400,53.872500,34.138000,25.709800,154.140000,17.936100,73.895300
2011-07-14,100.817400,37.590800,33.781500,70.433800,63.250800,77.330100,65.300500,39.731600,54.035800,33.820400,25.566000,154.540000,17.936100,73.895300
2011-07-15,101.402600,37.720500,33.994300,70.723400,63.356200,77.572800,65.447400,39.718500,53.956600,34.193700,25.794300,155.200000,17.902600,73.895300
2011-07-18,100.571000,37.162900,33.600800,70.679900,62.743500,77.642100,65.194700,39.648600,53.936800,33.954100,25.650600,156.570000,17.944400,73.895300
2011-07-19,102.203400,37.720500,34.089000,70.947800,64.048000,78.030400,65.512000,39.827700,53.847800,34.500100,25.828100,154.660000,17.902600,73.895300
2011-07-20,102.141800,38.167800,34.191000,70.600300,63.290300,77.586600,65.359300,39.862600,54.070400,34.750900,25.912700,156.020000,17.819100,73.879200
2011-07-21,103.558600,38.978200,34.737400,70.209400,62.802800,77.427100,65.259400,40.054800,54.085200,35.029400,25.785800,154.830000,17.652000,73.879200
2011-07-22,103.627900,39.017100,34.715500,70.477200,63.277200,77.683700,65.523800,40.107200,54.362300,35.202200,25.997200,156.120000,17.652000,73.895300
2011-07-25,103.050400,38.770800,34.642700,70.252800,62.585400,77.766900,65.212300,39.893200,54.302900,34.873400,25.870400,157.340000,17.635300,73.895300
2011-07-26,102.665400,39.004200,34.759200,70.549600,63.013700,77.794700,65.500300,39.976200,54.426600,34.951400,26.073300,157.770000,17.484900,73.895300
2011-07-27,100.563300,38.057600,34.147300,70.433800,63.020200,77.940300,65.306400,39.661700,54.401900,33.970800,25.895800,157.190000,17.618600,73.895300
2011-07-28,100.270700,37.966800,34.176400,70.571300,63.257400,78.259200,65.447400,39.722900,54.634400,34.004200,25.811200,157.320000,17.652000,73.895300
2011-07-29,99.585400,38.064100,34.322100,71.425600,64.509100,79.167600,66.035100,39.762200,54.926300,34.009800,25.599900,158.290000,17.568500,73.895300
2011-08-01,99.161900,37.584300,34.293000,71.685600,65.160200,79.384600,66.230200,39.850400,55.417800,33.497200,25.599900,157.720000,17.660400,73.895300
2011-08-02,96.628600,36.592300,33.236600,72.346000,67.116700,79.907300,66.784700,39.358300,55.601600,32.427400,25.599900,161.520000,17.685400,73.895300
2011-08-03,97.152200,36.806300,33.120700,72.404000,67.248900,79.412500,66.761100,39.336300,55.581700,32.160000,25.219400,161.490000,17.601900,73.895300
2011-08-04,92.601400,34.238900,31.225800,73.361900,69.641700,80.109500,67.244800,38.202700,55.313500,30.588800,24.264100,160.640000,17.877600,73.895300
2011-08-05,92.462800,34.845100,31.021800,72.512900,67.632300,79.196400,66.413000,38.163200,54.573600,29.825400,24.365500,161.750000,17.727200,73.895300
2011-08-08,86.441300,32.242000,28.435400,73.666700,69.767300,80.151300,65.781900,36.537600,53.664800,27.234600,23.460900,167.119000,17.752300,73.895300
2011-08-09,90.460800,34.413900,30.103800,74.094900,69.978800,80.820400,66.369400,37.653500,53.570400,29.714000,23.689200,168.610000,17.601900,73.895300
2011-08-10,86.464400,32.358700,28.508300,75.074600,72.060900,82.311900,66.967500,37.016500,54.196100,29.028700,23.790600,174.580000,17.752300,73.895300
2011-08-11,90.345300,33.908200,30.083400,73.971500,68.425500,80.597300,65.593100,37.688700,53.585300,30.533100,24.306300,170.750000,17.727200,73.895300
2011-08-12,90.953600,34.297200,30.067400,74.486800,69.780500,81.057300,66.342300,37.512900,53.853500,30.527500,24.272500,169.970000,17.727200,73.895300
2011-08-15,92.878600,35.094700,30.766800,74.211000,69.073200,80.646100,66.466100,38.123700,54.414700,31.641800,24.568400,171.800000,17.543400,73.895300
2011-08-16,92.085500,34.582500,30.504500,74.552100,70.216700,80.827300,66.708000,37.882000,54.797100,31.547100,24.568400,173.920000,17.551800,73.895300
2011-08-17,92.147100,34.783500,30.723100,75.074600,71.446200,81.245500,66.890800,38.299400,55.105000,31.636300,24.779800,174.420000,17.510000,73.895300
2011-08-18,88.173800,33.091300,29.273200,75.466500,72.913600,80.625200,66.979300,37.833700,54.851700,30.226600,24.171100,177.720000,17.610200,73.863100
2011-08-19,86.733900,32.527200,28.909000,75.546300,73.501900,80.897000,66.896700,37.504200,55.000700,29.647200,24.602200,179.950000,17.568500,73.895300
2011-08-22,86.803200,32.734700,28.879800,75.408400,73.316800,80.876100,66.649000,37.548100,54.965900,29.680600,24.644500,184.590000,17.601900,73.863100
2011-08-23,89.660000,33.798000,29.892500,75.103600,72.305500,80.374300,65.888100,37.829300,54.851700,30.410500,24.898100,177.670000,17.526700,73.895300
2011-08-24,90.922800,33.811000,29.601100,74.298100,70.249800,79.189500,65.109400,37.657900,54.499100,30.811600,24.644500,171.646000,17.560100,73.895300
2011-08-25,89.536800,32.994100,29.025500,74.755300,71.009900,79.809800,65.469300,37.354800,54.603400,30.237800,24.754400,172.360000,17.610200,73.863100
2011-08-26,90.838100,33.512700,29.520900,74.994800,71.710600,80.046700,65.498800,37.732600,54.970900,30.605500,25.029200,177.470000,17.510000,73.895300
2011-08-29,93.448400,34.310200,30.475400,74.501300,70.719100,79.572800,65.711100,38.114900,55.050300,31.653000,25.113700,173.890000,17.484900,73.895300
2011-08-30,93.694800,34.109200,30.519100,75.016600,71.856000,80.039800,66.059100,38.185200,55.060300,31.742100,25.456100,179.100000,17.547600,73.895300
2011-08-31,94.110600,34.731600,31.145600,74.748000,70.745500,79.677300,66.259700,38.677300,55.209200,32.098700,25.498400,177.720000,17.601900,73.895300
2011-09-01,93.125000,34.303700,30.978100,75.343800,72.245200,80.402400,66.308700,38.652200,55.276800,31.636300,25.320900,177.870000,17.677100,73.895300
2011-09-02,90.745700,33.538700,30.278600,76.034700,74.592200,81.280600,66.717200,38.470900,55.466300,30.889600,25.185600,183.238000,17.727200,73.895300
2011-09-06,90.083500,32.435800,29.965400,76.136600,75.367800,80.799700,67.108000,38.015500,55.261900,30.755900,25.101000,182.900000,18.002900,73.879200
2011-09-07,92.624500,33.402500,30.854200,75.729300,73.929200,80.583600,67.238200,38.201200,55.466300,31.914800,25.329300,177.080000,17.902600,73.863100
2011-09-08,91.662000,32.741200,30.169400,76.100200,74.592200,81.064600,67.179000,38.320600,55.471300,31.669700,25.160200,181.810000,18.086400,73.863100
2011-09-09,89.259600,31.606600,29.149400,76.471100,75.387700,81.162100,67.250000,37.975700,55.052500,30.677900,24.762900,180.700000,18.303600,73.879200
2011-09-12,89.837100,31.470500,29.091100,76.238400,75.467300,80.883300,66.841500,37.648400,54.813200,30.778200,24.703700,176.670000,18.312000,73.879200
2011-09-13,90.661000,31.807600,29.134800,76.012900,74.393300,80.534800,66.829700,37.935900,54.972700,30.850600,24.627600,178.540000,18.253500,73.863100
2011-09-14,91.916100,32.287400,29.054700,76.056600,75.023100,80.437200,66.800100,38.187900,54.623700,31.051200,24.509200,177.210000,18.203400,73.863100
2011-09-15,93.502300,32.987600,29.477200,75.489200,73.876100,80.276900,66.569200,38.444400,54.713500,31.563800,24.610700,174.400000,18.094800,73.863100
2011-09-16,94.055700,33.000500,29.528200,75.634700,74.413200,80.304800,66.569200,38.422300,54.723400,31.870300,24.500800,176.030000,18.161600,73.863100
2011-09-19,93.119200,32.092900,28.654000,76.252900,75.831900,80.506900,66.936300,38.364800,54.504000,31.173800,24.086500,173.310000,18.261900,73.879200
2011-09-20,93.010800,32.222500,28.442700,76.354800,76.150200,80.855400,66.965900,38.426700,54.529000,31.157100,24.044200,175.780000,18.261900,73.879200
2011-09-21,90.270900,31.263000,27.386300,76.682100,78.669500,80.994800,67.119800,38.095000,54.249800,29.513400,23.689200,173.590000,18.403900,73.879200
2011-09-22,87.352900,30.251600,25.462900,77.394800,81.626400,80.806700,67.250000,37.577700,53.297500,28.794700,22.852200,169.050000,18.596000,73.863100
2011-09-23,87.879200,30.595200,26.140500,76.754800,80.108200,80.339600,66.835600,37.679400,52.440000,29.006800,22.446400,159.800000,18.545900,73.879200
2011-09-26,89.969000,31.224100,26.533900,76.434800,78.822000,79.956300,66.711300,37.820900,51.657200,29.411800,22.522500,157.580000,18.529200,73.879200
2011-09-27,90.975200,31.995600,27.379000,75.925600,77.615400,80.102700,66.498100,37.865100,52.569600,29.704400,22.902900,160.630000,18.420600,73.863100
2011-09-28,89.117600,31.451000,26.555700,75.940200,77.588800,80.067800,66.231700,37.440600,52.614500,28.950500,22.285700,156.220000,18.487400,73.879200
2011-09-29,89.821900,32.066900,26.920000,75.940200,78.125900,79.816900,66.160700,37.369900,53.003300,29.400600,22.547800,157.700000,18.445600,73.879200
2011-09-30,87.577400,30.977700,25.568500,76.420200,80.088300,79.670500,66.492200,36.627000,52.564600,28.618600,21.770000,158.060000,18.633600,73.879200
2011-10-03,85.085100,30.160800,25.033100,77.128200,82.292300,80.454400,66.615700,36.185600,52.144300,27.268400,21.660100,160.960000,18.804900,73.879200
2011-10-04,86.950400,30.666500,25.419200,76.734600,81.248800,80.510300,66.033400,36.074300,51.673700,28.342900,21.617800,157.644000,18.729700,73.879200
2011-10-05,88.560300,31.139800,26.009300,76.413900,80.663900,80.454400,66.306700,36.514900,52.109200,28.101000,21.922200,159.460000,18.671200,73.879200
2011-10-06,90.162500,31.976200,26.869000,75.881900,79.175000,80.447400,66.039300,37.080200,52.730100,28.871800,22.378700,160.490000,18.554200,73.863100
2011-10-07,89.558800,31.755700,26.548500,75.488400,78.590100,80.175200,65.979900,37.111300,52.599900,28.067300,22.277300,159.180000,18.604400,73.879200
2011-10-10,92.554100,32.968100,27.736000,74.694000,77.480100,79.623700,66.104700,37.908000,53.355900,29.468100,22.776100,163.266000,18.312000,73.863100
2011-10-11,92.647000,32.909800,27.750600,74.941800,77.220900,79.812200,66.282900,37.489700,53.205700,28.883000,22.945200,162.100000,18.295300,73.879200
2011-10-12,93.459700,33.389500,28.530100,74.686700,76.097600,79.477100,66.384000,38.362000,53.626300,29.355600,22.987400,163.260000,18.178300,73.863100
2011-10-13,93.274000,33.402500,28.275100,74.985500,76.855300,79.526000,66.443400,38.201800,53.781500,29.164300,23.038200,162.300000,18.170000,73.879200
2011-10-14,94.868400,33.791500,28.843400,74.613800,75.738700,79.407300,66.401800,38.468900,53.951700,29.839400,23.562300,163.400000,18.086400,73.863100
2011-10-17,93.057200,33.013500,27.867100,75.102100,77.048100,79.707500,66.354200,38.246300,54.096900,29.192400,23.224200,162.620000,18.203400,73.863100
2011-10-18,94.876100,33.486800,28.610300,75.022000,76.569500,80.091400,66.586000,38.451000,54.197000,30.222000,23.351000,161.840000,18.178300,73.879200
2011-10-19,93.753800,32.883800,28.063800,75.138600,76.543000,79.965800,66.758300,38.326400,54.192000,29.873200,22.894500,159.870000,18.195000,73.879200
2011-10-20,94.164000,32.968100,27.524700,74.985500,75.997900,79.979700,66.906900,38.664700,54.061800,30.041900,22.860600,157.770000,18.161600,73.879200
2011-10-21,95.952000,33.765600,28.307900,74.847000,75.193700,79.896000,67.126800,39.132000,54.116900,31.032100,22.979000,159.520000,17.994500,73.863100
2011-10-24,97.128400,34.271300,29.418900,74.810600,75.320000,80.133300,67.471400,40.191300,54.452400,31.802800,23.342500,161.020000,17.952800,73.863100
2011-10-25,95.239900,33.681300,28.836100,75.451900,77.234200,80.852300,67.804200,39.479200,54.577500,31.285200,23.418600,165.590000,17.969500,73.879200
2011-10-26,96.207400,34.141600,29.368000,74.898100,75.884900,80.782500,67.756700,39.648300,54.752800,31.515900,23.283400,167.400000,17.965300,73.879200
2011-10-27,99.558800,36.028300,31.152900,73.994400,73.312700,80.321800,67.744800,40.231400,55.358600,33.012400,23.900500,169.940000,17.668700,73.863100
2011-10-28,99.535600,35.820800,30.890600,74.438900,74.083700,80.601000,68.006300,40.111200,55.378600,33.079900,23.799100,169.620000,17.677100,73.863100
2011-10-31,97.136200,33.960100,29.735900,75.437400,77.021500,81.320100,68.160800,39.737400,55.273400,32.708600,23.435500,167.340000,18.019600,73.847000
2011-11-01,94.427200,32.896800,29.011000,76.342400,79.599800,82.314400,68.502000,39.028300,55.255700,31.656500,23.156500,167.380000,18.211700,73.879200
2011-11-02,95.967400,33.175600,29.899800,76.159800,78.606800,82.342400,68.752500,39.399900,55.356200,32.264100,23.300300,169.060000,18.170000,73.863100
2011-11-03,97.716700,34.011900,30.205800,75.802000,77.527300,81.768200,68.788300,39.789400,55.693000,32.708600,23.585200,171.720000,18.086400,73.847000
2011-11-04,97.120700,33.584000,30.009100,76.028400,77.620600,82.209400,68.925400,39.749100,55.743300,32.444200,23.663800,170.850000,18.136500,73.863100
2011-11-07,97.724400,33.726700,30.264100,76.116000,78.113700,82.622500,68.651100,39.614800,55.783500,32.449800,24.010400,174.980000,18.119800,73.879200
2011-11-08,98.978300,34.135100,30.621100,75.772800,77.114100,82.076300,68.227700,39.704300,55.889100,32.871700,24.128800,173.530000,18.036300,73.879200
2011-11-09,95.325000,32.384600,28.828800,76.444600,78.713500,82.062300,68.048800,38.862600,55.497000,31.369600,23.596200,172.070000,18.353800,73.863100
2011-11-10,96.222900,32.767100,29.018200,76.072200,77.540600,82.223400,67.708900,38.902900,55.542200,31.364000,23.570800,171.140000,18.303600,73.879200
2011-11-11,98.034000,33.584000,29.714000,75.721700,77.067500,81.971300,67.589600,39.417800,55.763400,32.207900,23.799100,173.960000,18.119800,73.863100
2011-11-14,97.105200,32.987600,29.309700,76.196300,78.307000,82.083300,67.583600,39.153600,55.512100,31.611500,23.545400,173.200000,18.245100,73.879200
2011-11-15,97.585100,32.896200,29.491800,76.094100,78.200300,81.768200,67.518000,39.050700,55.250700,31.847800,23.714500,173.360000,18.353800,73.863100
2011-11-16,96.037100,32.267900,28.697700,76.371600,78.913400,81.537200,67.303400,38.671400,55.190300,31.544000,23.655300,171.510000,18.412200,73.879200
2011-11-17,94.512300,31.917800,27.967700,76.524900,79.546400,81.530200,66.772600,38.482000,54.863600,30.964600,23.105800,167.100000,18.437300,73.879200
2011-11-18,94.411700,32.028000,28.078400,76.240100,79.526500,81.551200,66.880000,38.455200,54.913800,31.161500,23.072000,167.620000,18.387200,73.879200
2011-11-21,92.616100,31.217600,27.175000,76.451900,79.999600,81.404100,66.605600,38.020900,54.421200,30.373900,22.902900,163.500000,18.420600,73.879200
2011-11-22,92.252300,31.126800,27.269700,76.685600,80.892500,81.656200,66.432700,37.729900,54.074400,30.233200,23.055100,165.310000,18.412200,73.863100
2011-11-23,90.216700,30.271000,26.388200,76.948500,81.685500,81.999300,66.092800,37.049300,53.576700,29.321800,22.708500,164.830000,18.621100,73.879200
2011-11-25,90.046400,30.115400,26.300700,76.459200,80.499400,81.740200,65.830400,37.049300,53.642000,29.451200,22.522500,163.400000,18.729700,73.879200
2011-11-28,92.654800,31.399100,27.561100,76.466500,80.459400,82.006300,65.860200,37.877600,54.109500,30.109400,22.801500,166.630000,18.654500,73.879200
2011-11-29,92.917900,31.606600,27.436600,76.320500,79.799700,81.985300,65.711100,38.123900,54.179900,30.064400,23.097400,166.880000,18.587700,73.847000
2011-11-30,96.741400,33.221000,29.149400,75.875000,78.553500,81.747200,66.009300,38.773100,54.562000,31.465300,23.367900,170.130000,18.428900,73.863100
2011-12-01,96.726000,32.935700,29.060100,75.853200,78.159400,81.719600,66.162400,38.943800,54.804600,31.206500,23.279100,169.630000,18.420600,73.847000
2011-12-02,96.640800,32.929200,28.974500,76.189800,79.255000,82.091500,66.724900,39.164600,55.152900,31.178300,23.486300,169.820000,18.479100,73.863100
2011-12-05,97.693500,33.305300,29.448100,76.145900,79.094600,82.077500,67.221600,39.385400,55.137800,31.442800,23.359400,167.320000,18.479100,73.863100
2011-12-06,97.724400,33.149700,29.047400,75.948400,78.339800,81.874000,66.862600,39.561100,55.324500,31.392100,23.486300,168.180000,18.462400,73.879200
2011-12-07,98.088200,33.383100,29.164000,76.292300,78.620300,81.733600,67.281500,39.435000,55.198300,31.735300,23.283400,169.400000,18.437300,73.863100
2011-12-08,95.936500,32.287400,28.114800,76.680000,79.602300,81.768700,67.054100,39.178100,54.925800,31.015200,22.987400,165.976000,18.537500,73.863100
2011-12-09,97.561900,33.091300,28.683100,76.153200,77.965700,81.333700,66.796700,39.516100,55.026700,31.695900,23.072000,166.400000,18.479100,73.847000
2011-12-12,96.137700,32.125300,27.604900,76.416600,78.834100,81.712600,66.802700,39.304300,55.021700,31.133300,22.776100,161.990000,18.671200,73.847000
2011-12-13,95.239900,31.690900,27.349900,76.767800,79.568900,81.937100,67.030100,39.155600,55.112500,30.767700,22.869100,158.450000,18.855000,73.847000
2011-12-14,94.226000,31.314800,26.956400,77.089800,81.072000,82.098500,67.143800,39.088000,55.046900,30.947700,22.057500,152.890000,18.896800,73.863100
2011-12-15,94.566500,31.470500,27.134900,77.023900,80.771400,81.895000,67.251500,39.227700,54.935900,31.465300,21.947600,152.330000,18.846600,73.847000
2011-12-16,94.706800,31.337500,27.335300,77.397100,81.713300,82.077500,67.628500,39.412400,55.067100,31.814100,22.125100,155.230000,18.788200,73.863100
2011-12-19,93.694200,31.049000,26.628600,77.660500,82.748800,82.407300,67.867900,39.362900,54.996400,31.538400,22.023600,154.870000,18.855000,73.863100
2011-12-20,96.529500,32.140800,27.748100,76.958100,80.684500,82.456400,67.820000,39.854000,55.279100,32.494800,22.530900,156.980000,18.696300,73.863100
2011-12-21,96.716400,31.973500,27.832700,76.709300,79.562300,82.133600,67.532800,39.966700,55.329600,32.483500,22.691500,157.160000,18.696300,73.863100
2011-12-22,97.573200,32.262200,28.196800,76.804400,79.896300,82.091500,67.885900,40.119900,55.369900,32.950500,22.716900,156.040000,18.696300,73.863100
2011-12-23,98.445600,32.485300,28.307100,76.489800,79.007800,81.993300,67.676400,40.304600,55.339700,33.093800,22.826800,156.310000,18.700400,73.863100
2011-12-27,98.523400,32.337700,28.038600,76.533300,79.383100,81.768700,67.933200,40.465400,55.488400,33.241700,22.928300,154.910000,18.662800,73.847000
2011-12-28,97.230500,31.760300,27.567900,77.017100,80.850800,81.979200,68.056900,40.275000,55.412400,32.843500,22.657700,151.030000,18.838300,73.850000
2011-12-29,98.235300,32.341000,27.884200,77.112400,80.998200,81.909100,68.023300,40.515200,55.518800,33.133600,22.725400,150.340000,18.804900,73.850000
2011-12-30,97.752300,32.498400,27.906200,77.383600,81.259600,81.881000,68.311500,40.537900,55.604900,32.991400,22.691500,151.990000,18.771500,73.850000
2012-01-03,99.310100,33.387500,28.759400,76.892500,80.039900,81.852900,68.257500,40.669400,55.093200,33.270200,23.367900,155.920000,18.608500,73.833900
2012-01-04,99.465900,33.187400,28.599100,76.650600,79.088200,81.930100,68.311500,40.601400,55.245200,32.701300,23.545400,156.710000,18.713000,73.833900
2012-01-05,99.730700,32.695300,28.472600,76.665200,78.947500,82.084500,68.017300,40.424600,55.164100,33.008500,23.224200,157.780000,18.913500,73.833900
2012-01-06,99.473700,32.249100,28.115800,76.965800,79.570700,82.358100,68.281500,40.297700,54.920900,32.900400,23.325600,157.200000,18.980300,73.833900
2012-01-09,99.715200,32.373800,28.402700,76.980400,79.430000,82.442400,68.179400,40.352100,54.839900,32.786700,23.351000,156.500000,18.913500,73.850000
2012-01-10,100.579800,32.865900,29.022800,76.826500,79.296000,82.189700,68.371600,40.492600,54.824700,33.150700,23.520100,158.640000,18.896800,73.850000
2012-01-11,100.634300,32.760900,29.046300,77.273600,80.328100,82.400200,68.359600,40.451800,54.809500,33.383900,23.452400,159.670000,18.980300,73.833900
2012-01-12,100.875700,32.898700,29.164000,77.112400,80.214100,82.273900,68.515700,40.397400,54.855100,33.139300,23.122700,160.380000,18.855000,73.833900
2012-01-13,100.353900,32.544400,28.899200,77.456900,81.011600,82.505500,68.761900,40.352100,54.834800,33.213300,23.072000,159.260000,19.005400,73.833900
2012-01-17,100.743300,32.928200,29.450800,77.530200,81.386900,82.589700,68.972100,40.433700,54.875300,33.486300,23.232600,160.500000,18.938500,73.833900
2012-01-18,101.857200,33.482600,30.193700,77.288300,80.401800,82.526600,68.833900,40.547000,55.174300,33.719500,23.241100,161.600000,18.771500,73.833900
2012-01-19,102.394600,33.896000,30.458500,76.826500,79.296000,82.224800,68.815900,40.605900,55.316100,33.850400,23.342500,161.220000,18.671200,73.833900
2012-01-20,102.776300,34.073200,30.436500,76.562600,78.397900,82.056400,68.641800,40.605900,55.468100,34.060800,23.173400,162.070000,18.687900,73.833900
2012-01-23,102.511400,34.204400,30.730700,76.394000,77.902000,81.888000,68.539700,40.746400,55.610000,34.225800,23.444000,163.160000,18.579300,73.833900
2012-01-24,102.394600,34.014100,30.771100,76.482000,78.042700,81.895000,68.785900,40.850700,55.437700,34.487400,23.486300,162.010000,18.604400,73.833900
2012-01-25,103.251400,34.368400,31.120500,76.848500,77.855100,82.526600,69.020100,41.208800,55.599800,34.931100,23.680700,166.420000,18.520800,73.833900
2012-01-26,102.721700,34.381500,30.995500,77.259000,78.887200,82.905500,69.560500,41.308500,55.969700,35.175700,23.748300,167.270000,18.504100,73.833900
2012-01-27,102.675000,34.440600,31.157300,77.493500,79.135100,83.080900,69.662600,41.158900,55.903800,35.187100,23.832900,168.970000,18.370500,73.833900
2012-01-30,102.324500,34.033800,30.708600,77.757400,80.066700,83.354600,69.572500,41.027500,56.015300,34.925400,23.587700,168.030000,18.437300,73.850000
2012-01-31,102.285600,34.211000,30.973400,78.050600,80.991500,83.754500,69.776700,41.131700,56.238200,35.096100,23.528500,169.310000,18.479100,73.833900
2012-02-01,103.181300,34.749000,31.661100,77.779500,80.063800,83.705400,70.054700,41.207800,56.122300,35.443000,23.604600,169.560000,18.395500,73.833900
2012-02-02,103.344900,34.821200,31.745700,77.889700,80.030200,83.705400,70.199300,41.235100,56.478300,35.522700,23.663800,171.050000,18.403900,73.833900
2012-02-03,104.793600,35.369000,32.275300,77.272800,78.310400,83.003700,70.096900,41.353600,56.508800,36.017500,23.942800,167.640000,18.403900,73.833900
2012-02-06,104.723500,35.195200,31.999500,77.485800,79.089700,83.375600,70.277700,41.362700,56.554600,35.903800,24.061200,167.180000,18.412200,73.850000
2012-02-07,104.988300,35.411700,32.069300,76.986400,78.108900,83.066900,70.145100,41.444800,56.676700,35.812800,24.044200,169.700000,18.286900,73.833900
2012-02-08,105.299900,35.536300,32.297400,77.023200,78.169300,83.045800,70.217400,41.481300,56.554600,35.875300,24.154200,168.500000,18.303600,73.850000
2012-02-09,105.432300,35.628200,32.282700,76.846900,77.584900,82.730000,69.994500,41.499500,56.620700,35.613700,24.281000,168.020000,18.312000,73.833900
2012-02-10,104.653400,34.952400,31.565500,77.280200,78.592600,83.116000,69.928200,41.139400,56.447800,35.283800,24.052700,167.140000,18.428900,73.850000
2012-02-13,105.432300,35.352600,32.080400,77.228800,78.693300,83.284400,70.169200,41.257900,56.747900,35.642100,24.111900,167.510000,18.403900,73.833900
2012-02-14,105.299900,35.090200,31.819300,77.390300,79.109900,83.284400,70.223400,41.257900,56.839400,35.278100,24.103400,167.120000,18.495800,73.850000
2012-02-15,104.809200,35.129500,31.907500,77.449100,78.968800,83.438800,70.127000,41.125700,56.915700,35.067600,24.188000,168.108000,18.554200,73.833900
2012-02-16,105.969800,35.611800,32.249600,77.096600,78.337300,83.228300,70.006500,41.298900,56.849600,35.437400,24.297900,168.000000,18.487400,73.850000
2012-02-17,106.250200,35.772600,32.312100,77.015800,78.317100,83.031800,69.898100,41.285300,56.727000,35.465800,24.255600,167.350000,18.487400,73.833900
2012-02-21,106.296900,35.779100,32.179700,76.736800,77.450500,82.982700,69.783600,41.440200,56.986900,34.914000,24.636100,171.020000,18.412200,73.833900
2012-02-22,105.954200,35.670900,32.234800,77.037800,78.424600,83.452800,70.217400,41.572400,57.139500,34.618300,24.864300,172.940000,18.437300,73.833900
2012-02-23,106.421500,35.969400,32.179700,77.148000,78.424600,83.480900,70.313800,41.722900,57.276900,35.050600,24.940400,173.020000,18.295300,73.833900
2012-02-24,106.655200,36.185900,32.503300,77.206700,78.935200,83.501900,70.368000,41.850500,57.404000,35.096100,25.092600,172.231000,18.220100,73.850000
2012-02-27,106.834300,35.998900,32.179700,77.463700,79.633800,83.635200,70.627100,41.859600,57.409100,35.039200,24.889700,171.700000,18.278600,73.833900
2012-02-28,107.145900,36.336800,32.628400,77.500500,79.371900,83.649300,70.850100,41.941700,57.582000,34.834400,24.881200,173.490000,18.195000,73.833900
2012-02-29,106.725300,35.864400,32.606300,77.192000,78.888200,83.270400,70.916300,41.994500,57.627800,34.692200,24.788200,164.286000,18.345400,73.850000
2012-03-01,107.278300,36.271200,32.915200,76.941700,78.145500,83.066900,70.748900,42.068200,57.767400,34.902700,25.177100,166.610000,18.345400,73.833900
2012-03-02,106.951200,35.936600,32.834300,77.250600,78.879400,83.073900,70.773000,41.894000,58.043200,34.851500,24.923500,166.340000,18.470700,73.833900
2012-03-05,106.515000,35.746300,32.267900,77.096100,78.253200,82.695000,70.646100,41.660200,58.068700,35.204100,24.805100,165.650000,18.454000,73.833900
2012-03-06,104.957200,34.604600,31.190400,77.419800,79.202600,82.933500,70.537300,41.105400,57.552900,34.737700,24.399300,162.700000,18.571000,73.833900
2012-03-07,105.689400,35.031100,31.561800,77.272700,78.717800,83.116000,70.507000,41.220000,57.808300,34.925400,24.509200,163.630000,18.545900,73.833900
2012-03-08,106.740900,35.785700,32.223800,77.044700,77.930000,83.080900,70.519100,41.540900,58.068700,34.743400,24.712100,165.280000,18.420600,73.850000
2012-03-09,107.153700,35.667600,32.209100,76.985800,78.084900,83.228300,70.482800,41.586800,58.145300,34.914000,24.779800,166.379900,18.596000,73.850000
2012-03-12,107.161500,35.575700,31.856000,76.963700,78.071400,83.333500,70.343800,41.586800,58.313800,35.170000,24.746000,165.070000,18.571000,73.850000
2012-03-13,109.093200,36.151200,32.724000,76.412100,76.697900,83.130000,70.150300,41.889400,58.461900,35.881000,24.855900,162.300000,18.629400,73.850000
2012-03-14,108.976300,35.831600,32.209100,75.536900,74.765400,82.358100,69.316000,41.784000,58.150400,35.784300,24.686800,159.570000,18.729700,73.833900
2012-03-15,109.607200,36.172800,32.466500,75.514800,74.879900,82.470400,69.164800,41.641800,57.930800,35.733100,24.703700,161.080000,18.654500,73.833900
2012-03-16,109.758900,36.422100,32.429800,75.492700,75.028000,82.519500,69.267600,41.490500,57.981900,35.937900,25.008000,161.300000,18.529200,73.833900
2012-03-19,110.189200,36.612400,32.304700,75.029400,74.132500,82.302000,69.170900,41.646400,57.828700,36.188200,24.965800,161.590000,18.428900,73.850000
2012-03-20,109.868400,36.179400,31.745700,75.066100,74.428800,82.224800,69.128600,41.614300,57.629500,36.137000,24.661400,160.130000,18.462400,73.850000
2012-03-21,109.688500,35.939900,31.800900,75.448600,75.270400,82.379200,69.442900,41.481300,57.573400,36.085800,24.602200,160.210000,18.470700,73.850000
2012-03-22,108.898400,35.693800,31.319100,75.544200,75.512800,82.470400,69.328100,41.582200,57.547800,35.590900,24.407800,159.570000,18.491600,73.850000
2012-03-23,109.250400,35.943200,31.554500,75.823700,76.226500,82.737100,69.382500,41.495100,57.552900,35.812800,24.644500,161.532900,18.395500,73.850000
2012-03-26,110.783800,36.402400,32.109800,75.735400,75.836000,82.498500,69.533600,41.747300,57.430400,36.232500,24.754400,164.400000,18.282200,73.850000
2012-03-27,110.439500,36.172800,31.937000,76.154700,76.381400,82.793200,70.071700,41.820600,57.450800,36.238200,24.653000,163.240000,18.345400,73.833900
2012-03-28,109.891900,35.923500,31.400000,76.022300,76.273700,82.687900,69.938700,41.683100,57.491700,36.180900,24.416200,161.510000,18.337000,73.850000
2012-03-29,109.704200,35.693800,31.363200,76.338600,76.846000,82.828300,70.077800,41.678500,57.420200,36.198100,24.078100,161.280000,18.328700,73.833900
2012-03-30,110.157900,36.015300,31.587600,75.963500,75.546500,82.554600,69.908500,41.595300,57.558000,36.496300,24.348600,162.120000,18.303600,73.833900
2012-04-02,110.963700,36.435300,32.028900,76.145700,75.965000,82.972300,70.088900,41.667500,57.802300,36.754300,24.661400,162.940000,18.257700,73.817800
2012-04-03,110.509900,35.798800,31.841300,75.585700,74.648600,82.360200,69.421600,41.630600,57.643300,36.610900,24.551500,159.890000,18.395500,73.833900
2012-04-04,109.414700,34.998300,31.267600,75.968800,75.674700,82.374300,69.555100,41.478400,57.633100,36.209600,24.171100,157.210000,18.487400,73.817800
2012-04-05,109.359900,34.788400,31.436800,76.307800,76.221500,82.592400,69.670300,41.376900,57.494700,36.071900,24.264100,158.310000,18.545900,73.833900
2012-04-09,108.131700,34.637400,30.973400,77.088700,78.003700,82.972300,70.125300,41.164700,57.679200,35.687800,24.154200,159.370000,18.483200,73.850000
2012-04-10,106.316700,33.896000,30.373900,77.449800,78.888000,83.450800,70.082900,40.961800,57.433100,34.919400,23.832900,161.100000,18.512500,73.850000
2012-04-11,107.177300,34.368400,30.697600,77.147700,77.943000,83.584500,70.010100,41.210900,57.628000,35.366700,23.892100,161.065000,18.487400,73.850000
2012-04-12,108.577600,34.995000,31.488300,76.993000,77.618900,83.429700,70.040400,41.579900,57.904800,35.854100,24.204900,162.700000,18.362100,73.833900
2012-04-13,107.286800,34.329100,31.010200,77.457100,78.874500,83.781500,70.374100,41.446100,57.884300,35.705000,23.959700,160.850000,18.512500,73.817800
2012-04-16,107.216400,34.578400,30.852000,77.435000,78.759800,83.732300,70.374100,41.510700,57.894600,36.192400,23.723000,160.460000,18.437300,73.833900
2012-04-17,108.804500,35.129500,31.208800,77.354000,78.712500,83.915200,70.465100,41.690600,58.043300,36.502000,23.832900,160.270000,18.428900,73.833900
2012-04-18,108.436800,34.945800,31.061700,77.508700,78.942100,83.816700,70.452900,41.676800,58.033000,36.255400,23.604600,159.310000,18.428900,73.833900
2012-04-19,107.740500,34.735900,30.925600,77.597100,79.016300,83.598600,70.501500,41.598300,58.038100,36.255400,23.613100,159.430000,18.420600,73.850000
2012-04-20,107.920500,35.070500,31.131500,77.604500,79.029800,83.809700,70.483300,41.662900,58.253500,36.696900,23.706100,159.540000,18.320300,73.833900
2012-04-23,107.013000,34.368400,30.539400,77.759200,79.603600,83.901100,70.495400,41.575300,58.104800,36.318500,23.663800,159.070000,18.378800,73.850000
2012-04-24,107.419800,34.644000,30.605600,77.560300,79.043300,83.922200,70.368000,41.672100,58.166300,36.863200,23.663800,159.300000,18.328700,73.850000
2012-04-25,108.890600,35.116400,30.881500,77.464500,78.638300,83.887100,70.489300,41.976600,58.350900,37.287500,23.799100,159.620000,18.286900,73.833900
2012-04-26,109.649400,35.326400,31.076400,77.722400,79.110800,84.203700,70.604600,42.004300,58.376500,37.379300,23.849800,161.030000,18.261900,73.850000
2012-04-27,109.829300,35.470700,31.120500,77.803400,79.178300,84.119300,70.707700,41.985800,58.422700,37.637300,23.925900,161.380000,18.228400,73.833900
2012-04-30,109.422500,35.267300,31.050600,77.869700,79.198600,84.027800,70.665300,42.068800,58.586700,37.539800,24.018900,161.880000,18.220100,73.850000
2012-05-01,110.103100,35.411700,31.260300,77.728200,78.787800,84.060400,70.530800,42.100800,58.610300,37.946900,24.018900,161.320000,18.236800,73.850000
2012-05-02,109.774600,35.136100,31.197700,77.875800,79.342700,84.152200,70.762100,42.263100,58.713200,37.889600,23.706100,160.590000,18.295300,73.850000
2012-05-03,108.937500,34.827700,30.966000,77.868400,79.322400,84.046200,70.804700,42.235300,58.944800,37.757700,23.444000,158.970000,18.312000,73.833900
2012-05-04,107.177300,34.296200,30.421700,78.178400,79.945000,84.222800,70.883900,42.151800,58.924300,37.425100,23.029700,159.470000,18.387200,73.833900
2012-05-07,107.255500,34.545600,30.532100,78.156200,79.958500,84.215700,71.005600,42.221400,58.919100,37.688900,22.979000,159.080000,18.412200,73.850000
2012-05-08,106.825200,34.014100,30.046600,78.333300,80.384800,84.371100,71.182100,42.212100,58.816200,37.620100,22.891900,156.000000,18.454000,73.850000
2012-05-09,106.191600,33.620400,29.656800,78.399800,80.439000,84.272200,71.060400,42.063700,58.517700,37.499700,22.716900,154.470000,18.529200,73.850000
2012-05-10,106.410600,33.777900,29.781800,78.289100,80.202100,84.258100,70.914300,42.017300,58.533100,37.528400,22.725400,154.770000,18.545900,73.850000
2012-05-11,106.089900,33.567900,29.395700,78.547300,80.865300,84.300400,71.127400,42.124000,58.353000,37.608600,22.556300,153.560000,18.579300,73.850000
2012-05-14,104.916400,32.924900,28.730000,78.894200,81.995400,84.695900,71.145600,41.813200,57.673600,37.132700,22.260400,151.330000,18.658700,73.850000
2012-05-15,104.314000,32.511600,28.479900,78.916300,82.326900,84.794800,71.054300,41.609100,57.457500,36.937800,22.302600,149.740000,18.813200,73.850000
2012-05-16,103.915000,32.190100,28.075400,78.975400,82.563800,84.625300,71.090800,41.200900,57.236100,36.530700,22.277300,149.460000,18.855000,73.850000
2012-05-17,102.373900,31.796400,27.692900,79.270500,84.025500,84.900700,70.561300,40.630300,56.881000,35.464200,22.226600,152.800000,18.838300,73.850000
2012-05-18,101.497700,31.566700,27.428100,79.218900,84.045800,85.098400,70.287300,40.628000,56.783200,35.034200,22.209600,154.550000,18.763100,73.850000
2012-05-21,103.242200,32.262200,28.082700,79.012300,83.869800,85.211400,70.366500,41.052400,57.122900,35.796700,22.505500,154.650000,18.704600,73.850000
2012-05-22,103.422200,32.144100,27.788500,78.842500,82.936000,85.034800,70.177800,41.047800,57.292800,35.865500,22.184300,152.080000,18.896800,73.817800
2012-05-23,103.476900,31.881700,27.597300,79.049200,83.511200,85.041900,70.348200,41.006000,56.922200,35.917100,21.939100,151.620000,18.963600,73.817800
2012-05-24,103.680300,31.671700,27.457500,78.879400,83.193100,84.921900,70.360400,41.015300,56.809000,36.077700,21.947600,151.410000,19.038800,73.850000
2012-05-25,103.343900,31.560200,27.325100,79.108200,83.504400,85.006600,70.536900,40.885400,56.881000,35.934300,22.023600,152.680000,19.063800,73.850000
2012-05-29,104.595600,31.960400,28.097500,79.041800,83.247300,84.759400,70.640400,41.335400,56.865600,36.444600,21.930700,151.020000,19.047100,73.850000
2012-05-30,103.077900,31.205800,27.612000,79.794500,85.358500,85.253800,70.701300,41.149800,56.860400,35.578800,21.524800,151.910000,19.197500,73.850000
2012-05-31,102.851100,31.337100,27.729700,80.104400,86.346500,85.663300,71.200400,40.713800,56.963400,35.848300,21.338800,151.620000,19.205900,73.850000
2012-06-01,100.261600,30.543100,26.986800,80.792300,88.396400,86.021800,71.637500,40.360100,56.064900,34.971000,20.899200,157.500000,19.147400,73.850000
2012-06-04,100.214700,30.799000,27.104500,80.326700,87.698000,85.858300,71.093900,40.392700,56.661700,34.730200,21.017600,157.320000,19.063800,73.850000
2012-06-05,100.973500,31.018800,27.174400,80.060600,86.524900,85.787300,70.941200,40.649400,56.989800,35.446900,20.941500,157.140000,19.130700,73.850000
2012-06-06,103.242200,31.888200,27.968700,79.535800,84.795700,85.382100,70.733500,41.083500,57.651200,36.232500,21.330400,157.210000,18.971900,73.833900
2012-06-07,103.304800,31.934200,28.141600,79.728000,84.924600,85.367800,70.880100,41.237600,57.744300,35.974500,21.186700,154.500000,18.997000,73.833900
2012-06-08,104.126200,31.829200,27.898900,79.787100,84.904200,85.431800,71.142700,41.396200,57.945800,36.484800,21.254300,154.730000,19.055500,73.833900
2012-06-11,102.804100,31.520800,27.498000,80.001500,85.290700,85.424700,71.130500,41.125500,57.971600,35.664800,20.865400,155.360000,19.080600,73.833900
2012-06-12,103.985400,32.045700,28.068000,79.572800,84.510900,85.239900,70.922900,41.414900,58.193800,36.003100,20.966900,156.459400,19.013700,73.850000
2012-06-13,103.320500,31.786500,27.965100,79.994100,85.345000,85.431800,71.179400,41.293600,58.431500,35.819700,20.806200,157.120000,18.955200,73.850000
2012-06-14,104.415700,32.029300,28.160000,79.779700,85.236500,85.318100,71.093900,41.601600,58.524500,36.341400,21.051400,157.750000,18.880100,73.850000
2012-06-15,105.483800,32.478800,28.678500,80.149300,85.711200,85.858300,71.387100,41.676300,58.664000,36.565100,21.017600,157.840000,18.796500,73.833900
2012-06-18,105.688300,32.386900,28.737400,80.127100,86.172300,85.815700,71.356500,41.690300,58.803500,36.869000,21.034500,157.930000,18.880100,73.850000
2012-06-19,106.710500,32.924900,29.200800,79.853700,85.046600,85.723300,71.289300,41.984400,58.994700,37.018000,21.212000,157.160000,18.738000,73.817800
2012-06-20,106.537500,33.115200,29.105100,79.691100,85.467000,85.609500,71.319900,42.147700,59.036100,37.000800,20.865400,155.970000,18.763100,73.817800
2012-06-21,104.147000,32.245000,28.039200,79.861100,85.921400,85.247000,71.429800,41.802300,58.834500,36.398800,20.417300,152.015000,18.963600,73.850000
2012-06-22,104.949100,32.523700,28.128600,79.513700,84.775400,84.834700,71.374800,42.087000,58.932700,36.404500,20.620200,152.640000,18.921800,73.833900
2012-06-25,103.266200,31.798500,27.603800,79.949700,86.009500,85.225700,71.558100,42.021700,58.803500,36.218900,20.831600,153.760000,18.980300,73.850000
2012-06-26,103.785200,32.003300,27.845700,79.772400,85.670500,85.168800,71.631400,41.961000,58.777700,36.340300,20.975300,152.620000,18.946900,73.850000
2012-06-27,104.721000,32.308800,28.024400,79.883200,85.806100,85.254100,71.729100,42.213100,58.958600,36.484900,21.093700,152.830000,19.005400,73.833900
2012-06-28,104.422200,32.376000,27.890400,80.141900,86.016300,85.289600,71.839000,42.208400,58.870700,36.883800,20.865400,151.050000,19.030400,73.850000
2012-06-29,107.025100,33.544200,29.129700,79.772400,84.897400,85.090600,71.820700,42.609800,59.278900,37.826100,21.770000,155.190000,18.771500,73.817800
2012-07-02,107.347500,33.765800,29.122300,80.142600,85.773400,85.271300,72.202200,42.655800,59.645600,38.242300,21.727700,155.090000,18.813200,73.817800
2012-07-03,108.055200,34.074700,29.706600,79.942700,85.114200,85.421100,72.263500,42.810700,59.733800,38.467800,22.336500,157.460000,18.796500,73.817800
2012-07-05,107.567700,33.510700,29.393900,80.157400,85.549100,85.606400,72.447300,42.815400,59.868600,38.230800,22.421000,155.680000,19.047100,73.817800
2012-07-06,106.545400,33.195100,28.858000,80.438600,86.344200,85.734800,72.631100,42.759000,59.956800,38.323300,21.905300,153.710000,19.172400,73.817800
2012-07-09,106.411700,33.121200,28.753800,80.660700,87.105300,85.898800,72.680200,42.773100,59.956800,38.363700,22.294200,154.040000,19.114000,73.817800
2012-07-10,105.483800,32.899700,28.433700,80.697700,87.282000,86.119800,72.661800,42.585300,59.977600,37.953300,22.006700,152.150000,19.180800,73.817800
2012-07-11,105.499500,33.000400,28.582600,80.623700,87.390700,86.034200,72.784300,42.721500,60.268100,37.993700,22.251900,152.990000,19.197500,73.817800
2012-07-12,104.988400,32.671400,28.106200,80.808700,88.009100,86.205300,73.152000,42.627600,60.475600,38.109400,22.302600,152.590000,19.239300,73.817800
2012-07-13,106.749900,33.134700,28.645900,80.742100,87.778100,86.248100,73.176500,42.759000,60.766100,38.577600,22.573200,154.140000,19.155700,73.833900
2012-07-16,106.498200,33.124600,28.578900,80.919800,88.185800,86.347900,73.378800,42.594700,61.041000,38.652800,22.852200,154.210000,19.097300,73.817800
2012-07-17,107.229500,33.222000,28.962200,80.712500,87.492700,86.233800,73.378800,42.796600,61.207000,39.022800,22.877500,153.470000,19.080600,73.817800
2012-07-18,108.023800,33.483800,28.887800,80.793900,87.540200,86.255200,73.783200,42.975000,61.207000,38.791500,23.080400,153.050000,19.063800,73.817800
2012-07-19,108.306900,33.792700,29.152000,80.675500,87.316000,86.333700,73.911900,43.082900,61.186200,38.386900,23.359400,153.380000,19.055500,73.833900
2012-07-20,107.316000,32.997000,28.720300,80.993800,88.382900,86.604600,73.967100,42.881100,61.201800,38.184500,23.359400,153.670000,19.197500,73.817800
2012-07-23,106.230900,32.322300,27.972300,81.127000,88.878900,86.533300,73.728100,42.810700,60.817900,37.907000,22.869100,153.030000,19.222600,73.817800
2012-07-24,105.318700,31.969800,27.849400,81.282500,89.578900,86.583200,73.844500,42.547800,60.594900,37.779800,22.733800,153.520000,19.297800,73.833900
2012-07-25,105.342300,32.141000,27.987100,81.326900,89.809900,86.490500,73.985500,42.458600,60.729700,37.762500,22.902900,155.670000,19.197500,73.850000
2012-07-26,107.080100,33.121200,28.619800,81.075200,88.987700,86.369300,74.101900,42.895200,60.989100,38.097800,22.945200,156.770000,19.005400,73.833900
2012-07-27,109.053900,33.819500,29.420000,80.490500,87.309200,86.119800,73.752600,43.148600,61.196600,38.462000,23.181900,157.540000,18.997000,73.850000
2012-07-30,109.053900,33.779200,29.252500,80.749500,87.961500,86.362200,73.942600,43.148600,61.414500,38.641200,23.317200,157.430000,19.022100,73.850000
2012-07-31,108.291100,33.571100,29.118500,80.890200,88.138200,86.583200,74.322500,43.045400,61.497500,38.583400,23.038200,156.490000,18.971900,73.817800
2012-08-01,108.196800,33.577800,29.170600,80.595300,87.697600,86.618900,74.239400,43.278900,61.745700,38.398400,23.072000,155.140000,19.105600,73.833900
2012-08-02,107.449700,33.107800,28.828200,80.788000,88.194800,86.604600,74.288600,43.104200,61.787400,38.508300,22.877500,154.130000,19.139000,73.833900
2012-08-03,109.580800,34.235800,29.721500,80.365500,86.771500,86.447700,74.110300,43.283600,61.964400,38.808900,23.266400,155.550000,18.905100,73.833900
2012-08-06,109.793100,34.477500,29.907500,80.417400,86.805500,86.504800,74.208600,43.255300,62.162300,38.768400,23.401700,156.300000,18.880100,73.850000
2012-08-07,110.343600,34.766200,29.989400,79.994800,85.688700,86.319400,73.821300,43.170300,62.136300,38.311700,23.579300,156.280000,18.880100,73.833900
2012-08-08,110.477300,34.746100,30.049000,79.883600,85.232500,86.062700,73.612300,43.198600,61.980100,38.051600,23.646900,156.480000,18.913500,73.817800
2012-08-09,110.571600,34.766200,30.175500,79.824300,85.171200,85.898800,73.563100,43.203400,61.683300,37.930200,23.841300,156.990000,18.980300,73.817800
2012-08-10,110.752500,34.826700,30.316900,80.054100,85.600200,85.955800,73.772200,43.165600,61.615600,37.982200,23.714500,157.180000,18.946900,73.817800
2012-08-13,110.697400,34.658800,30.045200,80.002200,85.457200,85.841700,73.618500,43.189200,61.641600,37.953300,23.528500,155.990000,18.921800,73.817800
2012-08-14,110.713200,34.739400,30.041500,79.609300,84.299500,85.463800,73.286500,43.255300,61.641600,37.872300,23.553900,155.130000,18.930200,73.817800
2012-08-15,110.839000,34.638700,29.996900,79.209000,83.114600,84.829300,72.942200,43.047600,61.433300,38.045800,23.756800,155.630000,18.980300,73.817800
2012-08-16,111.656800,35.068400,30.272300,79.016300,82.406400,84.622500,72.727100,43.208100,61.324000,38.334800,23.849800,156.560000,18.913500,73.817800
2012-08-17,111.806200,35.115400,30.123400,79.112700,82.808100,84.736600,72.825400,43.208100,61.308400,38.346400,23.883600,156.720000,18.946900,73.817800
2012-08-20,111.814100,35.075100,30.108500,79.157100,82.978400,84.693800,73.028300,43.260000,61.376000,38.236600,23.993500,157.260000,18.921800,73.817800
2012-08-21,111.475900,35.276500,30.063800,79.223900,83.346100,84.750900,73.151200,43.354400,61.506200,38.317500,24.213300,158.830000,18.796500,73.817800
2012-08-22,111.523100,35.236200,30.078700,79.839100,84.721700,85.442500,73.569300,43.311900,61.855100,38.294400,24.340100,160.540000,18.704600,73.817800
2012-08-23,110.610900,35.034800,29.803300,79.980000,85.075800,85.841700,73.624600,43.302500,62.006100,38.178700,24.221800,161.890000,18.671200,73.817800
2012-08-24,111.279400,34.981100,29.810800,79.942900,84.994100,85.827500,73.704500,43.496000,62.053000,38.305900,24.111900,161.970000,18.729700,73.817800
2012-08-27,111.302900,35.001200,29.505600,80.150500,85.491200,86.105500,73.796700,43.463000,62.079000,38.421600,24.002000,161.360000,18.746400,73.817800
2012-08-28,111.192900,34.967700,29.446000,80.180100,85.695500,86.326500,73.901300,43.425200,62.136300,38.554500,24.018900,161.640000,18.671200,73.817800
2012-08-29,111.279400,34.860200,29.304600,80.128300,85.321000,86.034200,73.747600,43.486600,62.167500,38.543000,24.061200,160.590000,18.704600,73.817800
2012-08-30,110.477300,34.343200,28.962200,80.276500,85.763600,85.970100,73.772200,43.467700,62.188400,38.456200,24.086500,160.520000,18.746400,73.817800
2012-08-31,111.004100,34.645400,29.237600,80.795400,86.975800,86.369300,74.282400,43.581000,62.256000,38.577600,24.340100,164.220000,18.629400,73.817800
2012-09-04,110.901900,34.470800,29.077600,80.610800,86.889000,86.255200,74.107800,43.581500,62.343900,38.849400,24.348600,164.480000,18.654500,73.817800
2012-09-05,110.807500,34.376800,28.925000,80.581100,86.479500,86.397800,74.138600,43.586200,62.474500,38.780000,24.230200,164.310000,18.637800,73.833900
2012-09-06,113.056600,35.232900,29.568900,80.031800,85.039600,85.927300,73.811700,43.842500,62.600000,39.126900,24.221800,164.890000,18.587700,73.833900
2012-09-07,113.496900,35.759900,30.249900,80.135700,84.643800,86.205300,73.965900,43.918500,62.871700,39.161500,24.492300,168.440000,18.387200,73.817800
2012-09-10,112.852100,35.477900,29.862900,80.172900,84.848500,86.426400,73.959800,43.847300,62.997100,38.855100,24.526100,167.290000,18.445600,73.817800
2012-09-11,113.166600,35.880800,30.220200,80.024400,84.316200,86.340800,74.021400,44.146300,63.080700,38.970800,24.576900,167.900000,18.303600,73.817800
2012-09-12,113.544100,36.115800,30.354100,79.630900,83.265200,85.920100,73.873400,44.279200,63.112100,39.051700,24.703700,167.920000,18.286900,73.817800
2012-09-13,115.274100,36.663000,31.169200,79.861100,82.937700,86.640200,74.268100,44.564000,62.971000,39.531500,24.872800,171.310000,18.170000,73.817800
2012-09-14,115.785300,37.028900,31.537600,79.111300,80.733400,86.932600,73.824100,44.559300,63.096400,39.751200,25.134900,171.800000,18.078100,73.817800
2012-09-17,115.392100,36.834200,31.195200,79.274600,81.702400,86.854100,74.076900,44.521300,63.007600,39.635600,24.441600,170.400000,18.103100,73.817800
2012-09-18,115.297700,36.679800,31.206400,79.475100,82.111900,86.740100,74.305100,44.540300,63.070300,39.259800,24.264100,171.720000,18.161600,73.817800
2012-09-19,115.360600,36.834200,31.210100,79.660600,82.651000,86.847000,74.428500,44.483300,63.133000,39.040100,23.909000,171.740000,18.103100,73.817800
2012-09-20,115.368500,36.599300,31.024000,79.705200,82.855800,86.554700,74.367900,44.274500,63.091500,38.462000,24.044200,171.470000,18.186700,73.817800
2012-09-21,115.320600,36.622700,31.094800,79.875900,82.951300,86.626000,74.502500,44.212800,63.221800,38.467800,24.204900,171.960000,18.170000,73.817800
2012-09-24,115.146700,36.491800,31.068700,80.054100,83.599600,86.568900,74.613500,44.155800,63.054600,38.325000,23.951200,171.050000,18.211700,73.817800
2012-09-25,113.921300,36.240000,30.603500,80.351000,84.425400,86.683000,74.761500,43.761900,63.038900,37.759800,23.976600,170.770000,18.245100,73.817800
2012-09-26,113.280900,35.874100,30.462100,80.685100,85.333000,86.882700,74.971200,43.543500,63.054600,37.754000,23.807500,169.810000,18.278600,73.817800
2012-09-27,114.348200,36.303800,30.949600,80.514300,84.725700,86.868400,74.934200,44.018200,63.153900,37.917100,24.103400,172.340000,18.224300,73.833900
2012-09-28,113.818500,35.585400,30.759800,80.514300,84.773400,86.811400,75.100700,43.809300,63.368100,37.858300,24.247200,171.890000,18.312000,73.817800
2012-10-01,114.118900,35.874100,31.068700,80.663900,85.088000,86.982500,75.301100,43.736800,63.431100,37.579200,24.281000,172.295000,18.270200,73.817800
2012-10-02,114.237500,36.015100,31.113400,80.611900,84.971800,87.339000,75.325800,43.845100,63.614600,37.864700,24.154200,172.100000,18.253500,73.833900
2012-10-03,114.704000,35.867400,30.905000,80.693700,84.999100,87.431600,75.375300,43.954900,63.745700,37.940400,23.739900,172.410000,18.303600,73.817800
2012-10-04,115.526200,36.303800,31.221300,80.374100,83.939100,87.560000,75.313400,44.141000,63.750900,37.928800,24.255600,173.610000,18.174100,73.817800
2012-10-05,115.534100,36.350800,31.225000,80.009800,82.851700,87.381700,75.195900,44.117100,63.771900,37.975400,24.128800,172.620000,18.178300,73.817800
2012-10-08,115.138800,36.135900,30.949600,80.270000,83.549300,87.588500,75.393900,44.055100,63.588400,37.893800,24.061200,172.050000,18.220100,73.817800
2012-10-09,114.000400,35.612200,30.718900,80.106500,83.398800,87.367500,75.474300,43.933400,63.530700,37.754000,24.238700,170.990000,18.337000,73.817800
2012-10-10,113.273000,35.511500,30.532800,80.299700,83.987000,87.274800,75.610400,43.826100,63.541200,37.905500,24.196400,170.840000,18.295300,73.833900
2012-10-11,113.336300,35.739800,30.815600,80.374100,84.568300,87.196400,75.857900,44.064600,63.892500,37.876400,24.475400,171.320000,18.261900,73.833900
2012-10-12,112.964700,35.699500,30.718900,80.381500,84.780300,87.125100,75.944500,44.141000,64.249000,37.742300,24.137200,170.060000,18.236800,73.817800
2012-10-15,113.905500,36.048600,30.897500,80.403800,84.588800,87.117900,76.179600,44.341400,64.416800,37.992900,24.018900,168.350000,18.245100,73.833900
2012-10-16,115.059700,36.646200,31.217600,80.024700,83.419400,86.747200,76.130100,44.503600,64.568900,38.226000,24.035800,169.420000,18.170000,73.817800
2012-10-17,115.581500,36.988600,31.463200,79.519200,82.646600,86.490500,75.981600,44.603800,64.574100,38.121100,24.044200,169.540000,18.078100,73.833900
2012-10-18,115.281100,36.847600,31.377600,79.378000,82.140500,86.483400,75.839300,44.580000,64.448300,38.511500,24.035800,168.789100,18.153300,73.817800
2012-10-19,113.360000,36.350800,30.890100,79.712500,83.255200,86.775700,75.975400,44.355700,64.348700,38.191000,23.674200,166.970000,18.220100,73.817800
2012-10-22,113.375800,36.605900,31.187800,79.444900,82.721800,86.633100,75.796000,44.365200,64.254300,37.998700,23.562300,167.580000,18.220100,73.817800
2012-10-23,111.802600,35.820400,30.547700,79.824000,83.904900,86.818500,75.925900,44.198600,64.149400,37.614100,23.274900,165.425800,18.303600,73.833900
2012-10-24,111.486300,35.840500,30.577400,79.653000,83.077400,86.683000,75.721800,44.160100,64.154700,37.585000,23.207300,164.860300,18.303600,73.833900
2012-10-25,111.810500,36.055400,30.890100,79.363200,82.653400,86.426400,75.505200,44.231600,64.034100,37.480100,23.266400,166.020000,18.320300,73.817800
2012-10-26,111.747200,36.001600,30.674200,79.868600,83.870700,86.854100,75.876400,44.126700,63.861000,37.153800,23.317200,165.930000,18.320300,73.817800
2012-10-31,111.747200,35.971400,30.629500,80.195700,84.363100,87.353200,76.111600,44.180200,63.761400,37.515100,23.300300,166.830000,18.286900,73.833900
2012-11-01,112.917300,36.397800,31.128300,80.035800,83.855600,87.254300,76.011300,44.400100,63.798600,37.695700,23.342500,166.070000,18.312000,73.833900
2012-11-02,111.913300,36.045300,30.964500,80.102800,83.793900,87.204300,75.862300,44.337700,63.582900,37.946300,22.945200,162.600000,18.437300,73.833900
2012-11-05,112.142500,35.961600,31.113400,80.296400,84.266800,87.318700,75.899600,44.266200,63.803900,37.695700,23.139600,163.230000,18.479100,73.817800
2012-11-06,113.020100,36.303800,31.359100,79.931600,83.471800,87.090000,75.533400,44.332900,63.909000,37.858900,23.555400,166.300000,18.454000,73.817800
2012-11-07,110.458600,35.759900,30.845600,80.601500,84.986500,87.590200,75.688500,44.069000,63.893300,37.689900,23.114300,166.490000,18.487400,73.833900
2012-11-08,109.130400,35.437700,30.458300,80.958800,86.247600,88.061900,75.614100,43.925100,63.993300,37.241200,23.148100,167.990000,18.487400,73.833900
2012-11-09,109.225300,35.451100,30.517900,80.966200,86.343500,87.740300,75.427900,43.848300,63.972200,37.142100,23.334100,167.820000,18.529200,73.833900
2012-11-12,109.312300,35.420900,30.633300,81.018300,86.487500,87.976200,75.440300,43.862700,63.966900,37.054700,23.224200,167.450000,18.537500,73.833900
2012-11-13,108.932800,35.249700,30.354100,81.115100,86.775300,87.876100,75.471300,43.762000,63.903800,37.025600,23.181900,167.100000,18.554200,73.833900
2012-11-14,107.462300,34.880400,29.888900,81.137400,86.857600,87.790300,75.626500,43.522100,63.888000,36.332200,23.249500,167.140000,18.545900,73.833900
2012-11-15,107.280500,34.994400,29.989400,81.100200,86.686200,87.726000,75.477500,43.502700,63.693400,36.163200,23.156500,166.090000,18.545900,73.833900
2012-11-16,107.810200,34.974400,30.078700,81.152300,86.610800,87.783200,75.502400,43.627600,63.525000,36.384600,23.258000,165.880000,18.579300,73.833900
2012-11-19,109.992200,35.729700,30.603500,80.988600,86.124200,87.618800,75.738200,44.179400,63.735500,36.833300,23.697600,167.870000,18.495800,73.833900
2012-11-20,110.039600,35.786800,30.543900,80.653600,85.260600,87.368700,75.502400,44.184200,63.935400,37.107200,23.537000,167.390000,18.487400,73.817800
2012-11-21,110.245100,35.847200,30.488100,80.534500,85.212700,87.161400,75.558200,44.169800,63.856500,37.043100,23.638400,167.560000,18.495800,73.817800
2012-11-23,111.747200,36.619400,30.986800,80.489900,85.130400,87.097100,75.590500,44.318500,63.893300,37.316900,23.723000,169.610000,18.320300,73.817800
2012-11-26,111.510100,36.532100,30.990600,80.623800,85.534800,87.340100,75.713400,44.328100,64.014100,37.392700,23.689200,169.430000,18.328700,73.817800
2012-11-27,110.940900,36.350800,30.727400,80.809900,85.870600,87.340100,75.756800,44.371300,64.098500,37.182900,23.655300,168.710000,18.387200,73.817800
2012-11-28,111.834200,36.612600,30.897500,80.914100,85.747300,87.547300,75.744400,44.380900,64.214200,37.136300,23.579300,166.550000,18.353800,73.817800
2012-11-29,112.356000,36.928200,31.124500,80.996000,85.761000,87.704600,75.800300,44.577600,64.540400,37.340300,23.739900,167.181700,18.328700,73.817800
2012-11-30,112.379700,36.975200,31.102200,80.981100,85.527900,87.840400,75.794100,44.644800,64.550900,37.416000,23.756800,166.050000,18.312000,73.817800
2012-12-03,111.826300,37.022200,31.091000,80.948900,85.606900,88.102500,75.878400,44.871000,64.573000,37.567500,23.816000,166.126700,18.253500,73.817800
2012-12-04,111.668200,37.112800,31.180400,81.090500,86.101400,88.131200,75.946900,44.871000,64.615300,37.625800,23.604600,164.420000,18.195000,73.817800
2012-12-05,111.865800,37.169900,31.514600,81.157600,86.060100,88.289000,76.102500,44.943400,64.678600,37.509200,23.579300,164.120000,18.236800,73.817800
2012-12-06,112.245300,37.243800,31.753500,81.202300,86.245600,88.468400,76.090200,45.025300,64.778900,37.858900,23.367900,164.500000,18.337000,73.817800
2012-12-07,112.585200,37.260600,31.846500,80.971300,85.449000,88.360800,75.909500,44.957800,64.652200,37.998700,23.342500,165.165000,18.366300,73.817800
2012-12-10,112.632700,37.296800,32.029600,81.045800,85.826700,88.468400,75.978000,44.996400,64.757800,37.981200,23.291600,165.800000,18.345400,73.817800
2012-12-11,113.399500,37.512300,32.192700,80.889300,85.174300,88.210100,75.697900,45.039800,64.726100,38.074500,23.249500,165.650000,18.278600,73.817800
2012-12-12,113.454900,37.633200,32.289400,80.546500,84.185400,87.937400,75.467500,45.174500,64.673300,37.969600,23.359400,165.770000,18.245100,73.817800
2012-12-13,112.759200,37.519100,32.148000,80.390000,84.247200,87.693500,75.349000,45.015700,64.646900,37.680200,23.148100,164.370000,18.261900,73.817800
2012-12-14,112.340200,37.650700,32.289400,80.568800,84.879000,87.786800,75.405300,44.981900,64.599400,37.672400,23.291800,164.130000,18.170000,73.817800
2012-12-17,113.660400,37.811100,32.375000,80.144000,83.608500,87.456700,75.162500,45.155600,64.525500,37.870500,23.274900,164.440000,18.170000,73.817800
2012-12-18,114.925300,38.201400,32.597400,79.831000,82.757000,87.205600,74.975700,45.179700,64.478000,38.260900,23.334100,162.080000,18.111500,73.833900
2012-12-19,114.071500,38.339100,32.582500,79.942800,83.031700,87.277300,75.268300,45.131500,64.615300,38.208500,23.418600,161.690000,18.103100,73.817800
2012-12-20,114.727700,38.595100,32.777200,79.995000,83.045400,87.320400,75.343000,45.290600,64.763000,38.709600,23.308700,159.730000,18.086400,73.817800
2012-12-21,113.686200,38.357500,32.399000,80.211100,83.951900,87.564300,75.473800,45.160400,64.842200,38.645500,23.266400,160.330000,18.178300,73.817800
2012-12-24,113.335800,38.255700,32.335300,80.129100,83.800800,87.463900,75.424000,44.996400,64.868600,38.696800,23.190400,160.620000,18.178300,73.817800
2012-12-26,112.858100,38.248900,32.428900,80.293800,84.102300,87.577700,75.531400,45.105500,64.895600,38.514000,23.427100,160.780000,18.178300,73.817800
2012-12-27,112.706900,38.425400,32.617800,80.458000,84.384500,87.678100,75.774900,45.197700,64.932700,38.655600,23.427100,161.160000,18.178300,73.817800
2012-12-28,111.488700,38.018200,32.735300,80.644500,84.866200,87.649400,75.943500,45.076400,64.990900,38.401900,23.359400,160.540000,18.195000,73.833900
2012-12-31,113.383600,38.595100,33.222200,80.219100,83.400300,87.118400,75.543900,45.270400,65.012100,38.808900,23.486300,162.020400,18.220100,73.817800
2013-01-02,116.289700,39.195800,33.877700,79.853500,82.285300,87.068200,75.718700,45.697200,65.208000,39.292500,23.570800,163.170000,18.220100,73.817800
2013-01-03,116.026900,38.812300,33.636000,79.443000,81.170400,86.472600,75.306600,45.556100,65.149800,39.286600,23.376300,161.200000,18.370500,73.817800
2013-01-04,116.536500,39.009200,33.701600,79.480300,81.487000,86.436800,75.269100,45.585600,64.948600,39.468700,23.274900,160.440000,18.370500,73.833900
2013-01-07,116.218000,38.839500,33.447000,79.525100,81.521400,86.731000,75.394000,45.624400,64.985600,39.558000,23.317200,159.430000,18.312000,73.801700
2013-01-08,115.883600,38.622300,33.147300,79.719100,82.058200,86.852900,75.462700,45.590500,64.692000,39.481300,23.376300,160.560000,18.337000,73.801700
2013-01-09,116.178200,38.819100,33.289600,79.763900,81.982500,87.010800,75.437700,45.677800,64.636200,39.593300,23.342500,160.490000,18.395500,73.801700
2013-01-10,117.101800,39.314600,33.578000,79.532500,81.755400,86.931900,75.475200,45.755400,64.620300,39.634600,23.427100,161.980000,18.211700,73.801700
2013-01-11,117.093800,39.396100,33.312100,79.786300,82.484900,87.010800,75.612500,45.837800,64.297300,39.611000,23.325600,161.060000,18.161600,73.801700
2013-01-14,117.014200,39.443600,33.454400,79.756400,82.257800,87.039500,75.462700,45.774800,64.392700,39.723100,23.477800,161.540000,18.136500,73.801700
2013-01-15,117.093800,39.382500,33.312100,79.950500,82.636300,87.096900,75.400300,45.784500,64.646800,39.911800,23.376300,162.558000,18.186700,73.801700
2013-01-16,117.077900,39.192400,33.282200,80.055000,82.808400,87.075400,75.400300,45.706900,64.588500,39.864700,23.401700,162.650000,18.203400,73.801700
2013-01-17,117.834200,39.511500,33.467900,79.689300,81.982500,86.924700,75.269100,45.871800,64.488000,39.988500,23.503200,163.350000,18.170000,73.817800
2013-01-18,118.097000,39.470700,33.540600,79.913200,82.615700,87.068200,75.344100,45.934800,64.699700,40.159600,23.655300,163.090000,18.253500,73.801700
2013-01-22,118.733900,39.491100,33.488200,79.980300,82.774000,87.053900,75.344100,45.963900,64.574800,40.366000,23.723000,163.670000,18.236800,73.801700
2013-01-23,118.925000,39.450400,33.312100,80.017600,82.650100,87.068200,75.437700,45.910600,64.620300,40.354200,23.748300,163.210000,18.236800,73.801700
2013-01-24,118.956800,39.640400,33.192300,79.883300,82.361000,87.018000,75.331600,46.012400,64.636200,40.436800,23.731400,161.420000,18.236800,73.817800
2013-01-25,119.625600,40.068100,33.079900,79.353400,81.232300,86.652000,74.988200,45.997800,64.360900,40.666800,23.680700,160.650000,18.195000,73.801700
2013-01-28,119.482300,39.871200,32.847700,79.189300,80.936400,86.537200,74.925700,45.973600,64.154400,40.772900,23.672300,160.290000,18.203400,73.801700
2013-01-29,119.952100,40.142700,33.214700,79.069800,80.489000,86.379400,74.757100,45.896000,64.011400,40.890900,23.807500,160.990000,18.153300,73.801700
2013-01-30,119.482300,40.183400,33.057400,79.114600,80.351400,86.408100,74.507400,45.566200,63.460800,40.501600,24.078100,162.190000,18.078100,73.801700
2013-01-31,119.187700,40.034100,33.121100,79.181800,80.743700,86.666400,74.563600,45.425600,63.159000,40.259800,24.069600,161.200000,18.061400,73.817800
2013-02-01,120.413800,40.353100,33.338300,78.912800,79.695200,86.243000,74.369700,45.576400,63.267600,40.495700,24.162600,161.450000,18.044700,73.801700
2013-02-04,119.060300,39.626900,32.900100,79.368700,80.716100,86.802700,74.620300,45.386300,63.060300,40.401400,24.078100,162.000000,18.136500,73.801700
2013-02-05,120.262600,39.810100,32.937600,79.084700,79.998700,86.551600,74.470000,45.488700,63.182600,40.307000,24.171100,161.960000,18.128200,73.817800
2013-02-06,120.350200,39.803300,32.900100,79.323800,80.654000,86.652000,74.664100,45.420400,63.193200,40.448600,24.137200,162.390000,18.186700,73.817800
2013-02-07,120.190900,39.477500,32.608000,79.361200,80.474700,86.573100,74.689200,45.332600,63.379200,40.277500,24.044200,161.840000,18.286900,73.817800
2013-02-08,120.859700,39.728700,32.847700,79.421000,80.785100,86.544400,74.852000,45.342400,63.687400,40.649100,24.137200,161.570000,18.295300,73.817800
2013-02-11,120.835800,39.687900,32.832700,79.338800,80.723000,86.479800,74.814400,45.337500,63.777700,40.708100,24.052700,159.700000,18.312000,73.817800
2013-02-12,121.034900,39.884800,32.922600,79.256600,80.523000,86.472600,74.739300,45.493500,63.712900,41.014800,24.095000,159.890000,18.270200,73.817800
2013-02-13,121.138400,39.979800,33.087400,78.980100,79.867700,86.228700,74.563900,45.561800,63.405800,40.991200,24.103400,159.050000,18.278600,73.801700
2013-02-14,121.249800,39.762600,33.068700,79.316400,80.591900,86.379400,74.770600,45.542300,63.411100,40.820100,24.069600,158.348000,18.328700,73.817800
2013-02-15,121.106500,39.660800,32.952600,79.241600,80.357400,86.142600,74.739300,45.547200,63.320700,40.837800,23.968200,155.760000,18.345400,73.801700
2013-02-19,122.014200,40.129100,33.020000,79.114600,79.957400,86.099500,74.720500,45.591000,63.395100,41.162200,23.875200,155.330000,18.353800,73.801700
2013-02-20,120.493500,39.735500,32.724100,79.286500,80.198800,86.121000,74.845800,45.547200,63.124100,40.896800,23.604600,151.440000,18.487400,73.817800
2013-02-21,119.761000,39.138100,32.278400,79.443400,80.667800,86.228700,74.964800,45.595900,63.023100,40.590100,23.334100,152.620000,18.562600,73.801700
2013-02-22,120.931400,39.701500,32.420700,79.540500,80.723000,86.415200,75.014900,45.708100,62.948800,40.997100,23.334100,152.970000,18.571000,73.817800
2013-02-25,118.630400,38.751200,31.986200,80.153300,82.309500,86.845800,75.459600,45.566700,63.023100,40.218500,23.224200,154.340000,18.646100,73.801700
2013-02-26,119.442500,39.063500,32.166000,80.003900,81.833500,86.637700,75.365600,45.790900,63.347300,40.495700,23.181900,156.220000,18.662800,73.801700
2013-02-27,120.947300,39.559000,32.518100,79.966500,81.592100,86.637700,75.340500,45.869000,63.384500,40.790600,23.038200,154.570000,18.587700,73.817800
2013-02-28,120.708400,39.514900,32.364500,80.078600,81.743800,86.831400,75.365600,45.849400,63.326000,40.749400,22.936700,153.000000,18.687900,73.817800
2013-03-01,121.106500,39.436800,32.443200,80.278200,82.189000,87.197400,75.537900,45.940600,63.063700,40.885000,22.776100,152.440000,18.746400,73.817800
2013-03-04,121.751400,39.606500,32.139800,80.091100,81.753500,86.924700,75.481400,45.945500,63.293000,41.191700,22.691500,152.300000,18.738000,73.801700
2013-03-05,122.842200,40.000200,32.521800,80.008800,81.518500,86.903200,75.355700,46.038700,63.575700,41.516100,22.902900,152.380000,18.713000,73.817800
2013-03-06,123.009400,40.102000,32.682900,79.754400,80.778900,86.709400,75.135800,46.009200,63.543700,41.392200,22.776100,153.230000,18.788200,73.801700
2013-03-07,123.232300,40.217400,32.772800,79.447700,80.156700,86.386500,74.890800,46.077900,63.319700,41.197600,22.928300,152.690000,18.704600,73.817800
2013-03-08,123.757800,40.302200,33.057400,79.043700,79.320300,86.106700,74.626900,46.131800,63.090300,41.268400,22.995900,152.710000,18.846600,73.801700
2013-03-11,124.227500,40.427800,32.877600,79.081100,79.396400,86.063600,74.677200,46.102400,62.994300,41.303800,23.012800,152.990000,18.804900,73.817800
2013-03-12,123.948900,40.224200,32.503100,79.298100,79.970100,86.221500,74.827900,46.082800,63.127700,41.150400,23.063500,154.190000,18.796500,73.801700
2013-03-13,124.124000,40.159700,32.196000,79.230700,79.887200,86.243000,74.758800,46.092600,62.989000,41.191700,22.945200,153.660000,18.871700,73.817800
2013-03-14,124.784900,40.556800,32.330800,79.253200,79.645200,86.393700,74.790200,46.269000,62.898300,41.451200,23.114300,153.680000,18.796500,73.817800
2013-03-15,124.619900,40.638900,32.038700,79.530000,80.018500,86.508500,74.890800,46.264100,62.951700,41.545600,23.165000,154.001000,18.713000,73.817800
2013-03-18,123.932100,40.190200,31.675400,79.791800,80.626800,86.695100,75.073000,46.273900,62.802400,41.315600,23.029700,155.380000,18.829900,73.801700
2013-03-19,123.644200,40.068100,31.454400,80.038700,81.172900,86.781200,75.198600,46.195500,62.754400,41.115000,22.860600,156.080000,18.888400,73.801700
2013-03-20,124.507900,40.312400,31.634900,79.732000,80.267300,86.537200,74.978700,46.347500,62.807700,41.244800,23.021300,155.370000,18.846600,73.801700
2013-03-21,123.444300,39.945900,31.312000,79.941500,81.041500,86.580300,75.054100,46.264100,62.733000,41.120900,22.919800,156.246000,18.842900,73.801700
2013-03-22,124.436000,40.292000,31.431900,79.971400,81.103800,86.731000,75.060400,46.229800,62.690400,41.337300,22.962100,155.550000,18.729700,73.817800
2013-03-25,123.916100,39.789800,31.401900,80.031300,81.027700,86.738100,75.060400,46.161200,62.679700,41.343200,22.979000,155.240000,18.863300,73.801700
2013-03-26,124.907800,40.037500,31.851400,80.113600,81.124500,86.788400,75.110700,46.244500,62.749000,41.699800,23.190400,154.720000,18.855000,73.817800
2013-03-27,124.907800,39.844100,31.971200,80.457700,81.815700,87.053900,75.374500,46.166100,62.706400,41.777100,23.308700,155.360000,18.930200,73.801700
2013-03-28,125.291700,40.034100,32.038700,80.308100,81.401000,87.018000,75.330600,46.249400,62.733000,41.919700,23.088900,154.470000,18.880100,73.817800
2013-04-01,124.795800,39.484300,31.694100,80.521200,82.013100,87.054100,75.223300,46.333200,62.771800,42.044600,23.088900,154.670000,18.813200,73.801700
2013-04-02,125.411600,39.918700,31.705300,80.363800,81.680600,87.011100,75.217000,46.298700,62.852100,42.175300,22.979000,152.430000,18.855000,73.817800
2013-04-03,124.140100,39.721900,31.334500,80.701000,82.414900,87.233700,75.519500,46.298700,63.130400,42.026700,22.590100,150.730000,18.813200,73.801700
2013-04-04,124.643900,40.078200,31.243900,81.023100,83.398600,87.642900,75.922900,46.284000,63.392600,42.710200,22.564700,150.290000,18.788200,73.801700
2013-04-05,124.084100,39.891600,31.169700,81.277800,85.081900,88.009100,76.156100,46.328300,64.211500,42.942000,22.547800,152.810000,18.754700,73.817800
2013-04-08,124.923800,40.047700,31.222200,81.015600,84.430800,87.621400,76.225400,46.377600,64.479000,43.286700,22.615500,152.160000,18.804900,73.817800
2013-04-09,125.355600,40.190200,31.529300,81.045600,84.223000,87.542400,76.301000,46.525400,64.404100,43.292700,22.759200,153.340000,18.721300,73.817800
2013-04-10,126.891100,40.784200,31.832700,80.708500,83.066100,87.054100,76.099300,46.673200,64.436200,43.560200,22.708500,150.750000,18.738000,73.817800
2013-04-11,127.306900,41.106600,31.855100,80.798400,83.225400,87.298300,76.149800,46.673700,64.580700,43.815700,22.615500,151.050000,18.687900,73.801700
2013-04-12,126.995100,41.004800,31.368200,81.247900,84.465400,87.657300,76.527900,46.688000,64.800200,43.922700,22.336500,143.950000,18.662800,73.817800
2013-04-15,124.052100,40.197000,30.607900,81.427700,85.199700,87.642900,76.553100,46.392400,64.521900,43.013300,21.668600,131.310000,18.721300,73.817800
2013-04-16,125.883400,40.767200,31.237100,81.195400,84.500000,87.492100,76.414500,46.712700,64.436200,43.726600,21.896800,132.800000,18.571000,73.817800
2013-04-17,124.044100,39.918700,30.739000,81.345300,85.061200,87.477800,76.521600,46.638700,64.275700,43.263000,21.575600,132.870000,18.771500,73.817800
2013-04-18,123.268400,39.796500,30.746500,81.390200,85.269000,86.867500,76.590900,46.564800,64.152600,43.197600,21.803800,134.300000,18.763100,73.801700
2013-04-19,124.340000,40.115600,31.192200,81.345300,85.088900,87.204900,76.704400,46.540200,64.318500,43.863300,21.753100,135.470000,18.796500,73.817800
2013-04-22,124.891800,40.285300,31.342000,81.390200,85.151200,87.434700,76.729600,46.648600,64.414800,43.803800,21.820700,137.900000,18.788200,73.817800
2013-04-23,126.179300,40.855400,31.491800,81.337800,84.853300,87.477800,76.830400,46.830900,64.537900,44.047500,21.685500,136.880000,18.855000,73.817800
2013-04-24,126.259300,41.208400,31.682800,81.375200,85.068100,87.607000,76.861900,46.914700,64.596800,44.140200,21.922200,138.369900,18.846600,73.817800
2013-04-25,126.771100,41.425600,31.963800,81.285300,84.700900,87.671700,76.817800,47.042800,64.532600,43.994000,22.209600,141.630000,18.804900,73.801700
2013-04-26,126.547200,41.459600,31.641600,81.577500,85.476800,87.994800,77.095100,46.993500,64.495100,43.851400,22.082800,140.910000,18.721300,73.801700
2013-04-29,127.394900,41.989000,31.971200,81.547500,85.165100,87.757800,77.101400,47.082200,64.719900,44.225800,22.378700,142.300000,18.637800,73.801700
2013-04-30,127.698800,42.043300,32.428200,81.532500,85.213600,87.707600,76.969100,47.230000,64.971400,44.742900,22.209600,142.770000,18.545900,73.801700
2013-05-01,126.579200,41.792100,32.076100,81.798800,86.089000,87.686800,77.311700,47.140000,65.073800,44.386300,21.812300,141.110000,18.529200,73.801700
2013-05-02,127.754800,41.921100,32.330900,81.798800,85.977900,87.593200,77.311700,47.442100,65.342300,44.677500,22.091300,141.920000,18.654500,73.817800
2013-05-03,129.050300,42.457300,32.600500,81.101200,83.950800,86.995800,76.584800,47.516300,65.181200,44.855800,22.336500,142.090000,18.646100,73.801700
2013-05-06,129.378200,42.403000,32.645400,80.996200,83.742500,86.866200,76.572200,47.546000,65.122200,45.087600,22.361800,142.150000,18.687900,73.801700
2013-05-07,130.034000,42.470900,32.877600,80.883700,83.416300,86.859000,76.512800,47.511400,64.955700,45.337300,22.285700,140.380000,18.687900,73.801700
2013-05-08,130.625800,42.918900,33.132300,80.981200,83.548200,86.671800,76.584800,47.679700,64.998700,45.361000,22.387200,142.460000,18.600200,73.817800
2013-05-09,130.257900,42.504900,32.892600,80.966200,83.333000,86.635800,76.420500,47.541100,65.192000,45.063900,22.378700,140.810000,18.779800,73.817800
2013-05-10,130.681800,42.552400,32.637900,80.508600,82.437400,86.391100,76.022300,47.293500,64.708700,45.230300,22.277300,139.600000,18.880100,73.801700
2013-05-13,130.785700,42.532000,32.338300,80.366100,81.805700,86.131900,75.826300,47.100400,64.284400,45.444300,22.175800,138.430000,18.913500,73.817800
2013-05-14,132.137200,42.613500,32.488100,80.043500,80.917100,85.764800,75.624000,47.149900,64.252200,45.610700,22.099700,137.810000,18.988700,73.801700
2013-05-15,132.849000,42.796700,32.499400,80.253600,81.458600,85.793600,75.889500,47.154800,64.064300,46.062400,22.049000,134.630000,19.038800,73.801700
2013-05-16,132.225200,42.504900,32.383200,80.636100,82.305500,86.038300,76.237200,47.268700,64.289800,45.824600,22.023600,134.090000,19.033300,73.801700
2013-05-17,133.504800,42.796700,32.525600,80.201100,81.264200,85.606400,75.908500,47.268700,64.214600,46.080200,22.133600,131.070000,19.147400,73.817800
2013-05-20,133.496800,43.034300,32.608000,80.141000,81.167000,85.584800,75.820000,47.318300,64.043900,46.187200,22.277300,135.120000,19.030400,73.801700
2013-05-21,133.688700,43.122500,32.540600,80.351100,81.805700,85.764800,76.104400,47.407400,63.973000,46.448700,22.150500,132.880000,19.038800,73.817800
2013-05-22,132.697000,42.688100,32.181000,79.713500,80.590800,84.994500,75.503900,47.115200,63.946100,45.319400,22.049000,131.940000,19.122300,73.817800
2013-05-23,132.313200,42.077200,31.941300,79.796000,80.972600,85.016100,75.579800,46.986500,63.554100,44.469500,22.150500,134.610000,18.997000,73.817800
2013-05-24,132.201200,41.710700,31.660400,79.826000,81.083700,85.088100,75.529200,46.897400,63.258800,44.356600,22.065900,133.760000,18.971900,73.817800
2013-05-28,132.992900,41.819300,31.836400,78.888400,79.028900,84.317900,74.802300,46.724000,62.823800,43.976200,22.268800,133.490000,19.105600,73.801700
2013-05-29,132.129200,41.418800,31.431900,79.210900,79.917400,84.260300,74.770700,46.535900,62.227700,43.043100,22.125100,134.830000,18.963600,73.817800
2013-05-30,132.617100,41.581700,31.431900,79.218400,79.723100,83.950700,74.865500,46.630000,62.157900,42.638900,22.125100,136.700000,18.838300,73.801700
2013-05-31,130.713700,40.774000,30.858800,79.000900,79.452300,84.029900,74.492600,46.011000,61.771300,42.068300,21.863000,133.920000,18.888400,73.817800
2013-06-03,131.433500,40.930100,31.319500,79.114700,79.873300,83.952700,74.296700,45.970700,61.787500,42.306100,22.133600,136.510000,18.754700,73.817800
2013-06-04,130.801700,41.079400,30.937500,78.911900,79.135700,83.793900,74.005000,45.970700,61.755200,41.717700,22.218100,135.230000,18.763100,73.817800
2013-06-05,128.970400,40.163100,30.383200,79.295000,80.228200,83.895000,73.897200,45.572500,61.345600,41.372900,22.116600,135.520000,18.729700,73.817800
2013-06-06,130.137900,40.387100,30.637900,79.392600,80.179500,83.801100,74.214200,45.930900,61.437200,42.038600,22.201200,136.530000,18.487400,73.801700
2013-06-07,131.793400,40.930100,30.480600,78.776700,78.746000,83.310400,73.922600,45.960800,61.103100,42.044600,22.251900,133.280000,18.512500,73.817800
2013-06-10,131.793400,40.970800,30.068600,78.581400,78.370200,82.733100,73.694300,45.866200,60.494100,41.682000,22.167400,133.940000,18.520800,73.801700
2013-06-11,130.433800,40.468500,29.499200,78.776700,79.302700,82.689800,73.554800,45.582500,59.200700,41.063900,21.972900,133.250000,18.362100,73.817800
2013-06-12,129.354200,40.421000,29.297000,78.423700,78.168400,82.054700,73.301200,45.617300,59.917400,40.505200,21.998300,134.250000,18.353800,73.801700
2013-06-13,131.321500,41.038700,29.918700,79.017100,79.393200,82.682500,74.087400,46.140000,61.016800,41.557200,22.142000,133.740000,18.295300,73.817800
2013-06-14,130.497800,40.590700,29.446800,79.122200,79.205300,82.610400,74.036700,46.194700,61.361700,41.711700,22.235000,134.430000,18.278600,73.801700
2013-06-17,131.505500,41.174500,29.716500,78.934500,78.787800,82.343400,73.928900,46.189700,60.979100,41.830600,22.285700,133.770000,18.245100,73.801700
2013-06-18,132.545100,41.466300,29.840100,78.889400,78.829500,82.567100,73.783100,46.304200,60.240800,42.044600,22.328000,132.130000,18.261900,73.801700
2013-06-19,130.713700,40.692500,28.922400,77.807800,78.015300,81.470100,72.736900,45.612400,59.534800,40.754800,22.361800,130.590000,18.428900,73.801700
2013-06-20,127.474900,39.199900,27.626500,77.454800,76.734900,80.647400,71.732000,45.164400,57.799500,39.060900,21.634700,123.600000,18.537500,73.801700
2013-06-21,127.884200,39.328200,28.023500,76.636100,75.433600,79.702000,71.145500,44.870700,56.861700,39.589900,21.499500,125.050000,18.662800,73.817800
2013-06-24,126.268300,38.710500,27.454200,76.448300,75.746700,79.398900,70.682600,44.318300,55.880900,39.410500,21.406500,123.930000,18.679600,73.817800
2013-06-25,127.482200,39.206100,28.038500,76.358100,75.071700,79.536000,70.917200,44.950400,57.136600,40.070500,21.423400,123.470000,18.713000,73.817800
2013-06-26,128.744400,39.358700,28.480500,76.666100,75.558900,79.896900,71.456200,45.323700,57.718600,40.676500,21.364200,118.280000,18.813200,73.817800
2013-06-27,129.500100,39.758300,29.052000,77.079200,76.331300,80.560800,72.102900,45.542700,58.866500,41.492600,21.355800,115.940000,18.804900,73.801700
2013-06-28,128.969500,39.682100,29.218900,76.989100,76.853200,80.835100,72.058500,45.234100,59.028200,41.234600,21.245800,119.110000,18.846600,73.801700
2013-07-01,129.725200,40.056100,29.310000,77.018600,77.008000,80.949900,72.245100,45.479100,59.450200,41.144600,21.381100,121.130000,18.804900,73.817800
2013-07-02,129.604600,39.855300,28.786300,77.048700,76.959200,81.210000,72.474100,45.339000,59.731600,41.774600,21.465700,120.050000,18.930200,73.801700
2013-07-03,129.660900,39.869100,28.520700,76.898300,76.729000,81.058300,72.264200,45.444100,59.141800,41.498600,21.660100,120.740000,18.855000,73.817800
2013-07-05,131.059800,40.056100,28.338600,75.604600,74.113500,79.952600,71.348200,44.958700,57.962200,41.300600,21.609400,118.090000,19.130700,73.817800
2013-07-08,131.807500,40.305400,28.376500,76.048400,74.831900,80.458500,71.933400,45.579200,58.530400,41.342600,21.719300,119.510000,19.080600,73.785600
2013-07-09,132.756100,40.527000,28.748400,76.176200,74.908600,80.422400,71.997000,45.604200,58.573700,41.930600,21.854600,120.620000,19.155700,73.785600
2013-07-10,132.804400,40.644800,28.475200,75.905500,74.322800,80.147800,71.787100,45.784400,57.956800,41.948600,21.922200,120.950000,19.030400,73.785600
2013-07-11,134.613200,41.697400,29.867800,76.665100,75.194600,80.704200,72.633100,46.359800,58.976800,42.962700,22.032100,124.240000,18.725500,73.785600
2013-07-12,134.669500,41.420400,29.552800,76.605000,75.131800,80.733100,72.429600,46.314800,58.492500,42.698700,22.116600,124.130000,18.771500,73.785600
2013-07-15,135.184100,41.676600,29.856400,76.845600,75.529400,81.123300,72.893900,46.509900,59.136400,42.878700,22.057500,124.180000,18.788200,73.785600
2013-07-16,134.677600,41.648900,29.977900,76.883200,75.787500,81.448500,72.785800,46.394800,59.563900,42.908700,22.082800,124.890000,18.650300,73.785600
2013-07-17,135.023300,41.773600,30.251100,77.221700,75.927000,81.672500,73.059300,46.735100,60.050300,43.064700,22.065900,123.320000,18.696300,73.785600
2013-07-18,135.762900,42.050600,29.894400,76.860700,74.978400,81.376200,72.868400,47.015300,60.359300,43.430700,22.158900,124.010000,18.729700,73.801700
2013-07-19,136.004100,42.016000,29.807100,77.281900,76.164100,81.961600,73.269200,46.985300,60.440400,43.400700,22.175800,125.110000,18.679600,73.801700
2013-07-22,136.269400,42.251400,30.106900,77.274400,76.275700,81.932700,73.434600,47.020300,60.348500,43.532700,22.158900,128.840000,18.596000,73.801700
2013-07-23,135.980000,42.341500,30.433200,77.184100,75.954900,81.744800,73.320100,46.905200,60.602800,43.484700,22.192700,129.710000,18.537500,73.801700
2013-07-24,135.481500,42.286100,30.122000,76.665100,74.992300,81.080000,72.963900,46.509900,60.034600,42.638700,22.015200,127.480000,18.604400,73.817800
2013-07-25,135.811100,42.369200,30.296600,76.777900,74.964400,81.123300,72.874800,46.404800,60.088700,42.704700,21.989800,128.670000,18.479100,73.785600
2013-07-26,135.955800,42.106000,30.228300,76.845600,75.424800,81.145000,72.951100,46.424800,59.877700,42.740700,21.854600,128.780000,18.462400,73.785600
2013-07-29,135.537800,41.704300,29.848800,76.687700,74.873800,81.087200,72.830300,46.324800,59.655900,42.422600,21.846100,128.470000,18.462400,73.801700
2013-07-30,135.537800,41.697400,29.780500,76.665100,74.845900,81.051100,72.849400,46.389800,59.569300,42.296600,21.770000,128.120000,18.504100,73.785600
2013-07-31,135.634300,41.794400,29.606000,76.717800,75.117900,81.564100,72.855700,46.524900,59.120200,41.606600,21.922200,127.960000,18.458200,73.801700
2013-08-01,137.202000,42.362300,30.141000,76.040500,73.670500,80.992900,72.275000,46.084000,58.981600,41.444600,21.972900,126.610000,18.612700,73.785600
2013-08-02,137.435100,42.708500,30.137200,76.688200,74.481600,81.405100,72.632300,46.365600,59.720600,41.240600,21.888400,126.360000,18.512500,73.801700
2013-08-05,137.234100,42.618500,29.947500,76.447200,73.908200,81.412300,72.358000,46.129200,59.291300,41.210600,21.778500,125.700000,18.487400,73.801700
2013-08-06,136.454300,42.556200,29.568000,76.469800,74.125000,81.607500,72.402600,46.084000,59.307600,41.066600,21.600900,123.970000,18.437300,73.801700
2013-08-07,136.012100,42.369200,29.249300,76.748500,74.677400,81.802700,72.562100,45.938200,59.166300,40.958600,21.457200,124.150000,18.362100,73.785600
2013-08-08,136.510600,42.753500,29.810900,76.861400,74.880100,81.889500,72.715300,46.038700,59.258700,40.976600,21.567100,126.860000,18.303600,73.785600
2013-08-09,136.116600,42.826200,29.871600,76.914200,74.999000,81.969100,72.715300,46.043700,59.649900,41.336600,21.719300,126.860000,18.320300,73.801700
2013-08-12,135.955800,42.708500,30.148600,76.763500,74.488600,81.752100,72.677000,46.003500,59.622800,41.042600,21.981400,129.130000,18.370500,73.801700
2013-08-13,136.357800,42.985500,30.334500,76.070600,73.411800,81.036300,72.160200,46.003500,59.133700,40.478500,21.972900,127.740000,18.462400,73.801700
2013-08-14,135.658400,43.006300,30.433200,76.138400,73.523600,80.862700,72.039000,45.913000,59.035900,40.322500,22.150500,129.000000,18.454000,73.801700
2013-08-15,133.761100,42.642700,30.084100,75.716600,72.530700,80.284300,71.528500,45.676700,58.889200,39.584500,22.361800,131.690000,18.328700,73.801700
2013-08-16,133.318900,42.723100,29.826100,75.422900,72.279000,79.908300,71.171200,45.520800,58.546900,38.612400,22.370300,132.580000,18.362100,73.801700
2013-08-19,132.466700,42.417700,29.264500,75.099000,71.649700,79.431000,70.782100,45.219100,58.036200,38.102400,22.344900,132.010000,18.353800,73.785600
2013-08-20,133.117900,42.362300,29.211300,75.505700,72.202100,79.922700,71.215900,45.636500,57.846000,38.966400,22.302600,132.450000,18.270200,73.801700
2013-08-21,132.297900,41.863600,28.528300,75.031200,71.412000,79.358700,70.788400,45.470500,57.661200,38.876400,22.277300,132.070000,18.362100,73.801700
2013-08-22,133.503800,42.272200,28.991200,75.001100,72.139200,79.394900,71.113800,45.716900,57.742700,39.110400,22.285700,132.810000,18.403900,73.785600
2013-08-23,133.954000,42.639300,29.332800,75.422900,72.922300,79.951600,71.592300,45.908000,58.063300,39.518500,22.463300,134.900000,18.370500,73.801700
2013-08-26,133.455600,42.327600,29.014000,75.573500,73.285900,80.233700,71.739100,45.913000,58.166600,39.404500,22.590100,135.450000,18.370500,73.785600
2013-08-27,131.309000,41.607400,28.349900,76.002800,74.208900,80.725400,72.045300,45.616300,57.927500,39.212400,22.809900,136.750000,18.312000,73.785600
2013-08-28,131.775300,41.558900,28.406900,75.694000,73.607600,80.428900,72.058100,45.787300,57.568900,38.972400,22.843700,136.710000,18.387200,73.785600
2013-08-29,131.984300,41.489700,28.630700,75.769300,74.194900,80.320400,72.128300,45.973300,57.612300,39.032400,22.607000,135.870000,18.512500,73.801700
2013-08-30,131.566300,40.977200,28.854600,75.626200,74.111000,80.074600,72.128300,45.933100,57.683000,38.702400,22.539400,134.620000,18.537500,73.801700
2013-09-03,132.161200,41.766700,29.036800,75.197800,73.069000,79.657400,71.845700,45.693000,57.255300,38.366400,22.657700,136.420000,18.596000,73.801700
2013-09-04,133.254600,42.140600,29.549100,74.948800,72.907700,79.252100,71.583200,45.864900,57.260800,38.696400,22.463300,134.660000,18.533400,73.801700
2013-09-05,133.423400,42.106000,29.902000,74.375600,71.891100,78.680300,70.994300,45.632400,57.337200,38.288400,22.412600,132.200000,18.654500,73.801700
2013-09-06,133.487700,42.334500,30.338300,74.828100,72.248700,79.006000,71.096700,45.784000,57.833800,38.882400,22.539400,134.150000,18.545900,73.801700
2013-09-09,134.766000,42.916300,31.142800,74.979000,72.283700,79.150800,71.282400,45.900300,57.773800,39.692500,22.395600,133.910000,18.454000,73.769500
2013-09-10,135.762900,43.401100,31.378100,74.632000,71.778900,79.020500,70.968700,46.062100,57.500900,39.662500,22.192700,131.740000,18.454000,73.785600
2013-09-11,136.189000,43.553400,31.397100,75.009200,72.417000,79.469200,71.301600,46.122700,57.850200,39.980500,22.226600,131.700000,18.387200,73.785600
2013-09-12,135.827200,43.304100,31.032800,75.016700,72.318800,79.505400,71.250400,46.067100,58.155800,39.722500,22.336500,127.670000,18.387200,73.785600
2013-09-13,136.132700,43.511900,31.233900,75.114800,72.599200,79.498200,71.295200,46.031700,58.063100,39.836500,22.268800,127.820000,18.370500,73.801700
2013-09-16,136.920600,43.851200,31.586800,75.280700,72.115500,79.715300,71.378400,46.284500,58.668900,40.232500,21.989800,126.450000,18.328700,73.785600
2013-09-17,137.531600,43.878900,31.518500,75.431600,72.711400,80.026500,71.570400,46.436100,58.985400,40.208500,21.761600,126.500000,18.295300,73.785600
2013-09-18,139.123400,45.049300,32.842800,76.366900,73.608800,81.090500,72.620200,46.881000,60.381400,41.570600,22.235000,132.010000,18.086400,73.801700
2013-09-19,138.890300,44.834600,32.664500,76.102900,73.174100,80.829900,72.159300,46.744500,60.093300,41.534600,22.150500,131.750000,18.107300,73.801700
2013-09-20,137.919200,44.505600,31.932100,76.178400,73.559700,81.054300,72.224600,46.688900,59.995000,40.856600,21.947600,127.960000,18.120700,73.785600
2013-09-23,137.280900,44.495300,32.045900,76.465000,74.099600,81.336600,72.652200,46.683800,59.896800,40.576800,21.786900,127.550000,18.128200,73.785600
2013-09-24,136.957800,44.426000,31.776500,76.744100,74.898900,81.351000,72.837800,46.582700,59.907700,40.268000,21.778500,127.660000,18.161600,73.785600
2013-09-25,136.561900,44.474500,31.533700,76.955300,75.053100,81.423400,73.065100,46.501900,59.842200,40.401200,21.812300,128.790000,18.103100,73.785600
2013-09-26,137.087100,44.661500,31.662700,76.789400,74.527300,81.307600,72.882600,46.476600,59.940500,40.649500,21.981400,127.790000,18.144900,73.785600
2013-09-27,136.456900,44.502200,31.294600,76.895000,74.709600,81.329300,72.825000,46.426000,59.553000,40.479900,21.871500,128.970000,18.078100,73.785600
2013-09-30,135.729800,44.184300,30.930300,77.023200,74.597400,81.481300,72.665000,46.294600,59.502800,40.050000,21.778500,128.180000,18.069700,73.785600
2013-10-01,136.804300,44.419100,31.548800,76.852000,74.371000,81.378000,72.591500,46.495100,59.587500,40.631300,21.634700,124.590000,18.053000,73.801700
2013-10-02,136.675000,44.405200,31.666500,76.980400,74.483500,81.508400,72.809900,46.515500,59.450500,40.691800,21.846100,127.060000,17.986200,73.801700
2013-10-03,135.414800,44.114400,31.548800,77.086200,74.364000,81.566300,72.848400,46.545900,59.417700,39.983400,21.812300,127.180000,17.969500,73.801700
2013-10-04,136.440800,44.218200,31.958700,76.874600,74.307800,81.392500,72.777800,46.627200,59.571100,39.904700,21.879900,126.530000,18.053000,73.801700
2013-10-07,135.261300,43.761200,31.685400,76.942600,74.610000,81.479400,72.906200,46.505300,59.817700,40.086300,22.032100,127.640000,18.002900,73.801700
2013-10-08,133.685900,43.421800,31.381900,76.904800,74.631100,81.262200,72.893400,46.485000,59.971100,39.650300,22.108200,127.400000,18.011200,73.801700
2013-10-09,133.782900,43.608800,31.613400,76.768900,74.033600,81.269400,72.739200,46.525600,59.927200,39.656400,21.947600,126.110000,18.094800,73.785600
2013-10-10,136.667000,44.391400,32.360900,76.602700,74.153100,81.204200,72.842000,46.739000,60.025900,40.667600,22.226600,124.270000,18.128200,73.769500
2013-10-11,137.547500,44.626800,32.501300,76.716000,74.132000,81.189800,72.938300,46.825300,60.173800,41.073300,22.108200,122.600000,18.094800,73.753400
2013-10-14,138.096900,44.779200,32.694800,76.459100,73.534500,80.835000,72.713600,46.896400,60.245000,41.097600,22.099700,122.830000,18.061400,73.753400
2013-10-15,137.095100,44.564500,32.376100,76.474200,73.485300,80.994300,72.726400,46.881200,60.223100,40.946200,22.023600,123.730000,18.128200,73.753400
2013-10-16,139.009800,44.900400,32.630300,76.844400,74.406200,81.160800,73.265800,47.130100,60.519000,41.715200,22.192700,123.540000,18.119800,73.769500
2013-10-17,139.938800,45.492500,32.835200,77.282600,75.081000,81.479400,73.805200,47.358700,61.028600,42.345000,22.074400,127.420000,17.919300,73.769500
2013-10-18,140.884000,45.762600,32.868600,77.290100,75.242700,81.595200,73.901600,47.455200,61.066900,42.302600,22.201200,126.850000,17.919300,73.785600
2013-10-21,140.892100,45.831800,32.816300,77.237200,75.003700,81.530100,73.708900,47.348500,60.940900,42.048200,22.150500,126.980000,17.936100,73.785600
2013-10-22,141.708100,46.288900,33.131200,77.773600,75.840200,81.942800,74.158400,47.490800,61.061500,42.435800,22.125100,129.340000,17.835800,73.785600
2013-10-23,141.029500,45.838800,32.360900,77.909600,76.135400,81.906600,74.139200,47.531400,61.237900,42.514500,21.786900,128.690000,17.844200,73.785600
2013-10-24,141.498000,46.157300,32.292600,77.751000,75.840200,81.935600,74.062100,47.546700,61.182000,42.502400,21.791200,129.900000,17.819100,73.769500
2013-10-25,142.144300,46.022300,32.440600,77.886900,76.121400,82.116600,74.055700,47.561900,61.176500,43.023100,21.863000,130.460000,17.827400,73.785600
2013-10-28,142.370500,45.949600,32.634100,77.811400,75.861300,82.080400,74.126300,47.551700,61.214900,42.714300,21.947600,130.560000,17.856700,73.785600
2013-10-29,143.129900,46.046500,32.736600,77.917200,75.959700,82.029700,74.229100,47.627900,60.979300,42.466100,21.888400,129.770000,17.911000,73.769500
2013-10-30,142.419000,45.880300,32.558200,77.713200,75.502800,81.921100,74.081400,47.434900,60.798500,42.108800,21.956000,129.600000,17.944400,73.769500
2013-10-31,142.015000,45.624100,32.220500,77.622500,75.664400,81.761800,73.978600,47.460300,61.012200,41.860500,21.770000,127.740000,18.065500,73.769500
2013-11-01,142.354400,45.402500,32.235700,77.192300,74.845400,81.209300,73.778900,47.378700,60.686000,42.078500,21.499500,126.950000,18.170000,73.769500
2013-11-04,142.855200,45.624100,32.436800,77.343700,74.915900,81.252800,73.798200,47.460400,60.675000,42.157200,21.406500,126.810000,18.119800,73.769500
2013-11-05,142.402800,45.225900,31.784100,76.995600,74.020800,80.933900,73.482500,47.332800,60.361500,41.466900,21.347300,126.560000,18.161600,73.769500
2013-11-06,143.129900,45.624100,31.882800,77.230200,74.056000,81.397800,73.566300,47.470600,60.317500,41.406400,21.364200,127.200000,18.103100,73.785600
2013-11-07,141.320300,44.903800,31.306000,77.434500,74.683300,81.506500,73.714500,47.501200,60.174400,40.891700,21.212000,126.160000,18.186700,73.769500
2013-11-08,143.226900,45.167000,31.236900,76.564300,72.886000,80.810700,72.992900,47.419500,59.712400,40.340600,21.330400,124.279000,18.291100,73.769500
2013-11-11,143.251100,45.264000,31.078300,76.526500,72.611100,80.658500,72.870400,47.240900,59.365800,40.383000,21.423400,123.870000,18.245100,73.785600
2013-11-12,142.960300,45.111600,30.911300,76.458400,72.949500,80.701900,72.922000,47.174500,58.975200,40.201400,21.279700,122.450000,18.253500,73.785600
2013-11-13,144.107400,45.257000,30.964500,76.776200,73.217300,80.839700,73.089500,47.353200,59.206300,40.461700,21.372700,122.850000,18.211700,73.785600
2013-11-14,144.826400,45.461300,31.461600,77.146900,73.668400,81.281800,73.489000,47.491000,59.603400,40.746300,21.465700,124.270000,18.211700,73.769500
2013-11-15,145.456600,45.831100,32.061100,77.086400,73.816400,81.318000,73.489000,47.562500,59.904900,40.897700,21.431800,124.320000,18.178300,73.769500
2013-11-18,144.947600,45.831800,32.349500,77.358800,74.260400,81.535500,73.817600,47.424600,60.201900,40.643400,21.288100,122.900000,18.153300,73.769500
2013-11-19,144.632500,45.714100,32.156000,77.071300,73.696600,81.216600,73.559800,47.404200,59.728900,40.358800,21.254300,122.950000,18.144900,73.769500
2013-11-20,144.180100,45.395500,31.715800,76.647600,72.442000,80.716400,73.244100,47.358300,59.563800,39.868300,21.271200,120.120000,18.228400,73.769500
2013-11-21,145.343500,45.679500,31.685400,76.715700,72.561800,80.854200,73.385900,47.521600,59.497800,40.177100,21.541700,119.940000,18.224300,73.785600
2013-11-22,146.070500,45.811100,31.913100,76.935100,73.238400,81.078900,73.643600,47.557400,59.624300,40.019700,21.609400,119.920000,18.153300,73.769500
2013-11-25,145.925100,45.672600,31.503300,76.995600,73.449900,81.129600,73.772500,47.628800,60.108400,39.832000,21.584000,120.460000,18.178300,73.769500
2013-11-26,145.965500,45.672600,31.609600,77.162100,73.724800,81.122300,73.920600,47.664600,60.025900,39.692700,21.575600,119.820000,18.119800,73.769500
2013-11-27,146.321000,45.783400,31.814500,76.988100,73.597900,80.962900,73.933500,47.633900,59.816900,40.031800,21.575600,119.460000,18.144900,73.785600
2013-11-29,146.224000,45.873400,32.140800,76.942700,73.619000,80.897600,73.875500,47.685000,59.778400,39.662400,21.567100,120.700000,18.128200,73.753400
2013-12-02,145.844300,45.534100,31.465400,76.612300,73.046400,80.542200,73.525000,47.700400,59.223500,39.432300,21.541700,117.580000,18.186700,73.769500
2013-12-03,145.214200,45.215500,31.359100,76.748700,73.315100,80.585700,73.712500,47.654200,59.416700,39.353600,21.668600,117.960000,18.128200,73.785600
2013-12-04,145.198000,44.973100,31.321200,76.400100,72.615200,80.136000,73.473300,47.531100,59.041200,39.498900,21.710800,119.960000,18.119800,73.785600
2013-12-05,144.559800,44.716900,31.139000,76.210600,72.410200,80.041700,73.311700,47.495200,59.300800,39.638200,21.685500,118.300000,18.027900,73.785600
2013-12-06,146.175600,45.270900,31.829600,76.278800,72.756600,80.034400,73.466800,47.628600,59.554700,39.922800,21.761600,118.550000,18.027900,73.785600
2013-12-09,146.547200,45.222400,31.875200,76.369800,72.926300,80.099700,73.576700,47.802900,59.720400,40.116600,21.685500,119.720000,18.011200,73.785600
2013-12-10,146.022100,45.146200,31.890400,76.688100,73.449400,80.310100,73.874100,47.802900,59.963300,40.013600,21.753100,121.820000,17.961100,73.769500
2013-12-11,144.382100,44.723800,31.184600,76.392500,72.883800,80.179500,73.667200,47.659300,59.676200,39.093200,21.753100,120.860000,17.948600,73.785600
2013-12-12,143.905500,44.398300,31.002400,76.172700,72.608100,79.954600,73.544400,47.572100,59.770100,38.875200,21.550200,118.290000,18.019600,73.785600
2013-12-13,143.889300,44.370600,31.078300,76.286400,72.961600,80.186800,73.744800,47.649100,59.825300,38.972100,21.465700,119.380000,18.027900,73.785600
2013-12-16,144.786000,44.689200,31.279400,76.248500,72.693000,80.244800,73.803000,47.690100,59.913600,39.105300,21.533300,119.690000,17.994500,73.769500
2013-12-17,144.325600,44.495300,31.010000,76.491000,73.018200,80.484200,74.022700,47.695200,60.073800,39.287000,21.431800,118.650000,17.994500,73.769500
2013-12-18,146.789500,45.195200,31.627200,76.203000,72.650600,80.128700,74.022700,47.777300,60.062700,39.983400,21.474100,117.610000,18.069700,73.785600
2013-12-19,146.619900,45.195200,31.045200,75.884700,72.579900,79.831300,73.912800,47.726000,59.957800,39.432300,21.524800,114.820000,18.111500,73.785600
2013-12-20,147.473000,45.453600,30.999300,76.119700,73.696800,80.099700,74.255400,47.756800,60.090300,39.674600,21.693900,115.940000,18.094800,73.769500
2013-12-23,148.260900,45.921700,31.229000,75.877200,73.279700,79.961900,74.139100,47.792700,60.256000,39.753300,21.693900,115.570000,18.061400,73.769500
2013-12-24,148.585800,46.012500,31.412800,75.581600,72.693000,79.693500,74.119700,47.767000,60.244900,39.788900,21.761600,116.100000,18.078100,73.769500
2013-12-26,149.341200,46.263900,31.144800,75.516200,72.412800,79.657200,74.066300,47.812000,60.154500,39.819700,21.795400,116.740000,18.069700,73.769500
2013-12-27,149.333000,46.501400,31.627200,75.470600,72.207100,79.613700,74.001500,47.806900,60.082500,39.905800,21.854600,117.120000,18.036300,73.785600
2013-12-30,149.308700,46.697000,31.765100,75.675600,72.703600,79.838600,74.221900,47.848100,60.071400,39.918100,21.727700,115.390000,17.952800,73.785600
2013-12-31,150.015300,46.868200,32.006300,75.334000,72.242600,79.722500,74.032600,47.879000,59.949500,39.702800,21.693900,116.120000,17.977800,73.753400
2014-01-02,148.577600,46.040400,30.777200,75.630000,72.462500,79.983600,74.176500,47.961500,59.960600,39.709000,21.381100,118.000000,18.086400,73.753400
2014-01-03,148.553300,46.089300,30.723600,75.584500,72.462500,79.947400,74.286700,47.946100,60.016000,39.930400,21.245800,119.290000,18.161600,73.769500
2014-01-06,148.122800,46.033400,30.432600,75.797000,72.767400,80.215800,74.448800,48.049200,60.254300,40.133300,21.271200,119.500000,18.111500,73.753400
2014-01-07,149.032500,46.291900,30.562800,75.918500,72.951800,80.230300,74.390500,48.049200,60.331900,40.311700,21.254300,118.820000,18.157400,73.769500
2014-01-08,149.065000,46.277900,30.463200,75.546500,72.753300,80.179500,74.072800,48.018200,59.999400,40.114900,21.051400,118.120000,18.195000,73.769500
2014-01-09,149.162500,46.243000,30.302400,75.743900,73.178800,80.484200,74.241400,48.090400,60.043700,40.114900,20.882300,118.460000,18.178300,73.753400
2014-01-10,149.568600,46.669100,30.838500,76.381500,74.051200,80.912200,74.643300,48.234700,60.298700,40.662200,21.017600,120.260000,18.103100,73.769500
2014-01-13,147.578600,46.263900,30.470900,76.601700,74.420000,80.948400,74.786000,48.183200,60.348500,40.391600,21.009100,121.020000,18.061400,73.769500
2014-01-14,149.186800,46.634200,30.800200,76.313200,74.079500,80.672800,74.565500,48.255400,60.404000,40.686800,21.009100,119.890000,18.094800,73.769500
2014-01-15,149.991000,46.829800,30.792500,76.244900,74.001500,80.600200,74.585000,48.353300,60.415100,40.994300,21.068300,119.660000,18.178300,73.769500
2014-01-16,149.796000,46.808800,30.624000,76.457500,74.498000,80.665500,74.760000,48.332700,60.470500,41.068100,21.034500,119.790000,18.161600,73.769500
2014-01-17,149.162500,46.669100,30.470900,76.639600,74.810000,80.817900,74.844300,48.343000,60.503700,40.828200,21.059900,120.930000,18.228400,73.753400
2014-01-21,149.601100,46.892600,30.424900,76.556100,74.866800,80.665500,74.740600,48.404800,60.376300,41.197200,21.110600,119.700000,18.195000,73.769500
2014-01-22,149.698500,46.892600,30.830800,76.343600,74.682400,80.527700,74.559100,48.332700,60.193300,41.375600,21.212000,119.190000,18.220100,73.769500
2014-01-23,148.472000,46.578300,30.072700,76.859800,75.739100,80.875900,74.844300,48.270800,59.938400,41.277200,21.195100,121.790000,18.036300,73.769500
2014-01-24,145.304200,45.300000,29.283900,77.171000,76.228500,81.108000,74.792500,47.951200,59.611400,40.760600,21.203600,122.290000,18.061400,73.753400
2014-01-27,144.589500,45.090400,29.169000,76.935700,75.696600,80.825100,74.649800,47.935700,59.544900,40.447000,21.059900,120.960000,18.061400,73.753400
2014-01-28,145.450500,45.481600,29.352800,77.049600,75.881000,80.984700,75.012900,48.147100,59.877400,40.785200,21.161300,120.950000,18.069700,73.753400
2014-01-29,144.053400,44.971700,28.931600,77.413900,76.505100,81.289400,75.162000,48.002800,59.722200,40.563800,21.144400,122.470000,18.069700,73.769500
2014-01-30,145.580400,45.202200,29.199700,77.338000,76.285200,81.238600,75.200900,48.085200,59.605800,41.178800,21.059900,119.770000,18.186700,73.769500
2014-01-31,144.727500,44.433800,29.245600,77.641700,76.795900,81.398200,75.427800,48.069800,59.461700,41.400200,21.034500,120.090000,18.236800,73.753400
2014-02-03,141.470400,43.525700,28.418600,78.063900,77.731600,81.877000,75.914200,47.925500,59.367900,40.742200,21.034500,121.320000,18.178300,73.753400
2014-02-04,142.461400,44.028600,28.992900,77.828200,76.906800,81.521500,75.550000,47.982500,59.763000,41.234100,21.195100,120.990000,18.195000,73.769500
2014-02-05,142.282700,44.119400,28.885700,77.546800,76.195800,81.166100,75.309400,47.982500,59.941000,41.148000,21.237400,121.290000,18.170000,73.753400
2014-02-06,144.159000,44.901800,29.490700,77.402300,75.868700,81.180600,75.237900,48.153500,60.057900,41.449400,21.321900,121.240000,18.144900,73.753400
2014-02-07,145.945900,45.488600,29.659100,77.607600,75.932700,81.412700,75.472000,48.396900,60.430700,41.763000,21.567100,122.170000,18.086400,73.769500
2014-02-10,146.214000,45.334900,29.329900,77.645700,76.146000,81.485200,75.504500,48.428000,60.330600,42.156600,21.448800,122.920000,18.069700,73.753400
2014-02-11,147.814100,46.054400,29.965500,77.303500,75.705100,81.224100,75.348400,48.510900,60.369500,42.322600,21.558700,124.360000,18.069700,73.753400
2014-02-12,147.887200,46.131200,29.973100,77.121000,75.314100,81.021000,75.120800,48.433200,60.363900,42.347200,21.600900,124.430000,18.086400,73.769500
2014-02-13,148.650700,46.270900,30.003700,77.486000,75.740700,81.296600,75.433000,48.573100,60.358400,42.507100,21.719300,125.490000,17.986200,73.769500
2014-02-14,149.471100,46.445600,30.371300,77.432700,75.783400,81.129800,75.576000,48.650800,60.391800,42.673200,21.795400,127.150000,17.952800,73.769500
2014-02-18,149.649800,46.843700,30.088000,77.622800,75.954000,81.282100,75.732100,48.718100,60.397300,42.882300,22.108200,127.400000,17.919300,73.753400
2014-02-19,148.658900,46.529400,29.881200,77.470800,75.634000,81.122500,75.647600,48.593800,60.313900,42.857700,22.167400,126.270000,17.969500,73.769500
2014-02-20,149.536100,46.690000,29.988400,77.387100,75.449200,80.875900,75.550000,48.744000,60.230400,42.765400,22.209600,127.600000,17.994500,73.769500
2014-02-21,149.365500,46.780900,30.195200,77.486000,75.847400,81.021000,75.628000,48.785500,60.497500,42.870000,22.150500,127.580000,17.977800,73.753400
2014-02-24,150.194000,47.186000,30.195200,77.409900,75.655400,81.021000,75.667100,48.894300,60.853600,42.974500,22.243500,128.990000,17.969500,73.769500
2014-02-25,150.137200,47.074200,29.850600,77.676100,76.330900,81.332900,75.959700,48.951300,60.909300,43.116000,22.142000,129.210000,17.944400,73.769500
2014-02-26,150.145300,46.913600,29.873600,77.904200,76.736200,81.521500,76.206800,49.034100,60.903700,43.214400,22.082800,128.110000,18.011200,73.769500
2014-02-27,150.933200,47.074200,30.440200,77.995400,77.155700,81.637600,76.336900,49.127400,61.187500,43.097500,22.015200,128.200000,17.977800,73.753400
2014-02-28,151.314900,47.158100,30.233500,77.919400,77.198300,81.753600,76.291300,49.179200,61.510200,43.497200,22.091300,127.620000,17.860900,73.769500
2014-03-03,150.250900,46.159200,29.697400,78.304600,77.713700,82.130800,76.490700,49.134100,60.957700,43.521800,22.395600,130.290000,17.927700,73.769500
2014-03-04,152.362700,47.074200,30.202900,77.702900,76.544700,81.601300,76.079800,49.311100,61.359900,44.149100,22.311100,128.680000,17.944400,73.753400
2014-03-05,152.500800,47.032300,30.225800,77.786700,76.708700,81.717400,76.040700,49.222600,61.426900,44.093800,22.125100,128.890000,17.936100,73.769500
2014-03-06,152.850100,47.521300,30.654700,77.451600,75.953100,81.514300,75.812400,49.149700,61.304000,43.724800,22.328000,130.170000,17.835800,73.769500
2014-03-07,152.915100,47.262800,30.264100,77.116500,75.475600,81.340200,75.538500,48.962300,61.197900,43.251300,22.226600,129.090000,17.852500,73.753400
2014-03-10,152.833800,46.969500,30.057400,77.200300,75.582500,81.376400,75.421100,48.967500,61.075000,43.023700,22.040600,129.130000,17.860900,73.753400
2014-03-11,152.078400,46.627200,29.720400,77.276400,75.782100,81.354700,75.447200,48.915400,60.957700,43.294300,22.049000,129.860000,17.860900,73.753400
2014-03-12,152.119100,46.452500,29.781700,77.581100,76.309500,81.528800,75.714600,48.998700,60.968800,43.423400,21.989800,131.760000,17.810700,73.753400
2014-03-13,150.413300,45.586400,29.245600,78.038100,77.335900,81.862400,75.982000,48.868600,60.851500,43.220500,21.888400,132.210000,17.819100,73.753400
2014-03-14,149.991000,45.488600,29.406400,78.045700,77.350200,81.847900,75.897200,48.832100,60.980000,43.331200,22.006700,133.100000,17.777300,73.753400
2014-03-17,151.347400,46.061400,29.766400,77.733400,76.772800,81.659300,75.799400,48.899800,61.047000,43.423400,21.761600,131.640000,17.760600,73.753400
2014-03-18,152.427700,46.347800,30.179900,77.923800,77.050800,81.818900,76.034100,49.045600,61.225800,43.552600,21.871500,130.620000,17.769000,73.753400
2014-03-19,151.615500,45.782000,29.536600,77.200300,76.452100,81.064500,75.486300,48.795700,61.169900,42.728500,21.863000,128.090000,17.902600,73.769500
2014-03-20,152.500800,45.607300,29.666800,77.215500,76.316600,80.810600,75.590600,48.962300,61.130800,42.802300,21.761600,127.860000,17.961100,73.753400
2014-03-21,151.909000,45.516500,29.850600,77.360200,77.143500,81.115300,75.851500,48.931000,61.047000,43.195900,21.778500,128.470000,17.936100,73.769500
2014-03-24,151.280800,45.635300,30.141600,77.390700,77.692300,81.216800,75.995000,48.946600,61.270500,42.913000,21.770000,126.180000,17.885900,73.769500
2014-03-25,151.998800,46.131200,30.486200,77.345000,77.400100,81.195100,76.021100,49.045600,61.432500,43.304800,21.913700,126.410000,17.894300,73.769500
2014-03-26,150.905500,46.124200,30.555100,77.672500,78.005900,81.478000,76.314600,49.056000,61.611300,42.815800,21.896800,125.410000,17.894300,73.753400
2014-03-27,150.587400,46.354800,30.953300,77.748600,78.397900,81.507000,76.334200,48.983100,62.035800,43.088200,22.091300,124.590000,17.944400,73.753400
2014-03-28,151.329800,46.704000,31.198400,77.474500,77.956000,81.303900,76.275500,49.066400,62.002300,43.348200,22.099700,124.560000,17.944400,73.753400
2014-03-31,152.569800,46.941500,31.405100,77.482100,77.763600,81.318400,76.268900,49.139300,62.242500,43.713400,22.082800,123.610000,17.927700,73.753400
2014-04-01,153.581500,47.241900,31.772700,77.321500,77.099000,81.035500,76.079100,49.231000,62.598800,43.911500,21.812300,123.390000,17.927700,73.753400
2014-04-02,154.095500,47.332700,31.834000,76.985800,76.655900,80.854100,75.974400,49.178700,62.268000,43.948600,21.761600,124.320000,17.961100,73.753400
2014-04-03,153.891500,47.200000,31.711500,77.039200,76.991800,80.948400,76.118300,49.199600,62.206300,43.855700,21.939100,123.920000,18.011200,73.769500
2014-04-04,152.072200,47.053300,31.627200,77.512300,77.506300,81.318400,76.419200,49.314700,62.582000,44.004300,22.040600,125.570000,17.994500,73.753400
2014-04-07,150.391600,46.829800,31.761200,77.695400,77.970800,81.441700,76.602400,49.210100,62.430600,44.146700,21.989800,124.910000,17.952800,73.753400
2014-04-08,151.011600,46.801800,32.132700,77.802300,78.156600,81.485200,76.805100,49.325200,62.722200,44.419000,22.243500,126.090000,17.835800,73.753400
2014-04-09,152.635100,47.402600,32.377700,77.779400,77.770700,81.543300,76.870500,49.403600,62.767000,44.307600,22.302600,126.320000,17.769000,73.753400
2014-04-10,149.428900,46.564300,32.033100,78.107500,78.492500,81.826200,76.975200,49.262400,63.064300,43.886700,22.311100,127.010000,17.760600,73.753400
2014-04-11,148.082700,46.284900,32.033100,78.267700,79.128500,82.036500,77.027500,49.053200,62.963300,43.620500,22.209600,126.930000,17.769000,73.753400
2014-04-14,149.249400,46.550300,31.964900,78.145600,78.921200,81.877000,77.079900,49.210100,62.839900,43.880500,22.412600,127.850000,17.819100,73.753400
2014-04-15,150.277300,46.354800,31.481700,78.237200,79.414300,82.080100,77.243400,49.262400,62.621200,44.400500,22.429500,125.490000,17.835800,73.753400
2014-04-16,151.851900,46.927500,31.879900,78.115100,79.514400,82.130800,77.276100,49.288500,62.800700,44.685200,22.471700,125.540000,17.852500,73.753400
2014-04-17,152.064000,47.172000,32.170900,77.672500,78.642500,82.029300,76.831300,49.231000,62.868000,44.425200,22.522500,124.750000,17.852500,73.769500
2014-04-21,152.594300,47.234900,31.971800,77.657300,78.578200,82.029300,76.935900,49.231000,62.980100,44.679000,22.446400,124.240000,17.869200,73.753400
2014-04-22,153.287800,47.430500,31.887600,77.626800,78.842600,82.029300,76.975200,49.283300,62.918500,44.778000,22.437900,123.780000,17.852500,73.737200
2014-04-23,152.928800,47.318700,31.657900,77.825200,79.292800,82.283200,77.145300,49.299000,62.839900,44.598500,22.421000,123.760000,17.852500,73.753400
2014-04-24,153.238800,47.311700,31.688500,77.802300,79.442900,82.334000,77.158300,49.309500,62.778300,44.784200,22.556300,124.560000,17.827400,73.753400
2014-04-25,151.982400,47.081200,31.259600,77.909100,79.557200,82.370200,77.145300,49.293800,62.554000,44.610900,22.463300,125.430000,17.827400,73.753400
2014-04-28,152.463800,47.227900,31.412800,77.794600,79.171300,82.123600,77.053700,49.283300,62.576400,44.957600,22.387200,124.880000,17.810700,73.753400
2014-04-29,153.173600,47.535300,31.711500,77.863300,79.064200,82.072800,77.066800,49.356500,62.823100,44.988500,22.446400,124.860000,17.827400,73.753400
2014-04-30,153.630400,47.723900,31.650200,78.069300,79.392900,82.392000,77.282600,49.346100,62.901600,45.149400,22.328000,124.220000,17.777300,73.753400
2014-05-01,153.646800,47.856600,31.688500,78.294200,80.244600,82.688800,77.606600,49.295300,62.887800,45.341300,22.158900,123.800000,17.769000,73.737200
2014-05-02,153.426500,47.779800,31.864600,78.408800,80.738900,82.906900,77.770600,49.410900,63.034200,45.329000,22.218100,125.060000,17.769000,73.753400
2014-05-05,153.720200,47.744800,31.688500,78.363000,80.251800,82.732400,77.573800,49.389900,63.056700,45.421800,22.167400,126.220000,17.760600,73.753400
2014-05-06,152.382200,47.661000,31.834000,78.454700,80.574100,82.703300,77.705000,49.400400,63.259300,45.260900,22.184300,125.980000,17.677100,73.737200
2014-05-07,153.279600,47.716900,32.002500,78.515900,80.287600,82.754200,77.718100,49.474000,63.765900,45.805600,22.243500,124.170000,17.685400,73.737200
2014-05-08,153.116500,47.723900,31.925900,78.600000,79.943700,82.870600,77.737800,49.463500,64.036100,45.910800,22.175800,124.170000,17.727200,73.737200
2014-05-09,153.344900,47.654000,31.872300,78.538800,79.685900,82.819700,77.652500,49.510700,63.912200,45.941800,22.065900,124.100000,17.835800,73.753400
2014-05-12,154.837900,47.968400,32.408300,78.332400,79.363500,82.594300,77.455700,49.563300,63.855900,46.084100,22.116600,124.940000,17.852500,73.737200
2014-05-13,154.976600,48.038200,32.530900,78.638200,80.051200,82.805100,77.744300,49.642100,63.878500,45.787000,22.218100,124.600000,17.894300,73.753400
2014-05-14,154.242300,47.947400,32.760600,78.997500,80.918000,83.277700,78.131400,49.668400,64.204900,45.805600,22.319600,125.810000,17.885900,73.753400
2014-05-15,152.888000,47.737800,32.454300,79.280400,81.562700,83.663100,78.269100,49.621100,64.154300,45.780800,22.184300,124.770000,17.869200,73.753400
2014-05-16,153.418300,47.842600,32.883100,79.112200,81.333400,83.575800,78.177300,49.720900,64.092300,46.201700,22.209600,124.500000,17.869200,73.753400
2014-05-19,153.981200,47.744800,32.883100,79.012800,80.731700,83.328600,78.105100,49.794500,64.216200,46.016000,22.192700,124.580000,17.869200,73.753400
2014-05-20,153.010400,47.444500,32.615100,79.242200,80.910800,83.488600,78.105100,49.731400,64.238700,45.873700,22.235000,124.690000,17.877600,73.753400
2014-05-21,154.299400,47.814700,32.867800,79.119800,80.416500,83.437700,77.960800,49.726200,64.193700,45.572800,22.277300,124.390000,17.877600,73.737200
2014-05-22,154.674700,47.877600,33.097500,79.035700,80.301900,83.568500,77.934600,49.762900,64.306200,45.489900,22.294200,124.670000,17.911000,73.737200
2014-05-23,155.294700,48.003300,33.036300,79.196300,80.731700,83.764800,78.019900,49.778700,64.334400,45.892200,22.344900,124.510000,17.944400,73.753400
2014-05-27,156.249300,48.345600,32.752900,79.219200,81.204500,83.815700,78.295400,49.826000,64.418800,46.220300,22.158900,121.850000,17.936100,73.737200
2014-05-28,156.135100,48.184900,32.944400,79.655000,82.207400,84.273800,78.669300,49.841800,64.750900,45.929400,22.167400,121.200000,17.986200,73.753400
2014-05-29,156.942700,48.478300,33.036300,79.555600,81.770400,84.237400,78.439700,49.889000,65.026700,46.022200,22.175800,120.940000,17.977800,73.737200
2014-05-30,157.195700,48.485300,32.584500,79.494500,81.734600,84.041100,78.452800,49.941600,65.083000,46.232700,22.006700,120.430000,17.936100,73.753400
2014-06-02,157.375100,48.583100,32.684000,79.131000,81.127000,83.700900,78.017000,49.782900,65.094300,46.375100,21.981400,119.700000,18.002900,73.737200
2014-06-03,157.293600,48.464300,32.867800,78.732800,80.128700,83.211000,77.661800,49.788200,64.619800,46.350300,21.964500,120.010000,17.986200,73.737200
2014-06-04,157.611700,48.450400,32.684000,78.671500,80.107200,82.991600,77.622300,49.788200,64.580300,46.443100,21.905300,119.760000,18.002900,73.737200
2014-06-05,158.639700,48.785700,33.028600,78.786400,80.143100,83.203700,77.786800,49.909600,64.744100,47.297400,21.930700,120.660000,17.927700,73.737200
2014-06-06,159.398400,49.051100,33.357900,78.725100,80.143100,83.203700,77.951200,50.052100,65.275000,47.099300,22.023600,120.610000,17.936100,73.737200
2014-06-09,159.561600,49.002200,33.480400,78.610300,80.028200,83.196400,77.793300,50.110200,65.246800,46.529800,22.116600,120.650000,18.002900,73.753400
2014-06-10,159.577900,48.897400,33.656600,78.472400,79.733700,83.057400,77.648600,50.083800,65.003900,46.183200,22.057500,121.390000,18.036300,73.753400
2014-06-11,159.023100,48.652900,33.541700,78.579600,79.877400,83.137900,77.707800,50.089100,64.783600,46.059400,21.998300,121.410000,18.036300,73.737200
2014-06-12,157.897300,48.666900,33.380900,78.886000,80.588400,83.386500,77.957800,50.057400,64.710200,45.941800,22.311100,122.640000,17.994500,73.753400
2014-06-13,158.378600,48.701800,33.396200,78.732800,80.545300,83.247500,77.944700,50.115500,64.845700,46.059400,22.311100,122.960000,17.994500,73.737200
2014-06-16,158.509100,48.715800,33.243000,78.732800,80.746400,83.328000,77.938100,50.089100,64.472900,45.824100,22.378700,122.420000,17.944400,73.753400
2014-06-17,158.949700,48.680900,33.250700,78.403500,80.107200,83.211000,77.674900,50.052100,64.263900,45.941800,22.404100,122.280000,17.994500,73.737200
2014-06-18,160.116400,49.100000,33.618300,78.817000,80.724800,83.620500,78.122300,50.279100,64.738400,46.263600,22.497100,122.670000,17.936100,73.753400
2014-06-19,160.295800,49.365400,33.426800,78.617900,79.690600,83.503500,77.846000,50.268500,64.625400,46.647400,22.716900,126.940000,17.902600,73.753400
2014-06-20,160.621000,49.281600,33.357900,78.709800,80.293900,83.810600,77.997300,50.316000,64.738400,46.808300,22.759200,126.500000,17.911000,73.753400
2014-06-23,160.571800,49.148900,33.289000,78.656200,80.042500,83.737400,77.990700,50.310800,64.885300,46.616500,22.674600,126.850000,17.877600,73.753400
2014-06-24,159.604500,48.841500,33.273700,78.977900,80.854100,84.117700,78.319600,50.268500,65.133800,46.650800,22.708500,126.980000,17.894300,73.753400
2014-06-25,160.325900,48.824400,33.343900,79.054400,81.062400,84.154200,78.398600,50.342400,65.286300,46.557100,22.742300,126.990000,17.877600,73.737200
2014-06-26,160.211100,48.860100,33.382500,79.261200,81.450200,84.315100,78.543300,50.289600,65.269400,46.513400,22.649300,126.730000,17.885900,73.737200
2014-06-27,160.522700,48.888800,33.459700,79.261200,81.328100,84.344300,78.530200,50.289600,65.273900,46.869500,22.607000,126.660000,17.827400,73.753400
2014-06-30,160.440700,48.931700,33.367100,79.322500,81.529200,84.351700,78.457800,50.247400,65.111200,46.757000,22.471700,128.040000,17.760600,73.737200
2014-07-01,161.514500,49.361100,33.683500,79.063300,80.846600,84.017100,78.154400,50.260700,65.043700,47.006900,22.404100,127.700000,17.769000,73.753400
2014-07-02,161.678500,49.439900,33.884200,78.741000,79.982500,83.621000,77.877300,50.292500,64.941700,46.894500,22.361800,127.700000,17.802400,73.753400
2014-07-03,162.473600,49.540000,34.084900,78.579900,79.694500,83.687000,77.798200,50.218300,64.896400,46.625800,22.319600,127.160000,17.869200,73.737200
2014-07-07,161.908000,49.153600,34.061700,78.771700,80.277800,83.848400,77.936700,50.181200,64.998400,46.763300,22.142000,127.020000,17.877600,73.753400
2014-07-08,160.866900,48.638300,33.909300,79.132300,81.177800,84.119700,78.227000,50.191800,65.417900,46.900700,22.082800,127.070000,17.869200,73.753400
2014-07-09,161.588300,48.795700,34.100300,79.147600,81.242600,84.325100,78.352300,50.154700,65.627600,46.975700,21.930700,127.840000,17.827400,73.737200
2014-07-10,160.948900,48.259000,33.915100,79.316400,81.264200,84.427800,78.292900,50.000900,65.434900,47.188100,21.964500,128.540000,17.852500,73.737200
2014-07-11,161.170200,48.287600,33.876500,79.446900,81.782700,84.552400,78.537000,50.085700,65.497200,47.194400,21.770000,128.780000,17.860900,73.737200
2014-07-14,161.981800,48.645400,34.138900,79.270400,81.429800,84.383800,78.372100,50.069800,65.366800,47.425500,21.854600,125.720000,17.852500,73.737200
2014-07-15,161.678500,48.523800,34.115800,79.201400,81.264200,84.200400,78.286300,49.990300,65.293200,47.456800,21.651700,124.530000,17.911000,73.737200
2014-07-16,162.276900,48.824400,34.200700,79.316400,81.696200,84.178400,78.471000,49.910800,65.242100,47.606700,21.685500,124.970000,17.952800,73.737200
2014-07-17,160.432500,48.201600,33.560000,79.776800,82.725900,84.706400,78.767900,49.560900,65.100400,47.363000,21.736200,127.089900,17.944400,73.737200
2014-07-18,162.072000,48.581000,34.084900,79.615700,82.459500,84.545100,78.662400,49.767700,65.332800,47.831600,21.592500,126.130000,17.944400,73.721100
2014-07-21,161.768700,48.402100,34.200700,79.638700,82.869900,84.699100,78.662400,49.682900,65.480200,47.656700,21.693900,126.340000,17.936100,73.737200
2014-07-22,162.473600,48.616800,34.517100,79.738400,83.042700,84.625800,78.721700,49.751800,65.582200,47.806600,21.600900,125.740000,17.994500,73.721100
2014-07-23,162.834300,48.717000,34.548000,79.730700,82.934700,84.618400,78.814100,49.847200,65.928000,47.894100,21.660100,125.620000,18.002900,73.737200
2014-07-24,162.842500,48.831500,34.702400,79.408500,82.315500,84.464400,78.504000,49.937300,65.831600,47.831600,21.634700,124.350000,18.027900,73.737200
2014-07-25,162.080200,48.631100,34.563400,79.715400,83.287500,84.831100,78.807500,49.852500,65.741000,47.500500,21.719300,125.791000,18.061400,73.737200
2014-07-28,162.145700,48.638300,34.802700,79.623300,83.172300,84.735800,78.715100,49.704100,65.508500,47.831600,21.677000,125.580000,18.061400,73.737200
2014-07-29,161.449000,48.538100,34.594300,79.730700,83.474800,84.860500,78.787700,49.635100,65.434900,47.600500,21.609400,125.200000,18.094800,73.737200
2014-07-30,161.473600,48.466500,34.424500,79.170700,82.315500,84.303100,78.424900,49.428400,65.406500,47.500500,21.516400,124.830000,18.136500,73.737200
2014-07-31,158.284700,47.657800,33.822500,79.147600,82.070700,84.273700,78.207200,49.025500,64.947400,46.794500,21.406500,123.390000,18.161600,73.721100
2014-08-01,157.801100,47.328600,34.007700,79.613100,82.706000,84.594100,78.610100,49.020700,64.464000,46.682100,21.237400,124.380000,18.136500,73.737200
2014-08-04,158.940500,47.550400,34.324200,79.659300,82.489400,84.469100,78.630000,49.318900,64.646000,47.006900,21.398000,123.990000,18.128200,73.737200
2014-08-05,157.399400,46.942100,33.799300,79.697700,82.756500,84.564700,78.709400,49.223100,64.566400,46.525900,21.296600,123.870000,18.170000,73.721100
2014-08-06,157.448600,46.827600,33.563900,79.766900,82.807100,84.572100,78.570400,49.340200,64.486700,46.507100,21.431800,125.670000,18.144900,73.721100
2014-08-07,156.596100,46.448300,33.436500,80.128200,83.579500,84.939900,78.775500,49.372200,64.373000,46.532100,21.474100,126.180000,18.170000,73.737200
2014-08-08,158.407700,46.720200,33.737600,80.059000,83.399000,84.866300,78.755700,49.526600,64.600500,46.807000,21.372700,126.190000,18.128200,73.721100
2014-08-11,158.866800,46.899200,34.169800,80.020500,83.391800,84.873700,78.788800,49.761000,64.731300,47.100600,21.406500,125.960000,18.136500,73.721100
2014-08-12,158.645400,46.863400,34.208400,79.905200,82.850400,84.616200,78.749100,49.750300,64.816700,47.025700,21.271200,125.990000,18.153300,73.721100
2014-08-13,159.719300,47.128200,34.393600,80.166600,83.391800,84.859000,78.907900,49.894100,64.987300,47.706700,21.254300,126.200000,18.170000,73.737200
2014-08-14,160.473500,47.378700,34.447700,80.328000,84.063200,84.947200,78.993900,49.990000,65.340000,47.675400,21.000700,126.310000,18.161600,73.721100
2014-08-15,160.440700,47.328600,34.355000,80.650900,84.980100,85.153200,79.271700,50.091200,65.436700,47.625400,21.085200,125.483000,18.128200,73.737200
2014-08-18,161.785100,47.636300,34.686900,80.397200,84.135400,84.822200,79.093100,50.235000,65.442400,48.094000,20.907700,124.960000,18.161600,73.721100
2014-08-19,162.629400,47.750800,34.849000,80.312600,83.875500,84.667700,79.040200,50.219000,65.630100,48.194000,20.949900,124.680000,18.228400,73.737200
2014-08-20,163.063900,47.600500,34.779600,80.074400,83.738400,84.417600,78.861500,50.256300,65.317200,48.412600,21.009100,124.220000,18.312000,73.721100
2014-08-21,163.539300,47.800900,34.632900,80.243500,84.207600,84.579400,79.132800,50.256300,65.413900,48.337700,21.059900,122.880000,18.286900,73.737200
2014-08-22,163.285200,47.571900,34.540300,80.251200,84.676900,84.542600,79.232000,50.133800,65.408200,47.950300,21.026000,123.190000,18.328700,73.737200
2014-08-25,164.113100,47.879600,34.795000,80.312600,84.994500,84.645600,79.357700,50.240300,65.385500,47.844100,21.059900,122.740000,18.378800,73.737200
2014-08-26,164.219700,47.886800,35.003400,80.297300,84.720200,84.579400,79.410700,50.277600,65.567500,47.937800,21.068300,123.350000,18.395500,73.737200
2014-08-27,164.154100,47.979800,35.180900,80.520200,85.442200,84.733900,79.543000,50.229700,65.982700,47.969100,21.102100,123.319900,18.353800,73.721100
2014-08-28,164.064000,47.765100,34.833600,80.627800,85.889800,84.866300,79.715000,50.155100,65.817800,47.962800,21.119000,124.000000,18.353800,73.737200
2014-08-29,164.531200,47.743700,34.779600,80.635500,85.947500,84.785400,79.774500,50.192400,65.772300,48.219000,21.161300,123.860000,18.395500,73.737200
2014-09-02,164.449200,47.836700,34.725500,80.121400,84.468700,84.332400,79.396800,50.252000,65.477000,48.225200,20.856900,121.650000,18.454000,73.721100
2014-09-03,164.359100,48.173100,35.180900,80.237000,84.939100,84.487200,79.502900,50.123600,65.596800,48.350200,20.941500,122.150000,18.437300,73.737200
2014-09-04,164.121300,47.944100,35.088300,79.952000,83.904300,84.170300,78.939000,49.957700,65.585400,48.169000,20.856900,121.480000,18.629400,73.721100
2014-09-05,164.859100,47.951200,35.389300,79.975100,83.745100,84.081900,78.952200,49.898800,65.819200,48.681300,20.823100,122.060000,18.629400,73.737200
2014-09-08,164.432800,47.443100,34.972500,79.890400,83.781300,83.875500,78.819500,49.850700,65.397200,48.631300,20.721700,120.730000,18.738000,73.721100
2014-09-09,163.391800,47.307100,34.540300,79.705600,83.716100,83.632400,78.607200,49.620600,65.197600,48.331400,20.552600,120.870000,18.704600,73.721100
2014-09-10,164.006600,47.579100,34.393600,79.505400,83.187900,83.315500,78.481200,49.642000,65.180500,47.569200,20.408900,120.260000,18.738000,73.737200
2014-09-11,164.195100,47.314300,34.162100,79.405300,82.912900,83.352300,78.421500,49.642000,65.186200,47.606700,20.307400,119.472000,18.754700,73.721100
2014-09-12,163.236000,47.249800,33.799300,79.105000,82.044600,83.020700,78.043300,49.583200,64.826900,46.144800,20.146800,118.380000,18.738000,73.721100
2014-09-15,163.113000,47.149600,33.629500,79.251300,82.167600,83.116500,78.063200,49.492200,64.690100,45.919900,20.172100,118.640000,18.738000,73.721100
2014-09-16,164.342700,47.350000,34.069500,79.228200,81.834700,83.094400,78.049900,49.593900,64.769900,46.369700,20.358100,118.830000,18.704600,73.721100
2014-09-17,164.564000,47.013700,33.753000,79.028000,81.624900,82.534400,77.837600,49.754400,64.598800,46.357200,20.273600,117.540000,18.821600,73.721100
2014-09-18,165.441100,47.378700,33.799300,78.974100,81.885400,82.320600,77.976900,49.770400,64.621600,45.951100,20.079100,117.780000,18.738000,73.737200
2014-09-19,165.292200,47.214100,33.544600,79.274400,82.927400,82.563800,78.282100,49.845300,64.718600,46.007300,20.020000,117.090000,18.838300,73.737200
2014-09-22,164.015700,47.006500,33.035200,79.443800,83.028700,82.504900,78.355100,49.754400,64.815500,45.645000,19.850900,116.850000,18.821600,73.737200
2014-09-23,163.076800,46.612900,32.849900,79.613200,83.542500,82.814400,78.481200,49.502900,64.889700,45.313800,19.850900,117.600000,18.821600,73.737200
2014-09-24,164.353300,46.849100,33.320800,79.389900,83.079300,82.740700,78.295400,49.353100,64.986600,45.192800,19.935400,117.050000,18.905100,73.737200
2014-09-25,161.701400,46.162000,32.595200,79.774900,84.063500,83.042800,78.527600,49.016000,64.884000,44.991000,19.893100,117.390000,18.938500,73.737200
2014-09-26,162.986200,46.355200,32.741900,79.605500,83.940500,82.615400,78.355100,48.983900,64.690100,45.596300,19.859300,117.060000,19.047100,73.737200
2014-09-29,162.689700,45.925800,32.078100,79.859600,84.613400,82.674400,78.321900,48.882200,64.387800,45.533300,19.977700,117.030000,19.030400,73.721100
2014-09-30,162.261400,45.890000,32.078100,79.790300,84.135800,82.585900,78.434700,49.197900,64.353600,45.306300,19.631100,116.210000,19.105600,73.737200
2014-10-01,160.062500,45.346100,31.422000,80.460700,85.767300,83.175500,78.910400,49.252100,64.737100,45.344100,19.563400,116.770000,19.088900,73.737200
2014-10-02,160.087200,44.859400,31.591800,80.221500,85.020100,82.969100,78.903700,49.348800,64.502500,45.268400,19.487300,116.740000,19.030400,73.737200
2014-10-03,161.849700,44.859400,31.862000,80.198400,85.382800,82.836500,79.129900,49.515400,64.588400,45.552200,19.301300,114.610000,19.281000,73.705000
2014-10-06,161.660200,45.145700,32.278800,80.329500,85.433600,82.910200,79.169900,49.569100,64.720000,45.672000,19.546500,116.030000,19.063800,73.705000
2014-10-07,159.164800,44.379900,31.993200,80.800100,86.587100,83.256500,79.456000,49.381100,64.725700,45.312600,19.470400,116.360000,19.030400,73.721100
2014-10-08,161.948500,45.081300,32.471700,81.085500,86.608800,83.713400,79.861800,49.617500,64.983200,46.296300,19.394300,117.470100,18.946900,73.721100
2014-10-09,158.736500,43.871800,31.962300,80.946700,86.231600,83.625000,79.529200,49.090900,64.977500,46.296300,19.166100,117.640000,19.005400,73.721100
2014-10-10,156.924700,43.213300,31.267600,81.263000,87.087600,83.853400,79.595700,48.693300,64.782900,46.340400,19.098400,117.590000,19.097300,73.721100
2014-10-13,154.346900,43.156100,31.584100,81.687200,87.617200,84.244000,79.801900,48.451500,64.697100,46.384500,19.098400,118.520000,18.988700,73.721100
2014-10-14,154.585700,43.263400,31.769300,81.849200,88.190300,84.045000,79.981600,48.612700,64.857300,47.134900,18.811000,118.590000,19.072200,73.705000
2014-10-15,153.539700,43.005800,31.368000,82.312100,88.886700,84.140800,80.041500,48.623400,64.863000,46.952000,18.574300,118.990000,18.871700,73.705000
2014-10-16,153.408000,42.605000,31.082400,82.088400,88.320800,84.037700,79.861800,48.897500,64.868800,47.027700,18.760300,119.220000,18.871700,73.721100
2014-10-17,155.219800,43.399400,31.429700,81.849200,87.827500,84.008200,79.828600,49.311200,65.212100,47.084500,18.827900,118.990000,18.930200,73.721100
2014-10-20,156.727000,43.671400,31.522400,81.965000,88.146700,84.037700,79.974900,49.665900,65.355200,47.803300,18.692600,119.800000,18.863300,73.721100
2014-10-21,159.831900,44.193800,31.653500,81.741200,87.443100,83.868200,79.928400,50.068900,65.212100,48.238400,18.844800,120.020000,18.963600,73.705000
2014-10-22,158.695400,43.871800,31.445200,81.718100,87.537400,83.831300,79.795300,49.741100,65.349400,48.251000,18.633400,119.340000,19.047100,73.721100
2014-10-23,160.540200,44.294000,31.437500,81.378700,86.761200,83.529200,79.642300,49.719600,65.257900,48.623100,18.853300,118.520000,19.063800,73.705000
2014-10-24,161.775500,44.537400,31.661300,81.448100,86.848200,83.485000,79.675500,49.859300,65.286500,48.585200,18.734900,118.350000,19.030400,73.705000
2014-10-27,161.553200,44.286900,31.414300,81.533000,87.007800,83.440800,79.775300,49.655100,65.412400,48.944600,18.684200,118.060000,18.980300,73.705000
2014-10-28,163.406200,44.959600,32.047200,81.332400,86.463700,83.403900,79.509200,49.735700,65.561200,49.159000,18.836300,118.100000,18.946900,73.705000
2014-10-29,163.159100,44.616100,32.093500,81.062400,86.659600,83.293400,79.362800,49.698100,65.383800,48.881600,19.056200,116.410000,19.088900,73.721100
2014-10-30,164.205100,44.938200,32.394500,81.147200,86.732100,83.263900,79.416000,49.676600,65.526800,49.190600,18.895500,115.190000,19.139000,73.705000
2014-10-31,166.082800,45.768400,32.533500,81.016100,86.507300,83.330200,79.402700,49.719600,65.624100,49.808500,18.870200,112.660000,19.289400,73.721100
2014-11-03,166.173400,45.374700,32.263300,80.985600,86.507300,83.330200,79.246000,49.824400,65.351100,50.243600,18.701100,112.150000,19.381300,73.705000
2014-11-04,165.596900,45.117100,32.294200,80.977900,86.776300,83.300700,79.359400,49.667900,65.190300,50.325600,18.430500,112.220000,19.331200,73.721100
2014-11-05,166.642900,45.203000,32.008600,81.001000,86.652700,83.381800,79.212600,49.657100,65.150100,50.218400,18.481300,109.790000,19.423100,73.705000
2014-11-06,167.310000,44.959600,31.615000,80.753800,86.092800,83.241800,78.972400,49.786600,65.104200,49.833700,18.498200,109.880000,19.556700,73.721100
2014-11-07,167.466500,44.981100,31.815700,81.271500,87.081700,83.728200,79.472800,49.835200,65.213300,49.770700,18.582700,112.970000,19.439800,73.705000
2014-11-10,167.993600,45.181500,31.900600,80.939200,86.281800,83.433400,79.072500,49.856700,65.132900,50.180600,18.405200,110.460000,19.498300,73.721100
2014-11-11,168.158300,45.453500,31.869700,80.946900,86.340000,83.418600,79.065800,49.970100,65.098400,49.985100,18.498200,112.040000,19.423100,73.721100
2014-11-12,167.977100,45.067000,31.807900,80.916000,86.267300,83.300700,79.059100,49.808200,65.121400,49.606700,18.439000,111.500000,19.489900,73.721100
2014-11-13,168.166500,45.281700,31.723000,81.047400,86.470900,83.204900,78.972400,49.603100,65.086900,49.877900,18.100800,111.670000,19.473200,73.705000
2014-11-14,168.207700,45.346100,31.985500,81.217400,86.892700,83.418600,79.072500,49.354800,65.035300,49.468000,18.295300,114.470000,19.423100,73.705000
2014-11-17,168.314700,45.167200,31.645800,81.124700,86.674500,83.131300,78.885700,49.349400,64.845800,49.688700,18.219200,114.050000,19.523300,73.721100
2014-11-18,169.286600,45.661000,31.815700,81.217400,86.914500,83.204900,78.952400,49.252300,64.972100,49.903100,18.126200,115.050000,19.431400,73.705000
2014-11-19,169.014800,45.525000,31.800200,81.001000,86.361800,82.851200,78.532000,49.241500,65.012300,49.455400,18.033200,113.680000,19.464800,73.705000
2014-11-20,169.311300,45.253100,31.746200,81.147900,86.812700,83.064900,78.832300,49.246900,65.207500,49.619300,18.185400,114.860000,19.439800,73.705000
2014-11-21,170.217200,45.646700,32.757300,81.310100,87.336300,83.315500,79.172600,49.516700,65.471700,49.928300,18.379800,115.390000,19.598500,73.705000
2014-11-24,170.694900,45.911500,32.487200,81.402900,87.409000,83.381800,79.299300,49.511300,65.483200,50.104900,18.219200,115.110000,19.548400,73.721100
2014-11-25,170.571400,45.990200,32.278800,81.603800,88.136200,83.455500,79.639600,49.592300,65.500400,50.193200,18.134600,115.380000,19.506600,73.721100
2014-11-26,171.007800,46.169100,32.687100,81.742900,88.376200,83.499700,79.913200,49.657100,65.718600,50.678700,18.092400,115.160000,19.448100,73.705000
2014-11-28,170.645500,45.797000,32.031800,82.059700,89.074300,83.462900,80.126700,49.182100,65.351100,50.804800,17.263800,112.110000,19.606900,73.721100
2014-12-01,169.459500,45.754000,31.483800,81.858400,88.554600,83.263800,79.849100,48.687000,64.951700,50.678700,17.618900,116.580000,19.515000,73.705000
2014-12-02,170.554900,45.882900,31.476000,81.494600,87.694600,82.792000,79.313800,48.952700,64.922900,50.994000,17.246900,115.140000,19.669500,73.705000
2014-12-03,171.213700,45.825600,31.560900,81.525600,88.037100,82.895200,79.394100,49.034000,65.015100,50.943500,17.145500,116.330000,19.732200,73.705000
2014-12-04,171.024300,45.675300,31.615000,81.812000,88.773200,83.057400,79.521300,49.001500,65.090100,51.076000,17.094700,115.880000,19.657000,73.705000
2014-12-05,171.304300,45.775500,31.553200,81.355300,88.255800,82.578100,79.193400,48.963600,64.836500,50.817400,17.052500,114.430000,19.807300,73.721100
2014-12-08,170.159600,45.374700,31.090100,81.626200,89.334500,82.644500,79.568100,48.714200,64.369600,51.139000,16.756600,115.780000,19.765600,73.721100
2014-12-09,170.044300,45.131400,30.796800,81.928100,89.793600,82.998400,79.635000,48.687000,64.173600,51.372300,16.874900,118.190000,19.673700,73.705000
2014-12-10,167.318200,44.558800,30.341400,82.299700,90.449600,83.168000,79.608200,48.128600,63.562700,51.321900,16.612800,117.960000,19.565100,73.705000
2014-12-11,168.166500,44.501600,30.086700,82.160300,90.821300,83.057400,79.527900,47.955100,63.222600,51.416500,16.460700,117.690000,19.640300,73.705000
2014-12-12,165.448700,43.642800,29.592700,82.833800,92.053000,83.153200,79.655100,47.304500,62.404200,50.968800,16.325400,117.410000,19.573400,73.721100
2014-12-15,164.312200,42.919900,29.168200,82.531900,91.863500,82.828800,79.842400,47.277400,61.499300,50.306700,16.063300,114.390000,19.615200,73.688900
2014-12-16,162.994400,43.227700,29.121900,82.949900,93.000500,83.344900,79.815700,47.109300,61.118900,50.237300,15.970300,114.950000,19.473200,73.688900
2014-12-17,166.189900,43.744400,29.791300,82.377100,92.162400,82.954200,79.835700,48.068400,62.657800,51.391200,16.063300,114.270000,19.715500,73.688900
2014-12-18,170.299600,44.524900,30.198500,81.912600,90.522500,82.430700,79.916000,48.453900,63.528100,51.750700,16.012600,115.150000,19.773900,73.705000
2014-12-19,171.024100,44.589900,30.409900,82.214500,91.739600,82.836200,79.875900,48.920200,64.190900,51.725400,16.249300,114.770000,19.857500,73.688900
2014-12-22,171.810800,44.806700,30.832700,82.214500,91.863500,82.917300,80.130100,48.800900,64.294700,52.590200,15.953400,112.550000,19.874200,73.688900
2014-12-23,172.042700,44.662200,30.550800,81.533300,90.041400,82.320100,79.521300,48.974400,64.041100,52.443200,16.114000,112.740000,19.974400,73.688900
2014-12-24,172.059300,44.864600,30.621300,81.591900,90.531500,82.231600,79.777700,49.141100,64.253400,52.225900,15.902700,112.770000,19.949400,73.705000
2014-12-26,172.614100,44.980200,30.864000,81.700400,90.867500,82.261100,79.838000,48.988600,64.207000,52.411300,15.885800,114.830000,19.957700,73.688900
2014-12-29,172.846000,44.655000,30.676100,81.979500,91.546800,82.386500,79.992300,49.015800,63.894100,52.698900,15.733600,113.670000,20.007800,73.688900
2014-12-30,171.918500,44.243000,30.738700,82.072500,91.795100,82.364300,80.059400,48.917800,64.068000,52.660500,15.716700,115.200000,19.957700,73.688900
2014-12-31,170.212600,43.968400,30.762200,82.165600,91.970400,82.585500,80.113100,48.787200,63.575400,51.772100,15.598300,113.580000,20.024600,73.705000
2015-01-02,170.121500,43.780500,30.355000,82.584200,92.992900,83.116400,80.394900,48.787200,63.349400,52.551900,15.412300,114.080000,20.216700,73.688900
2015-01-05,167.049100,42.747100,29.814800,83.088100,94.453700,83.182700,80.723600,48.335200,62.943700,52.839500,15.192500,115.800000,20.258500,73.705000
2015-01-06,165.475700,42.262900,29.689500,83.646200,96.155500,83.190100,81.052400,48.150100,62.746700,53.363600,15.048800,117.120000,20.300200,73.688900
2015-01-07,167.537700,42.732600,30.331600,83.630700,95.965600,83.256500,81.159700,48.449600,63.534800,54.181700,14.955800,116.430000,20.375400,73.688900
2015-01-08,170.510700,43.310800,30.848300,83.289600,94.694700,83.123800,80.898100,48.814400,63.807200,54.386300,15.015000,115.940000,20.459000,73.688900
2015-01-09,169.144300,43.101200,30.746500,83.700500,95.731900,83.374400,81.112800,49.059400,63.766600,54.411800,14.989600,117.260000,20.367100,73.688900
2015-01-12,167.819300,43.000000,30.496000,83.995100,96.279700,83.352300,81.267100,48.999500,63.395700,54.827300,14.659900,118.560000,20.367100,73.688900
2015-01-13,167.347200,43.216800,30.762200,84.072600,96.279700,83.219600,81.340900,48.999500,63.598600,54.744200,14.600700,118.160000,20.425500,73.688900
2015-01-14,166.336900,43.094000,30.589900,84.460200,97.010100,83.713600,81.481800,48.885200,64.079500,55.217200,14.761300,117.970000,20.383800,73.688900
2015-01-15,164.813200,43.368600,30.660400,85.181200,98.536600,84.377200,81.904400,48.585700,64.166500,55.345000,14.558400,120.940000,20.450600,73.688900
2015-01-16,166.974600,43.932300,30.918800,84.553200,97.280300,83.905300,81.448200,48.770800,64.212800,55.824400,14.837400,122.520000,20.542500,73.688900
2015-01-20,167.330700,44.084100,30.871800,84.747000,98.573100,84.104400,81.636100,48.683700,64.201200,55.383400,14.634500,124.200000,20.626000,73.688900
2015-01-21,168.175400,44.430900,31.553000,84.343900,97.433700,83.757800,81.602500,48.945100,64.143300,55.345000,14.727500,124.230000,20.567600,73.705000
2015-01-22,170.676300,44.597200,32.155800,84.134600,97.083100,83.780000,81.562300,49.010400,63.946300,56.329300,14.710600,125.230000,20.876700,73.688900
2015-01-23,169.740500,44.344200,31.913100,84.685000,98.434300,84.288700,82.038600,49.010400,64.699600,56.169500,14.617600,124.230000,21.060400,73.705000
2015-01-26,170.138000,44.951300,31.928800,84.491200,98.134900,84.148600,82.018500,49.233600,64.096900,56.642500,14.566900,122.990000,21.027000,73.705000
2015-01-27,167.893800,45.016300,31.756500,84.607500,98.288200,84.414000,82.078900,49.195500,64.554700,56.661700,14.643000,124.400000,20.826500,73.705000
2015-01-28,165.740700,44.344200,31.412000,85.258700,99.895100,84.738500,82.635700,49.092100,64.618500,56.284600,14.431600,123.420000,20.951800,73.688900
2015-01-29,167.272700,44.951300,31.412000,84.956400,99.237700,84.642600,82.441200,49.266300,64.705400,56.482700,14.364000,120.760000,20.968600,73.688900
2015-01-30,165.169300,44.243000,30.550800,85.700600,100.998000,85.254600,83.118800,49.130200,64.763300,55.319400,14.710600,123.450000,20.993600,73.688900
2015-02-02,167.214700,44.777800,31.098900,85.593400,100.616700,85.195600,83.196300,49.318700,64.826700,55.172400,14.913500,122.420000,20.951800,73.688900
2015-02-03,169.632900,45.493300,31.686100,84.871200,98.487000,84.804800,82.523600,49.597600,65.175600,55.651800,15.327800,121.050000,20.709600,73.705000
2015-02-04,168.986900,45.117500,31.529500,85.011000,98.655300,84.981800,82.637900,49.389800,64.629000,55.421700,14.989600,121.580000,20.834900,73.688900
2015-02-05,170.692900,45.739000,31.717400,84.700400,97.572100,84.613100,82.375500,49.679600,64.972100,56.086400,15.192500,121.790000,20.684500,73.688900
2015-02-06,170.220800,45.168100,31.177100,83.753100,95.844900,83.949500,81.514500,49.717800,64.803400,54.456600,15.234800,118.640000,20.935100,73.688900
2015-02-09,169.459000,44.951300,31.130200,83.714200,95.691200,83.802100,81.568300,49.597600,64.838300,54.073100,15.387000,119.170000,20.918400,73.672800
2015-02-10,171.264300,45.363200,31.051900,83.504600,94.930100,83.521900,81.346300,49.767000,64.367400,54.245700,15.192500,118.470000,20.943500,73.688900
2015-02-11,171.363600,45.117500,30.824800,83.473500,95.105700,83.367100,81.400100,49.750600,64.309200,54.085900,15.074200,117.070000,21.018700,73.672800
2015-02-12,173.011600,45.818500,31.482500,83.504600,94.791000,83.234400,81.608600,49.745200,64.820900,54.731400,15.302400,117.340000,20.818200,73.672800
2015-02-13,173.723800,46.122000,31.842700,83.225000,93.817700,83.064800,81.285700,49.816300,64.977900,54.367100,15.471500,117.980000,20.809800,73.688900
2015-02-17,173.997100,46.230400,31.772200,82.634900,92.405200,82.644500,80.909000,49.783400,64.867400,54.232900,15.480000,116.010000,20.784800,73.688900
2015-02-18,174.013600,46.505100,31.764400,83.030900,92.954100,82.991000,81.198300,49.952900,64.844200,54.737800,15.294000,116.340000,20.793100,73.688900
2015-02-19,173.889400,46.562900,31.631300,82.821300,92.339300,82.924700,81.184800,49.838100,64.652300,53.561800,15.243200,115.940000,20.868300,73.688900
2015-02-20,174.932900,46.996500,31.842700,82.774700,92.610100,82.932100,81.305900,49.974800,64.832500,54.079500,15.184100,115.280000,20.851600,73.672800
2015-02-23,174.908000,46.830300,31.521600,83.155100,93.671300,83.086900,81.581700,50.013100,64.745300,54.514100,15.082600,115.430000,20.910100,73.688900
2015-02-24,175.404900,47.119300,31.975800,83.706500,94.900800,83.588300,82.113200,50.062300,65.047700,53.440300,15.091100,115.260000,20.868300,73.672800
2015-02-25,175.255800,47.155500,31.913100,83.784100,95.310700,83.728300,82.187200,50.226300,65.344200,53.453100,15.319300,115.700000,20.826500,73.688900
2015-02-26,175.048800,47.025400,31.921000,83.287200,94.007900,83.669400,81.743200,50.215300,65.274400,52.871500,15.192500,116.070000,21.043700,73.672800
2015-02-27,174.452500,47.047100,31.897500,83.582200,94.798400,84.156000,81.938300,50.226300,65.384900,53.286900,15.361600,116.160000,21.052100,73.688900
2015-03-02,175.554000,47.119300,31.850500,82.960100,93.032600,83.470300,81.228300,50.217100,65.166900,53.593700,15.141800,115.680000,21.093900,73.672800
2015-03-03,174.833500,46.830300,31.603900,82.781200,92.695300,83.588300,81.181000,50.074300,65.283600,53.491400,15.234800,115.470000,21.085500,73.688900
2015-03-04,174.096500,46.642400,31.263300,82.843400,92.724600,83.669400,81.127100,49.981000,65.026900,52.980100,15.099500,115.110000,21.194100,73.688900
2015-03-05,174.286900,46.750800,31.216300,82.890100,92.607300,83.521900,81.235000,50.074300,65.021100,53.133500,15.040300,115.000000,21.294400,73.688900
2015-03-06,171.835700,46.114800,30.738700,82.042400,90.561400,82.556000,80.371600,49.755800,64.583600,51.369400,14.854300,111.860000,21.553300,73.672800
2015-03-09,172.547900,46.187100,30.621300,82.423500,91.397400,82.430700,80.695400,49.651500,64.536900,51.778500,14.812100,111.970000,21.553300,73.688900
2015-03-10,169.748800,45.182500,29.940100,82.773400,92.600000,82.526500,80.823500,49.459300,64.286100,51.740100,14.617600,111.420000,21.778900,73.688900
2015-03-11,169.351300,45.298200,30.167100,82.921200,93.274600,82.666600,81.235000,49.596600,64.397000,51.784900,14.693700,110.750000,22.021200,73.688900
2015-03-12,171.504400,45.861900,30.355000,82.999000,93.208600,82.482300,81.154100,49.695400,64.472800,52.686100,14.626100,110.720000,21.904200,73.672800
2015-03-13,170.452700,45.594500,29.987100,82.874500,92.922600,82.216900,80.924700,49.525200,64.000300,52.654100,14.330200,110.880000,22.129800,73.688900
2015-03-16,172.730000,46.107600,30.347200,83.162300,93.817200,82.334800,81.005700,49.475800,63.813600,53.197400,14.313300,110.810000,21.962700,73.688900
2015-03-17,172.216600,45.992000,30.699500,83.333400,94.594500,82.415900,81.140600,49.228700,63.901100,53.178300,14.211800,110.210000,21.971000,73.688900
2015-03-18,174.286900,46.974800,31.451200,84.290000,96.420400,83.676700,82.138900,49.665200,64.741100,54.290400,14.600700,112.370000,21.536600,73.688900
2015-03-19,173.491900,46.425600,30.918800,83.893400,95.929100,83.625100,81.720700,49.272700,64.449500,54.264800,14.355500,112.290000,21.862400,73.688900
2015-03-20,175.023100,47.451800,31.380700,84.235600,96.435100,83.875800,81.950000,49.657000,65.149400,55.626200,14.550000,113.570000,21.570000,73.688900
2015-03-23,174.682100,47.690300,31.474700,84.344400,96.317700,83.838900,82.138900,49.695400,65.324400,55.555900,14.719100,114.290000,21.336100,73.672800
2015-03-24,173.700600,47.589100,31.599900,84.601100,97.249000,84.244500,82.260300,49.772300,65.359400,55.083000,14.600700,114.570000,21.403000,73.688900
2015-03-25,171.155200,47.365100,31.098900,84.235600,96.427700,84.222300,81.990500,49.640500,65.522700,54.132600,14.643000,114.730000,21.344500,73.672800
2015-03-26,170.747600,46.953100,30.809200,83.761100,94.924500,83.772600,81.484600,49.635000,65.166900,53.849700,14.820500,115.480000,21.419700,73.672800
2015-03-27,171.138500,47.076000,30.895300,84.087800,96.105100,83.809400,81.808400,49.673500,65.277700,53.920400,14.524600,115.060000,21.436400,73.672800
2015-03-30,173.226400,47.104900,31.490300,84.080000,95.628400,83.558800,81.950000,49.810700,65.429400,54.692000,14.600700,113.750000,21.603500,73.656700
2015-03-31,171.712500,46.375000,31.419900,84.297800,95.833800,83.750500,82.098400,49.750400,65.400200,54.209800,14.431600,113.660000,21.636900,73.688900
2015-04-01,171.105300,46.707400,31.811300,84.698800,97.092500,84.399300,82.334500,49.852700,65.720900,54.132600,14.693700,115.600000,21.645200,73.656700
2015-04-02,171.720800,47.112100,32.288900,84.457300,96.063800,84.089600,82.199200,49.891300,66.048700,54.544100,14.617600,115.280000,21.478100,73.672800
2015-04-06,172.877100,47.589100,32.703900,84.566400,95.527300,84.421400,82.307400,50.018200,66.288600,55.110000,14.803600,116.690000,21.311100,73.672800
2015-04-07,172.419500,47.524100,32.539500,84.636500,96.328300,84.605700,82.605000,50.282900,66.165700,54.139100,14.879700,116.110000,21.553300,73.688900
2015-04-08,173.001800,47.726400,33.220700,84.558600,96.357700,84.399300,82.578000,50.271900,66.475900,54.222700,14.592300,115.470000,21.586800,73.688900
2015-04-09,173.767100,47.791400,33.549500,84.215900,95.108500,84.097000,82.158600,50.222200,66.493500,53.097400,14.592300,114.670000,21.812300,73.672800
2015-04-10,174.715400,47.885400,33.573000,84.192500,95.248100,84.015900,82.273600,50.338100,66.499300,53.058900,14.744400,115.966000,21.862400,73.672800
2015-04-13,173.925100,47.581900,33.377200,84.363900,95.380400,84.038000,82.246600,50.244300,66.405700,52.917400,14.676800,115.140000,21.895900,73.656700
2015-04-14,174.257900,47.936000,33.526000,84.613100,96.056400,84.259200,82.435900,50.266400,66.481800,53.103900,14.744400,114.440000,21.728800,73.672800
2015-04-15,175.039800,48.152800,33.760900,84.659900,95.975600,84.517300,82.490100,50.464900,66.587100,52.705200,15.040300,115.430000,21.628500,73.656700
2015-04-16,174.989900,48.282900,34.027100,84.722200,95.498000,84.613100,82.442700,50.360100,66.440800,52.840200,15.201000,115.030000,21.461400,73.672800
2015-04-17,172.976900,47.675800,33.432100,84.893600,96.592800,85.151300,82.665900,50.205700,66.353000,52.595900,15.167200,115.600000,21.411300,73.656700
2015-04-20,174.557300,47.726400,33.400700,84.737800,95.740400,84.922800,82.469800,50.316000,66.195000,52.673100,15.099500,114.720000,21.536600,73.656700
2015-04-21,174.349400,48.152800,33.596500,84.558600,95.306900,84.620500,82.449500,50.349100,66.253500,52.763100,14.989600,115.380000,21.561700,73.672800
2015-04-22,175.206100,48.246700,33.956600,84.067800,93.851900,84.229700,81.915100,50.299500,66.493500,52.872400,15.040300,113.830000,21.561700,73.656700
2015-04-23,175.647000,48.427400,34.207200,84.324900,94.256100,84.443500,82.124800,50.282900,66.645600,53.013800,15.226300,114.660000,21.403000,73.656700
2015-04-24,176.054600,48.709300,34.328500,84.620900,94.844000,84.804800,82.280400,50.365600,66.786100,53.123200,15.217900,113.050000,21.319400,73.656700
2015-04-27,175.322600,48.947700,34.465500,84.488500,94.844000,84.819600,82.219500,50.382200,66.862200,53.052400,15.217900,115.330000,21.252600,73.672800
2015-04-28,175.879900,49.005600,34.520400,84.099000,93.536000,84.332900,81.732500,50.305000,66.815400,52.949500,15.243200,116.330000,21.118900,73.672800
2015-04-29,175.156200,48.579200,34.089700,83.787400,92.389600,84.178100,81.056200,50.211200,66.394000,51.882200,15.344700,115.510000,20.935100,73.672800
2015-04-30,173.401100,48.066100,33.573000,83.764000,92.551300,84.318200,81.123800,50.183600,66.206700,51.039900,15.463100,113.470000,20.809800,73.672800
2015-05-01,175.281000,48.600900,33.776600,83.306300,91.305400,83.971700,80.676200,50.295800,66.272200,51.425700,15.446100,113.080000,20.910100,73.656700
2015-05-04,175.780100,48.550300,33.972300,83.134600,90.443900,83.647200,80.418500,50.284700,66.178200,51.477100,15.437700,114.100000,20.968600,73.672800
2015-05-05,173.767100,47.827600,33.604300,82.994200,90.318700,83.610400,80.282900,50.218200,66.078400,50.358300,15.564500,114.420000,20.910100,73.672800
2015-05-06,173.051700,47.950400,33.189300,82.588500,88.772400,82.939400,79.937000,50.068700,66.060800,50.261900,15.564500,114.360000,20.676200,73.672800
2015-05-07,173.742100,47.791400,33.142400,82.939600,89.965300,83.153200,80.255700,50.063100,65.960900,51.033500,15.319300,113.420000,20.784800,73.656700
2015-05-08,176.029600,48.897200,33.565200,83.259500,90.208300,83.499800,80.716900,50.456400,66.325100,51.747200,15.403900,113.970000,20.809800,73.672800
2015-05-11,175.189500,48.470800,33.244100,82.440300,88.014000,82.740400,79.903000,50.140700,66.019600,50.969200,15.336200,113.530000,20.876700,73.656700
2015-05-12,174.665500,48.441900,33.134500,82.502700,88.242300,82.821500,79.787700,50.135100,65.667200,51.123500,15.496900,114.500000,20.759700,73.672800
2015-05-13,174.698700,48.803200,33.197200,82.393500,87.535400,82.696100,79.713100,50.063100,65.737700,50.634800,15.513800,116.550000,20.575900,73.672800
2015-05-14,176.520400,49.388600,33.526000,82.674300,87.771000,82.851000,79.984400,50.306000,65.955000,51.612100,15.606800,117.180000,20.509100,73.656700
2015-05-15,176.711700,49.446400,33.784400,83.267300,89.530900,83.426000,80.540600,50.417700,66.284000,52.139400,15.598300,117.530000,20.475700,73.656700
2015-05-18,177.260700,49.280200,33.439900,82.705500,88.028700,82.983700,79.923400,50.334600,66.113600,52.004400,15.556100,117.520000,20.676200,73.656700
2015-05-19,177.202500,49.092300,33.494700,82.338900,87.248200,82.585500,79.496100,50.257000,65.790600,51.824300,15.226300,115.890000,20.918400,73.656700
2015-05-20,177.077700,49.186200,33.471200,82.518300,87.395500,82.806700,79.591100,50.196100,65.849300,51.779300,15.192500,116.080000,20.960200,73.656700
2015-05-21,177.593500,49.446400,33.353800,83.009800,88.617800,83.123800,79.970900,50.268100,66.201700,51.535000,15.378500,115.690000,20.926800,73.672800
2015-05-22,177.169200,49.128400,33.463400,82.822600,88.654600,83.263800,79.916600,50.306900,66.289800,51.470700,15.209400,115.600000,21.118900,73.672800
2015-05-26,175.264400,48.246700,32.931000,83.337500,90.171500,83.330200,80.269300,50.201600,66.107700,51.078500,14.913500,113.910000,21.352800,73.672800
2015-05-27,176.928000,48.716500,32.938800,83.290700,90.377600,83.256500,80.350700,50.312400,65.990300,51.580000,14.710600,113.890000,21.361200,73.672800
2015-05-28,176.728400,48.629800,32.508200,83.368700,90.156700,83.204900,80.181100,50.290200,65.808200,51.477100,14.786700,114.020000,21.302700,73.656700
2015-05-29,175.630400,48.160000,32.195000,83.415500,90.355600,83.470300,80.215000,50.362300,66.002000,50.885600,14.972700,114.100000,21.269300,73.656700
2015-06-01,175.988100,48.029900,32.069700,83.047500,89.384400,82.954200,79.765200,50.446800,65.635800,51.509300,14.938900,114.000000,21.394600,73.656700
2015-06-02,175.813400,48.254000,32.195000,82.469300,88.137400,82.615000,79.357200,50.352200,65.547400,51.033500,15.116400,114.460000,21.068800,73.672800
2015-06-03,176.279200,48.521400,32.030600,81.766000,86.720500,82.106300,78.847100,50.079500,65.317400,50.300500,14.922000,113.640000,20.926800,73.672800
2015-06-04,174.790200,48.001000,31.545100,82.164500,87.849600,82.334800,79.255100,49.918100,65.246700,50.204000,14.786700,112.840000,20.951800,73.656700
2015-06-05,174.490800,47.430100,31.404200,81.570700,86.779600,82.106300,78.853900,49.767900,64.898900,49.644600,14.854300,112.240000,21.135600,73.656700
2015-06-08,173.417700,47.365100,31.396400,81.687900,86.683700,82.216900,78.799400,49.767900,64.739700,49.554600,14.862800,112.570000,20.893400,73.640600
2015-06-09,173.392800,47.104900,31.208500,81.422200,85.997400,82.032500,78.445800,49.684400,64.498000,49.194500,15.099500,112.820000,20.868300,73.640600
2015-06-10,175.472300,48.095000,31.662600,81.109600,85.244700,81.737600,78.234900,49.751200,64.268000,49.541700,15.158700,113.780000,20.751400,73.656700
2015-06-11,176.038000,48.225100,31.506000,81.750400,87.037900,82.143100,78.928700,49.851400,64.439000,49.843900,15.023400,113.260000,20.809800,73.672800
2015-06-12,174.690400,47.842000,31.506000,81.703500,87.037900,82.187400,78.792600,49.667700,64.527400,49.798900,14.871200,113.230000,20.793100,73.656700
2015-06-15,173.941800,47.553000,31.153700,81.898900,87.178100,82.452800,78.779000,49.434000,64.209100,49.528900,14.803600,113.730000,20.776400,73.672800
2015-06-16,174.890100,47.538500,31.161500,82.211400,87.864300,82.939400,78.976300,49.712300,64.197300,49.927500,14.845900,113.320000,20.818200,73.640600
2015-06-17,175.172900,47.430100,31.349400,82.258300,87.185400,83.035300,78.969500,49.667700,64.480300,50.351900,14.888200,113.850000,20.634400,73.672800
2015-06-18,176.994600,47.856500,31.639100,82.195800,86.757400,82.836200,78.826700,49.851400,64.810400,51.046300,14.888200,115.320000,20.567600,73.640600
2015-06-19,176.208900,47.740900,31.365100,82.633400,87.871700,83.027900,79.248300,49.879200,64.975500,50.654100,14.752900,115.120000,20.617700,73.640600
2015-06-22,177.111600,48.644200,31.819200,81.937900,86.078600,82.659300,78.622600,49.979300,65.069800,50.133300,14.803600,113.640000,20.659500,73.656700
2015-06-23,177.237000,48.774300,32.132400,81.687900,85.562000,82.474900,78.445800,49.946000,65.046200,49.715300,14.981200,112.890000,20.901700,73.640600
2015-06-24,175.949800,48.347900,31.905300,81.930100,86.299900,82.622400,78.663400,49.812400,65.105200,49.445300,14.879700,112.590000,20.860000,73.640600
2015-06-25,175.414800,48.334000,31.795700,81.726900,85.997400,82.533900,78.534200,49.662200,65.016800,48.943800,14.896600,112.440000,20.826500,73.656700
2015-06-26,175.381400,48.311900,31.495900,81.336200,85.030700,82.165300,78.173700,49.517500,64.810400,49.295800,14.964200,112.560000,20.885000,73.640600
2015-06-29,171.703600,46.827400,30.793900,82.281700,87.281400,82.769800,78.853900,49.178100,64.639400,48.529400,14.896600,113.070000,20.768100,73.656700
2015-06-30,172.063000,46.658400,31.251400,82.055100,86.676300,82.615000,78.704200,49.411800,64.804500,48.509900,15.217900,112.370000,20.910100,73.656700
2015-07-01,173.442200,46.959700,31.227700,81.626600,85.506300,82.312700,78.452100,49.420000,65.042300,49.308800,15.031900,111.980000,21.077200,73.656700
2015-07-02,173.283400,47.018500,31.377600,81.916200,85.787300,82.674000,78.752200,49.604400,65.083700,49.432200,15.006500,111.760000,21.027000,73.656700
2015-07-06,172.790200,46.070500,30.502100,82.495300,87.377400,82.998400,79.066000,49.442400,64.811500,49.743900,14.516200,112.060000,21.068800,73.656700
2015-07-07,173.876800,46.085200,30.044600,82.714500,88.198300,83.271200,79.393400,49.481500,64.764100,50.523300,14.431600,110.760000,21.135600,73.640600
2015-07-08,170.959700,45.012200,29.011300,83.043200,88.960000,83.374400,79.502500,49.235600,64.639800,50.328500,14.364000,111.090000,21.052100,73.640600
2015-07-09,171.268900,45.754500,29.571300,82.464000,87.207300,82.836200,78.977300,49.347300,64.787800,50.088200,14.533100,111.360000,21.118900,73.640600
2015-07-10,173.425500,47.253700,30.320600,81.892700,85.824300,82.445400,78.472600,49.632400,65.030400,50.503800,14.600700,111.490000,20.968600,73.640600
2015-07-13,175.339600,47.430000,30.525700,81.673600,85.558100,82.157900,78.302100,49.677100,64.929800,50.575300,14.609200,110.990000,21.177400,73.640600
2015-07-14,176.100200,47.826900,30.580900,81.931800,85.839100,82.290600,78.370300,49.626800,64.716800,50.679200,14.558400,110.740000,21.144000,73.656700
2015-07-15,176.041700,47.650500,30.233900,82.244900,86.748700,82.519200,78.574900,49.626800,64.716800,50.763600,14.389300,110.160000,21.235900,73.640600
2015-07-16,177.454300,48.062000,30.612500,82.213600,87.347800,82.622400,78.697700,49.705100,64.888400,51.172800,14.321700,109.760000,21.352800,73.640600
2015-07-17,177.604800,47.995900,30.573000,82.221400,87.798900,82.592900,78.752200,49.570900,64.912100,50.990900,14.245600,108.650000,21.403000,73.656700
2015-07-20,177.696700,48.106100,30.375900,82.057100,87.429100,82.371700,78.568100,49.341800,64.823300,51.049400,14.017400,105.700000,21.411300,73.640600
2015-07-21,176.994600,47.966500,30.383700,82.284000,87.902400,82.563400,78.731800,49.252300,64.864700,50.906500,14.076500,105.370000,21.260900,73.656700
2015-07-22,176.677000,47.599100,29.949900,82.385800,88.449700,82.600300,78.834100,48.933700,64.906200,51.127300,13.873600,104.800000,21.311100,73.640600
2015-07-23,175.682300,47.474100,29.658100,82.722300,89.551600,82.740400,79.066000,48.905800,64.734500,50.490800,13.755300,104.330000,21.227500,73.640600
2015-07-24,173.860100,46.952400,29.232100,82.800600,89.773500,82.651900,79.031900,48.766100,64.497800,50.705200,13.645400,105.350000,21.260900,73.656700
2015-07-27,172.848700,46.607000,28.680000,83.074500,90.254200,82.821500,79.038700,48.559300,64.243300,50.796100,13.383300,104.860000,21.093900,73.640600
2015-07-28,174.971800,47.194900,28.971800,82.839700,89.596000,82.622400,78.977300,48.822000,64.355800,50.828600,13.493200,105.020000,21.110600,73.640600
2015-07-29,176.175500,47.363900,29.255800,82.722300,89.263200,82.615000,78.909100,49.107000,64.687200,51.159800,13.535500,105.170000,21.227500,73.656700
2015-07-30,176.217300,47.327200,28.963900,82.816200,89.951000,82.733000,78.950000,49.252300,64.894300,50.906500,13.484700,104.270000,21.311100,73.656700
2015-07-31,175.949800,47.606400,29.279500,83.301400,90.616600,83.057400,79.359300,49.168500,64.900200,51.309200,13.298700,104.930000,21.244200,73.656700
2015-08-03,175.356300,47.481500,28.790400,83.555500,91.570400,82.983700,79.543600,49.076500,64.614600,51.627400,13.078900,104.100000,21.294400,73.656700
2015-08-04,175.013600,47.518200,28.893000,83.124400,90.844100,82.519200,79.140100,49.104600,64.709600,51.250700,13.155000,104.310000,21.403000,73.640600
2015-08-05,175.590400,47.768100,28.900800,82.803100,90.162200,82.261100,78.832300,49.037200,64.644300,50.913000,13.104300,103.930000,21.394600,73.640600
2015-08-06,174.152700,47.569700,28.648400,83.093100,90.962700,82.408600,78.982800,48.835100,64.412600,50.984400,13.095800,104.390000,21.352800,73.640600
2015-08-07,173.818300,47.481500,28.632700,83.422300,92.156000,82.637100,79.256400,48.683500,64.442300,51.172800,13.045100,104.650000,21.319400,73.640600
2015-08-10,176.008300,48.062000,29.113800,83.077400,91.014600,82.519200,78.941700,48.823800,64.454200,51.010400,13.324100,105.720000,21.219200,73.656700
2015-08-11,174.420100,47.327200,28.474900,83.626100,92.459800,82.858300,79.270000,48.599200,64.472000,51.348200,13.146600,106.260000,21.219200,73.640600
2015-08-12,174.629100,46.989100,28.033200,83.594700,91.955900,82.666600,79.146900,48.531900,64.507600,51.510500,13.104300,107.750000,20.993600,73.640600
2015-08-13,174.411800,46.959700,27.985900,83.375300,91.659400,82.445400,78.873300,48.470100,64.454200,51.569000,13.045100,106.860000,21.027000,73.640600
2015-08-14,175.047000,47.033200,28.025300,83.289000,91.874300,82.357000,78.948600,48.498200,64.489800,51.848300,12.960600,106.850000,21.085500,73.624500
2015-08-17,176.025000,46.945000,27.717700,83.438000,92.289400,82.349600,79.201600,48.498200,64.531400,52.289900,12.909800,107.130000,21.118900,73.624500
2015-08-18,175.515100,46.592300,27.417900,83.304700,91.563000,82.150500,78.900700,48.436400,64.299700,52.432800,12.842200,107.110000,21.169100,73.640600
2015-08-19,174.127600,46.180700,27.078800,83.814200,92.467300,82.430700,79.283700,48.391500,64.127400,52.121000,12.698500,108.550000,21.035400,73.656700
2015-08-20,170.491600,45.063700,26.652800,84.041500,93.401100,82.659300,79.331600,48.155700,63.895700,51.737800,12.732300,110.440000,20.918400,73.640600
2015-08-21,165.359400,44.034800,25.832500,84.378600,93.682800,82.688700,79.352100,47.981600,63.622400,50.776600,12.520900,111.130000,20.717900,73.640600
2015-08-24,158.396600,42.513600,24.704500,84.519600,93.653100,82.401200,79.133200,47.588600,62.701600,48.399500,12.208100,110.530000,20.375400,73.640600
2015-08-25,156.532600,42.917800,25.020000,84.057200,92.148600,82.202100,78.729700,47.684100,63.188700,47.068100,12.258800,109.160000,20.517400,73.640600
2015-08-26,162.542500,43.931900,25.848300,83.539900,90.369800,81.708100,78.681800,48.082700,63.176900,48.341000,12.182800,107.670000,20.768100,73.656700
2015-08-27,166.563000,44.468400,26.992000,83.492800,90.421600,82.106300,78.757000,48.442000,64.091800,49.276300,12.622400,107.730000,20.901700,73.640600
2015-08-28,166.571400,44.402300,26.644900,83.508500,90.688500,82.342200,78.900700,48.487000,64.133400,49.204900,12.952100,108.700000,20.968600,73.656700
2015-08-31,165.225600,44.071600,26.692300,83.367400,89.991800,82.268500,78.702300,48.419600,64.169000,48.081300,13.264900,108.820000,20.935100,73.656700
2015-09-01,160.294000,42.594400,25.659000,83.742000,90.640200,82.118900,79.179000,48.263600,64.217200,47.165500,12.825300,109.200000,20.809800,73.656700
2015-09-02,163.336600,43.226400,26.029700,83.514300,89.860300,81.860100,79.062400,48.461000,63.936700,47.652600,12.935200,108.620000,20.918400,73.640600
2015-09-03,163.453600,43.329300,26.132200,83.718400,90.298500,81.867500,79.439700,48.528600,64.270900,47.782500,13.019700,107.840000,21.018700,73.656700
2015-09-04,160.979400,42.337200,25.351300,83.977500,91.123000,82.000600,79.618000,48.477900,64.223100,46.892700,12.859100,107.490000,20.993600,73.640600
2015-09-08,165.025000,43.579200,26.155900,83.608500,89.778600,81.630900,79.247600,48.742900,64.199300,47.600600,12.952100,107.520000,20.918400,73.640600
2015-09-09,162.818300,43.402800,26.021800,83.639900,90.209400,81.815800,79.419100,48.680900,64.414000,47.055100,12.783000,106.130000,20.918400,73.640600
2015-09-10,163.704300,43.689400,26.290000,83.451500,89.600300,81.838000,79.261300,48.799300,64.318600,47.159000,12.892900,106.380000,20.834900,73.624500
2015-09-11,164.448300,43.682100,26.392500,83.671300,90.164800,82.067200,79.316200,48.782400,64.330500,48.061800,12.876000,106.160000,20.743000,73.640600
2015-09-14,163.838100,43.351400,26.353100,83.749800,90.306000,81.911900,79.309300,48.697800,64.372300,48.087800,12.715400,106.220000,20.751400,73.640600
2015-09-15,165.886000,43.645300,26.605500,83.090400,88.575300,81.357400,78.712500,48.686500,64.294700,48.561900,12.757700,105.900000,20.834900,73.624500
2015-09-16,167.323600,44.314100,27.252300,83.066800,88.241100,81.335200,78.856600,48.511700,64.557200,49.081500,12.969000,107.310000,20.776400,73.624500
2015-09-17,166.947500,44.336100,27.189200,83.757700,89.318100,81.971000,79.508300,48.551200,64.933100,49.640000,12.884500,108.410000,20.559200,73.624500
2015-09-18,164.219700,43.226400,26.684400,84.150200,90.692200,82.229800,79.748400,48.415800,65.100200,49.555600,12.690000,109.210000,20.768100,73.624500
2015-09-21,165.068300,43.204400,26.637000,83.671300,89.214100,81.712300,79.343600,48.325600,64.736200,49.977700,12.833700,108.530000,20.893400,73.640600
2015-09-22,162.925800,42.175500,26.140100,84.087400,90.454500,81.911900,79.686600,47.975900,64.217200,49.347700,12.757700,107.790000,20.985300,73.640600
2015-09-23,162.665300,41.977100,25.722100,83.993200,90.447100,81.852700,79.638600,47.891400,64.085900,49.657400,12.656200,108.220000,20.985300,73.624500
2015-09-24,162.077200,41.859500,25.611600,84.118800,91.063600,81.860100,79.652300,47.654500,63.871100,49.191600,12.732300,110.490000,20.918400,73.624500
2015-09-25,162.035100,42.227000,25.556400,83.899000,90.276300,81.423900,79.412200,47.412000,63.721900,49.388400,12.808400,109.810000,20.951800,73.624500
2015-09-28,157.968500,41.396600,25.012200,84.377900,91.821200,81.446100,79.549400,46.684500,63.173000,48.620900,12.630800,108.420000,20.926800,73.640600
2015-09-29,158.060900,41.337800,25.130500,84.668400,92.081200,81.675300,79.652300,46.678800,63.029800,49.139100,12.715400,107.980000,20.893400,73.640600
2015-09-30,161.010100,42.124100,25.856200,84.684100,91.761800,81.838000,79.638600,46.972100,63.483300,49.552400,12.808400,106.860000,20.968600,73.624500
2015-10-01,161.430200,42.256400,25.998100,84.750300,92.153300,82.135100,79.620800,46.670800,63.303200,49.795100,12.723800,106.730000,20.960200,73.640600
2015-10-02,163.841600,42.976600,26.692300,85.159200,92.711500,82.608500,79.971700,46.716200,64.022400,50.155900,12.808400,108.990000,20.910100,73.640600
2015-10-05,166.757100,43.829100,27.268100,84.687400,91.453700,82.357000,79.758400,47.277200,64.340000,51.002100,12.977500,108.770000,20.918400,73.624500
2015-10-06,166.185800,43.880500,27.220700,84.860400,91.848100,82.593700,79.916600,47.537800,64.543800,50.884000,13.231100,109.860000,20.776400,73.624500
2015-10-07,167.546900,44.431700,27.946400,84.648100,91.543000,82.578900,80.198700,48.025200,64.747500,51.467900,13.205700,109.700000,20.801500,73.624500
2015-10-08,169.059300,44.784400,28.246200,84.428000,90.776300,82.549400,79.882200,48.223500,64.777500,51.900800,13.264900,109.140000,20.751400,73.624500
2015-10-09,169.160100,44.865300,28.348700,84.475100,91.014500,82.320000,79.916600,48.229200,65.047200,51.815500,13.324100,110.870000,20.651100,73.624500
2015-10-12,169.319800,44.777100,28.135700,84.758200,91.706700,82.468000,80.240000,48.138500,65.131100,52.182900,13.112700,111.310000,20.634400,73.624500
2015-10-13,168.252700,44.211200,27.678200,84.836800,91.863000,82.423600,80.178100,48.025200,64.675600,51.776200,13.028200,111.860000,20.601000,73.624500
2015-10-14,167.446100,44.299400,27.891200,85.300700,92.666900,82.704700,80.494500,47.991200,64.969300,51.389100,13.062000,113.810000,20.425500,73.624500
2015-10-15,170.017200,45.056300,28.569600,85.009800,92.212900,82.549400,80.460100,48.104500,65.292900,52.091000,13.028200,113.290000,20.559200,73.624500
2015-10-16,170.790200,45.019600,28.593200,84.939000,92.242600,82.327400,80.487700,48.325500,65.646500,52.484600,13.036600,112.490000,20.592600,73.624500
2015-10-19,170.874200,44.865300,28.301400,84.899700,91.989600,82.186900,80.480800,48.455800,65.652400,53.219300,12.799900,112.020000,20.651100,73.624500
2015-10-20,170.655700,44.681500,28.293500,84.608800,91.423900,82.090700,80.329400,48.501200,65.292900,53.199600,12.825300,112.730000,20.634400,73.608300
2015-10-21,169.597100,44.659500,27.883300,84.899700,92.331900,82.142500,80.728500,48.450200,65.065100,53.002800,12.715400,111.730000,20.659500,73.624500
2015-10-22,172.462200,45.159200,28.459100,84.986200,92.488200,82.423600,80.900500,48.467200,65.340800,53.468600,12.757700,111.690000,20.960200,73.624500
2015-10-23,174.352700,45.607500,28.624800,84.506600,91.699300,82.305200,80.604600,48.637200,65.472700,52.950400,12.681600,111.500000,21.135600,73.624500
2015-10-26,173.924200,45.438500,28.364500,84.726700,92.309600,82.283000,80.749100,48.586200,65.508600,52.937200,12.647700,111.430000,21.068800,73.608300
2015-10-27,173.588100,45.041600,28.041100,84.939000,92.540300,82.468000,80.769700,48.427500,65.328800,52.917600,12.588600,111.680000,21.085500,73.608300
2015-10-28,175.562600,45.335600,27.717700,84.498700,92.168200,82.053700,80.453300,48.557800,65.059100,52.963500,12.799900,110.780000,21.260900,73.608300
2015-10-29,175.461700,45.004900,27.457400,83.979800,90.701900,81.831800,79.889100,48.433200,65.155000,52.891300,12.723800,109.720000,21.169100,73.608300
2015-10-30,174.705600,44.909400,27.504700,84.144900,91.386700,82.083300,80.095500,48.489800,65.023200,52.405900,12.850700,109.300000,21.093900,73.608300
2015-11-02,176.772500,45.335600,28.049000,83.903200,90.966700,82.046300,79.751100,48.640000,65.071100,53.521100,12.783000,108.590000,21.077200,73.608300
2015-11-03,177.285000,45.320900,28.419700,83.682700,90.220800,81.905800,79.758000,48.691200,65.432100,52.983200,13.011300,106.980000,21.135600,73.624500
2015-11-04,176.747300,45.071000,28.190900,83.596100,90.325200,81.794800,79.668300,48.548900,65.420100,52.747000,12.791500,105.970000,21.311100,73.608300
2015-11-05,176.570800,44.990200,28.238300,83.541000,90.086500,81.535900,79.689000,48.361100,65.498300,52.956900,12.690000,105.640000,21.327800,73.608300
2015-11-06,176.478400,44.784400,27.843900,82.974000,88.766200,81.195600,79.171500,48.127700,65.101200,51.310400,12.613900,104.100000,21.578400,73.608300
2015-11-09,174.831600,44.321400,27.149800,82.832200,88.266400,81.166000,79.040400,47.928400,64.788300,50.431400,12.504000,104.400000,21.536600,73.624500
2015-11-10,175.234900,44.292000,27.031400,82.989700,88.527500,81.136400,79.240500,47.820200,64.872500,51.008700,12.478700,104.180000,21.595100,73.608300
2015-11-11,174.545900,44.519900,27.086600,82.950400,88.341000,81.129000,79.233600,47.706400,64.890600,51.067700,12.351800,103.830000,21.536600,73.624500
2015-11-12,172.109300,43.939300,26.826400,82.997600,88.766200,81.129000,79.206000,47.387600,65.010900,50.720100,12.174300,103.850000,21.444700,73.624500
2015-11-13,170.176800,43.571800,26.455600,83.312600,89.273400,81.240000,79.440600,47.250900,64.914600,50.142800,12.081300,103.560000,21.519900,73.608300
2015-11-16,172.764700,44.123600,26.968300,83.422800,89.191400,81.195600,79.454400,47.473000,64.950700,50.720100,12.140500,103.710000,21.636900,73.624500
2015-11-17,172.638600,44.240600,26.889500,83.399200,89.340600,81.343600,79.537200,47.507100,65.101200,50.720100,11.954500,102.340000,21.670300,73.608300
2015-11-18,175.377700,44.644800,27.180700,83.359800,89.527000,81.461900,79.557900,47.598200,65.257600,51.166100,12.005200,102.430000,21.670300,73.608300
2015-11-19,175.226500,44.872600,27.425800,83.541000,90.123800,81.750400,79.792500,47.171200,65.378000,51.323500,12.005200,103.560000,21.519900,73.624500
2015-11-20,175.865100,44.769700,27.701900,83.430700,89.847800,81.817000,79.778700,47.159900,65.582500,51.966400,11.988300,103.090000,21.670300,73.608300
2015-11-23,175.663400,44.490500,27.441600,83.541000,90.123800,81.913200,79.806300,47.120000,65.516400,52.077900,12.081300,102.260000,21.703700,73.624500
2015-11-24,175.898700,44.497800,27.583600,83.619700,90.116300,82.001900,79.833800,47.182600,65.450200,51.802400,12.275800,102.940000,21.661900,73.608300
2015-11-25,175.873500,44.600700,27.370600,83.666900,90.325200,81.957600,79.909700,47.233900,65.390000,52.012300,12.258800,102.460000,21.703700,73.608300
2015-11-27,176.075100,44.608000,26.771100,83.753600,90.235700,82.001900,79.937300,47.307900,65.396000,52.464900,12.072800,101.250000,21.737100,73.624500
2015-11-30,175.344100,44.571300,26.810600,83.785100,90.593700,81.964900,79.971800,47.279400,65.221500,52.077900,11.996800,101.920000,21.787200,73.624500
2015-12-01,177.016100,45.041600,27.015700,84.230700,91.817400,82.268200,80.572800,47.615800,65.412100,52.799500,12.132000,102.280000,21.687000,73.608300
2015-12-02,175.209700,44.564000,26.692300,83.994100,91.847300,81.987100,80.379000,47.518600,65.200600,51.723700,11.878400,100.690000,21.737100,73.608300
2015-12-03,172.756300,44.350800,26.542400,83.110800,89.350600,81.476700,79.313500,47.393300,64.747600,50.910300,12.013700,101.760000,21.219200,73.624500
2015-12-04,176.125500,44.710900,26.723800,83.418300,90.135500,81.683800,79.742500,47.284000,64.844200,51.881100,11.996800,104.020000,21.369500,73.624500
2015-12-07,175.058400,44.424300,26.279700,83.686500,91.010100,81.654300,79.880900,46.952300,64.687200,51.736800,11.650100,102.670000,21.436400,73.624500
2015-12-08,173.882100,43.770300,25.990200,83.733800,91.055000,81.676400,79.777100,46.368800,64.584500,51.690900,11.590900,102.840000,21.369500,73.608300
2015-12-09,172.529400,43.571800,25.777300,83.860000,90.957800,81.521100,79.756300,46.609000,64.693200,51.402300,11.599400,102.640000,21.144000,73.592200
2015-12-10,172.974700,43.579200,25.603100,83.678600,91.077400,81.343600,79.569500,46.414600,64.596500,51.034900,11.557100,102.550000,21.260900,73.608300
2015-12-11,169.622300,42.748800,24.886000,84.349000,92.512600,81.609900,79.707900,45.487900,63.605800,50.943100,11.438800,103.110000,21.177400,73.624500
2015-12-14,170.479300,42.814900,25.288200,83.725900,91.316600,81.025500,79.119800,45.093200,63.859500,51.179200,11.362700,101.790000,21.219200,73.624500
2015-12-15,172.268900,43.028000,25.674700,83.513000,90.778400,80.981100,79.126700,45.831100,64.071000,51.736800,11.337300,101.520000,21.336100,73.608300
2015-12-16,174.789600,43.895200,26.179600,83.292200,90.584000,80.744400,79.112900,46.180000,64.119300,52.747000,11.286600,102.750000,21.336100,73.624500
2015-12-17,172.126100,43.336700,25.840400,83.639200,91.608100,81.025500,79.202800,45.665200,64.173700,52.484600,11.168200,100.500000,21.536600,73.608300
2015-12-18,169.059300,42.881000,25.753600,83.938900,92.116400,81.247400,79.202800,45.493600,64.028700,51.874600,11.219000,102.040000,21.411300,73.624500
2015-12-21,170.453900,43.079700,25.954700,83.978300,92.094000,81.099400,79.258200,45.350600,63.913900,52.077900,11.168200,103.150000,21.336100,73.608300
2015-12-22,172.000600,43.405900,26.163000,83.741700,91.428700,80.988500,79.154400,45.899700,64.022600,52.287800,11.117500,102.610000,21.302700,73.608300
2015-12-23,174.130600,44.132400,26.531500,83.552400,90.741000,81.062400,79.223600,46.191500,64.312600,52.825300,11.320400,102.310000,21.336100,73.608300
2015-12-24,173.843200,44.058300,26.435300,83.705300,91.260900,81.203000,79.481800,46.285700,64.341800,52.825300,11.320400,103.050000,21.286000,73.624500
2015-12-28,173.445900,43.954500,26.251100,83.721100,91.530500,81.225200,79.384700,46.009700,64.159600,53.117900,11.159800,102.270000,21.260900,73.608300
2015-12-29,175.297000,44.391900,26.275100,83.278800,90.009900,80.914500,78.975300,46.274200,64.220400,53.683300,11.345800,102.200000,21.319400,73.608300
2015-12-30,174.054500,44.125000,25.866600,83.310400,89.920000,81.003300,78.975300,46.308700,64.353900,53.497100,11.235900,101.420000,21.319400,73.624500
2015-12-31,172.313400,43.531900,25.786500,83.405200,90.324500,81.136400,79.107100,46.337400,64.232500,53.031500,11.295000,101.460000,21.428000,73.608300
2016-01-04,169.904500,42.864700,25.081500,83.760600,90.976200,81.454500,79.065500,46.061400,64.165700,52.392900,11.210500,102.890000,21.461400,73.624500
2016-01-05,170.191900,42.798000,25.137600,83.736900,90.609200,81.402700,79.107100,46.147700,64.335700,53.403900,11.100600,103.180000,21.586800,73.624500
2016-01-06,168.045000,42.093700,24.656300,84.242400,91.830200,81.661600,79.419400,46.147700,64.329700,53.257600,10.923100,104.670000,21.528300,73.592200
2016-01-07,164.013400,41.218900,23.895900,84.424100,91.995000,81.595100,79.481800,45.848600,64.026000,52.220000,10.872300,106.150000,21.311100,73.608300
2016-01-08,162.213100,40.722200,23.639600,84.637400,92.407000,81.661600,79.544300,45.727900,63.971400,51.521600,10.821600,105.680000,21.352800,73.608300
2016-01-11,162.373700,40.892700,23.631600,84.368800,91.395700,81.232600,79.287500,45.658900,63.862100,51.814300,10.525700,104.740000,21.453100,73.608300
2016-01-12,163.683700,41.085500,23.679600,84.748000,92.714100,81.454500,79.467900,45.704900,63.564500,51.468400,10.458100,104.210000,21.486500,73.624500
2016-01-13,159.601400,40.447900,23.431300,85.079700,93.628000,81.624700,79.710800,45.198800,63.315600,50.730100,10.398900,104.720000,21.453100,73.608300
2016-01-14,162.221500,40.966900,23.735700,84.906000,92.751500,81.550700,79.315300,45.400100,63.388500,50.610400,10.424200,103.020000,21.511600,73.592200
2016-01-15,158.739300,39.484200,22.794500,85.300900,94.197300,81.550700,79.197300,44.802100,62.763000,50.264500,10.200200,104.080000,21.461400,73.592200
2016-01-19,158.950600,39.847400,23.134900,85.190300,93.905100,81.469300,78.843500,44.646800,62.993800,50.530500,10.119900,103.980000,21.503200,73.608300
2016-01-20,156.913600,38.943000,22.630200,85.609000,94.893900,81.513700,78.961400,44.347800,62.611200,49.173700,10.043800,105.370000,21.511600,73.608300
2016-01-21,157.792600,39.232100,22.718400,85.395700,94.249700,81.217800,78.732500,44.646800,62.896600,49.446400,10.179100,105.490000,21.486500,73.624500
2016-01-22,161.029800,40.388600,23.495400,85.206100,93.890100,81.336200,78.781000,45.331100,63.485600,50.823200,10.483400,105.000000,21.603500,73.592200
2016-01-25,158.595600,39.847400,23.090900,85.490500,94.399500,81.491500,78.697800,44.882600,63.194100,50.503900,10.255200,106.080000,21.536600,73.608300
2016-01-26,160.759300,40.559100,23.431300,85.553700,94.444500,81.698600,78.919800,45.285100,63.394500,51.561500,10.458100,107.290000,21.494900,73.592200
2016-01-27,159.009700,40.299700,23.351200,85.616900,94.422000,81.905800,78.704700,45.216100,63.698100,50.563800,10.584900,107.690000,21.478100,73.608300
2016-01-28,159.838000,40.418300,23.719700,85.727500,94.556800,82.075900,78.794900,45.446100,64.032100,50.178000,10.703200,106.540000,21.377900,73.608300
2016-01-29,163.734500,41.130000,24.488700,86.185600,95.358300,82.408800,79.204300,45.595600,64.256800,51.209000,10.804700,106.949200,21.603500,73.624500
2016-02-01,163.675300,41.085500,24.256400,85.987200,95.066400,82.260900,78.951800,45.324600,63.939200,51.295400,10.601800,108.050000,21.461400,73.592200
2016-02-02,160.725500,40.129200,23.471400,86.596300,96.830100,82.512400,79.097900,45.001000,63.799000,50.829800,10.415800,108.090000,21.444700,73.592200
2016-02-03,161.689000,40.462800,24.136300,86.501400,96.027000,82.615900,78.903100,45.220600,64.079400,51.169100,10.677900,109.250000,21.077200,73.608300
2016-02-04,161.942600,40.514700,24.320500,86.707000,96.492400,82.630700,78.937900,45.076100,64.158600,51.195700,10.661000,110.570000,20.935100,73.624500
2016-02-05,158.857600,39.891900,24.040100,86.817800,96.604900,82.401400,78.923900,44.735200,64.091600,50.224600,10.593300,112.320000,21.027000,73.624500
2016-02-08,156.719200,39.150600,23.711700,87.466400,98.683800,82.460600,79.334500,44.209300,63.805100,48.787900,10.542600,113.830000,20.976900,73.608300
2016-02-09,156.727700,38.698400,23.383200,87.482300,98.788900,82.275600,79.063100,44.041700,63.597800,47.889900,10.272100,113.580000,20.826500,73.624500
2016-02-10,156.592400,38.653900,23.479400,87.743300,99.659500,82.578900,79.160500,43.978100,63.658700,48.222500,10.289000,114.460000,20.784800,73.608300
2016-02-11,154.555500,38.090500,23.086800,88.146700,100.357500,82.867500,79.425000,43.683400,63.585600,47.537400,10.415800,119.059200,20.726300,73.624500
2016-02-12,157.741900,38.757700,23.487400,87.474300,98.691300,82.556800,78.979600,44.336400,63.835500,48.082800,10.568000,118.360000,20.818200,73.608300
2016-02-16,160.404300,39.544100,24.008100,87.213300,97.648100,82.216500,78.603800,44.376900,64.042800,48.967500,10.449600,114.770000,21.002000,73.608300
2016-02-17,163.024500,40.225500,24.480700,86.999700,97.047700,82.075900,78.582900,44.740900,64.494000,49.386500,10.669400,115.480000,20.993600,73.608300
2016-02-18,162.356800,40.018000,24.336500,87.403200,98.241000,82.305200,79.223200,44.781400,64.689000,49.885400,10.610200,118.290000,21.002000,73.624500
2016-02-19,162.280700,39.973500,24.224400,87.403200,98.323600,82.371800,79.167500,44.868100,64.634200,50.171400,10.517200,117.580000,20.943500,73.624500
2016-02-22,164.630400,40.425700,24.825200,87.316100,98.271100,82.571500,79.327600,45.255300,64.951200,50.650300,10.677900,115.490000,21.102200,73.624500
2016-02-23,162.551200,39.765900,24.296500,87.490200,98.668800,82.823100,79.487600,45.162800,64.939000,50.517200,10.534200,117.220000,21.110600,73.608300
2016-02-24,163.294900,39.625000,24.240400,87.490200,98.473700,83.008000,79.564200,45.237900,64.951200,50.457400,10.669400,117.610000,21.127300,73.624500
2016-02-25,165.272700,40.099500,24.320500,87.751200,98.826400,83.348300,80.009600,45.480700,65.176700,51.488300,10.661000,117.920000,21.110600,73.608300
2016-02-26,164.892400,39.995700,24.080200,87.324100,97.873300,83.133800,79.981700,45.786900,65.286500,51.222300,10.644100,117.110000,21.252600,73.608300
2016-02-29,163.599200,39.758500,24.288500,87.466400,98.301100,83.414900,80.037400,46.278200,65.384000,51.022700,10.779300,118.640000,21.294400,73.624500
2016-03-01,167.444900,40.796400,25.153600,86.783100,96.570100,83.185500,79.601200,47.009400,66.148700,52.459400,10.787800,117.770000,21.302700,73.624500
2016-03-02,168.197200,41.078100,25.490100,86.632600,96.968700,83.363100,79.761700,46.689900,65.989600,52.838600,10.847000,118.680000,21.286000,73.608300
2016-03-03,168.856400,41.478400,25.778400,86.735600,97.322100,83.533200,80.138600,46.846700,66.069200,53.117900,10.906100,120.730000,21.152300,73.624500
2016-03-04,169.405800,41.782400,26.291100,86.442400,96.698000,83.274300,80.124600,46.980300,66.228300,53.124600,11.117500,120.540000,21.093900,73.624500
2016-03-07,169.541100,41.730500,26.251100,86.268200,96.667900,82.941400,80.215400,47.038400,66.356900,53.264300,11.320400,121.140000,21.052100,73.624500
2016-03-08,167.690000,41.322700,25.802500,86.767200,97.735600,83.259500,80.641100,46.707300,66.093600,52.718800,11.168200,120.580000,21.060400,73.608300
2016-03-09,168.518400,41.478400,25.962700,86.426600,97.141600,83.207700,80.550400,46.823500,66.252800,53.011500,11.337300,119.580000,21.068800,73.624500
2016-03-10,168.653600,41.411700,26.002700,86.117700,96.743100,82.919200,80.885400,47.148800,66.216100,52.818600,11.320400,121.500000,20.860000,73.624500
2016-03-11,171.375200,42.494100,26.547500,85.872100,95.765600,82.889600,81.115700,47.718100,66.626200,54.002600,11.362700,119.410000,20.843200,73.608300
2016-03-14,171.155400,42.405100,26.387300,85.935500,96.066300,82.793500,81.353000,47.584500,66.479300,54.009200,11.261200,117.870000,20.926800,73.608300
2016-03-15,170.876500,42.004800,26.010800,85.919600,96.156600,82.630700,81.325100,47.143000,66.105900,54.035800,11.168200,117.960000,20.943500,73.608300
2016-03-16,171.865400,42.375400,26.531500,86.371200,96.442300,83.511000,81.716000,47.456700,66.760900,54.687700,11.362700,120.590000,20.717900,73.624500
2016-03-17,172.955700,42.701600,27.116200,86.466200,96.840800,83.696000,81.967200,47.758800,67.281200,55.459200,11.489500,120.130000,20.534100,73.608300
2016-03-18,173.635000,42.627500,27.259200,86.616700,97.043900,83.977100,82.155700,47.869200,67.336300,55.219800,11.481000,119.800000,20.584300,73.608300
2016-03-21,173.881400,42.560800,27.316500,86.371200,96.299400,83.999300,82.058000,47.816900,67.587300,54.721400,11.514900,118.960000,20.651100,73.624500
2016-03-22,173.788000,42.486600,27.252400,86.188900,96.276900,83.784700,81.904400,47.689100,67.458700,54.721400,11.599400,119.310000,20.709600,73.624500
2016-03-23,172.641000,42.056700,26.787800,86.585000,97.367200,83.873500,82.316200,47.468300,67.036300,54.425400,11.354200,116.610000,20.818200,73.608300
2016-03-24,172.564600,41.775000,26.723700,86.497900,97.404800,83.681200,82.281300,47.259200,66.877200,54.445600,11.286600,116.330000,20.826500,73.624500
2016-03-28,172.666500,42.027000,26.811800,86.624600,97.532600,83.784700,82.330200,47.044200,67.005700,54.936600,11.320400,116.600000,20.784800,73.624500
2016-03-29,174.263700,42.479200,27.180300,87.210900,98.555200,84.665100,82.700100,47.224300,67.354700,56.127100,11.295000,118.760000,20.601000,73.624500
2016-03-30,175.028300,42.798000,27.460700,87.092000,97.517600,84.716800,82.602400,47.392800,67.422000,56.019500,11.252800,117.100000,20.534100,73.624500
2016-03-31,174.603500,42.375400,27.436700,87.408900,98.209300,84.805600,82.930400,47.456700,67.550500,56.362500,11.235900,117.640000,20.500700,73.624500
2016-04-01,175.792900,41.923200,27.356600,87.383800,98.465500,84.872200,83.197900,47.491300,67.727900,56.288500,11.041400,116.930000,20.492400,73.624500
2016-04-04,175.223700,41.834300,27.028100,87.486900,98.525800,84.975800,83.204900,47.374600,67.709500,56.207800,10.889200,116.150000,20.475700,73.624500
2016-04-05,173.473600,41.011400,26.499400,87.836000,99.603300,85.064500,83.470900,47.199500,67.531300,55.837900,10.863900,117.660000,20.492400,73.640600
2016-04-06,175.368200,41.678600,26.819800,87.645600,98.879900,84.842600,83.400900,47.596400,67.691100,55.972400,10.982200,116.940000,20.450600,73.640600
2016-04-07,173.269700,41.070700,26.283100,88.097800,100.100600,85.138500,83.624900,47.362900,67.414500,55.622600,10.948400,118.610000,20.475700,73.624500
2016-04-08,173.737000,41.856500,26.739700,87.963000,99.467700,84.968400,83.435900,47.578800,67.629600,55.932000,11.210500,118.430000,20.400500,73.640600
2016-04-11,173.329200,41.878700,27.084200,87.947100,99.339600,84.753800,83.428900,47.643000,67.930700,55.817700,11.295000,120.030000,20.350400,73.624500
2016-04-12,174.943400,42.501500,27.500700,87.598000,98.653900,84.398700,83.099900,47.923200,68.022900,56.221200,11.540200,120.050000,20.350400,73.624500
2016-04-13,176.710500,43.176100,27.989400,87.661500,99.000500,84.472700,83.386900,48.238400,68.305600,55.972400,11.599400,118.770000,20.509100,73.640600
2016-04-14,176.719000,43.317000,27.853200,87.455200,98.525800,84.273000,83.330900,48.220900,68.391600,55.663000,11.506400,117.110000,20.559200,73.640600
2016-04-15,176.523600,43.220600,27.693000,87.717000,99.369700,84.576300,83.680900,48.145000,68.428500,56.080000,11.464100,117.920000,20.500700,73.624500
2016-04-18,177.763900,43.591300,27.821200,87.629700,98.940200,84.561500,83.771900,48.419300,68.465400,56.349000,11.514900,117.740000,20.459000,73.640600
2016-04-19,178.324700,44.347400,28.245700,87.486900,98.631300,84.709400,83.925800,48.623600,68.729600,56.375900,11.760000,119.580000,20.358700,73.640600
2016-04-20,178.494600,44.384500,28.117600,87.042600,97.546300,84.354400,83.694900,48.717000,68.784900,55.420900,11.988300,118.970000,20.475700,73.640600
2016-04-21,177.534600,44.117600,27.837200,86.899800,96.966100,84.250800,83.659900,48.565200,68.539100,54.432200,11.937600,119.420000,20.475700,73.624500
2016-04-22,177.534600,44.139900,27.669000,86.804600,96.717400,84.199000,83.750900,48.676100,68.434600,54.997100,11.886900,117.890000,20.592600,73.640600
2016-04-25,177.228700,43.917400,27.492100,86.709400,96.318100,84.102800,83.554900,48.489300,68.158100,55.481400,11.878400,118.230000,20.525800,73.624500
2016-04-26,177.492100,44.073100,27.789100,86.526900,95.881100,84.065900,83.519900,48.652800,68.219600,55.696600,12.030600,118.700000,20.467300,73.640600
2016-04-27,177.857400,44.102800,27.957400,87.003000,96.838000,84.576300,84.051800,48.938700,68.526800,55.663000,12.140500,119.040000,20.442300,73.640600
2016-04-28,176.243200,43.502300,27.669000,87.304400,97.237300,85.020100,84.128800,48.857000,68.668200,55.548700,12.208100,121.290000,20.275200,73.640600
2016-04-29,175.291700,43.317000,27.548800,87.272700,97.486000,84.983200,84.219800,48.938700,68.600600,55.037500,12.326500,123.650000,20.133200,73.656700
2016-05-02,176.685000,43.724700,27.472700,87.019400,96.504500,84.702000,84.110800,48.957500,68.588300,55.891700,12.157400,123.240000,20.058000,73.640600
2016-05-03,175.147300,43.005600,26.699700,87.535800,97.720000,84.739000,84.258200,48.640800,68.434100,55.979100,11.971400,122.960000,20.116400,73.656700
2016-05-04,174.170300,42.508900,26.267100,87.694800,98.256100,84.835200,84.117800,48.459100,68.273700,56.779500,11.979900,122.210000,20.191600,73.640600
2016-05-05,174.136300,42.419900,26.259100,87.933100,98.912900,85.108900,84.286200,48.418000,68.431000,56.940900,11.861500,122.070000,20.291900,73.640600
2016-05-06,174.773500,42.538500,26.299100,87.726500,98.490100,84.813000,84.103800,48.388700,68.520400,57.566400,11.937600,123.180000,20.316900,73.656700
2016-05-09,174.917900,42.449600,25.962700,87.893400,98.799700,84.864800,84.019500,48.300800,68.347700,58.198600,11.675500,120.650000,20.375400,73.656700
2016-05-10,177.092800,43.057500,26.459400,87.877500,98.807200,85.123700,84.159900,48.711200,68.649900,58.191900,11.962900,120.980000,20.392100,73.656700
2016-05-11,175.436100,42.686800,26.395300,88.012600,99.366000,85.108900,84.251100,48.676000,68.810300,56.947600,12.241900,122.120000,20.291900,73.624500
2016-05-12,175.487100,42.672000,26.323200,87.774200,98.912900,85.049700,84.075700,48.752200,68.946000,57.277200,12.258800,121.160000,20.367100,73.624500
2016-05-13,173.957900,42.234600,25.850500,88.107900,99.871800,85.256900,84.230100,48.535300,68.989200,56.766000,12.241900,121.710000,20.459000,73.624500
2016-05-16,175.674000,42.738700,26.163000,87.790100,99.011100,85.160700,83.949400,48.805000,69.026200,57.304100,12.377200,121.800000,20.450600,73.624500
2016-05-17,174.034300,42.427300,26.042800,87.670900,99.177200,85.219900,83.921300,48.705300,68.976800,56.241400,12.470200,122.220000,20.450600,73.624500
2016-05-18,174.085300,42.442200,25.786500,86.963800,97.765300,84.480100,83.205500,48.711200,68.310700,55.360300,12.377200,120.100000,20.592600,73.640600
2016-05-19,173.482100,42.138200,25.546100,87.051200,98.188100,84.443100,83.402000,48.576300,68.076300,54.741600,12.343400,119.870000,20.626000,73.624500
2016-05-20,174.578100,42.486600,25.802500,87.106800,98.263600,84.398700,83.458100,48.746400,68.144200,55.178700,12.394100,119.710000,20.626000,73.640600
2016-05-23,174.340200,42.345800,25.754400,87.162400,98.482600,84.443100,83.458100,48.758100,68.150300,55.185500,12.326500,119.370000,20.617700,73.656700
2016-05-24,176.600000,42.961100,26.018800,87.019400,98.044700,84.361800,83.317700,49.051300,68.310700,55.871500,12.326500,117.300000,20.684500,73.624500
2016-05-25,177.797900,43.413300,26.331200,86.979700,97.674700,84.428300,83.465100,49.127500,68.501900,55.871500,12.470200,116.980000,20.626000,73.640600
2016-05-26,177.848900,43.531900,26.507400,87.249800,98.180600,84.672500,83.703700,48.986800,68.526600,55.979100,12.461800,116.580000,20.592600,73.640600
2016-05-27,178.613500,43.487500,26.499400,87.082900,98.037100,84.561500,83.640600,49.068900,68.489600,56.281800,12.512500,115.620000,20.709600,73.656700
2016-05-31,178.273700,43.279900,26.531500,87.186200,98.271200,84.435700,83.788000,49.021900,68.452600,56.275000,12.436400,116.060000,20.751400,73.656700
2016-06-01,178.639000,43.242800,26.515400,87.157100,98.669900,84.307000,83.847200,49.099500,68.690100,56.322100,12.563200,115.940000,20.634400,73.656700
2016-06-02,179.182700,43.242800,26.731700,87.427700,99.381100,84.595600,84.016100,49.111300,68.814000,56.611300,12.588600,115.670000,20.659500,73.640600
2016-06-03,178.647500,43.524500,27.140300,88.239400,100.795800,85.143200,84.691700,49.199600,69.358900,56.840000,12.673100,118.880000,20.333700,73.656700
2016-06-06,179.556500,43.769200,27.428700,88.008600,100.046800,85.239400,84.487600,49.417600,69.489000,56.402800,12.825300,118.920000,20.333700,73.672800
2016-06-07,179.836900,44.088000,27.677000,88.135900,100.288900,85.468800,84.614300,49.635600,69.600500,56.745900,12.952100,118.820000,20.300200,73.672800
2016-06-08,180.423100,44.176900,27.877300,88.239400,100.826100,85.668600,84.895800,49.824100,69.965800,57.109000,13.171900,120.580000,20.241800,73.672800
2016-06-09,180.176700,43.635700,27.556800,88.374600,101.476700,85.698200,85.015400,49.629700,69.879100,57.236800,13.146600,121.250000,20.333700,73.640600
2016-06-10,178.469100,42.368000,26.859900,88.685000,101.968500,85.698200,85.114000,49.388200,69.612800,56.967800,12.985900,121.740000,20.467300,73.640600
2016-06-13,177.092800,41.752700,26.483400,88.860000,102.422400,85.587200,84.987300,49.058200,69.358900,56.981300,12.985900,122.640000,20.417200,73.640600
2016-06-14,176.744500,41.085500,26.395300,88.836200,102.346800,85.372600,84.797300,48.893300,69.043100,56.833300,12.901400,122.770000,20.542500,73.640600
2016-06-15,176.498100,41.359800,26.675600,89.106700,102.740200,85.772200,85.114000,48.916800,69.315600,57.371400,12.833700,123.680000,20.492400,73.640600
2016-06-16,177.024800,41.445100,26.579500,89.202200,103.239500,85.602000,85.240600,48.943300,69.328000,57.694200,12.613900,122.380000,20.467300,73.656700
2016-06-17,176.365900,41.856500,26.651600,88.899800,102.596400,85.387400,84.987300,48.975700,69.259900,57.600000,12.909800,123.950000,20.375400,73.640600
2016-06-20,177.501700,42.894400,27.124200,88.517900,101.499400,85.143200,84.881700,49.264400,69.730500,57.680700,13.028200,123.210000,20.258500,73.656700
2016-06-21,178.005600,43.242800,27.332500,88.318900,101.030400,84.884200,84.804300,49.453000,69.674800,57.900600,12.926700,120.840000,20.358700,73.656700
2016-06-22,177.715200,43.216300,27.402000,88.494000,101.196800,85.113600,84.959100,49.500100,69.978200,57.812400,12.850700,120.900000,20.266800,73.656700
2016-06-23,180.029500,44.411800,28.064000,88.072200,100.039300,85.143200,84.874700,49.865400,70.145400,58.104200,12.952100,120.110000,20.174900,73.656700
2016-06-24,173.564800,40.598500,26.352400,89.289700,102.725000,85.676000,85.275800,49.046400,69.550900,57.595200,12.690000,126.010000,20.701200,73.640600
2016-06-27,170.456300,39.819300,26.021400,90.061600,105.289800,85.927600,85.634700,48.339500,69.761500,57.629200,12.664700,126.680000,20.878700,73.640600
2016-06-28,173.530700,40.863400,26.788400,90.045700,105.509200,86.223600,86.106300,48.946300,70.275500,58.843900,12.867600,125.320000,20.776400,73.640600
2016-06-29,176.485500,41.612400,27.466500,89.679600,104.699600,86.171800,86.078100,49.564900,70.981400,59.556500,13.053600,125.840000,20.709600,73.640600
2016-06-30,178.893700,42.232800,27.741000,89.878600,105.085500,86.334600,86.377200,49.900700,71.309700,60.174000,12.977500,126.470000,20.751400,73.640600
2016-07-01,179.269500,42.232800,28.007500,90.115600,106.544500,87.004900,86.833400,49.999400,71.582600,60.194400,13.138100,128.410000,20.684500,73.672800
2016-07-05,177.980000,41.415700,27.410000,90.609700,107.878500,87.146100,87.129800,49.715300,71.744300,60.859400,12.766100,129.470000,20.826500,73.672800
2016-07-06,179.047400,41.340000,27.337400,90.625600,108.052800,87.354200,87.285000,49.934300,71.843800,60.594800,12.816800,130.230000,20.768100,73.656700
2016-07-07,178.936400,41.173600,27.264700,90.506100,108.045300,87.175800,87.299200,49.999400,71.819000,59.970400,12.453300,129.740000,20.818200,73.672800
2016-07-08,181.600900,41.801500,27.854100,90.681400,108.841100,87.369100,87.786100,50.662400,72.391300,60.940900,12.580100,130.520000,20.826500,73.656700
2016-07-11,182.241400,42.414400,28.120500,90.203300,107.886100,86.945400,87.560300,50.692000,72.596600,61.348100,12.529400,129.290000,20.885000,73.672800
2016-07-12,183.565000,42.989400,28.516100,89.669400,106.112500,86.655600,87.066300,50.834000,72.347800,61.341300,12.766100,127.150000,20.868300,73.640600
2016-07-13,183.539400,42.944000,28.467700,89.900500,107.363100,86.841400,87.405000,50.686000,72.385100,61.680600,12.605500,128.320000,20.818200,73.656700
2016-07-14,184.564200,43.314700,28.879400,89.526000,105.801700,86.618400,87.193300,50.786700,72.416200,61.130900,12.656200,127.330000,20.768100,73.672800
2016-07-15,184.316600,43.095300,28.814800,89.183300,104.892200,86.521800,86.861600,50.686000,72.397500,61.151300,12.622400,126.840000,20.851600,73.656700
2016-07-18,184.811900,43.201200,29.069200,89.159400,104.793700,86.462300,86.861600,50.857700,72.298000,61.314100,12.563200,127.040000,20.868300,73.656700
2016-07-19,184.624000,42.860700,28.774500,89.398500,105.384900,86.469800,87.016900,50.721600,72.316700,61.612700,12.487100,127.210000,20.968600,73.672800
2016-07-20,185.392600,43.246600,28.919800,89.215200,104.808800,86.313700,86.988700,50.851800,72.285600,61.619500,12.402600,125.390000,20.985300,73.672800
2016-07-21,184.692300,43.072600,28.827000,89.414400,105.021100,86.350800,87.087500,50.780700,72.285600,61.741700,12.334900,127.300000,20.951800,73.672800
2016-07-22,185.520700,43.155800,29.040900,89.342700,105.203000,86.276500,87.038100,51.005700,72.291800,62.284600,12.309600,126.350000,21.060400,73.672800
2016-07-25,185.016800,43.102900,28.750300,89.271000,105.127200,86.090700,86.988700,50.763000,72.111400,62.169200,12.174300,125.470000,21.027000,73.656700
2016-07-26,185.102200,43.284400,28.976300,89.326800,105.293900,86.239400,86.904000,50.567700,71.906100,61.863800,12.123600,126.000000,21.002000,73.656700
2016-07-27,184.905800,43.443300,29.073200,89.709200,106.605200,86.573800,87.263900,50.721600,72.229600,61.382000,12.005200,128.030000,20.901700,73.672800
2016-07-28,185.119300,43.397900,29.081300,89.757100,106.408100,86.692700,87.179200,50.508500,72.055400,61.952000,11.971400,127.660000,20.893400,73.656700
2016-07-29,185.418200,43.908600,29.230600,90.099700,107.294900,86.886000,87.496700,50.555800,72.285600,62.739200,12.072800,128.980000,20.609300,73.672800
2016-08-01,185.264500,43.624900,29.178200,89.787100,106.131600,86.371900,87.003400,50.272300,72.011000,62.875000,11.861500,129.220000,20.667800,73.656700
2016-08-02,184.077400,43.405500,28.968200,89.571700,105.038200,85.946500,86.515200,50.200900,71.842300,61.870600,11.844600,130.270000,20.525800,73.672800
2016-08-03,184.615500,43.254200,29.065100,89.619600,105.098900,86.192800,86.628400,50.426900,71.942300,61.510900,12.039000,129.650000,20.642700,73.656700
2016-08-04,184.811900,43.503800,29.226600,89.835000,105.888600,86.551000,86.996300,50.748000,72.423400,61.259800,12.089800,129.870000,20.676200,73.656700
2016-08-05,186.323400,43.700600,29.565700,89.276400,104.787600,86.342000,86.642600,50.860900,72.236000,61.300500,12.140500,127.550000,20.784800,73.656700
2016-08-08,186.212400,43.791300,29.775600,89.228600,104.985000,86.401700,86.699200,51.069000,72.667100,61.409100,12.208100,127.440000,20.801500,73.656700
2016-08-09,186.323400,44.139400,29.977400,89.547800,106.017700,86.610700,87.208600,51.247400,73.004500,61.741700,12.174300,127.960000,20.759700,73.656700
2016-08-10,185.862300,44.290700,29.985500,89.787100,106.427700,86.633000,87.456200,51.152300,73.216900,61.673800,12.030600,128.560000,20.651100,73.656700
2016-08-11,186.724800,44.608500,30.373100,89.356200,105.478600,86.401700,87.166100,51.277100,73.104500,60.974800,12.216600,127.670000,20.709600,73.656700
2016-08-12,186.562500,44.495000,30.260000,89.675400,106.367000,86.625600,87.562300,51.318800,73.416900,61.232700,12.309600,127.400000,20.676200,73.656700
2016-08-15,187.100600,44.665200,30.574900,89.412100,105.364700,86.401700,87.293500,51.470400,73.504400,61.171600,12.512500,127.840000,20.642700,73.656700
2016-08-16,186.135600,44.600900,30.437600,89.260500,105.083700,86.282300,87.137800,51.366300,73.310700,60.438700,12.613900,128.470000,20.459000,73.656700
2016-08-17,186.485700,44.585800,30.243900,89.404100,105.714000,86.543500,87.378400,51.437700,73.535600,60.683000,12.664700,128.500000,20.475700,73.656700
2016-08-18,186.904100,44.812700,30.526500,89.563700,105.881000,86.692700,87.590600,51.639800,73.710600,60.459000,12.825300,129.110000,20.325300,73.672800
2016-08-19,186.630900,44.479800,30.356900,89.260500,105.326700,86.551000,87.328900,51.485200,73.366900,60.072200,12.783000,127.970000,20.400500,73.656700
2016-08-22,186.622300,44.525200,29.953200,89.460000,106.215100,86.730000,87.626000,51.402000,73.460600,60.398000,12.664700,127.780000,20.425500,73.656700
2016-08-23,186.998100,44.714400,29.832100,89.452000,106.329000,86.849400,87.725100,51.574400,73.523100,60.431900,12.715400,127.760000,20.408800,73.656700
2016-08-24,186.041600,44.608500,29.912900,89.420100,106.078500,86.715100,87.668500,51.431700,73.273200,60.167200,12.563200,126.340000,20.467300,73.672800
2016-08-25,185.913500,44.426900,29.937100,89.276400,105.676000,86.670400,87.583600,51.526900,73.266900,60.438700,12.613900,126.230000,20.467300,73.656700
2016-08-26,185.563400,44.162100,29.678700,88.933300,105.061000,86.334600,87.307600,51.467400,73.173200,59.841500,12.571700,126.050000,20.617700,73.656700
2016-08-29,186.477200,44.298300,29.904800,89.300400,106.465700,86.648000,87.802900,51.723100,73.535600,60.431900,12.520900,126.300000,20.634400,73.672800
2016-08-30,186.169700,44.237700,29.824000,89.292400,106.055700,86.573300,87.689700,51.752800,73.510600,60.316500,12.402600,125.030000,20.743000,73.672800
2016-08-31,185.640200,44.146900,29.493000,89.188700,106.207500,86.588300,87.654300,51.550700,73.241900,60.377600,12.165800,124.780000,20.734600,73.672800
2016-09-01,185.648800,44.449600,29.719100,89.328900,106.324700,86.661700,87.654200,51.652900,73.148900,60.228300,12.030600,125.290000,20.659500,73.672800
2016-09-02,186.485700,44.964100,30.203500,89.097100,105.457500,86.564300,87.498100,51.891700,73.362300,60.750900,12.165800,126.570000,20.709600,73.688900
2016-09-06,187.049300,45.266700,30.849400,89.512700,106.225800,86.976200,87.803100,51.951400,73.814100,61.219100,12.250400,128.710000,20.467300,73.688900
2016-09-07,187.032200,45.289400,30.752500,89.560600,106.149700,87.088600,87.682600,51.808100,74.021100,61.585600,12.360300,128.270000,20.500700,73.672800
2016-09-08,186.605200,45.160800,30.671800,89.121100,104.818500,86.781500,87.065400,51.712600,73.682300,60.832300,12.580100,127.590000,20.525800,73.672800
2016-09-09,182.138900,44.283100,29.638400,88.697600,103.091700,86.182400,86.412800,51.216900,72.960700,58.423200,12.385700,126.750000,20.584300,73.688900
2016-09-12,184.752100,44.646300,29.840200,88.777500,103.144900,86.212400,86.419900,51.396100,72.948200,59.115400,12.385700,126.590000,20.550900,73.656700
2016-09-13,182.096200,43.746000,29.089300,88.449900,101.973400,85.830400,86.136200,51.002000,72.145000,57.631200,12.225000,125.750000,20.634400,73.672800
2016-09-14,182.027900,43.685400,29.178200,88.649700,102.125600,85.965200,86.192900,50.990000,72.283100,57.815700,12.132000,126.180000,20.584300,73.672800
2016-09-15,183.846900,44.063700,29.678700,88.673600,101.684300,85.942800,86.249700,51.288600,72.584200,58.034400,12.191200,125.370000,20.575900,73.672800
2016-09-16,183.136200,43.496300,29.476900,88.769500,102.505900,86.085000,86.349000,51.300500,72.377200,58.061700,12.208100,125.060000,20.743000,73.672800
2016-09-19,183.170600,43.723300,29.711000,88.617700,102.171200,85.980200,86.320600,51.330400,72.634400,58.587800,12.199700,125.320000,20.692900,73.672800
2016-09-20,183.179200,43.988100,29.727200,88.753500,102.528700,85.965200,86.434100,51.270700,72.716000,58.499000,12.241900,125.440000,20.726300,73.672800
2016-09-21,185.239100,44.759800,30.558800,88.897400,103.357900,86.369600,86.873900,51.694700,73.506600,59.250700,12.394100,127.270000,20.634400,73.672800
2016-09-22,186.406400,45.213700,30.776700,89.161100,104.179500,86.796500,87.228600,51.867800,73.795200,60.309800,12.461800,127.570000,20.609300,73.688900
2016-09-23,185.385000,44.835400,30.381100,89.201000,104.080600,87.036100,87.164700,51.808100,73.563100,60.494300,12.318000,127.650000,20.617700,73.688900
2016-09-26,183.883000,44.419300,29.937100,89.456700,104.742400,87.073600,87.299500,51.581200,73.337200,60.637800,12.402600,127.550000,20.575900,73.688900
2016-09-27,185.024500,44.631200,30.365000,89.608500,105.510700,87.148500,87.512300,51.730500,73.544200,59.995500,12.284200,126.620000,20.592600,73.672800
2016-09-28,185.942900,44.948900,30.639500,89.568600,105.282500,87.253300,87.569100,52.076800,73.619500,60.487500,12.571700,126.220000,20.609300,73.672800
2016-09-29,184.260600,44.389100,30.106600,89.624500,105.548800,87.238300,87.533600,51.879800,73.324600,59.681200,12.647700,126.070000,20.626000,73.672800
2016-09-30,185.651100,44.737100,30.235800,89.400800,104.605500,87.238300,87.377500,52.106700,73.544200,59.271200,12.690000,125.640000,20.617700,73.688900
2016-10-03,185.204800,44.616000,30.445700,89.192700,104.260300,87.156000,87.129800,52.074100,73.690700,58.164200,12.799900,125.320000,20.659500,73.672800
2016-10-04,184.260600,44.608500,30.106600,88.784600,103.040900,86.729100,86.724500,51.984200,73.369300,57.371500,12.766100,120.970000,20.751400,73.688900
2016-10-05,185.076000,44.790000,30.542600,88.584600,102.560800,86.586800,86.632000,52.122100,73.388200,56.209900,12.842200,120.780000,20.776400,73.688900
2016-10-06,185.204800,44.547900,30.566800,88.400500,101.989300,86.631700,86.639100,52.152100,73.274800,56.230400,12.867600,119.660000,20.885000,73.688900
2016-10-07,184.569600,44.321000,30.429600,88.528500,102.057800,86.609300,86.845400,52.272100,73.318900,56.134700,12.833700,119.740000,20.851600,73.688900
2016-10-10,185.530900,44.449600,30.760600,88.296500,101.455800,86.489400,86.845400,52.422000,73.589900,56.483200,12.977500,120.160000,20.935100,73.688900
2016-10-11,183.187700,43.821600,30.050100,88.272500,101.227200,86.422000,86.575100,52.128100,73.003800,55.936600,12.901400,119.550000,21.093900,73.672800
2016-10-12,183.428100,43.723300,29.993600,88.272500,101.326200,86.392100,86.688900,52.110100,73.003800,56.578900,12.808400,119.740000,21.152300,73.688900
2016-10-13,182.827300,43.556800,29.727200,88.456500,101.707300,86.526900,86.902300,51.978200,73.174000,57.023000,12.892900,120.030000,21.077200,73.672800
2016-10-14,182.921700,43.632500,29.775600,88.184500,100.282200,86.444500,86.496900,52.098100,72.808500,56.770200,12.901400,119.360000,21.185800,73.672800
2016-10-17,182.286500,43.503800,29.743300,88.376500,100.922300,86.833900,86.781300,52.026200,72.827400,56.893200,12.918300,119.680000,21.135600,73.672800
2016-10-18,183.428100,43.935100,30.268100,88.552600,101.250000,86.886400,86.994700,52.236100,72.940800,57.255400,12.943600,120.420000,21.152300,73.672800
2016-10-19,183.917300,44.056200,30.453800,88.592600,101.333900,87.006200,87.108500,52.386000,73.035300,57.378400,13.028200,121.110000,21.160700,73.688900
2016-10-20,183.574000,44.124200,30.365000,88.512500,101.440600,86.871400,87.080100,52.392000,73.098300,57.248500,12.909800,120.740000,21.227500,73.672800
2016-10-21,183.659800,44.025900,30.356900,88.608600,101.593000,86.968700,87.129800,52.404000,73.400800,57.036700,12.960600,120.830000,21.302700,73.672800
2016-10-24,184.440900,44.018300,30.486100,88.488500,101.151000,86.833900,86.880900,52.434000,73.394500,57.166500,12.969000,120.560000,21.327800,73.672800
2016-10-25,183.822900,43.988100,30.518400,88.472500,101.417700,86.968700,86.816900,52.404000,73.426000,57.064000,12.909800,121.470000,21.319400,73.672800
2016-10-26,183.453800,43.791300,30.195400,88.280500,100.731800,86.878900,86.454200,52.194100,72.997500,56.319200,12.825300,120.790000,21.311100,73.688900
2016-10-27,182.964600,43.738400,29.937100,87.976400,99.634400,86.504400,86.063000,52.002200,72.373700,54.843200,12.901400,121.010000,21.352800,73.672800
2016-10-28,182.423900,43.723300,29.816000,87.992400,99.413400,86.601800,85.963500,51.750300,72.197200,54.973100,12.816800,121.580000,21.227500,73.688900
2016-10-31,182.432400,43.746000,29.985500,88.064500,100.023100,86.766500,86.041700,51.594300,72.272800,55.868200,12.647700,121.940000,21.235900,73.705000
2016-11-01,181.110700,43.556800,29.743300,88.067400,100.030700,86.774000,85.933600,51.393000,72.198800,54.651900,12.706900,122.730000,21.127300,73.688900
2016-11-02,180.020600,43.261700,29.388100,88.331900,100.465900,86.811500,86.061900,51.164000,72.122800,53.852400,12.554700,123.640000,21.052100,73.705000
2016-11-03,179.196600,43.216300,29.307300,88.275800,99.694800,86.564300,85.890800,51.176100,72.312600,53.435600,12.512500,124.300000,20.993600,73.688900
2016-11-04,178.999200,42.800200,29.008600,88.548200,100.588100,86.789000,86.147500,51.200200,72.135500,53.859300,12.427900,124.390000,20.935100,73.705000
2016-11-07,182.947400,43.390400,30.058200,88.179600,99.732900,86.744100,86.090500,51.917100,72.717500,54.802200,12.478700,122.150000,21.110600,73.688900
2016-11-08,183.771400,43.511400,30.252000,87.867100,99.328300,86.594300,85.897900,51.802700,72.907300,55.089200,12.461800,121.640000,21.169100,73.705000
2016-11-09,185.719700,43.549200,29.275000,86.529000,95.113600,85.950200,84.635800,51.441200,71.825500,54.255600,12.520900,121.560000,21.302700,73.672800
2016-11-10,186.183200,43.428200,28.435400,86.008200,93.708700,85.800500,84.564500,50.766400,69.174700,53.346800,12.419500,119.750000,21.344500,73.672800
2016-11-11,185.754100,43.163400,27.894400,85.831900,93.181800,85.560800,84.200800,50.290400,68.776100,53.667900,12.182800,117.100000,21.377900,73.640600
2016-11-14,185.900000,42.928800,27.692600,85.335100,92.624400,84.901800,83.765800,50.663900,68.428100,54.938900,12.157400,116.110000,21.586800,73.672800
2016-11-15,187.350500,43.118000,28.249700,85.335100,93.082600,84.954200,84.022500,51.332700,69.604900,54.481100,12.427900,117.120000,21.620200,73.688900
2016-11-16,186.998600,42.664000,28.015600,85.415200,93.922400,85.134000,84.143700,51.127900,69.560600,54.323900,12.275800,116.770000,21.678600,73.688900
2016-11-17,187.959900,42.989400,28.055900,85.038600,92.540400,84.991700,83.608900,50.989300,69.415100,53.770400,12.301100,116.170000,21.804000,73.705000
2016-11-18,187.539300,42.520300,27.926700,84.662000,92.273200,84.864400,83.138300,50.989300,69.022800,53.927600,12.402600,115.150000,21.879100,73.688900
2016-11-21,188.955500,42.883400,28.201200,84.734200,92.502300,85.066600,83.223900,51.399000,69.326500,53.763600,12.749200,115.580000,21.795600,73.672800
2016-11-22,189.324600,42.989400,28.629200,84.814300,92.471700,85.141400,83.437800,51.778600,69.630200,54.706600,12.732300,115.540000,21.829000,73.672800
2016-11-23,189.427600,42.838000,28.322400,84.509800,92.112900,84.856900,83.131200,51.585800,69.111400,54.474300,12.783000,113.250000,21.962700,73.672800
2016-11-25,190.131400,42.966700,28.459600,84.437700,92.250300,84.714600,83.138300,51.652000,69.155700,54.788600,12.690000,112.610000,21.920900,73.688900
2016-11-28,189.238800,42.739700,28.572600,84.822300,92.929800,84.841900,83.516200,51.646000,69.396100,55.041400,12.732300,113.800000,21.862400,73.672800
2016-11-29,189.607900,43.012100,28.613000,84.910400,93.319300,84.924300,83.630300,51.579700,69.326500,55.567600,12.478700,113.270000,21.812300,73.672800
2016-11-30,189.153000,42.966700,28.661400,84.341500,91.807500,84.969200,83.316600,51.603800,69.155700,54.932100,12.859100,111.750000,21.929300,73.672800
2016-12-01,188.457700,42.800200,28.322400,84.020100,90.838100,84.724300,82.849500,51.362200,68.771700,54.125800,13.095800,111.540000,21.812300,73.706700
2016-12-02,188.552100,42.906100,28.354600,84.397200,91.503700,84.769400,83.228500,51.670800,68.816100,54.665600,13.188800,112.140000,21.762200,73.690600
2016-12-05,189.685100,43.329800,28.588800,84.365100,91.404300,84.889400,83.407200,51.804000,69.108300,55.068700,13.256500,111.540000,21.620200,73.690600
2016-12-06,190.285900,43.624900,28.742200,84.397200,91.335400,85.054500,83.400100,52.064200,69.445000,55.424100,13.197300,111.430000,21.703700,73.706700
2016-12-07,192.775000,44.275600,29.226600,84.678100,92.115800,85.129600,83.750400,52.324400,69.851600,56.531000,13.095800,111.830000,21.636900,73.706700
2016-12-08,193.247100,44.237700,29.355800,84.357100,91.029400,85.047000,83.407200,52.318400,69.807100,56.920500,13.121200,111.570000,21.829000,73.706700
2016-12-09,194.414400,44.426900,29.202400,83.923800,89.897000,84.656800,83.085500,52.342600,69.514900,56.859000,13.188800,110.400000,21.920900,73.706700
2016-12-12,194.191200,44.230200,29.008600,83.939900,90.065400,84.641800,83.006800,52.270000,69.692800,57.234900,13.273400,110.820000,21.795600,73.690600
2016-12-13,195.487200,44.706800,29.331600,83.988000,90.386700,84.611700,83.192700,52.397000,69.908700,57.207500,13.307200,110.450000,21.820700,73.706700
2016-12-14,193.873600,44.048600,28.459600,83.289900,89.376800,83.943800,82.663600,52.003700,69.298900,55.957100,13.180400,108.830000,22.029500,73.706700
2016-12-15,194.671800,43.950200,28.508000,83.057200,89.828200,83.418400,82.720800,52.027900,69.171900,55.629100,13.163500,107.340000,22.271800,73.706700
2016-12-16,194.291000,43.980500,28.378900,83.161500,89.621600,83.373400,82.656500,52.076300,69.311600,56.462700,13.222600,108.050000,22.196600,73.690600
2016-12-19,194.714100,43.912400,28.185100,83.546700,90.585600,83.718600,83.056900,52.209400,69.622900,57.070900,13.146600,108.590000,22.263400,73.706700
2016-12-20,195.465200,44.063700,28.282000,83.370100,90.134200,83.801200,83.006800,52.282100,69.743600,57.200700,13.205700,107.790000,22.305200,73.690600
2016-12-21,194.921300,44.076000,28.164400,83.506600,90.532100,84.011300,83.271400,52.372800,69.972300,56.332900,13.129600,107.850000,22.238400,73.706700
2016-12-22,194.584600,43.976600,27.829600,83.470200,90.370200,84.274000,83.276900,52.485500,69.993300,56.238700,13.112700,107.590000,22.263400,73.690600
2016-12-23,194.869500,44.091200,27.992900,83.550500,90.554300,84.371600,83.406000,52.582700,70.101500,56.385200,13.138100,107.930000,22.246700,73.690600
2016-12-27,195.353000,44.037700,28.115400,83.430000,90.262800,84.334100,83.255400,52.534100,70.037900,56.503800,13.341000,108.560000,22.238400,73.706700
2016-12-28,193.738500,43.869600,28.327700,83.735400,90.922500,84.551700,83.563700,52.461200,70.133400,56.162000,13.349500,108.860000,22.296800,73.705700
2016-12-29,193.695300,43.976600,28.793200,83.992600,91.244700,84.656800,83.886300,52.534100,70.298900,56.859600,13.366400,110.290000,22.171500,73.721800
2016-12-30,192.987400,44.129500,28.589000,84.241700,91.382800,84.934500,84.015400,52.552300,70.184300,57.578200,13.391700,109.610000,22.104700,73.689500
2017-01-03,194.463700,44.404600,28.932000,84.201500,91.774000,85.017000,84.087100,52.770900,70.426300,57.766600,13.231100,110.470000,22.305200,73.721800
2017-01-04,195.620600,44.909200,29.152500,84.298000,92.126800,85.204600,84.373900,53.056300,70.865700,58.610800,13.332600,110.860000,22.138100,73.721800
2017-01-05,195.465200,45.291400,29.470900,84.844500,93.568900,85.497300,84.825600,52.977300,71.413300,58.799100,13.400200,112.580000,21.904200,73.705700
2017-01-06,196.164500,45.138500,29.348500,84.458700,92.709800,85.144600,84.381000,52.965200,71.375100,58.806100,13.383300,111.750000,22.062900,73.721800
2017-01-09,195.517000,45.069700,29.324000,84.780200,93.453900,85.279700,84.545900,52.953100,71.292300,58.275900,13.180400,112.670000,22.004500,73.721800
2017-01-10,195.517000,45.077300,29.495400,84.740000,93.392500,85.347200,84.495800,52.959100,71.177700,57.780500,13.121200,113.150000,22.012800,73.705700
2017-01-11,196.069600,45.314300,29.846600,84.836400,93.707000,85.617400,84.624800,52.989500,71.247700,57.424700,13.264900,113.500000,21.962700,73.721800
2017-01-12,195.577500,45.383100,29.977200,84.884600,93.499900,85.692500,84.617600,53.001600,71.387800,57.717700,13.459400,113.910000,21.879100,73.721800
2017-01-13,196.026400,45.551300,29.952700,84.699800,93.055000,85.542400,84.445600,53.019800,71.419600,57.634000,13.434000,114.210000,21.854100,73.721800
2017-01-17,195.335700,45.383100,29.936400,85.125800,94.029200,85.812600,84.811200,52.965200,71.712600,58.080500,13.425500,115.850000,21.653600,73.721800
2017-01-18,195.767400,45.253100,29.773100,84.523000,92.824900,85.392300,84.252000,53.013800,71.209500,58.178200,13.307200,114.870000,21.854100,73.705700
2017-01-19,195.042200,45.138500,29.683300,84.201500,92.188200,85.324700,83.965200,52.843800,71.037600,57.585200,13.264900,114.770000,21.820700,73.705700
2017-01-20,195.758800,45.398400,29.740400,84.241700,92.004100,85.339700,84.115800,52.947000,71.126700,58.003800,13.417100,115.050000,21.745500,73.721800
2017-01-23,195.249400,45.513000,30.181400,84.683700,92.924600,85.685000,84.502900,52.947000,71.464200,58.492200,13.417100,115.790000,21.628500,73.705700
2017-01-24,196.501300,45.627700,30.369200,84.362300,92.287900,85.542400,84.252000,52.983400,71.228600,58.506100,13.450900,115.270000,21.636900,73.705700
2017-01-25,198.202100,46.101600,30.704000,83.944300,91.129600,85.264700,83.929300,53.171600,71.145800,58.122400,13.366400,114.320000,21.561700,73.721800
2017-01-26,197.994900,45.918200,30.573400,84.056900,91.436500,85.392300,84.029700,53.147400,71.088500,58.010800,13.425500,113.260000,21.703700,73.737900
2017-01-27,197.684100,45.841700,30.597800,84.161300,91.766300,85.534900,84.130100,53.195900,71.298700,57.445700,13.315600,113.490000,21.712100,73.705700
2017-01-30,196.458100,45.513000,30.434500,84.137200,91.490200,85.512400,83.986700,53.086600,71.139500,57.055000,13.239600,113.970000,21.670300,73.737900
2017-01-31,196.440800,45.581800,30.491700,84.426600,92.126800,85.692500,84.137300,53.032000,71.400500,57.466600,13.315600,115.550000,21.494900,73.721800
2017-02-01,196.518500,45.765300,30.508000,84.265000,91.557200,85.512400,84.033600,53.228500,71.414700,56.775900,13.459400,115.200000,21.511600,73.725900
2017-02-02,196.648000,45.788200,30.638700,84.297200,91.518800,85.519900,84.055200,53.259000,71.625700,57.452600,13.459400,115.840000,21.545000,73.725900
2017-02-03,198.003500,45.971700,30.826500,84.361600,91.480300,85.429800,84.148600,53.350500,72.041200,57.766600,13.450900,116.130000,21.536600,73.709800
2017-02-06,197.649500,45.643000,30.753000,84.764000,92.033800,85.639900,84.414600,53.313900,72.041200,57.668900,13.366400,117.700000,21.553300,73.742000
2017-02-07,197.658200,45.597100,30.597800,84.917000,92.710300,85.602400,84.558400,53.234600,71.951700,57.466600,13.307200,117.460000,21.661900,73.742000
2017-02-08,197.917200,45.673600,30.785700,85.263100,93.971000,85.805000,84.853200,53.271200,72.233000,57.920100,13.357900,118.190000,21.636900,73.742000
2017-02-09,199.091300,45.864700,30.924500,84.756000,92.887100,85.639900,84.515300,53.344400,72.137100,58.059600,13.425500,117.290000,21.720400,73.742000
2017-02-10,199.877000,45.971700,31.210300,84.699600,92.833300,85.707500,84.493700,53.380900,72.245800,58.471200,13.569300,117.600000,21.745500,73.725900
2017-02-13,200.964800,46.155100,31.308300,84.570900,92.541200,85.572400,84.457800,53.460200,72.322500,58.492200,13.417100,116.800000,21.795600,73.725900
2017-02-14,201.767800,46.086400,31.341000,84.265000,91.872400,85.369800,84.256500,53.496800,72.245800,58.185200,13.434000,116.930000,21.845700,73.742000
2017-02-15,202.821100,46.262200,31.594100,84.104000,91.449600,85.482300,84.191800,53.515100,72.226600,57.989800,13.450900,117.450000,21.804000,73.725900
2017-02-16,202.648400,46.369200,31.479800,84.442100,91.949300,85.482300,84.429000,53.472400,72.188300,58.331700,13.366400,118.080000,21.678600,73.725900
2017-02-17,202.967800,46.246900,31.349100,84.667400,92.495100,85.677500,84.644700,53.527300,72.207500,58.443300,13.341000,117.680000,21.787200,73.742000
2017-02-21,204.176500,46.399800,31.692100,84.627200,92.333600,85.670000,84.680600,53.704200,72.316100,59.189800,13.324100,117.750000,21.887500,73.725900
2017-02-22,203.995200,46.399800,31.790100,84.764000,92.487400,85.827600,84.745300,53.728600,72.418400,58.994500,13.256500,117.910000,21.837400,73.725900
2017-02-23,204.133400,46.499100,31.798200,84.989400,92.764100,86.030200,84.961000,53.777400,72.629400,59.301400,13.298700,118.940000,21.787200,73.725900
2017-02-24,204.392400,46.162800,31.422600,85.383800,93.794200,86.277900,85.392400,53.820000,72.770000,59.580500,13.273400,119.700000,21.829000,73.725900
2017-02-27,204.711800,46.193400,31.324600,85.077900,93.240700,86.045200,85.191100,53.887100,72.597400,59.894500,13.239600,119.120000,21.829000,73.725900
2017-02-28,204.159300,46.124600,31.022500,85.037700,93.586700,86.045200,85.248600,53.844400,72.597400,59.482800,13.290300,119.230000,21.812300,73.758200
2017-03-01,207.017000,46.606200,31.504300,84.445100,92.018500,85.527400,84.744600,54.042900,72.623900,59.301400,13.349500,119.060000,21.962700,73.729400
2017-03-02,205.713300,46.300400,30.949000,84.203300,91.687300,85.257200,84.614800,53.871400,72.283700,58.980500,13.138100,117.580000,22.054600,73.729400
2017-03-03,205.842800,46.575600,31.185800,84.283900,91.926100,85.452300,84.701300,53.895900,72.617500,58.750300,13.205700,117.510000,21.862400,73.745600
2017-03-06,205.229800,46.430300,31.202100,84.267800,91.487000,85.362300,84.549900,53.724300,72.591800,58.485200,13.188800,116.720000,21.937600,73.761700
2017-03-07,204.616900,46.269800,31.234800,84.146900,91.209800,85.212100,84.131800,53.375200,72.540500,58.206100,13.129600,115.780000,21.962700,73.729400
2017-03-08,204.237000,46.101600,30.940800,83.864800,90.716800,84.844400,83.872300,53.019900,71.975700,57.131700,12.833700,115.060000,22.037900,73.729400
2017-03-09,204.496000,46.277500,30.695800,83.631100,89.992800,84.619300,83.418200,52.879100,71.526400,56.273600,12.723800,114.470000,21.996100,73.729400
2017-03-10,205.212600,46.667300,31.038800,83.808400,90.308600,84.776900,83.627200,52.860700,71.828100,56.099200,12.605500,114.720000,21.845700,73.745600
2017-03-13,205.316200,46.911900,31.471600,83.598800,89.738600,84.581700,83.346100,52.903600,71.712600,56.238700,12.588600,114.740000,21.879100,73.729400
2017-03-14,204.530500,46.552600,31.292000,83.687500,90.170000,84.521700,83.418200,52.744300,71.494400,56.224700,12.537800,114.120000,21.954300,73.729400
2017-03-15,206.300400,47.217700,32.108600,84.421000,91.271400,85.287200,84.139000,53.473200,72.469900,57.361900,12.647700,116.250000,21.695400,73.745600
2017-03-16,205.894600,47.447000,32.304500,84.187200,90.809200,85.227200,84.016500,53.320100,72.251700,57.250300,12.630800,116.730000,21.620200,73.761700
2017-03-17,205.533100,47.569300,32.247400,84.412900,91.379200,85.414800,84.211100,53.338500,72.546900,57.515400,12.673100,116.990000,21.628500,73.761700
2017-03-20,205.307700,47.472800,32.651600,84.614400,91.772000,85.542400,84.416100,53.291500,72.681000,57.417100,12.666100,117.564500,21.634900,73.745600
2017-03-21,202.671700,47.255900,32.263700,84.896500,92.534500,85.602400,84.614800,52.854600,72.707300,57.215400,12.597000,118.540000,21.503200,73.761700
2017-03-22,203.148600,47.263500,32.418900,85.057700,92.904300,85.745000,84.831100,52.983200,72.777900,57.183800,12.588600,118.830000,21.486500,73.761700
2017-03-23,202.931800,47.370600,32.427000,84.969000,92.773300,85.647400,84.773400,53.001600,72.887000,57.605500,12.563200,118.670000,21.511600,73.745600
2017-03-24,202.784400,47.500500,32.508700,85.017400,93.104500,85.895100,84.859900,53.185300,72.996100,57.542200,12.605500,118.860000,21.503200,73.761700
2017-03-27,202.576300,47.622800,32.418900,85.227000,93.528100,86.060200,85.040100,53.130200,72.989700,57.022200,12.588600,119.530000,21.386300,73.761700
2017-03-28,204.050400,47.852100,32.508700,84.936800,92.904300,85.775000,84.859900,53.424200,72.964000,57.268100,12.664700,119.040000,21.503200,73.761700
2017-03-29,204.241100,47.852100,32.565800,85.178600,93.458800,86.000200,85.133800,53.534500,73.201500,57.591400,12.783000,119.330000,21.545000,73.761700
2017-03-30,204.891500,47.684000,32.394400,84.936800,92.704000,85.790000,84.910400,53.785600,73.073100,57.696800,12.833700,118.470000,21.687000,73.761700
2017-03-31,204.414600,47.615200,32.165700,85.106100,92.973600,86.045200,84.996900,53.767200,72.970500,58.041200,12.859100,118.720000,21.678600,73.745600
2017-04-03,204.059000,47.546400,32.345400,85.524800,93.911400,86.252000,85.378700,53.738100,73.168400,58.209800,12.808400,119.350000,21.678600,73.752700
2017-04-04,204.189100,47.531100,32.361700,85.403700,93.402000,86.154300,85.154600,53.756500,73.033100,58.209800,12.935200,119.620000,21.703700,73.752700
2017-04-05,203.582100,47.278800,32.263700,85.565100,93.687500,86.319600,85.263000,53.713400,73.303700,58.294200,12.960600,119.620000,21.695400,73.752700
2017-04-06,204.154400,47.286500,32.206500,85.508600,93.548600,86.274500,85.342500,53.781100,73.265100,58.603400,12.994400,119.180000,21.745500,73.752700
2017-04-07,203.946300,47.255900,32.149400,85.250300,93.170400,85.936300,85.132900,53.756500,73.220000,58.687700,13.028200,119.460000,21.845700,73.752700
2017-04-10,204.067700,47.202400,32.018700,85.403700,93.602600,85.981400,85.291900,53.830300,73.213500,59.053200,13.129600,119.460000,21.804000,73.752700
2017-04-11,203.824900,47.424100,31.945200,85.799200,94.490300,86.146800,85.689500,53.725800,73.335900,59.460800,13.155000,121.190000,21.737100,73.768900
2017-04-12,202.931800,47.385900,32.100400,86.065600,95.007400,86.469900,85.971400,53.762700,73.548500,59.355300,13.155000,122.020000,21.628500,73.752700
2017-04-13,201.613800,47.080100,31.961600,86.323900,95.300700,86.597700,86.115900,53.651900,73.516300,59.221800,13.197300,122.600000,21.703700,73.768900
2017-04-17,203.400000,47.370600,32.296400,86.186700,95.007400,86.394800,85.949700,53.811900,73.632300,59.938600,13.121200,122.240000,21.645200,73.768900
2017-04-18,202.793100,47.156500,31.888100,86.679100,96.250100,86.582700,86.455700,53.799600,73.767600,60.100300,13.070500,122.820000,21.461400,73.785000
2017-04-19,202.420200,46.965400,31.692100,86.453100,95.725200,86.424800,86.195400,53.750400,73.555000,60.015900,12.842200,121.730000,21.536600,73.785000
2017-04-20,204.067700,47.340000,32.084100,86.259300,95.354700,86.334600,86.072600,53.928700,73.606500,60.023000,12.791500,121.960000,21.545000,73.785000
2017-04-21,203.417400,47.370600,32.084100,86.299700,95.354700,86.214400,86.072600,53.885700,73.793400,59.805100,12.664700,122.310000,21.561700,73.785000
2017-04-24,205.654500,48.570700,32.541300,86.122100,94.883900,86.191900,85.956900,54.137900,74.018800,59.144500,12.622400,121.480000,21.361200,73.768900
2017-04-25,206.851200,48.914700,32.827200,85.678100,93.741600,86.049100,85.617200,54.236300,73.832000,59.390500,12.681600,120.250000,21.302700,73.768900
2017-04-26,206.721100,48.777100,32.704700,85.904200,94.258700,86.229400,85.826800,54.187100,73.819100,58.947700,12.613900,120.840000,21.352800,73.785000
2017-04-27,206.894500,48.822900,32.663800,85.960700,94.227800,86.304600,85.906300,54.224000,73.986600,58.793100,12.546300,120.390000,21.386300,73.768900
2017-04-28,206.443600,48.769400,32.712800,86.049500,94.436200,86.432300,86.007500,54.205600,74.218600,58.181700,12.512500,120.770000,21.361200,73.801100
2017-05-01,206.963900,48.968200,32.900600,85.863800,93.651200,86.141600,85.740600,54.233100,74.117500,58.526100,12.537800,119.670000,21.377900,73.795700
2017-05-02,207.041900,49.220400,33.137500,86.041600,94.130700,86.141600,85.994200,54.251600,74.382700,58.427700,12.402600,119.650000,21.344500,73.779600
2017-05-03,206.790500,49.121100,32.917000,85.863800,94.192600,85.953200,85.950700,54.301000,74.292100,57.647600,12.351800,117.980000,21.428000,73.779600
2017-05-04,207.033300,49.587400,32.549500,85.669700,93.728500,85.629300,85.784000,54.010700,73.955800,57.366500,12.055900,116.790000,21.294400,73.795700
2017-05-05,207.848400,50.137700,32.819000,85.685900,93.813600,85.697100,85.813000,54.103300,74.033400,57.907700,12.225000,117.010000,21.260900,73.779600
2017-05-08,207.813700,49.763200,32.810800,85.475700,93.303100,85.365600,85.660800,54.165100,73.832900,57.500100,12.174300,116.750000,21.377900,73.795700
2017-05-09,207.622900,49.640900,33.227300,85.378700,93.295400,85.290300,85.675300,54.128000,73.761800,57.190800,12.115100,116.050000,21.486500,73.795700
2017-05-10,207.995800,49.717300,33.447800,85.346400,93.187100,85.320400,85.791300,54.362800,73.975200,57.640600,12.309600,116.040000,21.494900,73.811900
2017-05-11,207.570900,49.595000,33.521300,85.411000,93.187100,85.576500,85.834800,54.369000,74.098100,57.352500,12.360300,116.500000,21.503200,73.811900
2017-05-12,207.224000,49.870200,33.660100,85.847600,93.890900,85.712200,86.269600,54.350400,74.356800,57.120600,12.360300,116.830000,21.394600,73.795700
2017-05-15,208.368600,50.122400,34.003100,85.791000,93.635700,85.486100,86.262400,54.474000,74.415000,57.289200,12.427900,117.140000,21.336100,73.811900
2017-05-16,208.177900,50.443500,34.035700,85.904200,93.983800,85.546400,86.385600,54.554300,74.427900,56.902700,12.444800,117.650000,21.177400,73.811900
2017-05-17,204.483900,49.870200,33.455900,86.591400,95.352800,86.043600,86.914700,54.313400,74.421500,57.134600,12.529400,119.790000,21.035400,73.828000
2017-05-18,205.307700,49.954300,32.900600,86.567100,95.461100,86.179200,86.900200,54.375100,74.039900,57.450900,12.495600,118.810000,21.110600,73.828000
2017-05-19,206.643100,50.535200,33.602900,86.542800,95.685400,86.329900,86.950900,54.474000,74.324500,57.760100,12.740700,119.400000,20.960200,73.811900
2017-05-22,207.692300,50.596400,33.635600,86.445800,95.422400,86.194300,86.878400,54.640800,74.292100,57.985000,12.825300,119.900000,20.926800,73.828000
2017-05-23,208.151800,50.604000,33.668200,86.219500,94.780400,86.066200,86.610300,54.634600,74.337400,58.034200,12.783000,119.140000,21.018700,73.828000
2017-05-24,208.637400,50.634600,33.798900,86.397300,95.314100,86.119000,86.748000,54.727300,74.622000,58.505000,12.757700,119.610000,20.951800,73.811900
2017-05-25,209.634600,50.634600,33.962200,86.445800,95.345100,85.983400,86.784200,54.684000,74.563800,58.512000,12.478700,119.480000,20.976900,73.828000
2017-05-26,209.591300,50.489400,34.084700,86.502400,95.507500,86.186800,86.849500,54.714900,74.693100,58.090400,12.571700,120.540000,21.027000,73.844100
2017-05-30,209.409200,50.435900,33.905100,86.720700,95.979300,86.375100,87.052400,54.770500,74.731900,57.724900,12.470200,120.140000,21.002000,73.811900
2017-05-31,209.357100,50.497000,33.643800,86.761100,96.219100,86.397700,87.153900,54.764300,74.783700,57.760100,12.334900,120.620000,20.951800,73.811900
2017-06-01,211.022000,50.825700,33.929600,86.715500,96.229200,86.358800,87.173000,54.923900,74.909400,58.062300,12.250400,120.720000,20.976900,73.839400
2017-06-02,211.724400,51.383700,34.101000,87.096000,97.368600,86.706200,87.579900,54.954900,75.318500,58.659600,12.191200,121.610000,20.876700,73.823200
2017-06-05,211.568300,51.100900,34.060200,86.950300,96.764000,86.479600,87.332900,54.905300,75.188600,58.406600,12.123600,121.730000,20.893400,73.839400
2017-06-06,210.891900,50.955700,34.076500,87.225600,97.291000,86.577800,87.587200,54.818400,75.344400,58.125500,12.208100,123.100000,20.843200,73.823200
2017-06-07,211.282100,50.970900,34.035700,87.063600,96.826000,86.373900,87.478200,54.706700,75.279500,58.533100,12.039000,122.450000,20.868300,73.855500
2017-06-08,211.386200,50.879200,34.239900,86.926000,96.570200,86.283300,87.325600,54.750200,75.169100,58.392600,12.039000,121.650000,20.943500,73.839400
2017-06-09,211.065400,50.688100,33.978600,86.845000,96.422900,86.207800,87.238400,54.793600,75.006800,58.800200,12.106700,120.540000,21.010300,73.855500
2017-06-12,211.022000,50.497000,33.798900,86.828800,96.391900,86.026600,87.260200,54.886700,75.000300,59.327200,11.996800,120.360000,20.976900,73.839400
2017-06-13,212.053900,50.886900,33.962200,86.861200,96.407400,86.170100,87.354700,54.985900,75.117200,59.460800,12.047500,120.480000,20.951800,73.855500
2017-06-14,211.785100,50.848600,33.954100,87.314600,97.895600,86.185200,87.950500,54.992100,75.279500,59.545100,11.836100,119.820000,20.935100,73.839400
2017-06-15,211.377500,50.321200,33.602900,87.160800,97.740600,85.762300,87.739800,54.781200,75.039300,59.847300,11.886900,119.320000,21.060400,73.839400
2017-06-16,211.423800,50.749300,33.660100,87.209400,97.934400,85.837800,87.812500,54.688100,75.032800,59.692700,11.937600,119.340000,20.985300,73.871700
2017-06-19,213.183900,50.955700,33.994900,86.966500,97.794900,85.739700,87.703500,54.855600,74.954900,59.699700,11.861500,118.430000,21.077200,73.855500
2017-06-20,211.746200,50.545500,33.619200,87.185100,98.670700,85.830300,87.899700,54.663300,74.604300,59.559100,11.743100,118.180000,21.110600,73.855500
2017-06-21,211.693900,50.483400,33.693000,87.177000,98.872300,85.966200,87.943300,54.346900,74.448500,59.439700,11.616300,118.520000,21.068800,73.871700
2017-06-22,211.598100,50.475600,33.865300,87.258000,99.089300,86.245600,88.015900,54.495800,74.610800,59.495900,11.633200,118.920000,21.077200,73.887800
2017-06-23,211.850800,50.599900,34.045800,87.282300,99.042800,86.313500,88.059500,54.719200,74.857500,59.702400,11.683900,119.430000,21.010300,73.871700
2017-06-26,211.990200,50.685300,34.373900,87.355100,99.414800,86.449400,88.219400,54.793600,74.993800,60.128000,11.709300,118.360000,21.043700,73.855500
2017-06-27,210.282300,50.677600,33.971900,86.926000,98.352900,86.041700,87.819700,54.619900,74.604300,59.588800,11.844600,118.810000,20.809800,73.855500
2017-06-28,212.164500,51.120300,34.234400,86.845000,98.027400,86.109700,87.914200,54.843200,74.688700,59.730700,11.920700,118.900000,20.743000,73.887800
2017-06-29,210.299800,50.615400,33.799600,86.521200,97.205800,85.769900,87.645300,54.706700,74.338100,59.049600,11.971400,118.320000,20.642700,73.871700
2017-06-30,210.691900,50.646500,33.955500,86.318800,96.981000,85.649100,87.572700,54.837000,74.247200,59.049600,12.216600,118.020000,20.676200,73.887800
2017-07-03,211.049100,50.584300,34.152400,86.001900,96.668800,85.491500,87.383300,54.810500,74.007800,59.801700,12.343400,116.090000,20.801500,73.896200
2017-07-05,211.537100,50.584300,34.086800,86.066800,96.692100,85.620200,87.529100,54.766900,73.942600,58.957400,12.157400,116.520000,20.809800,73.880100
2017-07-06,209.602700,50.359100,33.676600,85.904600,95.892100,85.400600,87.303200,54.629800,73.538500,57.850600,12.165800,116.470000,20.717900,73.896200
2017-07-07,210.962000,50.366800,33.742200,85.766800,95.317300,85.135700,87.230300,54.580000,73.584100,58.177000,12.047500,115.280000,20.751400,73.896200
2017-07-10,211.188500,50.491100,34.062200,85.880300,95.457100,85.097800,87.376100,54.642300,73.910000,57.644900,12.098200,115.470000,20.759700,73.896200
2017-07-11,211.031700,50.607700,34.341100,85.993800,95.620200,85.370400,87.412500,54.604900,73.981700,57.581000,12.216600,115.620000,20.684500,73.896200
2017-07-12,212.617600,51.011600,35.005600,86.245200,96.280400,85.620200,87.798700,54.960000,74.418400,58.290500,12.157400,116.030000,20.684500,73.880100
2017-07-13,212.974800,51.159200,35.177900,86.156000,95.674600,85.589900,87.645600,55.003700,74.424900,58.382700,12.148900,115.820000,20.692900,73.880100
2017-07-14,213.968100,51.516500,35.620900,86.277600,95.791100,85.582300,87.849700,55.159400,74.613900,58.943200,12.284200,116.770000,20.567600,73.912400
2017-07-17,213.942000,51.415500,35.456800,86.383000,96.055200,85.756400,87.929800,55.178100,74.640000,59.418600,12.241900,117.290000,20.567600,73.896200
2017-07-18,214.055300,51.462100,35.563500,86.699300,96.894000,85.998700,88.308700,55.203000,74.855100,59.290900,12.292700,118.110000,20.459000,73.896200
2017-07-19,215.214200,51.687400,35.858800,86.699300,96.932800,86.066800,88.279500,55.296500,74.939800,59.737800,12.402600,118.080000,20.509100,73.896200
2017-07-20,215.310000,51.897100,35.817800,86.723600,97.212500,85.854900,88.359700,55.327700,74.965900,59.461100,12.385700,118.240000,20.383800,73.896200
2017-07-21,215.118300,51.695200,35.793200,86.877700,97.624100,85.983600,88.563700,55.284000,75.141900,59.418600,12.216600,119.260000,20.316900,73.896200
2017-07-24,215.066000,51.555300,35.899800,86.820900,97.243500,85.983600,88.461700,55.327700,74.991900,59.305000,12.241900,119.310000,20.325300,73.896200
2017-07-25,215.588800,51.625200,35.809600,86.334400,95.977500,85.650500,87.937100,55.352600,74.770300,59.383100,12.377200,118.920000,20.358700,73.896200
2017-07-26,215.597600,51.943700,36.104900,86.610100,96.132800,85.900300,88.228500,55.433600,75.174400,59.794600,12.495600,119.880000,20.241800,73.912400
2017-07-27,215.397200,51.827200,35.908000,86.472200,95.659000,85.839700,88.010000,55.390000,75.063600,59.865500,12.571700,119.790000,20.316900,73.928600
2017-07-28,215.144500,51.881600,35.891600,86.618200,96.226000,86.044100,88.243100,55.396200,75.063600,59.702400,12.639300,120.690000,20.191600,73.912400
2017-07-31,215.022500,51.990300,35.932600,86.642500,96.342500,86.044100,88.243100,55.396200,75.122300,59.780400,12.715400,120.750000,20.108100,73.912400
2017-08-01,215.501700,52.277700,36.039300,86.857900,97.019000,86.117900,88.563000,55.451100,75.209700,60.050000,12.571700,120.650000,20.141500,73.931300
2017-08-02,215.606300,52.301000,36.072100,86.776700,97.073500,86.072400,88.424200,55.463600,75.314400,59.503700,12.597000,120.400000,20.116400,73.947500
2017-08-03,215.188000,52.332100,35.924400,87.077200,98.077600,86.307500,88.548400,55.357200,75.576200,59.383100,12.504000,120.590000,20.066300,73.947500
2017-08-04,215.580100,52.402000,36.055700,86.841700,97.244700,86.186200,88.205000,55.369700,75.399500,59.581700,12.529400,119.650000,20.241800,73.947500
2017-08-07,215.981000,52.425300,36.301800,86.890400,97.353700,86.284800,88.226900,55.344700,75.536900,59.517900,12.554700,119.510000,20.233400,73.947500
2017-08-08,215.449400,52.145700,36.310000,86.817300,97.003400,86.345500,87.803200,55.106900,75.379900,59.234100,12.563200,119.860000,20.266800,73.947500
2017-08-09,215.440700,52.060200,35.981800,86.922900,97.532700,86.504700,87.890900,54.894200,75.406000,59.035400,12.647700,121.310000,20.250100,73.947500
2017-08-10,212.399700,51.322300,35.128700,87.247800,98.365600,86.724700,87.861700,54.543900,75.092000,58.609800,12.453300,122.210000,20.216700,73.947500
2017-08-11,212.713400,51.229100,35.210700,87.345200,98.412300,86.671600,88.022400,54.637700,75.229400,58.247900,12.495600,122.790000,20.141500,73.963600
2017-08-14,214.822100,51.601900,35.571700,87.134100,97.906300,86.330300,87.963900,54.925500,75.399500,59.219900,12.385700,121.920000,20.225000,73.947500
2017-08-15,214.795900,51.563100,35.612700,86.874200,97.493800,86.072400,87.861700,54.944300,75.419100,59.042500,12.326500,120.980000,20.316900,73.963600
2017-08-16,215.170600,51.858300,35.981800,87.036600,97.851900,86.224100,88.110000,54.950500,75.484600,59.276700,12.292700,121.870000,20.250100,73.947500
2017-08-17,211.815900,51.275700,35.522400,87.345200,98.583500,86.436500,88.197700,54.644000,75.419100,58.907700,12.326500,122.490000,20.291900,73.963600
2017-08-18,211.484800,51.415500,35.826000,87.361500,98.560200,86.451600,88.139300,54.725300,75.608900,58.311800,12.546300,122.300000,20.225000,73.947500
2017-08-21,211.650400,51.400000,35.957200,87.418300,98.801500,86.482000,88.263500,54.781600,75.680900,58.936100,12.394100,122.760000,20.166600,73.963600
2017-08-22,213.863600,51.648500,36.359200,87.247800,98.420100,86.375800,88.175800,55.006800,75.707000,58.765800,12.427900,122.210000,20.250100,73.979800
2017-08-23,213.096800,51.656300,36.531500,87.548300,99.089500,86.610900,88.511800,55.013100,75.870600,59.368900,12.537800,122.670000,20.166600,73.979800
2017-08-24,212.600100,51.539800,36.646400,87.410200,98.723700,86.391000,88.343800,55.094400,75.949200,59.184400,12.529400,122.290000,20.208300,73.979800
2017-08-25,213.096800,51.850500,36.859700,87.556400,99.105100,86.535100,88.548400,55.194500,76.152000,59.468200,12.504000,122.740000,20.041300,73.963600
2017-08-28,213.105500,51.850500,36.728400,87.637600,99.042800,86.603300,88.548400,55.200800,76.034200,59.014200,12.512500,124.690000,19.982800,73.979800
2017-08-29,213.349500,51.640800,36.662800,87.840600,99.361900,86.739900,88.614100,55.132000,76.080000,58.950300,12.512500,124.420000,20.007800,73.979800
2017-08-30,214.360200,51.570900,36.720200,87.767500,99.330800,86.717100,88.687200,55.282100,76.328700,59.283800,12.419500,124.360000,20.133200,73.979800
2017-08-31,215.649800,51.967000,36.777600,87.905600,99.626600,86.937100,88.840600,55.432300,76.616600,59.624300,12.766100,125.820000,20.074700,73.996000
2017-09-01,215.954800,52.036900,37.048300,87.647300,98.864500,86.736900,88.489100,55.489000,76.545000,59.830100,12.783000,126.060000,20.116400,74.000700
2017-09-05,214.403800,51.687400,36.564300,88.257300,100.432300,87.299300,89.038500,55.363400,76.801200,59.666900,12.808400,127.460000,20.007800,73.968300
2017-09-06,215.135700,52.005900,36.802200,88.045900,99.816100,87.192900,88.723500,55.325700,76.656700,59.823000,12.935200,126.810000,19.991100,74.000700
2017-09-07,215.109600,52.433100,37.073000,88.428200,100.837900,87.557800,89.067800,55.332000,76.952300,60.206100,12.926700,128.130000,19.849100,74.000700
2017-09-08,214.856900,52.440900,36.826800,88.363100,100.619500,87.573000,88.804100,55.156000,77.024500,60.255700,12.783000,127.970000,19.799000,73.984500
2017-09-11,217.148600,52.852600,37.319100,87.858800,99.418300,87.238500,88.533100,55.332000,76.893200,60.809100,12.808400,126.190000,19.932700,73.984500
2017-09-12,217.880500,53.015700,37.278000,87.647300,98.895700,87.094100,88.437800,55.401100,76.735500,60.092600,12.842200,126.560000,19.924300,74.016900
2017-09-13,217.985100,52.728300,37.081200,87.468400,98.505700,86.934500,88.350000,55.419900,76.735500,59.936500,12.901400,125.610000,20.041300,74.016900
2017-09-14,217.915300,52.821500,37.179600,87.484700,98.911300,87.071300,88.569700,55.495300,76.788100,60.433100,12.909800,126.160000,19.982800,74.000700
2017-09-15,218.208300,52.868100,37.401100,87.590400,98.950300,87.025700,88.642900,55.545600,76.893200,60.546600,12.969000,125.530000,19.916000,74.000700
2017-09-18,218.672400,52.938000,37.532400,87.248800,98.380900,86.987700,88.555000,55.520400,76.742100,60.220300,12.952100,124.360000,19.966100,74.000700
2017-09-19,218.891300,53.186600,37.614400,87.151200,98.139100,86.888900,88.606300,55.577000,76.630400,59.823000,12.926700,124.620000,19.907600,74.033100
2017-09-20,218.970200,53.070100,37.442100,86.980400,98.209300,86.645700,88.496400,55.570700,76.137800,59.659800,13.036600,123.620000,20.066300,74.033100
2017-09-21,218.383500,52.961300,37.442100,86.866500,98.154700,86.448100,88.496400,55.501600,76.354500,59.546300,12.985900,122.680000,20.007800,74.033100
2017-09-22,218.427200,53.124400,37.228800,87.021000,98.435500,86.668500,88.613600,55.558100,76.485900,59.126200,13.036600,123.240000,19.991100,74.033100
2017-09-25,217.980600,52.821500,36.597100,87.281300,99.051700,86.911700,88.943200,55.589500,76.413700,59.470300,13.256500,124.530000,20.108100,74.033100
2017-09-26,218.112000,52.705000,36.498700,87.208100,98.872300,86.843300,88.928600,55.658700,76.387400,59.570600,13.138100,123.140000,20.174900,74.033100
2017-09-27,218.961400,52.743800,36.367400,86.760800,97.382500,86.577300,88.584300,55.683800,76.065500,59.033100,13.087400,121.980000,20.275200,74.033100
2017-09-28,219.224100,52.883600,36.342800,86.744500,97.093900,86.516500,88.716200,55.683800,76.223200,59.434500,13.087400,122.210000,20.216700,74.016900
2017-09-29,219.994700,53.194400,36.761200,86.638800,97.312300,86.326500,88.796800,55.765500,76.472800,59.556300,13.019700,121.580000,20.200000,74.049300
2017-10-02,220.949200,53.147700,36.769400,86.540100,97.134100,86.210800,88.879600,55.737100,76.401700,59.470300,12.909800,120.770000,20.316900,74.052100
2017-10-03,221.422000,53.326400,37.351900,86.662300,97.227900,86.294400,89.077900,55.838000,76.381900,59.384300,12.918300,120.830000,20.308600,74.052100
2017-10-04,221.684700,53.225400,37.343700,86.637800,97.235700,86.370500,89.026500,55.781200,76.441300,59.685300,12.935200,121.170000,20.283500,74.035900
2017-10-05,222.998200,53.194400,37.622600,86.548200,96.868400,86.279200,88.901600,55.850600,76.480800,59.900400,13.078900,120.520000,20.392100,74.052100
2017-10-06,222.744300,53.155500,37.433900,86.442300,96.594900,86.210800,88.828200,55.768600,76.289600,59.706800,12.876000,121.090000,20.358700,74.035900
2017-10-09,222.376500,53.171000,37.409300,86.540100,96.899700,86.241200,88.901600,55.774900,76.184100,59.850200,12.884500,122.080000,20.325300,74.035900
2017-10-10,222.963200,53.676000,37.778500,86.572700,97.056000,86.393300,88.960400,55.819100,76.322600,60.029400,13.036600,122.400000,20.216700,74.035900
2017-10-11,223.313500,53.808000,37.950800,86.670400,97.243600,86.499700,88.916300,55.762300,76.408300,60.230100,13.062000,122.790000,20.158200,74.035900
2017-10-12,222.980700,53.761400,37.934400,86.751900,97.657800,86.659400,88.938400,55.699200,76.553400,60.617100,13.045100,122.890000,20.200000,74.068300
2017-10-13,223.252200,54.041000,38.278900,87.045100,98.361200,86.781100,89.290900,55.724500,76.771000,60.774800,13.171900,123.820000,20.200000,74.068300
2017-10-16,223.549900,54.002200,38.254300,86.898500,98.290900,86.583400,89.166000,55.756000,76.632500,60.473800,13.205700,122.970000,20.250100,74.052100
2017-10-17,223.707500,53.862400,38.057400,86.865900,98.415900,86.423700,89.151300,55.838000,76.672100,60.545400,13.188800,122.130000,20.300200,74.068300
2017-10-18,223.926400,54.017700,38.147600,86.646000,97.767200,86.317200,89.019100,55.894800,76.685200,60.480900,13.180400,121.670000,20.275200,74.068300
2017-10-19,223.987700,53.932300,37.811300,86.735600,97.939200,86.431300,89.151300,55.901100,76.771000,60.301700,13.121200,122.390000,20.225000,74.068300
2017-10-20,225.143600,53.862400,37.950800,86.377200,96.899700,86.233600,88.909000,55.951600,76.520400,59.957700,13.188800,121.610000,20.342000,74.084500
2017-10-23,224.268000,53.745900,37.647200,86.458600,97.071600,86.241200,88.997100,55.888500,76.454400,59.728300,13.188800,121.800000,20.367100,74.068300
2017-10-24,224.662000,53.831300,37.647200,86.198000,96.469800,86.119500,88.776800,55.888500,76.355500,59.369900,13.324100,121.330000,20.400500,74.100700
2017-10-25,223.549900,53.621600,37.565200,86.059500,96.008700,86.028300,88.541800,55.730800,76.223600,59.197900,13.341000,121.350000,20.350400,74.100700
2017-10-26,223.838900,53.613800,37.310900,85.945400,95.688200,85.990300,88.534400,55.661400,75.999400,58.710500,13.400200,120.330000,20.567600,74.100700
2017-10-27,225.669000,53.738100,37.852300,86.222400,96.321300,86.264000,88.798800,55.812800,76.362100,58.975700,13.467800,120.900000,20.617700,74.100700
2017-10-30,224.828400,53.862400,37.614400,86.531900,97.243600,86.492100,89.092600,55.800200,76.586300,58.925500,13.501600,121.130000,20.517400,74.084500
2017-10-31,225.178700,54.087700,37.967200,86.474900,97.274800,86.530100,88.967700,55.812800,76.658900,58.918400,13.535500,120.670000,20.534100,74.100700
2017-11-01,225.476400,54.142000,38.164100,86.527400,97.708000,86.619800,89.108500,55.759300,76.675500,59.205100,13.543900,121.110000,20.575900,74.108200
2017-11-02,225.564000,54.305200,38.213300,86.641600,98.138700,86.749300,89.093800,55.727600,76.887300,59.706800,13.628500,121.190000,20.575900,74.092000
2017-11-03,226.317000,54.219700,38.016400,86.780300,98.405000,86.810200,89.196900,55.734000,76.404100,59.556300,13.713000,120.620000,20.626000,74.092000
2017-11-06,226.667300,54.297400,38.443000,86.886300,98.773100,86.955000,89.219000,55.740300,76.298200,59.957700,13.975100,121.650000,20.575900,74.108200
2017-11-07,226.509700,54.095400,38.196900,86.919000,99.188300,87.076900,89.145300,55.581900,75.894400,60.445100,13.890500,121.210000,20.609300,74.108200
2017-11-08,226.895000,54.274100,38.377400,86.812900,98.969000,87.023500,89.027500,55.334900,75.861300,60.746100,13.865200,121.630000,20.601000,74.108200
2017-11-09,226.071800,53.963400,38.139400,86.780300,98.687000,87.008300,88.791900,55.062500,75.702400,60.810600,13.890500,122.130000,20.517400,74.092000
2017-11-10,226.001800,53.815800,37.975400,86.339700,97.198900,86.627400,88.283800,55.182800,75.762000,60.875200,13.865200,121.130000,20.500700,74.108200
2017-11-13,226.211900,53.590500,37.893300,86.298900,97.402500,86.619800,88.298500,55.144800,75.848000,61.183400,13.822900,121.310000,20.517400,74.108200
2017-11-14,225.686500,53.551700,37.639000,86.421300,98.060400,86.726400,88.320600,54.910400,75.788400,61.054400,13.636900,121.560000,20.375400,74.108200
2017-11-15,224.556900,53.295300,37.442100,86.731300,99.125600,86.970200,88.696100,54.910400,75.841400,60.437900,13.620000,121.410000,20.367100,74.108200
2017-11-16,226.465900,53.722600,38.221500,86.511100,98.264000,86.787400,88.593000,55.448900,76.145900,60.939700,13.577700,121.400000,20.392100,74.124400
2017-11-17,225.800400,53.528400,38.410200,86.625300,98.992500,86.939700,88.703500,55.410900,76.284900,60.674500,13.797500,122.860000,20.333700,74.108200
2017-11-20,226.185700,53.644900,38.607100,86.486600,98.953300,86.810200,88.703500,55.423600,76.265100,60.495300,13.687600,121.310000,20.433900,74.124400
2017-11-21,227.665600,54.048800,39.123900,86.502900,99.266600,86.802600,88.998000,55.537600,76.371000,60.946800,13.780600,121.510000,20.408800,74.140600
2017-11-22,227.464200,54.196400,39.222300,86.780300,99.587700,87.061600,89.344100,55.626300,76.695300,60.810600,13.856700,122.630000,20.250100,74.140600
2017-11-24,227.989600,54.639200,39.140300,86.706900,99.313600,86.955000,89.241000,55.664300,76.668900,60.889500,13.899000,122.320000,20.158200,74.124400
2017-11-27,227.875700,54.312900,38.566000,86.764000,99.172600,86.939700,89.189500,55.493300,76.702000,60.602800,13.873600,122.830000,20.183300,74.124400
2017-11-28,230.187500,54.623600,38.853200,86.780300,99.305700,86.932100,89.314700,55.664300,76.807900,60.373400,13.814500,122.810000,20.266800,74.156800
2017-11-29,230.047400,54.406100,38.237900,86.502900,98.326700,86.696000,88.961200,55.594600,76.529800,60.394900,13.721500,122.040000,20.258500,74.140600
2017-11-30,232.061400,54.460500,37.819500,86.233700,97.997700,86.604500,88.858100,55.607300,76.450400,60.488100,13.662300,121.100000,20.208300,74.140600
2017-12-01,231.579800,54.243000,37.606200,86.552100,99.320200,86.934400,89.133000,55.589600,76.702200,60.631500,13.780600,121.590000,20.191600,74.145100
2017-12-04,231.299600,54.048800,37.680000,86.511200,99.367300,86.965000,89.273300,55.570600,76.748800,60.330400,13.611500,121.180000,20.258500,74.153200
2017-12-05,230.467700,53.932300,37.655400,86.576600,99.861700,87.056800,89.443100,55.538700,76.855100,59.828700,13.611500,120.320000,20.291900,74.161300
2017-12-06,230.511500,53.823500,37.146800,86.756400,100.207000,87.148700,89.612900,55.487800,76.921500,59.771300,13.383300,120.070000,20.342000,74.153200
2017-12-07,231.238300,53.963400,37.253400,86.601100,99.422200,87.033900,89.435700,55.513300,76.762100,59.921900,13.425500,118.490000,20.383800,74.161300
2017-12-08,232.499300,54.250800,37.688200,86.535700,99.430100,86.995600,89.325000,55.570600,76.775300,60.230100,13.493200,118.480000,20.417200,74.169400
2017-12-11,233.199800,54.390600,37.876900,86.478500,99.226000,86.926800,89.391400,55.583300,76.735500,60.222900,13.527000,118.010000,20.417200,74.161300
2017-12-12,233.611400,54.460500,37.622600,86.405000,99.186800,86.995600,89.325000,55.557800,76.762100,60.516800,13.408600,118.150000,20.450600,74.169400
2017-12-13,233.585100,54.670200,38.073800,86.756400,99.932400,87.148700,89.635100,55.589600,76.981400,60.617100,13.349500,119.170000,20.308600,74.161300
2017-12-14,232.630600,54.367300,37.794900,86.723700,100.356200,87.148700,89.797500,55.475100,77.021200,60.602800,13.391700,118.930000,20.325300,74.169400
2017-12-15,234.568100,54.351800,37.876900,86.707300,100.732900,87.148700,89.923000,55.481500,77.120900,60.982700,13.391700,119.180000,20.408800,74.177500
2017-12-18,236.055600,54.996500,38.303500,86.511200,99.814600,86.995600,89.657200,55.538700,77.200700,61.384100,13.450900,119.730000,20.377900,74.185600
2017-12-19,235.149000,54.794700,38.101100,86.119000,98.519700,86.735500,89.199500,55.424200,77.034500,60.079500,13.552400,119.820000,20.319400,74.187200
2017-12-20,235.025800,54.700500,38.151100,85.865700,97.428700,86.444700,88.963200,55.468800,76.914900,59.384300,13.628500,120.140000,20.294300,74.187200
2017-12-21,235.509900,54.896800,38.401000,85.926400,97.996600,86.671100,89.203000,55.526700,76.909000,59.154000,13.636900,120.310000,20.285900,74.187200
2017-12-22,235.448300,55.038100,38.725800,85.959200,98.130300,86.724800,89.269600,55.577800,77.162400,59.561600,13.696100,120.940000,20.294300,74.203500
2017-12-26,235.166600,55.022400,38.692400,85.991900,98.421300,86.801400,89.388000,55.660900,77.202400,59.860000,13.899000,121.770000,20.277600,74.195300
2017-12-27,235.281000,55.124500,38.792400,86.360100,99.703300,87.161500,89.883700,55.686500,77.275700,60.056500,13.932800,122.230000,20.235700,74.211600
2017-12-28,235.765100,55.155900,39.058900,86.253800,99.616800,87.192200,89.824500,55.660900,77.302400,60.376800,14.000400,122.850000,20.177200,74.211600
2017-12-29,234.876200,55.195100,39.242100,86.392900,99.774100,87.414400,89.942900,55.743900,77.402400,60.398600,14.042700,123.650000,20.093600,74.195300
2018-01-02,236.557200,55.603300,39.983300,86.106500,98.696600,87.199900,89.343600,55.795100,77.602400,60.173000,14.110400,125.150000,20.010000,74.203500
2018-01-03,238.053500,55.870200,40.366400,86.196500,99.168500,87.284100,89.506400,56.063400,77.569000,59.998300,14.194900,124.820000,20.085200,74.219700
2018-01-04,239.056900,56.482500,40.566300,86.155600,99.152700,87.307100,89.476800,56.159200,77.769000,58.964700,14.178000,125.460000,20.018300,74.227800
2018-01-05,240.649900,56.796600,40.916100,86.049200,98.869600,87.291800,89.447200,56.197500,77.815700,58.993900,14.127300,125.330000,20.035100,74.227800
2018-01-08,241.090000,56.780900,40.916100,86.008300,98.806700,87.199900,89.439800,56.152800,77.675700,59.299600,14.118800,125.310000,20.127000,74.235900
2018-01-09,241.635700,56.843700,40.849400,85.599100,97.485400,86.916300,89.114200,55.980300,77.435700,58.535300,14.211800,124.730000,20.168900,74.235900
2018-01-10,241.266000,56.733800,40.591300,85.574500,97.367400,86.885700,89.173400,55.858900,77.209000,57.880200,14.262500,125.030000,20.118700,74.235900
2018-01-11,243.026300,57.126300,40.841100,85.631800,97.768500,86.793700,89.388000,56.044200,77.309000,57.683700,14.254100,125.440000,20.035100,74.227800
2018-01-12,244.610600,57.699300,41.232500,85.574500,97.933700,86.878000,89.402800,55.948400,77.422400,57.217800,14.347100,126.960000,19.826000,74.252200
2018-01-16,243.774500,57.644400,41.074300,85.615400,98.342600,87.023600,89.484200,55.916400,77.429000,57.327000,14.279400,127.170000,19.717300,74.235900
2018-01-17,246.098000,57.942700,41.615600,85.427200,98.208900,86.962300,89.240000,55.922800,77.449000,57.727400,14.296300,126.140000,19.767500,74.252200
2018-01-18,245.684400,57.872000,41.665600,85.157200,97.296600,86.885700,88.892200,55.865300,77.269000,56.984900,14.296300,125.860000,19.742400,74.252200
2018-01-19,246.802200,58.193900,42.007000,84.936200,96.785400,86.740100,88.618500,55.922800,77.049000,57.290600,14.271000,126.420000,19.775800,74.260300
2018-01-22,248.808900,58.492200,42.248600,84.903500,96.879800,86.694100,88.537100,55.973900,77.062400,57.814700,14.304800,126.650000,19.708900,74.268400
2018-01-23,249.337000,58.680600,42.448400,85.149000,97.296600,86.824400,88.921800,56.140000,77.209000,58.615400,14.406300,127.280000,19.658800,74.268400
2018-01-24,249.240200,58.782700,42.806500,84.985300,96.769700,86.763100,88.862600,56.057000,77.095700,58.309700,14.558400,128.830000,19.466500,74.276500
2018-01-25,249.345800,58.555000,42.781600,85.173500,97.564000,86.924000,89.314000,56.018600,77.202400,58.207800,14.473900,127.970000,19.491500,74.276500
2018-01-26,252.232700,59.073100,43.372800,84.919900,97.202200,86.870400,89.195600,56.063400,77.349000,58.003900,14.583800,128.070000,19.449700,74.292800
2018-01-29,250.560400,58.531500,42.714900,84.707100,96.525900,86.663500,88.958800,55.865300,76.929000,57.225100,14.541500,127.350000,19.499900,74.276500
2018-01-30,247.990400,58.044700,42.132000,84.510700,95.959600,86.456600,88.655500,55.673700,76.795700,56.810200,14.440100,126.800000,19.466500,74.284600
2018-01-31,248.113600,57.966200,42.498400,84.535200,96.525900,86.671100,88.840500,55.769500,76.909000,57.829300,14.457000,127.650000,19.441400,74.292800
2018-02-01,247.831900,58.131100,41.923800,84.098900,95.126900,86.227600,88.448300,55.664500,76.875400,56.584600,14.600700,128.070000,19.341000,74.289600
2018-02-02,242.436600,56.953600,40.849400,83.787500,94.244200,86.120300,87.995700,55.311600,76.280500,56.104200,14.364000,126.390000,19.458100,74.297800
2018-02-05,232.297300,54.567100,39.417000,84.476000,95.134800,86.442200,88.047600,55.003700,75.846000,54.437400,14.228700,126.710000,19.541700,74.289600
2018-02-06,236.874100,55.642600,40.699500,84.107100,94.543700,86.089700,87.869600,55.337300,75.986400,54.444700,14.144200,125.380000,19.583500,74.297800
2018-02-07,235.589100,55.053800,39.417000,83.861200,93.645300,85.898100,87.624800,55.132000,75.852700,54.211700,13.983500,124.790000,19.734000,74.305900
2018-02-08,226.752400,53.617200,38.051200,83.935000,93.542800,85.721800,87.246400,54.650900,74.997000,52.654100,13.839800,124.980000,19.734000,74.297800
2018-02-09,230.158600,53.844900,38.659100,83.787500,92.951700,85.453600,86.964500,54.496900,74.776400,53.971500,13.636900,124.770000,19.750800,74.314000
2018-02-12,233.538300,54.669100,39.267100,83.762900,93.361500,85.514900,86.964500,54.869000,74.896700,53.993400,13.721500,125.370000,19.683900,74.314000
2018-02-13,234.119200,54.504300,39.566900,83.902200,93.779200,85.576200,86.934800,54.695800,74.622700,54.371900,13.746800,126.080000,19.575200,74.314000
2018-02-14,237.279000,55.469900,40.557900,83.394000,92.738900,85.499600,86.615800,54.792000,74.455500,53.978800,13.958200,128.230000,19.424600,74.314000
2018-02-15,240.306700,55.815300,41.390800,83.418600,93.054200,85.545500,87.023800,55.234700,74.943500,54.502900,13.983500,128.380000,19.341000,74.322100
2018-02-16,240.377100,56.066500,41.257500,83.615300,93.558600,85.683500,87.283500,55.459200,75.438200,54.801300,14.008900,127.960000,19.474800,74.330300
2018-02-20,238.872000,55.540500,40.691200,83.525200,93.148700,85.614500,86.912500,55.266700,74.943500,54.153500,14.051200,126.240000,19.600200,74.330300
2018-02-21,237.683800,55.273600,40.657900,83.279300,92.005900,85.369300,86.437700,55.016500,74.682800,53.083500,14.034300,125.660000,19.675500,74.322100
2018-02-22,237.991900,55.564100,40.682900,83.394000,92.281800,85.445900,86.556400,55.055000,74.763000,53.687700,14.161100,126.300000,19.608600,74.330300
2018-02-23,241.785300,56.003700,41.407400,83.713700,93.101400,85.760100,86.957100,55.420700,75.324600,54.546600,14.254100,126.140000,19.650400,74.346500
2018-02-26,244.593000,56.529600,41.790500,83.812100,93.133000,85.867400,87.068300,55.516900,75.531800,54.699400,14.330200,126.450000,19.625300,74.330300
2018-02-27,241.538900,55.689700,40.574600,83.549800,92.999000,85.652800,86.690000,55.369400,75.391400,53.425600,14.186400,125.130000,19.750800,74.346500
2018-02-28,239.092100,55.163700,39.991600,83.746500,93.590100,85.775500,86.853200,55.286000,75.231000,53.389300,14.034300,125.000000,19.809300,74.354600
2018-03-01,235.615500,54.237400,39.916700,84.107100,94.229000,86.036000,86.764100,54.919700,74.956300,53.440200,14.059600,124.720000,19.742400,74.362200
2018-03-02,236.830100,54.496400,40.083200,83.795200,93.462900,85.967100,86.488900,55.228800,75.211100,53.418400,14.059600,125.390000,19.658800,74.370300
2018-03-05,239.567300,54.786900,40.141500,83.688500,93.210200,85.913400,86.459100,55.228800,75.097100,54.022500,14.144200,125.180000,19.658800,74.370300
2018-03-06,240.174600,55.108800,40.516300,83.680300,93.297100,85.890400,86.533500,55.306100,75.211100,54.277300,14.194900,126.530000,19.608600,74.370300
2018-03-07,240.086600,55.093100,40.557900,83.680300,93.194400,85.890400,86.503700,55.170900,75.130600,54.612100,14.042700,125.720000,19.591900,74.370300
2018-03-08,241.248400,55.210800,40.566300,83.852700,93.731400,85.974700,86.674900,55.235300,75.137300,54.714000,13.958200,125.420000,19.717300,74.362200
2018-03-09,245.446700,55.564100,41.432400,83.672000,93.115500,85.844400,86.369800,55.434900,75.284900,55.012400,14.093400,125.540000,19.692200,74.378400
2018-03-12,245.138700,55.626900,41.532300,83.869100,93.652500,85.905700,86.481400,55.344800,75.271400,55.252600,14.068100,125.540000,19.667100,74.386600
2018-03-13,243.554400,55.257900,41.157600,84.008600,94.126300,85.974700,86.488900,55.170900,75.150700,55.303600,14.025800,125.780000,19.617000,74.386600
2018-03-14,242.304600,55.391400,41.224200,84.172800,94.955500,86.120300,86.682300,55.106500,75.318400,55.354500,14.025800,125.700000,19.625300,74.386600
2018-03-15,242.040600,55.360000,41.074300,84.140000,94.955500,86.128000,86.771600,55.145100,75.258000,55.339900,14.017400,124.900000,19.700600,74.378400
2018-03-16,242.302800,55.320700,40.982700,84.041500,94.615900,85.982400,86.868300,55.261000,75.251300,55.725700,14.068100,124.600000,19.750800,74.394700
2018-03-19,239.024400,54.873200,40.541300,83.959400,94.315800,85.928700,86.578100,55.035600,74.936200,55.245300,13.975100,124.870000,19.667100,74.394700
2018-03-20,239.430900,54.865400,40.991000,83.795200,93.936800,85.798500,86.273100,55.145100,74.782000,55.056100,14.068100,124.310000,19.784200,74.386600
2018-03-21,238.971400,54.951700,41.232500,83.852700,94.039400,85.982400,86.221000,55.164400,75.009900,54.648500,14.321700,126.480000,19.625300,74.402800
2018-03-22,232.997800,53.931200,39.858400,84.197500,94.971300,86.235300,86.369800,54.835900,74.788700,54.328200,14.211800,125.980000,19.650400,74.411000
2018-03-23,228.031500,53.334600,39.050600,84.312400,94.900200,86.281300,86.094500,54.694300,74.486900,53.360100,14.338600,127.610000,19.583500,74.419100
2018-03-26,234.270200,54.292300,40.316400,84.082500,94.537000,86.128000,86.399600,55.048500,74.936200,53.967400,14.347100,128.280000,19.491500,74.411000
2018-03-27,230.284900,53.892000,39.583600,84.558700,95.547800,86.457600,86.712100,54.997000,75.050200,54.173100,14.287900,127.490000,19.583500,74.427200
2018-03-28,229.604500,54.206000,39.383700,84.542300,95.800500,86.457600,86.942700,54.971200,75.244600,55.532800,14.228700,125.730000,19.759100,74.435400
2018-03-29,232.538200,54.700500,40.208200,84.714700,96.266400,86.641500,87.337000,55.158000,75.646900,55.466700,14.355500,125.790000,19.742400,74.451600
2018-04-02,227.519000,53.946900,39.483600,84.801100,96.456400,86.728200,87.290700,54.946000,75.502800,54.717000,14.161100,127.260000,19.734000,74.447600
2018-04-03,230.435100,54.292300,39.875000,84.529800,95.712500,86.674400,87.059400,55.101200,75.556600,55.180000,14.237200,126.300000,19.767500,74.439500
2018-04-04,232.900500,54.480700,39.891700,84.480400,95.514600,86.628300,87.059400,55.224100,75.644000,55.760600,14.178000,126.450000,19.759100,74.455800
2018-04-05,234.738600,54.841800,39.991600,84.266600,94.802400,86.382400,87.089300,55.269400,75.617100,55.738600,14.245600,125.800000,19.834400,74.463900
2018-04-06,229.507200,54.480700,39.208800,84.636700,95.839100,86.728200,87.350400,55.146500,75.731500,55.319700,14.144200,126.390000,19.759100,74.463900
2018-04-09,230.638300,54.928200,39.250400,84.653100,95.997400,86.712800,87.395200,55.353400,75.657500,55.143300,14.321700,126.820000,19.708900,74.472100
2018-04-10,234.305600,55.517000,40.016600,84.505100,95.823300,86.674400,87.417600,55.553900,75.536400,55.084500,14.566900,127.120000,19.658800,74.463900
2018-04-11,233.077300,55.305000,40.033300,84.587300,96.163600,86.928000,87.477300,55.573300,75.563300,55.202100,14.676800,128.110000,19.642100,74.480200
2018-04-12,234.994900,55.517000,40.016600,84.283100,95.459200,86.789700,87.238500,55.773800,75.563300,54.584700,14.617600,126.620000,19.683900,74.480200
2018-04-13,234.305600,55.571900,39.616900,84.357100,95.680800,86.912600,87.268400,55.806100,75.623900,54.871300,14.626100,127.450000,19.683900,74.480200
2018-04-16,236.232000,55.658300,39.666800,84.315900,95.712500,86.835800,87.275800,55.890200,75.529700,55.209400,14.575300,127.630000,19.617000,74.496500
2018-04-17,238.759300,55.909500,39.750100,84.365300,95.973600,86.966400,87.283300,55.916100,75.368200,55.856200,14.583800,127.750000,19.617000,74.496500
2018-04-18,238.936000,56.199900,40.091600,84.036300,95.206000,86.789700,86.835600,55.857900,75.368200,55.738600,14.854300,127.850000,19.658800,74.488300
2018-04-19,237.610500,55.988000,39.858400,83.806100,94.430400,86.651400,86.507300,55.683300,75.105800,54.930100,14.795200,127.600000,19.717300,74.504600
2018-04-20,235.595700,55.776000,39.358700,83.526500,93.749800,86.351700,86.156600,55.547400,74.776200,54.423000,14.769800,126.630000,19.834400,74.504600
2018-04-23,235.560400,55.705400,39.042200,83.444300,93.773500,86.328600,86.119300,55.398700,74.594600,54.378900,14.761300,125.620000,19.959800,74.504600
2018-04-24,232.388000,55.477700,38.859000,83.345600,93.346200,86.090400,85.865600,55.288800,74.480200,54.584700,14.685300,126.230000,19.934700,74.512800
2018-04-25,232.962400,55.383500,38.559200,83.164700,92.721000,85.959800,85.597000,55.295200,74.211100,54.481800,14.710600,125.410000,20.018300,74.520900
2018-04-26,235.330600,55.658300,39.117200,83.403100,93.369900,86.182600,85.850700,55.489200,74.271600,55.194700,14.786700,124.970000,20.110300,74.529000
2018-04-27,235.551600,55.713200,39.358700,83.542900,94.090100,86.459300,86.044700,55.463400,74.332200,56.142800,14.778200,125.500000,20.093600,74.537200
2018-04-30,233.740000,55.532700,39.075500,83.633400,94.256300,86.528400,85.970100,55.424600,74.096700,55.922300,14.845900,124.590000,20.177200,74.529000
2018-05-01,234.155400,55.336400,38.884000,83.502500,93.916800,86.280700,85.737700,55.465300,73.962000,56.429400,14.761300,123.710000,20.311000,74.535000
2018-05-02,232.582400,55.312900,38.575900,83.519000,93.813700,86.388800,85.670300,55.445800,73.374600,56.223600,14.761300,123.650000,20.403000,74.543200
2018-05-03,232.069900,55.485600,38.492600,83.733200,94.234100,86.496800,85.685300,55.439300,73.293500,56.186900,14.854300,124.280000,20.319400,74.543200
2018-05-04,235.074400,55.681800,38.667500,83.741500,94.376900,86.520000,85.805000,55.478300,73.354300,56.804300,14.955800,124.540000,20.344500,74.559500
2018-05-07,235.869700,55.689700,38.442600,83.700300,94.226200,86.535400,85.707700,55.530200,73.050400,57.186400,14.947300,124.570000,20.386300,74.559500
2018-05-08,235.869700,55.697500,38.659100,83.560200,94.138900,86.381100,85.677800,55.445800,72.618300,56.899800,14.989600,124.590000,20.461500,74.567600
2018-05-09,238.149600,55.831000,38.734100,83.370700,93.575800,86.327000,85.662800,55.536700,72.490000,57.282000,15.124900,124.330000,20.461500,74.567600
2018-05-10,240.376400,56.192100,39.541900,83.543700,94.329300,86.496800,86.096800,55.699100,73.408300,57.730300,15.201000,125.180000,20.369500,74.567600
2018-05-11,241.109900,56.341200,39.475300,83.552000,94.567200,86.496800,86.246500,55.679600,73.719000,57.531900,15.108000,125.000000,20.336100,74.567600
2018-05-14,241.224700,56.443300,39.525300,83.370700,94.067500,86.280700,86.089400,55.692600,73.590700,57.039400,15.217900,124.490000,20.361200,74.567600
2018-05-15,239.563400,56.035100,38.709100,82.909300,92.996800,86.002900,85.438400,55.419800,73.084200,56.113400,15.234800,122.480000,20.486600,74.583900
2018-05-16,240.570800,56.113600,39.292100,82.736300,92.639900,85.879400,85.326100,55.491300,73.239500,55.944400,15.319300,122.290000,20.536800,74.592100
2018-05-17,240.367600,56.199900,38.692400,82.686900,92.171900,85.717300,85.161500,55.523800,72.949100,55.665100,15.336200,122.360000,20.561900,74.592100
2018-05-18,239.766700,55.995800,38.367600,83.008200,92.965100,85.948900,85.513200,55.465300,72.868100,55.738600,15.344700,122.410000,20.603700,74.600200
2018-05-21,241.569400,56.349100,38.600800,83.065900,93.012600,85.979700,85.565600,55.543200,72.881600,56.400000,15.463100,122.480000,20.586900,74.600200
2018-05-22,240.897800,56.278400,38.734100,83.032900,92.869900,85.941100,85.475800,55.582200,73.165200,56.480900,15.480000,122.410000,20.578600,74.600200
2018-05-23,241.560500,55.658300,38.717400,83.411900,93.544100,86.188100,85.842400,55.627700,73.617700,57.046800,15.564500,122.540000,20.662200,74.608400
2018-05-24,241.065700,55.485600,38.509200,83.626100,94.289600,86.288500,86.081900,55.660100,73.840500,56.929200,15.463100,123.590000,20.637100,74.624700
2018-05-25,240.491300,55.124500,38.667500,83.955700,94.876500,86.411900,86.336300,55.569200,74.022800,57.127600,15.234800,123.210000,20.737500,74.632800
2018-05-29,237.725400,54.001900,37.768000,84.862000,96.954600,86.921300,86.792700,55.335400,73.820200,57.399600,15.091100,123.190000,20.879600,74.632800
2018-05-30,240.897800,54.826100,38.067800,84.499500,96.304200,86.759300,86.456000,55.504300,73.800000,58.178600,15.285500,123.370000,20.720700,74.624700
2018-05-31,239.422000,54.480700,38.051200,84.458300,96.145600,86.813300,86.418600,55.452300,73.496100,57.980200,15.243200,123.100000,20.704000,74.641000
2018-06-01,241.772600,54.951700,38.584200,84.146500,95.637600,86.686100,86.252500,55.579100,73.232800,58.237400,15.141800,122.490000,20.737500,74.646200
2018-06-04,242.921400,55.116600,38.975600,83.849300,94.945900,86.508100,86.057300,55.696600,73.205600,58.744500,14.964200,122.370000,20.720700,74.654300
2018-06-05,243.098100,55.030300,38.675800,84.063900,95.168500,86.701600,86.117400,55.761800,73.320900,58.590200,14.989600,122.850000,20.695600,74.654300
2018-06-06,245.130600,55.524800,39.258800,83.725400,94.397400,86.515800,85.802100,55.898800,73.158200,58.729800,15.040300,122.920000,20.637100,74.646200
2018-06-07,245.104100,55.210800,38.659100,84.080400,95.311600,86.779000,86.087400,55.918400,72.954700,58.729800,15.099500,122.860000,20.595300,74.654300
2018-06-08,245.828700,55.273600,38.584200,83.964800,95.025400,86.632000,85.944800,55.885800,73.022500,58.943000,15.091100,123.010000,20.603700,74.670700
2018-06-11,246.155600,55.626900,38.584200,83.882300,94.850500,86.632000,85.862200,55.990100,72.880200,58.854800,15.082600,123.230000,20.620400,74.678800
2018-06-12,246.473700,55.273600,38.484200,83.832800,94.874400,86.562300,85.869700,56.035800,72.575000,59.207500,15.074200,122.820000,20.662200,74.678800
2018-06-13,245.687300,55.352100,38.226100,83.733700,94.826700,86.508100,85.787100,56.055400,72.344500,58.053700,15.133300,123.190000,20.628800,74.670700
2018-06-14,246.305800,55.234400,37.967900,83.997900,95.613700,86.732600,86.177400,56.218500,72.256300,58.604900,14.964200,123.380000,20.896300,74.695200
2018-06-15,245.991200,54.951700,37.668100,84.063900,95.701200,86.763600,86.057300,56.185900,72.405500,58.568100,14.600700,121.340000,20.879600,74.695200
2018-06-18,245.485300,54.559200,37.210000,84.105200,95.613700,86.833200,85.967300,56.179300,72.019000,58.584300,14.727500,121.110000,20.879600,74.687000
2018-06-19,244.544400,54.058000,36.799300,84.328100,96.170200,86.972600,86.012300,56.101000,71.998600,58.525000,14.575300,120.800000,20.938100,74.703300
2018-06-20,244.961600,54.098100,36.958600,84.055700,95.327500,86.732600,85.531900,56.159800,72.154600,59.177700,14.558400,120.260000,20.954900,74.695200
2018-06-21,243.426000,53.713800,36.438800,84.278600,95.828400,86.887400,85.464400,56.042300,72.419100,59.459600,14.448500,120.050000,20.896300,74.703300
2018-06-22,243.869800,54.282200,36.816100,84.295100,95.820400,87.011300,85.569500,56.048900,72.825900,59.926900,14.736000,120.340000,20.821100,74.711500
2018-06-25,240.550000,53.529600,36.321500,84.410600,96.035100,87.050000,85.486900,55.918400,72.493600,59.771100,14.566900,119.890000,20.787600,74.727800
2018-06-26,241.082600,53.625700,36.179000,84.451900,96.170200,87.173800,85.772100,55.911800,72.391900,59.964000,14.710600,119.260000,20.896300,74.719600
2018-06-27,239.085400,53.121300,35.483200,84.773900,97.076500,87.460300,86.064900,55.794400,72.249500,59.734000,14.786700,118.580000,21.021800,74.736000
2018-06-28,240.452400,53.321500,35.785000,84.691300,97.100400,87.344100,85.952300,55.637800,72.391900,60.268100,14.778200,118.220000,21.021800,74.736000
2018-06-29,240.798600,53.617700,36.321500,84.625300,96.766500,87.375100,85.997300,55.507400,72.398700,60.416500,14.947300,118.650000,20.854500,74.752300
2018-07-02,241.313400,53.129300,35.961000,84.567100,96.690800,87.406900,86.008900,55.560500,72.395900,60.082700,14.634500,117.460000,20.954900,74.741600
2018-07-03,240.461300,53.289400,35.986200,84.782100,97.208700,87.593400,86.325100,55.567000,72.627500,60.535100,14.617600,118.650000,20.888000,74.758000
2018-07-05,242.422900,53.817900,35.894000,84.790400,97.487600,87.694500,86.596100,55.776700,73.090500,61.254600,14.702200,119.050000,20.821100,74.758000
2018-07-06,244.473400,54.106100,36.388600,84.864800,97.806300,87.818800,86.716600,55.920900,73.716900,61.581000,14.769800,118.860000,20.754200,74.774300
2018-07-09,246.674700,54.626500,37.042400,84.649800,97.176800,87.640100,86.776800,56.006100,73.921200,61.091500,14.845900,119.150000,20.762500,74.774300
2018-07-10,247.562400,54.602500,36.958600,84.583600,97.168900,87.508000,86.678900,56.012700,74.050600,61.217600,14.812100,118.930000,20.770900,74.782500
2018-07-11,245.751600,53.689800,36.237700,84.757300,97.543300,87.601200,86.852100,55.927500,73.744200,61.017300,14.296300,117.640000,20.913100,74.782500
2018-07-12,247.979600,54.106100,36.732200,84.724200,97.535400,87.531300,87.040300,56.104400,73.887200,61.202700,14.372400,118.130000,20.929800,74.782500
2018-07-13,248.174800,54.274200,36.757400,84.864800,97.782400,87.702200,87.108100,56.104400,74.268500,61.017300,14.397800,117.610000,20.904700,74.790700
2018-07-16,247.952900,54.250200,36.556200,84.724200,97.376000,87.469100,86.965000,56.065100,74.077800,60.690900,14.093400,117.550000,20.871200,74.798800
2018-07-17,248.956000,54.346300,36.824400,84.674600,97.192800,87.352500,86.904800,56.084700,74.071000,60.290400,14.110400,116.280000,20.963200,74.798800
2018-07-18,249.479700,54.354300,36.782500,84.608500,96.802300,87.212700,86.889800,56.111000,74.002900,60.023300,14.237200,116.310000,20.988300,74.807000
2018-07-19,248.538800,54.242200,36.329900,84.840000,97.415900,87.337000,87.025300,56.084700,73.989300,60.728000,14.220300,115.810000,21.030100,74.815200
2018-07-20,248.254700,54.498400,36.849600,84.542300,96.220700,87.127200,86.769300,56.111000,73.921200,60.142000,14.321700,116.560000,20.862900,74.823400
2018-07-23,248.716300,54.498400,36.606500,84.128800,95.033400,86.715300,86.423000,56.091300,73.825900,60.015900,14.372400,116.000000,20.896300,74.815200
2018-07-24,249.967900,54.818600,37.143000,84.186600,95.360100,86.762000,86.694000,56.209300,73.757800,59.711800,14.448500,116.040000,20.904700,74.831500
2018-07-25,252.098200,55.227000,37.746500,84.128800,95.208700,86.777500,86.806900,56.314100,74.418300,60.186500,14.643000,116.680000,20.804400,74.823400
2018-07-26,251.503500,54.978800,37.327400,84.037800,95.025500,86.692000,86.889800,56.320700,74.479600,60.386800,14.643000,115.770000,20.946500,74.831500
2018-07-27,249.799200,55.082800,37.461500,84.170100,95.184800,86.824100,87.002700,56.301000,74.608900,59.741500,14.583800,115.830000,20.921400,74.847900
2018-07-30,248.494400,55.074800,37.402800,84.062600,94.858200,86.777500,86.882200,56.320700,74.397900,59.778500,14.668300,115.650000,20.846200,74.839700
2018-07-31,249.719300,55.146900,37.604000,84.178400,95.376100,86.909600,87.153300,56.438600,74.261700,60.779900,14.583800,115.990000,20.888000,74.856000
2018-08-01,249.302100,54.866700,37.268700,83.979400,94.599100,86.697200,86.845600,56.489200,73.948000,61.210100,14.372400,115.140000,20.913100,74.860100
2018-08-02,250.660200,54.506400,36.774100,84.078900,94.734800,86.744000,86.951400,56.522100,73.886400,60.965400,14.457000,114.520000,21.030100,74.868300
2018-08-03,251.734300,54.538400,37.059200,84.294300,95.206000,86.915700,87.223200,56.568200,74.050500,61.625500,14.507700,114.920000,21.046800,74.868300
2018-08-06,252.657400,54.306200,36.774100,84.335700,95.261900,86.931300,87.306300,56.673500,73.927400,61.543900,14.533100,114.330000,21.080300,74.876500
2018-08-07,253.491800,54.730600,37.151400,84.161700,94.766800,86.814200,87.034400,56.699800,73.818100,61.432700,14.643000,114.590000,21.055200,74.884600
2018-08-08,253.385300,54.682500,37.101100,84.236300,94.862600,86.822000,86.898500,56.666900,73.818100,61.076600,14.465400,114.910000,21.030100,74.876500
2018-08-09,253.039100,54.522400,36.992100,84.468300,95.661200,87.024900,86.966500,56.627400,73.558300,61.106300,14.406300,114.740000,21.155600,74.884600
2018-08-10,251.343700,53.433600,36.204100,84.833000,96.355900,87.305900,87.109900,56.528700,72.724200,60.639000,14.406300,114.690000,21.306100,74.901000
2018-08-13,250.402800,53.241400,35.609000,84.808100,96.156300,87.290200,87.087300,56.489200,72.402800,60.520300,14.330200,112.960000,21.314400,74.909200
2018-08-14,252.000600,53.233400,35.826900,84.725200,95.940700,87.181000,87.200500,56.587900,72.874600,60.817000,14.355500,113.070000,21.398000,74.892800
2018-08-15,250.118800,52.464800,34.795900,84.932400,96.499700,87.352700,87.381800,56.489200,72.724200,61.284300,14.042700,111.190000,21.398000,74.909200
2018-08-16,252.142600,52.833100,35.013800,84.907500,96.491700,87.298100,87.495000,56.561600,72.874600,61.781300,14.152600,111.100000,21.381300,74.909200
2018-08-17,253.030200,53.145300,35.382600,84.940700,96.611500,87.337100,87.570600,56.627400,73.168600,62.352500,14.211800,112.130000,21.272600,74.917400
2018-08-20,253.571700,53.433600,35.541900,85.205900,97.258300,87.508700,87.797100,56.653700,73.072800,62.397000,14.237200,112.690000,21.222400,74.917400
2018-08-21,254.166400,53.761800,35.994600,85.089900,96.930900,87.454100,87.578100,56.739300,73.277900,62.018700,14.262500,113.020000,21.097000,74.925600
2018-08-22,254.015500,53.970000,36.279600,85.247300,97.314200,87.641400,87.570600,56.759000,73.599300,61.670000,14.465400,113.270000,21.038500,74.925600
2018-08-23,253.678200,53.585700,35.692800,85.239000,97.465900,87.711600,87.600800,56.752400,73.236900,61.514300,14.440100,112.200000,21.172300,74.950100
2018-08-24,255.204900,53.897900,36.355000,85.263900,97.657600,87.797500,87.774400,56.851200,73.428400,61.877700,14.550000,114.160000,21.071900,74.950100
2018-08-27,257.219900,54.618500,36.874700,85.073300,97.098600,87.664800,87.638500,56.870900,73.524100,61.655200,14.600700,114.590000,20.988300,74.958300
2018-08-28,257.344100,54.570400,36.740600,84.882700,96.515600,87.493100,87.306300,56.844600,73.387300,62.486000,14.541500,113.680000,20.988300,74.958300
2018-08-29,258.728900,54.866700,36.966900,84.857800,96.643400,87.493100,87.215700,56.811700,73.168600,62.500800,14.702200,114.200000,20.954900,74.950100
2018-08-30,257.681400,54.346300,36.003000,85.015300,96.851000,87.571200,87.298700,56.765600,72.765200,62.100300,14.676800,113.640000,20.971600,74.982900
2018-08-31,257.690300,53.913900,36.187400,85.031800,96.627400,87.469700,87.170300,56.838000,72.539600,62.345000,14.693700,113.510000,21.063600,74.974700
2018-09-04,257.246500,53.457600,35.483200,84.838100,96.070500,87.350300,87.010800,56.721500,72.319000,61.603300,14.609200,112.930000,21.155600,74.981700
2018-09-05,256.554100,52.969200,34.971900,84.829700,95.814400,87.264200,86.957800,56.662000,72.367000,61.959300,14.550000,113.320000,21.080300,74.973500
2018-09-06,255.781900,52.809100,35.005400,85.004100,96.166600,87.342500,87.200200,56.708300,72.689700,62.137300,14.465400,113.540000,21.080300,74.989900
2018-09-07,255.284800,52.384700,34.829400,84.622200,95.350200,87.091900,86.836600,56.648800,72.497500,61.462300,14.499300,113.230000,21.138800,75.006300
2018-09-10,255.728600,52.705000,34.485700,84.672000,95.702300,87.115400,87.124400,56.761200,72.360200,61.736800,14.550000,113.150000,21.097000,75.006300
2018-09-11,256.571900,52.753000,34.561200,84.364700,94.974000,86.935300,86.927500,56.774400,72.222900,61.729400,14.693700,113.220000,21.113700,75.014500
2018-09-12,256.634000,52.977200,34.737200,84.464400,95.198100,87.013600,87.101700,56.906600,72.456300,61.759000,14.795200,114.170000,21.038500,75.014500
2018-09-13,258.151900,53.369500,35.206600,84.456100,95.342200,86.888300,87.283500,57.012400,73.163400,62.063200,14.634500,113.760000,20.980000,75.014500
2018-09-14,258.196300,53.449600,35.173100,84.298300,94.885900,86.731700,87.177400,57.065200,73.245800,61.670000,14.541500,113.020000,21.055200,75.022700
2018-09-17,256.829300,53.497600,34.854500,84.314900,94.885900,86.747400,87.124400,57.025600,73.019300,61.870300,14.524600,113.610000,20.954900,75.039100
2018-09-18,258.222900,54.058000,35.189900,83.966200,93.893500,86.567300,86.768400,57.019000,72.792700,61.573600,14.659900,113.440000,20.988300,75.039100
2018-09-19,258.498100,54.250200,35.676000,83.825000,93.333200,86.473300,86.639700,56.913200,73.053600,60.854100,14.752900,113.880000,20.980000,75.039100
2018-09-20,260.592900,54.922700,36.070000,83.833300,93.765400,86.590800,86.866900,56.992500,73.465500,61.425300,14.752900,114.270000,20.829400,75.055500
2018-09-21,260.354500,54.946700,36.237700,83.866500,93.725400,86.598600,86.882100,57.005800,73.623400,61.403000,14.786700,113.490000,20.896300,75.055500
2018-09-24,259.489600,54.698500,35.826900,83.775200,93.485300,86.512500,86.685100,56.979300,73.547900,60.300100,15.006500,113.470000,20.896300,75.063700
2018-09-25,259.248800,54.970800,35.969400,83.692200,93.389200,86.481200,86.685100,56.933000,73.602800,60.307600,15.040300,113.650000,20.913100,75.063700
2018-09-26,258.473100,54.994800,36.044900,83.966200,94.045500,86.629900,86.995700,56.992500,73.939200,59.585600,14.972700,113.050000,20.921400,75.063700
2018-09-27,259.195300,54.882700,36.220900,83.966200,94.109600,86.661300,87.109300,57.098300,74.200100,59.871400,15.040300,112.050000,21.071900,75.080100
2018-09-28,259.222100,54.434300,35.977800,84.007700,93.861500,86.622100,87.048700,57.138000,74.014700,60.683700,15.192500,112.760000,21.122100,75.080100
2018-10-01,260.122600,54.498400,35.986200,83.794900,93.172400,86.364600,86.928600,57.303400,74.014400,60.119600,15.480000,112.570000,21.155600,75.084900
2018-10-02,259.971100,54.218200,35.533500,84.011200,93.741900,86.505700,87.004600,57.256900,74.090200,59.984200,15.530700,113.870000,21.189000,75.093100
2018-10-03,260.113700,54.122100,35.240100,83.387200,92.113500,86.090300,86.495600,57.104200,73.704200,59.344900,15.674400,113.420000,21.255900,75.093100
2018-10-04,258.080800,53.489600,34.360000,83.170800,91.463800,85.878700,86.138500,56.891700,73.187100,58.848500,15.505300,113.480000,21.264300,75.109500
2018-10-05,256.636300,53.169400,34.234200,82.971200,90.677600,85.643500,85.804200,56.639400,72.966500,58.818400,15.471500,113.800000,21.239200,75.117700
2018-10-08,256.636300,52.913200,34.284500,83.004400,90.372800,85.604300,85.713000,56.513200,72.945800,59.668300,15.429200,112.540000,21.264300,75.117700
2018-10-09,256.261800,52.777100,34.158800,83.162500,91.287300,85.847300,85.956200,56.599500,72.973400,59.751000,15.539100,112.600000,21.255900,75.109500
2018-10-10,248.147700,51.656200,33.144500,83.204100,91.038600,85.761100,85.720600,56.194500,72.670100,58.863500,15.234800,112.880000,21.230800,75.125900
2018-10-11,242.681900,50.935600,32.809200,83.545300,92.145600,85.902200,86.077700,56.241000,72.780400,57.178700,15.006500,115.780000,21.113700,75.134100
2018-10-12,246.052300,51.119800,33.773200,83.445400,91.824700,85.768900,86.092900,56.539800,72.945800,57.028300,15.124900,115.230000,21.180600,75.134100
2018-10-15,244.670300,50.999700,33.412800,83.495300,91.784600,85.823800,85.933400,56.499900,72.959600,57.411900,15.158700,116.000000,21.130500,75.142300
2018-10-16,250.020200,51.872300,34.251000,83.487000,91.993200,85.831600,86.153700,56.692500,73.235400,58.592700,15.226300,115.800000,21.138800,75.150600
2018-10-17,250.064800,51.576100,33.831900,83.245700,91.447700,85.627900,85.728200,56.579600,73.063000,58.367100,15.091100,115.790000,21.247500,75.150600
2018-10-18,246.453600,50.743500,32.943300,83.395500,91.415600,85.565200,85.728200,56.340600,72.787300,58.254300,14.922000,115.920000,21.339500,75.150600
2018-10-19,246.319800,51.031700,33.253500,83.295700,91.215100,85.486800,85.621900,56.373800,72.704500,58.758200,15.006500,116.010000,21.297700,75.158800
2018-10-22,245.214200,50.807500,33.613900,83.312300,91.094800,85.439700,85.515500,56.400300,72.628700,57.938400,15.023400,115.710000,21.373000,75.175200
2018-10-23,243.965800,50.327100,33.245100,83.528600,91.383500,85.463300,85.637100,56.347200,72.649400,58.194100,14.693700,116.390000,21.339500,75.175200
2018-10-24,236.574000,48.902000,32.172100,83.977900,92.073400,85.745400,85.758600,56.068300,72.366700,58.743200,14.592300,116.660000,21.448200,75.183400
2018-10-25,240.818300,49.518500,32.792400,83.778200,91.688400,85.384900,85.652300,56.181200,72.594200,59.495300,14.651400,116.400000,21.506800,75.191600
2018-10-26,236.582900,49.182300,32.415200,84.152700,92.241900,85.816000,85.796600,55.928900,72.690800,58.066200,14.761300,116.770000,21.448200,75.199800
2018-10-29,235.272200,49.046100,31.853600,84.144300,92.033300,85.729700,85.697800,55.875800,72.380500,58.803300,14.609200,116.310000,21.506800,75.199800
2018-10-30,238.758600,49.638600,32.473900,83.961300,91.576100,85.502500,85.507900,56.008600,72.456400,59.608100,14.533100,115.800000,21.598700,75.199800
2018-10-31,241.308700,50.006900,32.826000,83.753300,91.110800,85.306500,85.264800,56.008600,72.153000,58.908600,14.338600,115.150000,21.590400,75.208000
2018-11-01,243.876700,50.647400,33.999500,83.825100,91.195200,85.197800,85.523400,56.265500,72.499900,59.186900,14.237200,116.630000,21.448200,75.224800
2018-11-02,242.432200,50.719500,34.217500,83.358200,90.061400,84.938900,85.180400,56.232100,72.416800,58.698000,14.203400,116.650000,21.498400,75.224800
2018-11-05,243.769700,50.719500,34.309700,83.408200,90.415200,85.095800,85.332900,56.278800,72.589900,59.570500,14.194900,116.370000,21.490000,75.233000
2018-11-06,245.312200,50.927600,34.251000,83.316500,90.358900,85.064400,85.477700,56.425600,72.499900,59.871400,14.135700,116.040000,21.439900,75.233000
2018-11-07,250.564100,51.608100,34.896500,83.316500,90.479600,85.127200,85.698800,56.752600,72.673000,60.585900,14.101900,116.030000,21.398000,75.241300
2018-11-08,250.109400,51.103700,33.991100,83.199700,90.471500,85.009500,85.447200,56.612500,72.403000,60.631100,14.017400,115.780000,21.523500,75.249500
2018-11-09,247.666200,50.767500,33.362500,83.524900,91.147000,85.213500,85.508200,56.292200,72.437600,60.623500,13.865200,114.480000,21.565300,75.265900
2018-11-12,243.038500,49.934800,32.893000,83.775100,91.742000,85.393900,85.500600,55.945200,72.174400,60.743900,13.831400,113.660000,21.757600,75.257700
2018-11-13,242.583800,50.151000,33.270300,83.841800,91.685700,85.323300,85.386200,55.851800,72.084400,60.683700,13.450900,113.700000,21.682400,75.265900
2018-11-14,240.925300,50.191000,33.471400,84.016900,91.742000,85.331100,85.157600,55.745000,72.222900,60.533300,13.569300,114.640000,21.607100,75.257700
2018-11-15,243.439800,50.351200,34.217500,84.075300,91.701800,85.401700,84.997500,55.731700,71.925200,60.119600,13.543900,114.770000,21.657300,75.282400
2018-11-16,244.072800,50.407200,34.284500,84.333700,92.232500,85.754700,85.165200,55.564800,72.032500,60.766500,13.628500,115.620000,21.498400,75.290600
2018-11-19,239.944500,49.966900,33.823500,84.458800,92.489900,85.715500,85.081300,55.391400,71.779700,60.849200,13.628500,115.670000,21.481700,75.282400
2018-11-20,235.504000,49.102200,33.094200,84.442100,92.522000,85.590000,84.875500,55.217900,71.198100,60.224900,13.214200,115.670000,21.590400,75.298800
2018-11-21,236.306500,49.790700,33.706100,84.425500,92.489900,85.550800,85.058500,55.498100,71.523500,60.277600,13.324100,115.860000,21.590400,75.315300
2018-11-23,234.728300,49.462500,33.312200,84.475500,92.586400,85.417400,85.096600,55.191200,71.274300,60.157200,12.935200,115.770000,21.632200,75.315300
2018-11-26,238.517800,50.207100,33.722900,84.408800,92.377300,85.323300,85.134700,55.451400,71.378100,60.270000,12.994400,115.640000,21.674000,75.323500
2018-11-27,239.320300,50.014900,33.957600,84.492200,92.481800,85.095800,85.028000,55.424700,70.879600,60.525800,12.943600,114.950000,21.732500,75.323500
2018-11-28,244.830800,50.727500,34.770700,84.483800,92.031500,85.197800,85.256700,55.885100,71.765900,61.067300,12.901400,115.380000,21.623800,75.331700
2018-11-29,244.295800,50.471300,34.469000,84.700600,92.393400,85.699800,85.012700,55.898500,71.641300,61.082400,12.985900,115.740000,21.590400,75.340000
2018-11-30,245.784800,50.255100,34.435400,84.867400,92.739100,85.715500,84.959400,55.785000,71.800500,61.661500,12.926700,115.540000,21.674000,75.348200
2018-12-03,249.039400,50.919600,35.131200,85.053200,93.397600,85.876900,85.274900,56.171400,72.304400,61.992500,13.222600,116.410000,21.682400,75.345900
2018-12-04,240.969900,49.598600,34.385100,85.445900,94.961200,86.136100,85.290200,55.822800,72.095800,61.074800,13.231100,117.120000,21.640500,75.354100
2018-12-06,240.604300,49.134200,34.066600,85.663100,95.259500,86.144000,85.550200,55.628500,72.311400,62.586700,13.121200,117.140000,21.632200,75.370600
2018-12-07,235.013600,48.637800,33.429500,85.913800,95.436800,86.269700,85.557800,55.521200,72.380900,61.766800,13.273400,118.090000,21.573600,75.378800
2018-12-10,235.459500,48.261500,33.077500,85.963900,95.831700,86.057600,85.817800,55.561400,72.380900,61.368200,13.062000,117.680000,21.715800,75.387100
2018-12-11,235.513000,48.413700,33.328900,85.746700,95.815600,85.711900,85.970700,55.662000,72.429600,61.398300,13.138100,117.540000,21.774300,75.378800
2018-12-12,236.698900,49.126200,33.873800,85.512700,95.388400,85.586200,86.062500,55.843000,72.561700,60.450500,13.095800,117.790000,21.690700,75.395300
2018-12-13,236.618600,49.038100,33.865400,85.562900,95.162700,85.601900,86.291900,55.977000,72.770400,60.800200,13.264900,117.530000,21.690700,75.403500
2018-12-14,232.249500,48.405700,33.387600,85.696500,95.493200,85.664800,86.200100,55.742400,72.784300,60.625200,13.062000,117.060000,21.774300,75.411800
2018-12-17,227.693100,48.021400,33.077500,85.947200,96.049300,85.814000,86.291900,55.380400,72.881700,58.341700,12.909800,117.870000,21.715800,75.420000
2018-12-18,227.443500,48.060200,33.302100,86.158700,96.624600,86.037700,86.599900,55.280100,72.959000,58.943000,12.639300,118.150000,21.707400,75.420000
2018-12-19,224.037400,47.598900,32.749000,86.460100,97.901000,86.187200,86.530900,54.781700,72.860400,58.296100,12.690000,117.430000,21.715800,75.411800
2018-12-20,220.390500,47.404700,33.004300,86.351300,97.545600,85.943300,86.247100,54.303600,72.726600,57.420700,12.571700,119.240000,21.548600,75.428300
2018-12-21,215.875200,46.579300,32.774600,86.426700,97.529400,85.903900,86.162700,54.034200,72.494300,56.621500,12.461800,118.720000,21.690700,75.444800
2018-12-24,210.171100,46.037100,32.468200,86.644400,98.014100,86.029800,85.963300,53.630100,72.459100,54.604500,12.323900,120.020000,21.594400,75.453000
2018-12-26,220.790000,47.105300,33.114900,86.234100,96.963900,85.856700,85.894300,54.532600,72.564700,56.431300,12.597900,119.660000,21.704200,75.444800
2018-12-27,222.485000,47.242900,33.072300,86.451800,96.980000,85.856700,85.894300,54.498900,72.867500,56.423600,12.478000,120.570000,21.611300,75.469500
2018-12-28,222.198000,47.493700,33.387200,86.920700,97.796000,86.108500,86.300800,54.579700,72.916800,56.606300,12.375300,121.060000,21.552100,75.477800
2018-12-31,224.144200,47.566600,33.234000,87.247200,98.167600,86.171400,86.538600,54.620100,73.170300,56.758500,12.409500,121.250000,21.509800,75.486000
2019-01-02,224.377400,47.469500,33.319100,87.431400,98.684700,86.305200,86.807000,54.546000,73.170300,55.525500,12.443800,121.330000,21.670400,75.477800
2019-01-03,219.023100,47.040600,32.715000,88.126400,99.807700,86.808800,86.845400,54.573000,73.480100,55.913700,12.546500,122.430000,21.552100,75.502600
2019-01-04,226.359500,48.481000,33.770000,87.414700,98.652400,86.627800,86.791700,55.488900,74.036400,56.568300,12.717800,121.440000,21.518300,75.510800
2019-01-07,228.144300,48.667100,33.846600,87.171900,98.361500,86.572800,86.799400,56.027700,74.353300,57.123900,12.812000,121.860000,21.425300,75.510800
2019-01-08,230.287800,48.982700,33.974200,86.954200,98.103000,86.643600,86.991100,56.391400,74.296900,58.303700,12.940500,121.530000,21.492900,75.510800
2019-01-09,231.364000,49.533000,34.578300,87.004400,97.949500,86.745900,87.321000,56.458700,74.430700,58.219900,13.197400,122.310000,21.290100,75.510800
2019-01-10,232.180100,49.727200,34.825100,86.962500,97.319300,86.541300,87.090900,56.681000,74.296900,59.011500,13.163200,121.590000,21.416900,75.519100
2019-01-11,232.269800,49.387300,34.654900,87.222100,97.699100,86.769500,87.251900,56.499100,74.304000,59.179000,13.120300,121.800000,21.433800,75.535600
2019-01-14,230.852800,49.160700,34.365600,87.171900,97.335500,86.612100,87.021800,56.317300,74.219500,58.981100,13.009000,122.090000,21.433800,75.527300
2019-01-15,233.498500,49.419700,34.603900,87.088100,96.980000,86.533400,87.075500,56.505900,74.473000,59.544300,13.111800,121.880000,21.509800,75.543800
2019-01-16,234.063600,49.557300,35.029300,87.037900,97.077000,86.525500,87.244300,56.593400,74.536400,59.963000,13.180300,122.270000,21.535200,75.552100
2019-01-17,235.839300,49.735300,35.182400,86.878800,97.101200,86.454700,87.420700,56.748300,74.789900,60.252200,13.188800,122.110000,21.535200,75.568600
2019-01-18,238.978400,50.237000,35.352600,86.602500,96.592200,86.352400,87.574100,56.910000,75.149000,60.457700,13.325900,121.020000,21.602800,75.568600
2019-01-22,235.749700,49.460200,34.740000,86.903900,97.246600,86.407500,87.719800,56.532800,75.170100,60.275000,13.231700,121.450000,21.602800,75.576800
2019-01-23,236.242900,49.686700,35.097400,86.862100,97.206200,86.305200,87.942300,56.647300,75.543300,60.282600,13.214500,121.280000,21.552100,75.576800
2019-01-24,236.368500,49.743400,35.437700,87.138400,97.844500,86.439000,88.172400,56.707900,75.909500,60.488200,13.248800,121.090000,21.678900,75.601600
2019-01-25,238.368500,50.309900,35.905700,86.937400,97.375900,86.305200,88.249100,56.849400,75.839100,61.241700,13.317300,122.860000,21.501400,75.593300
2019-01-28,236.556800,50.034700,35.531300,86.962500,97.278900,86.187200,88.233800,56.761800,75.494000,61.843000,13.137500,123.290000,21.518300,75.601600
2019-01-29,236.242900,50.148000,35.590800,87.213700,97.771800,86.439000,88.425500,56.728100,75.557400,62.330100,13.265900,123.980000,21.526700,75.601600
2019-01-30,239.982900,50.698300,36.365100,87.414700,97.699100,86.911100,88.832100,57.179400,76.092600,62.832500,13.360100,124.690000,21.416900,75.618100
2019-01-31,242.090500,50.722600,36.671400,87.816600,98.539300,87.399000,89.453400,57.320800,76.670000,63.487100,13.291600,124.750000,21.459100,75.618100
2019-02-01,242.207100,50.706400,36.382100,87.346800,97.944100,87.092100,89.239900,57.292800,76.777800,63.083700,13.411500,124.500000,21.459100,75.625700
2019-02-04,243.911100,50.892500,36.441700,87.153800,97.506900,86.919000,89.116800,57.428100,76.516100,63.555600,13.420100,123.960000,21.518300,75.634000
2019-02-05,244.933500,51.289000,36.943700,87.304800,97.952200,87.037000,89.478400,57.631100,77.025200,63.920900,13.360100,124.280000,21.577500,75.634000
2019-02-06,244.610700,51.030100,36.441700,87.371900,98.000800,86.981900,89.309200,57.577000,76.629300,63.502300,13.377300,123.440000,21.662000,75.650500
2019-02-07,242.278800,50.350300,36.075800,87.657200,98.648600,87.115700,89.293800,57.380800,76.487900,64.027500,13.248800,123.740000,21.712700,75.650500
2019-02-08,242.574800,50.188500,35.871600,87.774700,99.069600,87.155000,89.516900,57.367200,76.148500,64.027500,13.265900,124.210000,21.738000,75.667100
2019-02-11,242.709300,50.139900,35.752500,87.640400,98.681000,86.974100,89.316800,57.394300,75.971700,64.202500,13.188800,123.600000,21.822600,75.658800
2019-02-12,245.830400,50.722600,36.050300,87.523000,98.430000,86.989800,89.439900,57.671700,76.254500,63.799100,13.265900,123.860000,21.746500,75.675300
2019-02-13,246.628600,50.730700,35.795100,87.304800,98.057500,86.974100,89.209100,57.590500,76.261600,64.126400,13.343000,123.370000,21.864800,75.675300
2019-02-14,246.081500,50.746800,35.863100,87.716000,98.616200,87.218000,89.309200,57.597300,76.459600,64.331900,13.377300,124.060000,21.839500,75.691900
2019-02-15,248.763200,51.483200,35.812100,87.632100,98.770000,87.218000,89.416900,57.779900,76.523200,64.765800,13.625600,124.800000,21.797200,75.691900
2019-02-19,249.193700,51.677500,36.092800,87.783100,99.021100,87.422600,89.470700,57.800200,76.473700,64.750600,13.659900,126.700000,21.712700,75.708400
2019-02-20,249.695900,51.823100,36.297100,87.766300,98.737600,87.454100,89.393800,57.847600,76.480800,64.347200,13.702700,126.480000,21.729600,75.708400
2019-02-21,248.808000,51.717900,36.220500,87.506200,97.855100,87.304600,89.139900,57.793500,76.431300,64.408000,13.745500,125.050000,21.746500,75.716700
2019-02-22,250.350600,51.887900,36.620400,87.766300,98.438100,87.532800,89.540000,57.908500,76.905000,64.788600,13.779800,125.500000,21.738000,75.733200
2019-02-25,250.691400,52.041600,37.028800,87.632100,98.146600,87.469800,89.509200,57.955800,76.777800,64.278600,13.574200,125.370000,21.721100,75.725000
2019-02-26,250.512000,52.292500,36.901200,87.892200,98.632400,87.595700,89.647700,58.030300,77.004000,64.080800,13.634200,125.580000,21.636600,75.733200
2019-02-27,250.404400,52.082100,36.586300,87.581700,97.515000,87.391100,89.393800,58.050600,77.025200,63.761100,13.702700,124.690000,21.653500,75.741500
2019-02-28,249.938000,52.009200,36.109900,87.355200,97.183000,87.249500,89.270700,58.016700,76.975700,63.928500,13.668400,123.990000,21.670400,75.758000
2019-03-01,251.498600,52.292500,36.152400,87.068500,96.284700,87.076400,89.115100,58.181000,76.700700,63.730600,13.514300,121.880000,21.754900,75.766300
2019-03-04,250.583800,52.098300,36.203500,87.337600,97.039400,87.202300,89.315800,58.092700,76.658100,64.019900,13.557100,121.560000,21.780300,75.758000
2019-03-05,250.243000,52.146800,36.560800,87.388000,97.242200,87.170800,89.346600,58.065500,76.693600,64.194900,13.625600,121.720000,21.839500,75.766300
2019-03-06,248.727300,52.017300,36.356600,87.631800,97.599200,87.273100,89.431500,57.970400,76.629700,63.898100,13.548500,121.610000,21.839500,75.774600
2019-03-07,246.646600,51.353800,35.684400,87.926000,98.232200,87.517000,89.724800,57.929600,76.452200,63.761100,13.514300,121.510000,22.033900,75.791200
2019-03-08,246.153300,51.361900,35.429200,88.052100,98.646000,87.595700,89.840600,57.834400,76.665200,63.829600,13.505700,122.840000,21.966200,75.799500
2019-03-11,249.722800,51.806900,36.092800,87.984900,98.353900,87.580000,89.940900,58.024700,76.949200,64.765800,13.522900,122.240000,21.915500,75.799500
2019-03-12,250.664500,51.774600,36.280000,88.228700,99.043600,87.745200,90.187900,58.126700,77.190500,65.062600,13.608500,122.980000,21.873300,75.807700
2019-03-13,252.323700,52.219600,36.322600,88.195000,98.857000,87.847500,90.041200,58.283000,77.211800,65.382300,13.694100,123.840000,21.771900,75.816000
2019-03-14,252.162300,52.211500,36.126900,88.068900,98.142900,87.823900,89.863700,58.242200,77.098200,65.481300,13.634200,122.410000,21.839500,75.816000
2019-03-15,253.408200,52.778000,36.654400,88.346400,98.792100,88.130800,90.187900,58.296600,77.410600,65.275700,13.634200,122.970000,21.805700,75.824300
2019-03-18,254.327000,52.964100,37.062800,88.228700,98.735300,88.122900,90.141600,58.276200,77.481600,64.948500,13.702700,123.040000,21.780300,75.832600
2019-03-19,254.390100,53.069300,37.079800,88.169800,98.516200,88.044200,90.157000,58.310200,77.538400,64.750600,13.737000,123.380000,21.754900,75.832600
2019-03-20,253.624400,53.093600,37.139400,88.783500,99.546700,88.626500,90.766700,58.561600,78.227000,64.948500,13.839700,124.180000,21.628200,75.832600
2019-03-21,256.489000,53.061200,37.190400,88.741500,99.765800,88.618700,90.936500,58.548000,78.205700,66.105400,13.771200,123.680000,21.763400,75.857500
2019-03-22,251.552500,52.041600,36.101400,89.397200,101.315600,88.886200,91.492100,58.337300,77.687500,65.625900,13.651300,123.970000,21.805700,75.857500
2019-03-25,251.363400,52.114400,36.186400,89.624200,101.477900,88.862600,91.677400,58.317000,78.120500,65.709600,13.702700,124.920000,21.805700,75.857500
2019-03-26,253.237100,52.373400,36.297100,89.548500,101.404900,88.705200,91.716000,58.459700,78.191500,66.234800,13.728400,124.300000,21.873300,75.865700
2019-03-27,251.912900,52.397700,35.905700,89.809100,102.338000,88.744600,91.839400,58.500500,77.900500,66.044500,13.651300,123.650000,21.898600,75.874000
2019-03-28,252.867700,52.268200,36.143900,89.817500,102.695100,88.815400,91.955200,58.616000,78.063700,66.685300,13.608500,121.900000,21.974700,75.890600
2019-03-29,254.462200,52.486700,36.518300,89.674600,102.597700,88.972700,91.885700,58.765500,78.134700,66.624000,13.617100,122.010000,22.000000,75.890600
2019-04-01,257.479900,53.158300,37.122400,89.057900,101.140400,88.642300,91.543600,58.751000,78.273100,66.585600,13.745500,121.530000,21.983100,75.903500
2019-04-02,257.606000,53.174500,37.003300,89.209500,101.327400,88.728800,91.667400,58.778300,78.323000,67.053300,13.779800,121.980000,22.008500,75.895200
2019-04-03,258.011400,53.587200,37.258500,88.931500,100.449100,88.453400,91.473900,58.798700,78.144800,66.976600,13.796900,121.800000,21.974700,75.903500
2019-04-04,258.696000,53.473900,37.488200,89.024200,100.733800,88.516400,91.621000,58.887500,78.123400,66.869300,13.805500,122.110000,22.000000,75.928400
2019-04-05,259.948100,53.611500,37.777500,89.066300,100.863900,88.618700,91.768000,58.996700,78.430000,67.336900,13.848300,121.980000,22.025400,75.928400
2019-04-08,260.146300,53.643900,37.777500,88.923100,100.506100,88.532100,91.636400,58.962600,78.116300,66.961300,13.899700,122.510000,21.949300,75.928400
2019-04-09,258.813100,53.304000,37.700900,89.083100,100.823200,88.618700,91.830000,58.921600,78.166200,66.608600,13.874000,123.150000,21.957800,75.936700
2019-04-10,259.695900,53.506300,37.879600,89.293700,101.067200,88.941300,92.278900,59.181000,78.323000,67.221900,13.993900,123.530000,21.924000,75.936700
2019-04-11,259.623800,53.393000,37.471200,89.091600,100.473500,88.736700,92.186000,59.269700,78.037900,67.175900,13.925400,121.950000,21.991600,75.961600
2019-04-12,261.380400,53.765300,37.743500,88.678800,99.757900,88.571400,92.131900,59.358500,78.030800,67.497900,13.968200,121.830000,21.940900,75.961600
2019-04-15,261.209300,53.789500,37.547800,88.796700,100.010000,88.618700,91.984800,59.317500,78.080700,67.152900,13.942500,121.600000,21.932400,75.969900
2019-04-16,261.380400,53.830000,37.828600,88.493500,99.383800,88.414100,91.729300,59.283400,77.931000,65.635100,13.891100,120.510000,21.983100,75.969900
2019-04-17,260.740800,53.983800,37.939200,88.510300,99.424500,88.398300,91.713900,59.140000,78.002200,65.037100,13.839700,120.280000,21.966200,75.986500
2019-04-18,261.254300,53.951400,37.913700,88.720900,99.944900,88.650100,91.791300,59.167400,78.066400,65.535400,13.882500,120.370000,22.084600,75.994800
2019-04-22,261.479500,53.862400,37.666900,88.594500,99.465100,88.563600,91.644200,59.065000,78.009400,64.814800,13.951100,120.370000,22.033900,75.994800
2019-04-23,263.830600,53.967600,37.752000,88.754600,99.676600,88.768200,92.023500,59.269700,78.244600,65.673400,13.968200,120.120000,22.109900,75.994800
2019-04-24,263.245100,53.595300,37.241500,89.091600,100.489800,89.075000,92.333100,59.187800,78.023600,66.156300,13.916800,120.470000,22.219800,76.011400
2019-04-25,263.083000,53.554900,37.190400,88.982100,100.343400,89.075000,92.286700,59.215100,78.130600,66.018400,13.891100,120.570000,22.262100,76.028000
2019-04-26,264.308100,53.773400,37.335100,89.217900,100.685000,89.271800,92.611800,59.365300,78.080700,66.539600,13.728400,121.370000,22.236700,76.019700
2019-04-29,264.722400,53.991900,37.411700,89.032600,100.042500,89.020000,92.248000,59.338000,78.159100,65.888000,13.737000,120.830000,22.186000,76.028000
2019-04-30,264.857600,54.024200,37.377600,89.209500,100.554900,89.169500,92.286700,59.344800,78.273100,66.516600,13.779800,121.200000,22.118400,76.036300
2019-05-01,262.866800,53.716700,37.096800,89.168600,100.969700,88.976500,92.256900,59.150400,78.250900,66.570300,13.737000,120.400000,22.143700,76.039500
2019-05-02,262.299200,53.635800,37.181900,88.915300,100.488900,88.614400,91.923000,59.191500,78.129200,66.639300,13.582800,119.940000,22.194400,76.047800
2019-05-03,264.866600,54.210300,37.624400,89.033500,100.774100,88.858400,92.334500,59.342300,78.573000,67.206600,13.591400,120.650000,22.109900,76.056100
2019-05-06,263.776600,53.595300,36.850100,89.261400,101.051200,88.992200,92.458700,59.369800,78.558700,66.991900,13.634200,120.810000,22.126800,76.064400
2019-05-07,259.371600,52.656600,36.126900,89.565300,101.825300,89.039500,92.451000,59.013300,78.143500,65.780700,13.462900,121.210000,22.143700,76.072800
2019-05-08,259.011300,52.721400,36.075800,89.396500,101.385300,88.811200,92.140400,59.033900,78.229400,65.711700,13.480000,120.910000,22.152200,76.072800
2019-05-09,258.227600,52.478600,35.505800,89.632800,101.800900,88.960700,92.225800,58.944800,77.993200,65.880400,13.411500,121.200000,22.109900,76.081100
2019-05-10,259.524700,52.867000,35.718500,89.573700,101.662400,89.157500,92.280200,59.109300,78.258000,66.585600,13.437200,121.430000,22.101500,76.097700
2019-05-13,253.002800,51.637000,34.527300,90.021100,102.461000,89.346400,92.334500,58.567700,77.628100,66.516600,13.368700,122.670000,22.101500,76.089400
2019-05-14,255.290900,52.154900,35.012300,89.936700,102.159500,89.409400,92.466500,58.698000,77.871500,66.762000,13.548500,122.460000,22.152200,76.097700
2019-05-15,256.786300,52.341000,35.080300,90.223700,102.787000,89.590400,92.722700,58.752800,78.157800,67.214200,13.668400,122.390000,22.160600,76.106000
2019-05-16,259.164400,52.761800,34.910200,90.046400,102.444700,89.448800,92.575200,58.931100,78.172100,67.482500,13.745500,121.510000,22.219800,76.114300
2019-05-17,257.488900,52.413900,34.280500,90.088600,102.672900,89.362200,92.583000,58.910500,77.993200,67.352200,13.617100,120.650000,22.270500,76.122700
2019-05-20,255.786400,52.203500,34.135900,89.936700,102.461000,89.244100,92.365600,58.855700,78.343900,66.378700,13.677000,120.640000,22.253600,76.131000
2019-05-21,258.092400,52.551400,34.569800,89.835400,102.298000,89.291300,92.443200,59.040700,78.437000,66.945900,13.685600,120.360000,22.287400,76.131000
2019-05-22,257.299700,52.341000,34.399700,90.105500,102.884700,89.322800,92.559700,59.088700,78.394000,67.145200,13.488600,120.240000,22.304300,76.147600
2019-05-23,254.155900,51.863600,33.957200,90.654100,104.041900,89.511700,92.761500,58.794000,78.286700,67.298600,13.206000,121.170000,22.262100,76.164300
2019-05-24,254.732400,52.421900,33.991300,90.628800,104.131600,89.661300,92.955600,58.711700,78.365400,67.505500,13.385800,121.300000,22.186000,76.164300
2019-05-28,252.363300,51.912100,34.110400,91.025500,104.881300,89.708500,93.017700,58.656900,78.465600,66.838600,13.497200,120.830000,22.279000,76.172600
2019-05-29,250.669700,51.580300,34.331600,90.991800,105.199100,89.865900,93.056600,58.499200,78.422700,65.949400,13.445800,120.870000,22.329700,76.172600
2019-05-30,251.354300,51.774600,34.518800,91.321000,106.103700,90.165000,93.592300,58.622600,78.658900,66.225300,13.308700,121.690000,22.338100,76.197500
2019-05-31,247.967300,51.305200,34.637900,91.928700,107.432000,90.731800,93.809600,58.197600,78.658900,66.608600,12.957600,123.330000,22.245200,76.197500
2019-06-03,247.336700,51.604600,34.952700,92.370600,108.150700,90.976500,94.098400,58.291200,78.629400,66.769600,12.914800,125.110000,22.126800,76.194300
2019-06-04,252.705600,52.195400,35.029300,92.032300,106.917600,90.794500,94.129500,58.876500,79.103800,66.470600,12.991900,125.150000,22.101500,76.211000
2019-06-05,254.894600,52.179200,34.748500,92.032300,106.313300,90.849900,94.067200,59.014200,79.355400,67.858200,12.726400,125.470000,22.177500,76.211000
2019-06-06,256.552000,52.389600,34.765500,92.015400,106.656300,90.794500,94.246400,59.138200,79.657300,67.988500,12.949100,125.880000,22.101500,76.236000
2019-06-07,259.119400,53.053100,35.037800,92.379100,107.579000,91.126900,94.666900,59.289700,80.138900,68.241500,12.991900,126.590000,22.008500,76.227600
2019-06-10,260.308400,53.198800,35.403700,91.922400,106.566500,90.636200,94.324200,59.379200,80.038300,68.019200,12.957600,125.330000,22.033900,76.244300
2019-06-11,260.245400,53.465900,35.803600,91.922400,106.631800,90.517400,94.409900,59.461800,79.930400,68.203100,13.043300,125.180000,22.042300,76.236000
2019-06-12,259.786000,53.069300,35.420700,92.159200,106.713400,90.564900,94.550100,59.324100,79.865700,68.433100,12.863400,125.830000,22.101500,76.244300
2019-06-13,260.857900,53.117900,35.361100,92.387500,107.080900,90.596600,94.791500,59.461800,80.045400,68.724400,13.026100,126.600000,22.118400,76.269300
2019-06-14,260.569700,52.729500,34.969700,92.455200,107.350400,90.454100,94.830400,59.420500,79.980800,68.762700,13.077500,126.560000,22.236700,76.277600
2019-06-17,260.668800,52.767500,35.107800,92.438300,107.538200,90.280000,94.877200,59.331000,80.016700,69.498700,13.017600,126.480000,22.245200,76.277600
2019-06-18,263.398200,53.470200,35.956500,92.615900,108.077200,90.652000,95.508000,59.744200,80.828900,69.429700,13.171700,127.120000,22.279000,76.277600
2019-06-19,263.992800,53.800800,36.256600,92.869600,108.232300,91.174400,96.115400,60.026500,81.533400,69.805300,13.146000,127.890000,22.177500,76.294300
2019-06-20,266.515100,54.272100,36.788100,93.021800,108.518100,91.688900,96.637200,60.329500,81.899900,70.157900,13.411500,131.110000,22.042300,76.302600
2019-06-21,266.127300,54.040600,36.668100,92.641300,107.325900,91.277300,96.286700,60.136700,81.102100,69.169000,13.445800,131.980000,21.932400,76.302600
2019-06-24,265.801400,54.156300,36.616700,92.962600,108.126200,91.451400,96.528100,60.129800,81.260200,68.931400,13.505700,133.940000,21.898600,76.311000
2019-06-25,263.194500,53.833900,36.239400,93.106400,108.461000,91.293100,96.240000,59.875000,80.843300,67.911800,13.548500,134.200000,21.949300,76.311000
2019-06-26,262.932000,53.900000,36.582400,92.725800,107.766900,91.206100,96.045300,59.847500,80.979900,66.555000,13.617100,132.970000,21.966200,76.327600
2019-06-27,263.864300,54.032300,36.839600,93.004900,108.526300,91.380200,96.606000,60.012700,81.310500,67.412100,13.617100,132.840000,21.966200,76.327600
2019-06-28,265.222100,54.338200,36.788100,93.047200,108.452800,91.411900,96.855200,60.033400,81.432700,67.644200,13.471500,133.200000,21.949300,76.336000
2019-07-01,267.629900,54.594500,37.225400,92.930500,108.199200,91.222100,97.038400,60.051200,81.849700,67.613300,13.462900,130.620000,22.109900,76.331900
2019-07-02,268.326900,54.751500,37.131100,93.260900,109.033700,91.269800,97.303900,60.182700,81.994000,68.789700,13.240200,133.410000,22.093000,76.340200
2019-07-03,270.472200,55.123500,37.062500,93.438900,109.811000,91.508600,97.569500,60.410900,82.217700,69.610100,13.368700,133.630000,22.093000,76.365200
2019-07-05,270.164500,54.701900,36.805300,92.845800,108.354600,91.230100,96.710400,60.168800,81.792000,69.362400,13.394400,132.140000,22.211300,76.356900
2019-07-08,268.680000,54.387800,36.582400,92.752600,108.501900,91.246000,96.577600,60.051200,81.676500,69.610100,13.377300,131.290000,22.253600,76.356900
2019-07-09,269.014900,54.156300,36.470900,92.693300,108.461000,91.341500,96.374500,59.982100,81.481700,69.842300,13.420100,131.750000,22.270500,76.365200
2019-07-10,270.300300,54.346500,36.779600,92.744100,107.863700,91.500600,96.593200,60.148100,81.611600,70.244800,13.711300,133.830000,22.177500,76.373600
2019-07-11,270.933900,54.329900,36.711000,92.286700,106.423700,91.214100,96.023100,60.030500,81.373500,69.331500,13.719800,132.700000,22.177500,76.390300
2019-07-12,272.146900,54.396100,36.736700,92.388300,106.546400,91.373300,96.116800,60.127300,81.539400,69.238600,13.754100,133.530000,22.135300,76.398600
2019-07-15,272.237400,54.445700,36.873900,92.583200,107.160000,91.604100,96.280800,60.168800,81.705400,69.184400,13.608500,133.530000,22.169100,76.398600
2019-07-16,271.359300,54.222500,36.822400,92.379800,106.840900,91.452900,96.077800,60.044300,81.662100,69.021900,13.462900,132.400000,22.270500,76.407000
2019-07-17,269.512700,54.148100,36.711000,92.811900,107.994600,91.643800,96.585400,59.968200,81.755900,68.789700,13.343000,134.580000,22.228200,76.407000
2019-07-18,270.499400,54.313400,36.933900,93.040700,108.002800,91.834800,96.811900,59.995900,81.907400,68.789700,13.248800,136.480000,22.109900,76.432000
2019-07-19,268.996800,54.156300,36.745300,92.871200,107.749100,91.691600,96.663500,59.892200,81.784800,67.667500,13.325900,134.470000,22.219800,76.432000
2019-07-22,269.657600,54.214200,36.753800,92.913600,107.953700,91.715500,96.960300,60.092700,82.073400,67.605500,13.283100,134.450000,22.262100,76.432000
2019-07-23,271.585600,54.553100,36.796700,92.761100,107.364600,91.691600,97.014900,60.196500,82.326000,68.371800,13.368700,133.690000,22.363500,76.423700
2019-07-24,272.862000,54.594500,36.856700,92.896600,107.831000,91.715500,97.288300,60.244900,82.513600,68.425900,13.308700,134.370000,22.363500,76.440400
2019-07-25,271.558500,54.040600,36.530900,92.735700,107.315500,91.564300,96.975900,60.161900,82.390900,68.023500,13.257400,133.420000,22.405700,76.457100
2019-07-26,273.377900,54.148100,36.608100,92.718700,107.569100,91.500600,97.108700,60.293300,82.347600,68.333100,13.274500,133.640000,22.439500,76.448700
2019-07-29,272.880100,54.263800,36.539500,92.803500,107.601900,91.421000,97.046200,60.203400,82.340400,68.518800,13.325900,134.530000,22.456400,76.465400
2019-07-30,272.210200,53.635500,36.256600,92.845800,107.863700,91.556300,97.014900,60.231100,82.203300,69.068300,13.403000,134.980000,22.456400,76.465400
2019-07-31,269.232100,53.280000,35.810800,93.083000,108.731000,91.699500,97.100900,60.127300,82.030100,68.797500,13.317300,133.210000,22.591700,76.473800
2019-08-01,266.887700,53.131200,35.107800,94.138400,110.890400,92.034600,97.890100,60.097600,82.383800,68.797500,12.949100,136.410000,22.524100,76.494300
2019-08-02,264.878100,52.660000,34.764800,94.333600,111.915200,92.098400,97.991900,60.007300,82.333100,69.130300,12.966200,135.890000,22.473400,76.494300
2019-08-05,256.912400,51.345600,33.478800,95.148400,113.850000,92.417500,98.062400,59.382100,81.521900,67.768100,12.854800,137.790000,22.363500,76.485900
2019-08-06,260.515100,51.692800,33.958900,95.301200,114.760000,92.760400,98.673300,59.764200,82.094100,68.518800,12.786300,138.910000,22.388800,76.494300
2019-08-07,260.669000,51.891200,34.113300,95.301200,114.801000,92.808300,98.657600,59.757200,82.506900,69.184400,12.623600,141.020000,22.371900,76.511000
2019-08-08,265.783300,52.395500,34.533400,95.309600,115.047000,93.047600,98.923900,59.993400,82.919700,70.399600,12.692100,141.730000,22.388800,76.519400
2019-08-09,263.972900,52.031700,34.181800,95.165400,114.817400,92.951800,98.634100,59.910000,82.876300,70.314400,12.803500,141.260000,22.363500,76.511000
2019-08-12,260.759500,51.618400,33.770300,95.767900,117.211300,93.326700,99.252900,59.701700,82.007200,70.128700,12.709300,142.630000,22.346600,76.527700
2019-08-13,264.814800,52.106100,34.199000,95.428500,116.809600,93.175200,99.174500,59.965600,81.891300,70.229300,13.009000,141.780000,22.448000,76.536100
2019-08-14,256.984800,50.676000,33.213100,96.065000,119.441300,93.350600,99.464300,59.430800,81.782700,69.161200,12.812000,142.750000,22.498700,76.527700
2019-08-15,257.663700,50.849600,33.436000,96.676100,120.769400,93.765400,99.949900,59.604400,82.108600,69.850000,12.709300,143.700000,22.515600,76.561200
2019-08-16,261.465600,51.461300,33.898900,96.421400,119.802000,93.494200,100.130000,59.805900,82.579300,70.569800,12.700700,142.780000,22.532500,76.552800
2019-08-19,264.615600,51.775500,34.036100,95.963100,118.088500,93.143300,99.801100,59.979500,82.246200,71.080600,12.760600,141.110000,22.583200,76.552800
2019-08-20,262.588000,51.601900,34.104700,96.387500,119.310100,93.262900,100.380600,60.028100,82.267900,70.577600,12.794900,142.210000,22.532500,76.561200
2019-08-21,264.724300,51.965600,34.430500,96.132900,118.514900,93.167200,100.560800,60.285100,82.506900,70.871700,12.837700,141.760000,22.557900,76.552800
2019-08-22,264.642800,51.866400,33.984700,95.920700,117.727800,93.087400,100.192700,60.396300,82.550400,71.196700,12.777800,141.400000,22.541000,76.577900
2019-08-23,257.844800,51.221600,33.478800,96.565700,119.662600,93.621800,100.560800,60.118400,82.586600,70.198300,12.683600,144.170000,22.414200,76.569500
2019-08-26,260.696100,51.643200,33.658900,96.472400,119.178900,93.518100,100.568600,60.417100,82.514100,70.740100,12.675000,144.190000,22.532500,76.577900
2019-08-27,259.673300,51.601900,33.718900,96.888200,121.015300,93.956800,101.109000,60.389300,82.745900,70.538900,12.760600,145.570000,22.515600,76.586200
2019-08-28,261.501800,51.601900,33.813200,96.922200,121.171100,94.140300,101.109000,60.535200,82.840100,70.771100,12.872000,145.160000,22.566300,76.577900
2019-08-29,264.841900,52.048300,34.190400,96.735500,120.712000,94.196100,100.889700,60.597700,83.028400,71.320600,12.906200,144.120000,22.625500,76.594600
2019-08-30,264.724300,52.254900,34.456200,96.760900,120.744800,93.837200,100.874000,60.542100,83.303600,71.374700,12.700700,143.750000,22.710000,76.603000
2019-09-03,263.176400,52.155700,34.241900,96.973600,120.900900,93.725100,100.780200,60.370300,83.495000,72.086800,12.632200,145.750000,22.760700,76.618600
2019-09-04,266.163500,52.891500,34.816300,97.126600,121.081600,93.956500,100.968600,60.495900,84.018300,72.690500,12.931900,146.660000,22.617000,76.610200
2019-09-05,269.585200,53.172600,35.210600,96.344500,118.888800,93.533600,100.230400,60.733000,83.567700,72.164200,12.914800,143.140000,22.625500,76.618600
2019-09-06,269.793400,53.346200,35.365000,96.404000,119.734700,93.613400,100.591700,60.788800,83.865700,72.326700,12.949100,141.920000,22.633900,76.627000
2019-09-09,269.929100,53.503200,35.476400,95.808900,117.607600,93.134600,99.853500,60.851600,83.175200,71.978400,13.069000,141.390000,22.591700,76.627000
2019-09-10,269.865800,53.594200,35.502100,95.111800,115.546200,92.599900,99.013200,60.886500,82.557300,71.235400,13.086100,140.180000,22.617000,76.643700
2019-09-11,271.784800,53.891800,35.750800,95.018300,115.340900,92.496200,98.934700,60.879500,82.644600,71.312800,12.991900,141.030000,22.684600,76.635400
2019-09-12,272.726200,54.205900,36.008000,94.805800,114.585300,92.424400,98.801200,60.914400,82.804500,71.692100,12.940500,141.320000,22.617000,76.652100
2019-09-13,272.545100,54.511800,36.213700,93.938700,112.137900,91.881700,97.913700,60.802800,81.852300,70.925800,12.940500,140.150000,22.583200,76.652100
2019-09-16,271.703300,54.024000,35.930800,94.346700,113.566900,92.432400,98.408500,61.019100,82.201200,71.545000,13.514300,141.320000,22.684600,76.652100
2019-09-17,272.391300,54.205900,35.930800,94.593300,114.182900,92.552100,98.659800,61.053900,82.462800,72.319000,13.257400,141.600000,22.583200,76.660500
2019-09-18,272.554200,54.139800,35.785100,94.627300,114.667400,92.264800,98.903200,61.019100,82.470100,72.071300,13.171700,140.710000,22.667700,76.677300
2019-09-19,272.536100,54.321700,35.639300,94.669800,115.012400,92.448300,99.186000,60.949300,82.833500,72.326700,13.240200,141.280000,22.617000,76.677300
2019-09-20,271.248100,54.197700,35.673600,95.213900,116.531700,92.959000,99.869200,61.026000,83.204200,72.326700,13.257400,142.950000,22.676200,76.685600
2019-09-23,271.184400,54.057100,35.707900,95.349900,116.507100,93.086700,99.798500,60.998100,83.015300,72.442800,13.291600,143.750000,22.710000,76.702400
2019-09-24,269.056500,53.850400,35.330700,95.825900,117.911500,93.294200,100.112600,60.914400,82.484600,72.282100,13.137500,144.510000,22.625500,76.702400
2019-09-25,270.647900,53.693400,35.305000,95.196800,116.186800,92.807400,99.547200,60.851600,82.244800,72.422500,13.060400,141.830000,22.803000,76.702400
2019-09-26,270.084100,53.891800,35.296400,95.400900,116.934200,92.863300,99.759200,60.809800,82.412000,73.031100,13.060400,141.790000,22.862100,76.719100
2019-09-27,268.629100,53.709900,34.842000,95.536900,117.221600,92.719600,99.782800,60.740000,82.302900,72.625400,13.009000,141.060000,22.828300,76.719100
2019-09-30,269.874900,53.908300,35.039200,95.613400,117.509100,92.799400,100.112600,60.809800,82.390200,72.750200,12.880500,138.870000,22.904400,76.727500
2019-10-01,266.664800,53.379200,34.790600,95.878000,117.862800,92.980400,100.227300,60.669700,81.996300,72.063700,12.872000,139.630000,22.828300,76.725000
2019-10-02,261.954300,52.288000,34.524800,96.210000,118.150800,92.980400,100.187900,60.312500,81.981700,71.759400,12.760600,141.260000,22.811400,76.725000
2019-10-03,264.100400,52.635200,34.970600,96.712400,119.228500,93.276100,100.581600,60.347500,82.375600,72.453700,12.743500,141.900000,22.803000,76.750200
2019-10-04,267.674200,53.048600,35.124900,96.899700,120.108800,93.563900,100.998900,60.536600,83.097800,72.890600,12.846300,141.900000,22.786100,76.750200
2019-10-07,266.519300,52.982400,34.833400,96.576100,119.113400,93.308100,100.487100,60.487600,82.630900,72.734600,12.829200,140.690000,22.828300,76.758600
2019-10-08,262.381700,52.486400,34.584800,96.780500,119.434200,93.220200,100.400500,60.263500,82.550700,72.352300,12.820600,141.920000,22.862100,76.758600
2019-10-09,264.873400,52.866700,34.850600,96.533600,118.759600,93.028400,100.439800,60.445600,82.558000,72.492700,12.854800,142.050000,22.845200,76.758600
2019-10-10,266.664800,53.238700,35.210600,95.929100,116.990700,92.732600,99.849300,60.522600,82.419400,72.609800,12.940500,140.810000,22.752300,76.775400
2019-10-11,269.429300,54.189400,35.776500,95.273500,115.542800,92.444800,99.668200,60.774800,82.361000,72.578600,13.094600,140.030000,22.667700,76.783800
2019-10-14,269.129200,53.966200,35.622200,95.537400,116.381900,92.596700,99.998900,60.816800,82.397500,72.609800,13.034700,140.590000,22.735400,76.775400
2019-10-15,271.793700,54.594500,35.939400,95.077600,114.975100,92.285000,99.731200,60.949900,82.572600,72.703400,13.000400,139.610000,22.667700,76.783800
2019-10-16,271.357200,54.677100,36.042300,95.264900,115.114900,92.428800,99.841400,60.900800,82.441300,72.711200,13.017600,140.410000,22.608600,76.792100
2019-10-17,272.157400,54.809400,36.179400,95.230900,114.835200,92.556700,99.983200,60.984900,82.558000,73.187100,13.069000,140.610000,22.524100,76.800500
2019-10-18,270.966200,54.784600,35.990800,95.316000,114.835200,92.700600,100.109100,60.998900,82.630900,73.748800,13.060400,140.460000,22.439500,76.800500
2019-10-21,272.803100,55.082200,36.316600,94.967000,113.971400,92.404900,99.880800,61.019900,82.331800,74.310500,13.043300,139.790000,22.456400,76.808900
2019-10-22,271.911900,54.949900,36.342300,95.188300,114.637800,92.684600,100.054000,61.033900,82.630900,74.092100,13.060400,140.200000,22.507200,76.808900
2019-10-23,272.703100,55.247500,36.350900,95.222400,114.752900,92.748600,100.109100,61.090000,82.776800,74.255900,13.223100,140.530000,22.498700,76.808900
2019-10-24,273.148700,55.346700,36.350900,95.205400,114.522600,92.804500,100.329600,61.160000,82.776800,74.068700,13.291600,141.530000,22.566300,76.825700
2019-10-25,274.267200,55.404600,36.608100,95.001000,113.963100,92.820500,100.156400,61.209000,82.754900,73.436700,13.368700,141.860000,22.591700,76.825700
2019-10-28,275.813100,55.652600,36.822400,94.643400,112.926500,92.372900,99.857200,61.202000,82.623600,72.992000,13.317300,140.640000,22.574800,76.817300
2019-10-29,275.731300,55.636100,36.633800,94.728600,113.000500,92.141100,99.597300,61.090000,82.404800,73.436700,13.291600,140.250000,22.566300,76.834100
2019-10-30,276.577000,55.867600,36.796700,95.188300,114.654200,92.484800,99.951700,61.012900,82.492300,73.702000,13.206000,141.020000,22.515600,76.842500
2019-10-31,275.840400,55.735300,36.505200,95.792800,116.200900,92.772600,100.558000,60.802800,82.864300,73.569400,13.128900,142.430000,22.473400,76.850900
2019-11-01,278.395800,56.231300,37.053900,95.612100,115.843200,92.908300,100.656700,61.063800,83.161100,73.553800,13.368700,142.560000,22.464900,76.849800
2019-11-04,279.514300,56.520600,37.422600,95.126100,114.318600,92.844400,100.183000,61.190400,82.985400,73.038900,13.454300,142.150000,22.549400,76.858200
2019-11-05,279.205100,56.413200,37.636900,94.614500,113.032900,92.668500,99.606700,61.127100,82.385100,71.798400,13.488600,139.850000,22.633900,76.849800
2019-11-06,279.268800,56.388400,37.516900,94.887300,113.716900,92.964300,100.167200,61.056800,82.421700,71.954400,13.343000,140.450000,22.633900,76.858200
2019-11-07,280.250900,56.562000,37.791200,94.128400,111.656500,92.444600,99.385600,61.028700,82.136200,71.236700,13.334400,138.270000,22.684600,76.875000
2019-11-08,280.942000,56.528900,37.448300,94.000500,111.186800,92.388700,99.251400,61.084900,82.253300,71.065000,13.368700,137.390000,22.735400,76.875000
2019-11-11,280.405500,56.454500,37.182500,94.102900,111.260900,92.436600,99.282900,61.049800,82.187500,71.221100,13.283100,137.060000,22.701500,76.875000
2019-11-12,280.996600,56.479300,36.942500,94.145500,111.771900,92.420600,99.377700,61.063800,82.019100,70.682800,13.291600,137.430000,22.735400,76.883400
2019-11-13,281.087500,56.280900,36.659500,94.401300,112.497200,92.500600,99.614500,61.000500,81.894600,71.330300,13.317300,137.980000,22.726900,76.883400
2019-11-14,281.496700,56.123800,36.685300,94.878800,113.659200,92.716500,100.135600,60.965400,82.326500,71.884200,13.274500,138.560000,22.710000,76.891800
2019-11-15,283.533700,56.479300,36.976700,94.802100,113.535600,92.604500,100.151400,61.148200,82.392400,72.274300,13.343000,138.210000,22.659300,76.883400
2019-11-18,283.742900,56.545400,36.916700,94.964100,113.741600,92.788400,100.262000,61.070900,82.000800,72.625400,13.206000,138.620000,22.617000,76.900200
2019-11-19,283.661000,56.471000,36.993900,95.143100,114.689400,92.956300,100.459300,60.852800,81.821400,72.750200,13.086100,138.690000,22.642400,76.891800
2019-11-20,282.606200,56.115600,36.831000,95.492700,115.876200,93.316100,100.601500,60.726200,81.960500,72.711200,13.257400,138.760000,22.642400,76.900200
2019-11-21,282.151500,56.041200,36.753800,95.254000,115.151000,93.108200,100.364600,60.740300,81.967800,71.689200,13.377300,138.000000,22.676200,76.900200
2019-11-22,282.778900,56.198200,36.753800,95.236900,115.299300,93.140200,100.640900,60.972400,82.187500,71.423900,13.368700,137.740000,22.743800,76.908600
2019-11-25,284.970500,56.644600,37.122500,95.279600,115.637200,93.244100,100.988300,61.134200,82.180100,71.650200,13.368700,137.080000,22.760700,76.908600
2019-11-26,285.616200,56.611600,37.011000,95.458600,116.313000,93.444000,101.248900,61.204500,82.399800,72.602000,13.445800,137.740000,22.735400,76.917000
2019-11-27,286.889300,56.760400,37.053900,95.211400,115.975100,93.260100,101.241000,61.281900,82.282600,72.945200,13.377300,137.010000,22.769200,76.933800
2019-11-29,285.825300,56.363600,36.470900,95.134600,115.727900,93.044200,101.035700,61.148200,82.077600,72.609800,13.111800,137.860000,22.743800,76.933800
2019-12-02,283.397300,56.074200,36.462300,94.793200,114.184900,92.911600,100.597100,61.106400,81.745300,71.509700,13.094600,137.790000,22.650800,76.939800
2019-12-03,281.496700,55.867600,36.273700,95.638600,116.579000,93.487800,101.372900,61.021700,81.906900,71.970000,13.103200,139.110000,22.625500,76.931400
2019-12-04,283.233600,56.380100,36.548100,95.271400,115.415000,93.423800,101.238300,61.205300,82.097900,72.266500,13.308700,138.920000,22.600100,76.939800
2019-12-05,283.742900,56.272600,36.711000,95.049400,114.853600,93.287700,101.127500,61.297100,82.340400,72.305500,13.334400,139.000000,22.549400,76.956700
2019-12-06,286.334600,56.785200,36.925300,94.759000,114.217900,93.223700,101.072100,61.381800,82.509400,72.453700,13.420100,137.620000,22.633900,76.956700
2019-12-09,285.434300,56.487600,36.779600,94.835900,114.465600,93.247700,101.056300,61.381800,82.729800,72.594200,13.403000,137.580000,22.608600,76.965100
2019-12-10,285.116000,56.512400,36.908200,94.724900,114.473800,93.223700,101.056300,61.530100,82.729800,72.172900,13.462900,137.970000,22.583200,76.965100
2019-12-11,285.925400,56.810000,37.448300,95.117700,115.373700,93.551800,101.452100,61.657200,83.280800,71.439500,13.403000,138.920000,22.498700,76.965100
2019-12-12,288.389800,57.190300,38.099900,94.366200,113.474900,93.095700,100.985000,61.798400,83.288200,70.472100,13.522900,138.430000,22.532500,76.981900
2019-12-13,288.562600,57.587100,38.082700,94.921300,114.787500,93.471800,101.642100,61.862000,83.596800,70.487700,13.591400,139.050000,22.532500,76.965100
2019-12-16,290.545000,58.202400,38.405800,94.477200,113.755600,93.255700,101.412500,61.982000,83.648200,70.994800,13.685600,139.040000,22.490300,76.981900
2019-12-17,290.608600,57.868000,38.756100,94.485800,113.598700,93.383800,101.333300,62.172600,83.956800,70.323900,13.745500,139.010000,22.532500,76.973500
2019-12-18,290.626800,57.792700,38.966200,94.229600,112.665800,93.279700,101.262100,62.285600,84.118400,71.180900,13.754100,139.020000,22.574800,76.990300
2019-12-19,291.818100,57.792700,38.983700,94.303500,112.846100,93.430700,101.362300,62.253200,83.831600,71.811800,13.814000,139.380000,22.574800,76.998700
2019-12-20,293.097500,57.834500,39.062600,94.303500,112.994900,93.382700,101.330600,62.161100,84.038100,72.206000,13.796900,139.520000,22.650800,77.003000
2019-12-23,293.545300,57.926500,39.115100,94.218000,112.829500,93.222500,101.378200,62.189400,84.134000,71.843300,13.800400,139.950000,22.638800,77.003000
2019-12-24,293.554400,57.868000,39.027500,94.380400,113.152000,93.334600,101.481400,62.239000,84.281500,72.032600,13.861300,141.270000,22.638800,77.011400
2019-12-26,295.117100,58.118800,39.307700,94.517300,113.424900,93.398700,101.663900,62.331100,84.399500,72.348000,13.965700,142.380000,22.604300,77.019900
2019-12-27,295.044000,58.219100,39.465400,94.654100,113.548900,93.430700,101.806800,62.302800,84.628200,72.576600,13.991800,142.330000,22.492200,77.011400
2019-12-30,293.417300,57.784400,39.202700,94.594200,113.135500,93.462700,101.989400,62.260300,84.488000,72.647600,13.965700,142.630000,22.449100,77.019900
2019-12-31,294.130100,58.051900,39.290200,94.252200,112.027500,93.366600,101.568700,62.317000,84.495400,73.168100,13.878700,142.900000,22.388800,77.019900
2020-01-02,296.880800,58.637100,40.087100,94.688300,113.292600,93.823200,101.783000,62.579200,84.598700,72.308500,13.896100,143.950000,22.466300,77.045100
2020-01-03,294.632700,57.909800,39.342800,95.321100,115.037300,94.255700,102.132300,62.515400,84.384800,72.758000,14.061400,145.860000,22.492200,77.045100
2020-01-06,295.756800,58.135500,39.246400,95.218500,114.384100,94.015400,101.790900,62.451600,84.215100,72.844800,14.087500,147.390000,22.440500,77.036700
2020-01-07,294.925200,57.976600,39.220200,95.081700,113.821800,93.727100,101.529000,62.394900,84.347900,72.032600,14.078800,147.970000,22.518100,77.036700
2020-01-08,296.497000,58.143800,39.447800,94.859300,113.069300,93.639000,101.386100,62.451600,84.569200,72.253400,13.870000,146.860000,22.578400,77.053600
2020-01-09,298.507400,58.277600,39.710500,94.927700,113.466200,93.630900,101.870300,62.614600,84.510200,72.213900,13.809100,146.030000,22.621500,77.062000
2020-01-10,297.648400,58.060200,39.920700,95.133000,114.475100,93.911300,102.156100,62.635800,84.524900,72.765900,13.809100,146.910000,22.604300,77.062000
2020-01-13,299.695400,58.361200,40.542400,95.021800,114.127800,93.895300,101.910000,62.635800,84.606000,73.641200,13.704700,145.820000,22.604300,77.062000
2020-01-14,299.238500,58.419700,40.314700,95.209900,114.714900,94.023400,102.037000,62.628800,84.583900,73.365200,13.765600,145.690000,22.612900,77.062000
2020-01-15,299.914800,58.419700,39.999500,95.449400,115.475600,94.095500,102.259300,62.642900,84.901100,74.027600,13.696000,146.540000,22.578400,77.070400
2020-01-16,302.409600,58.662200,40.253400,95.252700,115.111800,93.943300,102.402100,62.664200,85.078100,74.619000,13.678600,146.310000,22.612900,77.087300
2020-01-17,303.350800,58.837700,40.481100,95.175700,114.127800,93.791100,102.386300,62.614600,84.974800,74.689900,13.722100,146.580000,22.690500,77.078800
2020-01-21,302.756800,58.369600,39.456600,95.552000,115.326800,94.095500,102.878400,62.479900,84.901100,75.399600,13.643800,146.740000,22.673300,77.087300
2020-01-22,302.793400,58.486600,39.780600,95.569100,115.731900,94.031400,102.934000,62.593300,84.967500,74.894900,13.461000,146.790000,22.656000,77.087300
2020-01-23,303.140600,58.344500,39.369000,95.808500,116.542300,94.223700,103.068900,62.402000,84.768300,75.525800,13.347900,147.120000,22.716400,77.095700
2020-01-24,300.444800,58.093700,39.053800,96.150600,117.484900,94.431900,103.243500,62.139800,84.657700,75.265500,13.147800,147.980000,22.750800,77.095700
2020-01-27,295.628800,56.889800,37.705300,96.800500,119.312400,94.648200,103.442000,61.721700,84.550700,74.902800,12.904100,148.990000,22.785300,77.104100
2020-01-28,298.726800,57.424900,38.020500,96.475500,118.378000,94.504000,103.386400,62.253200,84.952700,75.202500,12.965100,147.660000,22.785300,77.104100
2020-01-29,298.480000,57.433200,38.204400,96.937300,119.535600,94.848400,103.719800,62.217800,85.343600,74.926500,12.904100,148.460000,22.819800,77.112500
2020-01-30,299.448700,57.383100,37.635300,97.031300,119.552200,94.952500,103.783300,62.281500,85.284600,74.981700,12.791000,148.470000,22.750800,77.112500
2020-01-31,294.011300,56.413300,36.873400,97.518800,120.643700,95.361000,104.053100,62.026400,85.542800,74.067000,12.686600,149.330000,22.656000,77.112500
2020-02-03,296.195400,56.547100,37.285000,97.436000,120.545900,95.133900,103.971000,62.016300,85.521300,74.311400,12.451700,148.360000,22.768100,77.119500
2020-02-04,300.709800,57.491800,38.248200,96.870800,118.922500,94.725000,103.716400,62.386400,85.417600,75.076300,12.469100,146.430000,22.802600,77.119500
2020-02-05,304.182400,58.043500,38.467100,96.451200,117.622200,94.444300,103.652700,62.642500,85.447200,75.123600,12.660500,146.610000,22.888800,77.136400
2020-02-06,305.205900,58.202400,38.502100,96.519700,118.152300,94.620700,103.605000,62.692400,85.654500,75.375900,12.712700,147.400000,22.931900,77.144800
2020-02-07,303.579300,57.650600,37.968000,96.982100,119.626600,95.005600,104.002900,62.599900,85.654500,75.360200,12.643100,147.790000,22.983600,77.144800
2020-02-10,305.845600,57.767600,38.178200,97.170500,119.957900,95.149900,104.249500,62.685200,85.669300,76.203900,12.530000,148.170000,23.018100,77.136400
2020-02-11,306.375700,58.160600,38.677300,96.939300,119.353200,94.869300,104.098300,62.727900,85.632300,76.779500,12.573500,147.660000,22.992200,77.144800
2020-02-12,308.349600,58.361200,39.202700,96.691000,118.748600,94.773100,104.050600,62.891600,85.758100,77.236900,12.747500,147.540000,23.052600,77.153300
2020-02-13,308.020600,57.951600,38.686000,96.776600,119.204200,94.973500,103.979000,62.913000,85.780300,77.702100,12.756200,148.380000,23.078400,77.161700
2020-02-14,308.514000,57.851200,38.703500,97.016400,119.726000,95.045700,104.233600,62.905800,86.120800,78.506400,12.747500,149.000000,23.069800,77.161700
2020-02-18,307.719000,57.483400,38.449600,97.170500,120.545900,95.254100,104.432600,62.777800,86.194800,78.419700,12.843200,150.910000,23.156000,77.170100
2020-02-19,309.190300,57.675700,38.729800,97.153400,120.537700,95.214100,104.289300,62.806200,86.365100,77.363000,12.965100,151.790000,23.199100,77.170100
2020-02-20,307.920100,57.332900,38.125600,97.436000,121.481900,95.398500,104.639500,62.913000,86.416900,78.285600,12.912800,152.410000,23.268100,77.170100
2020-02-21,304.749000,57.065400,37.906700,97.829800,122.616600,95.574900,104.846400,62.856000,86.609300,78.514300,12.860600,154.700000,23.130200,77.187000
2020-02-24,294.641900,54.783100,36.488200,98.591900,124.447100,96.015900,104.862300,62.180000,86.231800,77.441900,12.617000,156.090000,23.138800,77.178600
2020-02-25,285.713600,53.880200,36.199200,98.865900,125.109700,95.855500,104.965800,61.745900,85.698900,75.344400,12.382100,153.300000,23.069800,77.178600
2020-02-26,284.662700,53.947100,36.488200,98.814600,124.447100,95.807400,104.575800,61.810000,85.654500,74.532200,12.260200,153.970000,23.087100,77.195400
2020-02-27,271.878000,52.350400,35.612500,99.294100,125.797200,96.088000,104.018800,60.977400,84.588600,70.565900,12.051400,154.000000,22.949100,77.212300
2020-02-28,270.735700,52.032700,35.481200,100.407200,128.638100,96.240400,105.188600,61.226500,84.470200,68.862700,11.842600,148.380000,22.871500,77.203900
2020-03-02,282.460300,52.701500,36.251700,100.338900,127.691700,96.464900,105.084300,61.691000,85.151100,71.803900,12.112300,149.200000,22.750800,77.226900
2020-03-03,274.372800,52.275100,36.006600,101.504800,129.674100,97.443100,106.281200,61.426600,86.139100,71.638300,12.138400,153.890000,22.656000,77.243800
2020-03-04,285.905500,53.838400,36.645800,101.281900,128.297200,97.298700,106.432800,62.270000,86.778000,74.343000,12.147100,154.160000,22.733600,77.277600
2020-03-05,276.401500,52.408900,35.875200,102.182100,131.490700,97.603400,106.392900,61.483800,86.012900,72.750100,12.016600,157.490000,22.561200,77.294500
2020-03-06,271.832300,51.623000,35.139700,103.219500,138.334000,98.252900,107.134900,60.790400,85.656300,71.496400,11.625000,157.550000,22.431900,77.294500
2020-03-09,250.603700,47.618600,32.740400,104.145300,142.083300,96.232300,104.533700,58.174400,78.717600,65.984500,10.720100,157.810000,22.190500,77.328200
2020-03-10,263.571200,49.374200,34.404100,102.233600,134.800400,93.474100,102.179900,59.067900,79.631300,68.772200,11.059500,154.480000,22.518100,77.311400
2020-03-11,250.722500,46.857800,32.801700,101.213400,129.840000,91.357400,98.820700,57.781300,76.028300,64.639800,10.859300,153.930000,22.552600,77.328200
2020-03-12,226.734100,41.708100,29.518000,101.264800,130.644600,91.140900,94.105100,55.472600,72.284100,58.091600,10.424300,147.790000,22.793900,77.336700
2020-03-13,246.116700,44.232800,31.645800,100.604700,127.691700,91.501700,98.182400,57.216600,74.334500,63.161700,10.537400,143.280000,23.656000,77.353600
2020-03-16,219.185700,39.668200,27.696700,103.262300,135.961700,90.868300,96.786100,54.071700,70.902300,51.964600,9.902200,141.640000,22.897400,77.362000
2020-03-17,231.020000,41.599400,29.605600,100.673300,126.895400,88.326600,92.820500,54.579200,70.211400,54.968500,9.745500,143.560000,23.302600,77.362000
2020-03-18,219.322800,39.216800,27.048700,99.275900,119.736900,87.244100,88.176700,52.170400,63.740700,49.739400,9.423600,140.700000,23.656000,77.378900
2020-03-19,219.788800,39.827100,27.258900,99.601600,122.996700,88.935900,83.820100,50.998200,65.360300,49.914300,9.623700,138.040000,24.216400,77.362000
2020-03-20,210.316800,39.333800,27.460200,102.139200,132.245600,92.896800,85.168500,49.854600,67.670700,47.426900,9.519300,140.110000,24.147400,77.387300
2020-03-23,204.939400,38.874000,26.803500,103.348000,137.695300,94.644800,91.464000,49.054100,67.863800,45.225600,9.632400,146.300000,24.113000,77.370500
2020-03-24,223.507600,42.167900,28.817500,102.645100,135.132200,94.700900,93.339100,51.076800,69.981100,49.294400,9.841300,153.400000,23.837100,77.370500
2020-03-25,226.853500,43.538900,29.833200,102.705100,134.825300,95.615000,97.807400,52.513500,72.789200,51.948700,10.006600,151.300000,23.612900,77.370500
2020-03-26,240.099500,45.486800,30.962800,102.953700,135.488900,96.104100,97.887200,54.915100,73.992700,55.612200,9.971800,153.240000,23.233600,77.370500
2020-03-27,232.947900,44.191000,29.202800,103.716700,139.105400,96.416800,97.687700,55.058100,72.469800,55.667800,9.937000,152.250000,23.044000,77.353600
2020-03-30,240.513100,45.085500,29.684400,103.956700,137.960700,94.885300,98.876600,55.529800,72.373200,56.883700,9.910900,152.920000,23.147400,77.353600
2020-03-31,236.928200,44.692600,29.885800,104.145300,136.840900,94.548600,98.549400,55.086600,71.823500,55.508900,9.789100,148.050000,23.130200,77.362000
2020-04-01,226.265200,42.711300,28.607300,104.569400,138.758200,95.123500,97.117600,53.574800,70.017400,51.861300,9.510600,149.450000,23.276700,77.355500
2020-04-02,231.486400,43.547300,29.570600,104.586500,139.638700,96.576900,97.373600,53.991400,71.449800,52.036100,9.693300,151.900000,23.397400,77.363900
2020-04-03,228.140400,42.552400,29.010100,104.663800,139.971000,97.428100,96.869700,52.834900,71.323000,51.281100,9.937000,152.650000,23.526700,77.338600
2020-04-06,243.463800,44.809600,30.595100,104.191700,139.605500,97.363900,98.781400,54.120700,72.762900,55.079700,9.989200,156.880000,23.535400,77.347000
2020-04-07,243.712000,45.060400,30.752700,103.728200,138.143500,97.299600,98.933400,54.120700,73.180700,55.588300,10.058800,156.040000,23.319800,77.330100
2020-04-08,251.893000,45.428300,31.067900,103.599500,137.138300,96.633100,100.717200,55.528700,73.494000,59.379000,10.032700,154.650000,23.406000,77.338600
2020-04-09,255.726100,46.456600,30.954100,103.822600,137.387500,97.588700,105.452700,59.163600,75.612800,62.708700,10.058800,158.690000,23.233600,77.321700
2020-04-13,253.391300,46.013500,30.997900,103.599500,136.133200,97.765400,104.428800,58.315900,75.463600,60.070400,10.232800,161.410000,23.199100,77.338600
2020-04-14,260.864600,46.832800,31.707100,103.736800,136.100000,98.054500,103.916900,58.560100,75.963500,61.755100,10.145800,162.680000,23.069800,77.347000
2020-04-15,255.321700,45.369800,30.892800,104.663800,139.705100,98.158800,104.612800,58.014200,74.456400,59.307500,9.937000,161.850000,23.242200,77.338600
2020-04-16,256.553400,45.394800,31.059200,104.775400,141.291800,97.307700,104.092900,57.956700,73.971500,58.632000,9.910900,161.710000,23.345700,77.330100
2020-04-17,263.484300,46.598700,31.750900,104.500700,139.397800,96.841900,104.436800,58.251300,74.493700,60.483600,9.954400,158.570000,23.285300,77.347000
2020-04-20,258.842300,45.904800,31.348100,104.775400,140.519200,96.544800,103.844900,57.374900,74.023700,58.234600,9.789100,159.700000,23.362900,77.338600
2020-04-21,250.983000,45.010300,30.481200,105.067200,142.288600,97.034600,103.476900,56.326100,72.986700,57.177700,9.327900,158.610000,23.397400,77.338600
2020-04-22,256.553400,45.771000,31.313100,104.741000,140.834900,97.620800,103.540900,56.821700,73.046400,58.051900,9.458400,161.730000,23.466400,77.338600
2020-04-23,256.535100,45.628900,31.199300,104.809700,141.582500,97.564600,103.980900,56.793000,73.397000,57.567100,9.432300,163.340000,23.475000,77.347000
2020-04-24,260.110800,46.155600,31.155500,104.835400,141.914800,98.118700,103.908900,56.261400,73.076200,57.813500,9.310500,162.640000,23.423300,77.338600
2020-04-27,263.861200,46.765900,31.785900,104.277500,139.273200,97.926000,103.069000,56.491300,72.949400,59.792200,9.136400,161.560000,23.362900,77.338600
2020-04-28,262.647800,47.117000,31.847200,104.732400,140.876400,98.263200,103.349000,56.663700,73.665600,60.284900,9.145100,160.840000,23.337100,77.338600
2020-04-29,269.523600,48.295800,32.775400,104.681000,140.145400,98.142800,104.028900,57.662200,74.844400,61.190900,9.310500,161.730000,23.242200,77.330100
2020-04-30,267.014100,47.292600,32.083700,104.432000,138.509000,97.412100,103.325000,57.777100,74.978700,60.483600,9.484500,158.800000,23.095700,77.347000
2020-05-01,259.945400,46.264300,30.927800,104.576400,139.695100,97.410300,102.916100,56.780400,74.656000,58.441300,9.362700,159.780000,23.121500,77.333800
2020-05-04,260.662300,46.247600,31.260600,104.593600,139.038000,97.506900,103.076500,56.701000,74.656000,58.155200,9.475800,160.340000,23.250900,77.333800
2020-05-05,263.070700,46.331200,31.435700,104.516200,138.148000,97.619600,102.940200,57.191800,75.472300,58.441300,9.719400,161.020000,23.268100,77.333800
2020-05-06,261.287400,46.030200,31.339400,104.129600,135.918800,97.144700,101.785400,56.867000,75.135300,57.392300,9.528000,158.950000,23.380200,77.342300
2020-05-07,264.440300,46.724100,31.593300,104.765400,138.189600,97.756500,102.058100,57.011300,75.734400,58.210800,9.588900,161.390000,23.311200,77.333800
2020-05-08,268.815800,47.518300,32.258800,104.421700,136.392900,97.724300,101.568900,57.552600,76.123800,59.593600,9.789100,160.420000,23.302600,77.333800
2020-05-11,268.870900,47.476500,32.048600,104.129600,135.328300,97.386200,100.678800,57.292800,76.543200,58.727300,9.658500,159.420000,23.388800,77.342300
2020-05-12,263.511900,46.874600,31.926000,104.473300,136.717300,97.474700,101.649100,57.220600,76.400900,56.057200,9.580200,160.040000,23.345700,77.342300
2020-05-13,258.851500,46.515100,31.864700,104.688100,137.673900,97.563300,101.881700,56.917500,75.944100,54.698300,9.484500,161.580000,23.388800,77.342300
2020-05-14,261.949200,46.072000,31.987300,104.851300,139.021300,97.676000,102.723700,56.722700,76.296000,54.889000,9.649800,163.010000,23.414700,77.350700
2020-05-15,263.153400,46.113800,31.549500,104.782600,138.663700,97.845000,103.084500,56.802100,76.505700,54.674400,9.745500,163.930000,23.431900,77.333800
2020-05-18,271.169000,47.978100,32.784200,104.138200,135.619400,97.837000,103.669900,57.805200,77.838700,57.908800,10.024000,162.690000,23.242200,77.333800
2020-05-19,268.383800,47.317600,32.521500,104.430300,136.126800,97.724300,103.750100,57.877300,77.898600,57.130000,9.997900,164.260000,23.225000,77.333800
2020-05-20,272.943100,48.304100,32.950500,104.456100,136.534300,98.014100,104.888800,58.490800,79.396400,57.638600,10.171900,164.650000,23.147400,77.333800
2020-05-21,271.058700,47.744000,32.574000,104.524800,136.875400,97.909400,104.808600,58.476300,79.373900,57.686300,10.128400,162.250000,23.199100,77.342300
2020-05-22,271.573400,47.610200,31.899800,104.722400,137.698800,97.965800,104.808600,58.620600,79.014500,58.465100,10.050100,163.210000,23.268100,77.333800
2020-05-26,274.919400,48.972900,32.600300,104.447500,135.852300,97.603500,104.664300,59.060900,79.501200,60.650500,10.154500,160.890000,23.095700,77.342300
2020-05-27,279.009900,49.566500,32.705400,104.533400,135.602800,97.700100,105.097300,59.183500,79.636000,61.858400,10.024000,161.180000,23.087100,77.333800
2020-05-28,278.495100,50.034600,32.477700,104.438900,135.103700,98.006000,105.185500,59.241300,79.411400,62.152400,10.076200,161.720000,22.966400,77.333800
2020-05-29,279.736100,49.859100,33.038100,104.774000,136.068600,98.046300,105.867100,59.479400,79.681000,61.532600,10.250200,162.910000,22.931900,77.333800
2020-06-01,280.866700,50.971000,33.799900,104.732900,135.152400,98.167000,105.820400,59.929000,80.069000,62.955100,10.311100,163.660000,22.802600,77.342300
2020-06-02,283.192300,51.447500,34.605500,104.560900,134.661100,97.949700,106.158000,60.523100,80.842800,63.463700,10.424300,162.600000,22.776700,77.342300
2020-06-03,286.961100,52.676400,35.411100,103.941600,132.870500,97.627700,106.093700,60.805600,81.203400,65.498100,10.424300,159.600000,22.638800,77.342300
2020-06-04,286.207400,52.450700,34.912000,103.528800,130.946600,97.257400,105.772200,60.617300,80.820300,64.846400,10.511300,161.280000,22.552600,77.342300
2020-06-05,293.542700,53.353600,35.831400,103.012700,130.013800,97.249300,106.318800,61.189600,81.481400,67.302000,10.720100,158.010000,22.595700,77.325400
2020-06-08,297.090900,54.047400,36.050300,103.124500,130.513500,97.458600,106.672500,61.262100,82.059900,68.970900,10.650500,159.720000,22.535300,77.333800
2020-06-09,294.875600,53.345200,35.805200,103.494400,131.996000,97.555200,106.447400,60.783900,81.842000,67.826500,10.685300,161.260000,22.466300,77.333800
2020-06-10,293.230200,53.228200,36.067800,104.268400,133.953200,98.303900,107.146800,60.697000,81.849500,66.102000,10.754900,163.570000,22.354300,77.342300
2020-06-11,276.325800,50.377400,34.185200,104.638300,136.485000,98.336100,105.868600,59.139300,79.971400,61.858400,10.406800,162.390000,22.578400,77.325400
2020-06-12,279.635000,51.246800,34.912000,104.406100,135.169100,98.070400,106.383100,59.726200,80.902900,64.075600,10.450400,162.620000,22.638800,77.342300
2020-06-15,282.245600,51.457100,34.594900,104.320100,135.244000,98.110700,107.894400,60.305700,81.331100,64.981500,10.546100,162.330000,22.543900,77.342300
2020-06-16,287.678100,52.093000,34.815100,104.105000,133.170300,98.062400,107.596900,60.552100,81.714300,66.261000,10.633100,162.250000,22.612900,77.342300
2020-06-17,286.483100,52.288000,35.149800,104.268400,133.720000,97.998000,107.387900,60.269500,81.597800,65.299400,10.580900,162.560000,22.630100,77.342300
2020-06-18,286.593400,52.008200,35.167400,104.500700,135.135800,98.440700,107.629100,60.247800,81.511400,64.584200,10.641800,162.240000,22.716400,77.333800
2020-06-19,284.955800,51.753900,35.158600,104.535100,135.244000,98.633900,107.709500,60.044900,81.691700,63.646500,10.728800,164.030000,22.742200,77.333800
2020-06-22,286.783900,52.372800,35.590200,104.440500,135.260700,98.883500,107.605000,60.001500,81.834500,63.582900,10.841900,165.090000,22.621500,77.333800
2020-06-23,288.104100,52.661100,35.933600,104.406100,134.336300,98.939800,107.404000,60.088400,81.999800,63.320600,10.789700,166.480000,22.543900,77.333800
2020-06-24,280.755000,51.313000,35.458000,104.603900,135.777100,98.803000,107.106600,59.472600,81.744300,61.516700,10.520000,165.900000,22.647400,77.333800
2020-06-25,283.764800,52.042100,35.607800,104.621100,136.168500,98.891500,107.219100,59.494300,81.796900,62.302100,10.615700,165.800000,22.681900,77.342300
2020-06-26,277.025000,51.287500,35.176200,104.904900,137.626000,99.060500,107.315600,58.929200,81.631600,61.106300,10.485200,166.540000,22.716400,77.333800
2020-06-29,281.096600,51.703000,35.334700,105.008100,137.192900,99.173200,107.814000,58.596000,81.736800,62.286000,10.659200,166.630000,22.725000,77.333800
2020-06-30,284.697300,51.609700,35.220200,104.818900,136.526600,99.012200,108.119500,59.132100,82.052300,63.024400,10.711400,167.370000,22.690500,77.333800
2020-07-01,286.691500,51.804700,35.616600,104.655400,136.261500,99.076600,108.546800,59.316500,82.240500,64.477000,10.798400,166.620000,22.638800,77.333800
2020-07-02,288.270300,52.372800,36.426800,104.784500,136.403200,99.350300,108.812600,59.753000,82.677600,64.292400,10.841900,166.980000,22.656000,77.342300
2020-07-06,292.720400,53.229200,37.994500,104.629600,135.844600,99.543500,109.094700,60.182200,83.190000,64.260300,10.928900,167.980000,22.535300,77.333800
2020-07-07,289.701400,52.449100,37.360400,104.965300,137.754000,99.567700,109.239700,59.782100,82.722800,62.984200,10.937600,169.040000,22.587000,77.333800
2020-07-08,291.917200,52.890000,38.329200,104.801700,137.203700,99.390600,109.062400,59.942100,83.076900,62.896000,11.076900,170.090000,22.466300,77.333800
2020-07-09,290.255300,52.288000,38.329200,105.137500,139.388300,99.648200,109.674800,59.811200,82.715300,62.502700,10.946300,169.630000,22.543900,77.333800
2020-07-10,293.219000,52.847600,38.082600,104.930900,138.687900,99.543500,109.473300,60.014900,82.707700,62.695300,11.015900,169.190000,22.509500,77.342300
2020-07-13,290.680000,52.508500,37.827200,105.042800,139.146400,99.760900,109.183300,59.687500,82.541900,61.949000,10.902800,169.400000,22.475000,77.342300
2020-07-14,294.446900,53.280000,37.880000,105.034200,139.346600,99.777000,109.819800,60.196800,82.737900,62.470600,10.955000,170.190000,22.431900,77.342300
2020-07-15,297.152100,53.882000,37.994500,104.999700,138.696200,99.720600,110.037300,60.538700,83.076900,63.080600,11.085600,170.340000,22.371500,77.342300
2020-07-16,296.173400,53.534400,37.457300,105.077200,139.354900,99.921900,110.343500,60.596900,83.227700,62.326200,10.998500,168.730000,22.449100,77.333800
2020-07-17,297.032100,53.848100,37.668700,105.051400,139.063100,100.107000,110.641600,60.764300,83.416000,63.136700,11.015900,170.120000,22.354300,77.342300
2020-07-20,299.432600,54.110900,38.153100,105.120300,139.404900,100.243900,110.947800,61.128000,83.973700,62.382300,11.007200,170.940000,22.319800,77.342300
2020-07-21,300.069600,54.221200,38.505400,105.232200,139.488300,100.469300,111.092800,61.411800,84.425800,62.534800,11.163900,173.000000,22.181900,77.342300
2020-07-22,301.777600,54.365300,38.338000,105.266600,139.905200,100.469300,111.455400,61.535500,84.666900,63.489900,11.233500,175.630000,22.121500,77.333800
2020-07-23,298.176900,53.932900,38.029800,105.369900,141.539500,100.517600,111.536000,61.491800,84.629200,63.225000,11.207400,177.180000,22.078400,77.342300
2020-07-24,296.256500,53.636100,37.994500,105.318300,141.531200,100.493400,111.286200,61.550000,84.689500,62.759500,11.224800,178.700000,21.983600,77.333800
2020-07-27,298.417000,54.339900,38.584600,105.154700,141.005800,100.493400,110.947800,61.695500,84.832700,63.353400,11.329200,182.230000,21.819800,77.333800
2020-07-28,296.524300,53.992200,38.267600,105.404300,141.981400,100.678600,110.835000,61.535500,84.546300,64.613400,11.268300,183.750000,21.854300,77.342300
2020-07-29,300.171200,54.560300,38.884100,105.542100,141.739600,100.912000,111.439300,61.877400,85.043700,65.865400,11.329200,185.130000,21.750800,77.342300
2020-07-30,299.100200,53.754800,38.390900,105.688400,142.673500,101.016600,111.318400,62.008400,85.021100,65.440100,11.198700,183.760000,21.664600,77.333800
2020-07-31,301.463700,52.610200,38.126600,105.714200,142.581800,101.314500,111.471500,62.124800,85.217000,65.319700,11.259600,185.430000,21.793900,77.342300
2020-08-03,303.559500,53.636100,38.390900,105.662500,141.863900,101.451300,111.621200,62.139800,85.532900,64.452900,11.372700,185.640000,21.793900,77.333800
2020-08-04,304.732100,53.932900,38.901700,106.024300,143.216200,101.676700,112.033000,62.117900,85.971300,65.416000,11.433600,189.590000,21.716300,77.342300
2020-08-05,306.624800,54.110900,39.324400,105.671100,141.964000,101.725000,111.879600,62.227400,86.243300,65.086900,11.529300,191.350000,21.621500,77.333800
2020-08-06,308.674400,54.170300,39.447700,105.791700,142.757000,101.837700,112.356000,62.366200,86.462500,65.191300,11.616300,193.890000,21.621500,77.333800
2020-08-07,308.896000,53.949800,38.637500,105.567700,141.805400,101.564000,112.041100,62.212800,86.281100,66.122200,11.459700,190.810000,21.750800,77.342300
2020-08-10,309.819300,54.127900,38.734300,105.455700,141.171000,101.443300,111.798900,62.242000,86.409600,66.226600,11.520600,190.150000,21.785300,77.342300
2020-08-11,307.261800,54.322900,38.628700,105.093800,139.493200,101.217900,111.096400,61.679600,86.318900,65.271500,11.337900,179.940000,21.819800,77.333800
2020-08-12,311.545800,55.526900,39.148300,104.783700,138.224400,101.282300,110.821900,61.694200,86.220600,65.929600,11.459700,179.100000,21.750800,77.333800
2020-08-13,310.982600,55.281000,39.033800,104.568300,136.746900,101.024700,109.820600,61.526200,86.024200,65.119000,11.520600,183.330000,21.742200,77.342300
2020-08-14,310.991800,54.941900,38.963300,104.620000,136.212700,100.855600,109.336200,61.416600,85.638700,65.127100,11.520600,182.540000,21.707700,77.333800
2020-08-17,311.979700,55.357300,39.456500,104.792300,136.554900,101.073000,109.562200,61.781900,85.737000,65.656700,11.712100,186.500000,21.612900,77.333800
2020-08-18,312.653700,55.323400,39.412500,104.973200,137.531600,101.523800,109.877100,61.876800,85.623600,65.343700,11.738200,188.180000,21.492200,77.342300
2020-08-19,311.351900,55.077500,38.928100,104.835300,136.671800,101.217900,109.586500,61.701500,85.427100,64.196100,11.703400,182.240000,21.664600,77.342300
2020-08-20,312.321300,54.899500,38.804800,105.136900,137.907200,101.121300,109.974000,61.906000,85.623600,64.806000,11.686000,183.500000,21.604200,77.342300
2020-08-21,313.429200,54.619700,38.998600,105.214400,138.733600,101.467400,110.175900,61.898700,85.895700,64.910400,11.572800,182.030000,21.707700,77.342300
2020-08-24,316.605200,55.340300,39.430100,105.068000,138.508200,101.668700,109.982100,62.183600,86.069500,65.327700,11.633700,181.000000,21.742200,77.342300
2020-08-25,317.713200,55.374300,39.826400,104.818100,137.448100,101.636500,109.505700,62.249300,85.646300,65.496200,11.729500,181.220000,21.664600,77.333800
2020-08-26,320.898400,55.696500,39.932100,104.775000,136.922200,101.837700,109.546100,62.242000,85.449800,64.894300,11.755600,183.360000,21.638700,77.333800
2020-08-27,321.600100,55.128400,39.597500,104.404600,134.593300,101.435200,108.674100,62.147100,85.049300,65.849400,11.712100,181.240000,21.664600,77.333800
2020-08-28,323.677400,55.518400,40.117100,104.576900,134.493100,101.757200,109.005100,62.198200,85.842800,66.282700,11.790400,184.390000,21.492200,77.342300
2020-08-31,322.504900,55.094500,39.227600,104.688900,135.386300,102.216100,109.489600,62.110600,85.835200,65.608600,11.781700,184.830000,21.466300,77.342300
2020-09-01,325.542400,55.153800,39.896900,105.032000,136.934800,102.272400,110.181600,62.448400,86.413900,65.656700,11.799100,185.050000,21.509400,77.342300
2020-09-02,330.251100,55.891500,39.791200,105.178600,138.238500,102.312700,110.618500,62.521800,86.770100,66.876600,11.642400,182.620000,21.587000,77.342300
2020-09-03,318.885700,54.628100,39.033800,105.316600,138.631300,101.958500,110.375800,62.133100,86.330500,66.074100,11.538000,181.140000,21.595600,77.333800
2020-09-04,316.282100,54.704400,39.051400,104.730300,135.998900,101.644500,109.202400,61.964400,85.959100,65.729000,11.433600,181.640000,21.630100,77.342300
2020-09-08,307.640400,54.034600,38.373200,104.954400,136.834500,101.741100,109.307600,61.619700,85.618000,64.926400,11.155200,181.290000,21.742200,77.342300
2020-09-09,313.715400,55.043600,38.945700,104.902700,136.466800,101.797500,109.380500,62.103700,86.050100,65.568500,11.259600,183.050000,21.707700,77.333800
2020-09-10,308.268200,54.399200,38.320400,105.032000,137.160500,101.886000,109.461400,61.810400,85.807500,64.765900,11.146500,182.460000,21.750800,77.333800
2020-09-11,308.425100,54.941900,38.690300,105.195900,137.452900,101.829700,109.542300,61.935100,85.837800,64.404800,11.224800,182.450000,21.707700,77.325400
2020-09-14,312.487500,55.238600,39.315600,105.101000,137.444600,101.765300,109.817400,61.869000,85.921200,65.977800,11.233500,183.890000,21.656000,77.342300
2020-09-15,314.066300,55.594700,39.729600,105.049300,137.110300,101.837700,109.938800,62.037700,86.065200,66.772300,11.294400,183.450000,21.673200,77.325400
2020-09-16,312.819900,55.594700,39.676700,104.988900,136.700800,101.837700,110.011600,62.037700,85.860600,67.125400,11.503200,183.970000,21.699100,77.342300
2020-09-17,310.068500,55.671000,39.518200,105.023400,137.118700,101.894100,110.035900,61.971700,85.504300,65.817300,11.633700,182.960000,21.621500,77.342300
2020-09-18,306.499000,55.221600,39.209900,104.928600,136.692500,101.805500,109.833600,61.817700,85.110200,64.332500,11.686000,183.200000,21.647400,77.325400
2020-09-21,303.087800,53.822700,38.848800,105.118300,137.386100,101.620400,109.728400,61.319000,84.276500,62.398400,11.398800,179.520000,21.802500,77.325400
2020-09-22,306.174600,53.805700,38.558200,105.118300,137.277500,101.652600,109.793100,61.531700,84.102100,63.144800,11.346600,178.650000,21.880100,77.325400
2020-09-23,299.074100,53.356300,37.959300,105.118300,137.461300,101.547900,109.000100,60.908300,83.018300,61.242700,11.216100,174.790000,22.000800,77.325400
2020-09-24,299.871300,53.305500,37.783200,105.170000,137.987800,101.620400,108.725000,60.945000,83.238100,61.571800,11.268300,175.440000,21.966300,77.333800
2020-09-25,304.719300,53.483500,37.818400,105.256200,137.987800,101.757200,108.611700,60.835000,83.639800,62.841600,11.268300,174.940000,22.026700,77.325400
2020-09-28,309.780500,54.289000,38.241100,105.239000,137.595000,101.966500,109.162000,61.231000,83.829300,64.127600,11.364000,176.700000,21.957700,77.333800
2020-09-29,308.093400,54.229600,38.214700,105.316600,137.753800,102.135600,109.024400,61.282300,83.639800,63.666600,11.233500,178.190000,21.854300,77.333800
2020-09-30,310.429300,53.966800,38.831200,105.032000,136.433400,101.829700,109.008200,61.531700,84.049100,63.860700,11.364000,177.120000,21.854300,77.325400
2020-10-01,312.422300,54.280500,39.192300,105.091800,136.658400,101.811300,109.311900,61.743400,84.205800,65.138500,11.224800,178.700000,21.819800,77.325400
2020-10-02,309.456000,54.170300,38.743200,104.988300,136.148100,101.827500,109.328100,61.743400,83.909200,66.262700,11.085600,178.540000,21.871500,77.325400
2020-10-05,314.943600,54.992700,39.262800,104.323900,133.487900,101.520600,108.963200,62.207400,84.236200,66.642800,11.372700,179.410000,21.776700,77.325400
2020-10-06,310.466400,54.407700,39.333200,104.565500,134.207400,101.536700,108.874000,62.067400,84.297000,66.206100,11.416200,177.300000,21.837000,77.333800
2020-10-07,315.870600,54.874000,39.764800,104.263600,133.228600,101.528600,108.906400,62.288400,84.479500,66.303200,11.459700,177.220000,21.811200,77.325400
2020-10-08,318.670000,55.255600,40.090700,104.453400,133.948000,101.932500,109.174000,62.428300,85.300800,67.411200,11.572800,177.850000,21.802500,77.325400
2020-10-09,321.515800,55.688000,40.363700,104.401600,133.922900,101.964800,109.425400,62.568300,85.506200,67.144300,11.607600,181.080000,21.673200,77.325400
2020-10-12,326.688200,56.010200,40.716000,104.513800,134.349600,102.029400,110.058000,62.885000,85.726700,67.459700,11.485800,180.560000,21.647400,77.333800
2020-10-13,324.556200,55.382700,40.548600,104.746700,135.311600,102.029400,109.952600,62.605100,85.513800,66.303200,11.511900,177.720000,21.776700,77.325400
2020-10-14,322.516900,55.289500,40.275600,104.781200,135.621100,102.029400,110.058000,62.450400,85.483300,65.494400,11.590200,178.270000,21.724900,77.325400
2020-10-15,322.118300,54.636600,39.985000,104.669000,135.386900,101.997100,109.944500,62.406200,85.141100,65.834100,11.625000,178.920000,21.828400,77.325400
2020-10-16,321.923600,54.891000,40.125900,104.608700,135.010400,102.037500,109.758000,62.332600,85.270400,65.365000,11.546700,178.300000,21.802500,77.333800
2020-10-19,317.029300,54.687500,40.011400,104.436100,134.500200,101.795200,109.547100,62.111600,84.776100,64.345900,11.555400,178.390000,21.733600,77.333800
2020-10-20,318.299200,54.958800,40.451800,104.211800,133.220200,101.706300,109.320000,62.332600,84.821700,64.806900,11.686000,179.250000,21.664600,77.325400
2020-10-21,317.696700,54.696000,40.566300,104.073700,132.760100,101.674000,109.141600,62.325200,84.388300,64.612800,11.590200,180.600000,21.552500,77.325400
2020-10-22,319.439400,54.738400,40.557500,103.711400,131.379800,101.520600,108.898300,62.435700,83.992800,64.604700,11.625000,178.830000,21.638700,77.333800
2020-10-23,320.523900,55.094500,40.795200,103.858100,132.182900,101.641700,109.174000,62.509400,84.388300,64.992900,11.538000,178.640000,21.587000,77.333800
2020-10-26,314.600700,54.102500,40.266800,104.134100,133.412600,101.722500,109.401100,61.957000,84.084100,64.062900,11.372700,178.550000,21.664600,77.333800
2020-10-27,313.516100,53.678500,40.443000,104.367100,134.307700,101.924400,109.847200,61.986400,84.586000,63.035700,11.451000,179.020000,21.621500,77.325400
2020-10-28,302.800500,52.076100,39.430100,104.358500,134.433200,101.795200,109.303800,61.470800,83.863600,61.531400,11.146500,176.130000,21.759400,77.325400
2020-10-29,305.878000,52.321900,39.826400,103.918500,133.128200,101.447900,109.020000,61.647600,83.894000,62.356300,11.007200,175.400000,21.845600,77.333800
2020-10-30,302.689200,52.050600,39.377300,103.582000,131.814800,101.141000,108.452300,61.780200,83.665800,61.943900,11.007200,176.200000,21.871500,77.333800
2020-11-02,306.081900,52.728900,39.879300,103.759800,132.802200,101.511700,108.877000,61.927400,83.799900,63.423900,11.207400,177.910000,21.897400,77.333800
2020-11-03,311.486100,54.110900,40.055400,103.526700,132.031700,101.430700,108.982600,62.460000,84.479200,64.645200,11.277000,178.920000,21.776700,77.333800
2020-11-04,318.447500,54.704400,41.314900,104.398600,134.895800,101.600800,110.616200,63.044300,86.112500,64.758400,11.398800,178.820000,21.742200,77.325400
2020-11-05,324.658200,56.018600,42.019500,104.381300,135.130300,101.681700,111.030600,63.266300,86.440600,65.065700,11.451000,182.930000,21.535300,77.333800
2020-11-06,324.584000,56.137300,42.213200,104.027400,133.497300,101.220200,110.681200,63.044300,86.059000,64.620900,11.407500,183.190000,21.457700,77.325400
2020-11-09,328.662600,57.773700,42.503900,103.259100,130.691800,100.928700,109.844100,63.525200,86.471200,66.909700,11.546700,175.080000,21.595600,77.333800
2020-11-10,328.180600,58.290900,42.019500,102.965500,129.938100,101.025900,109.559700,63.436400,86.379600,67.888300,11.773000,175.660000,21.595600,77.325400
2020-11-11,330.618500,58.782700,42.292500,103.129600,130.407100,101.204000,109.762800,63.414200,86.707800,68.147200,11.764300,174.900000,21.621500,77.325400
2020-11-12,327.411200,57.926300,41.975400,103.716600,132.626300,101.487400,110.201700,62.985200,86.539800,67.257500,11.668500,175.960000,21.621500,77.325400
2020-11-13,331.944100,58.816600,42.565500,103.578500,132.450500,101.479300,110.331700,63.199700,86.875700,69.053000,11.616300,177.160000,21.578400,77.333800
2020-11-16,336.087600,59.427100,43.093900,103.500800,132.132200,101.341700,110.689300,63.554700,87.066500,69.829400,11.720800,177.150000,21.526700,77.333800
2020-11-17,334.280000,59.367700,43.049900,103.768400,132.994800,101.511700,111.046900,63.576900,86.913800,69.894100,11.755600,176.500000,21.492200,77.333800
2020-11-18,330.257000,59.054000,42.900200,103.733900,133.380000,101.544100,111.282600,63.458600,86.837500,68.535400,11.773000,175.490000,21.500800,77.333800
2020-11-19,331.647400,59.469500,42.970600,103.846100,134.066700,101.649300,111.900200,63.673100,87.035900,68.802300,11.773000,175.160000,21.466300,77.333800
2020-11-20,329.376400,59.647500,43.208400,104.027400,135.255900,101.876100,111.802700,63.554700,87.097000,68.430200,11.833900,175.690000,21.492200,77.333800
2020-11-23,331.350800,59.571200,43.322900,103.820200,134.636200,101.795100,111.940900,63.650900,87.028300,68.559600,11.868700,172.230000,21.526700,77.333800
2020-11-24,336.690100,60.461500,43.904200,103.656200,133.296300,101.827500,111.688900,63.843200,87.150400,68.923600,12.121000,169.590000,21.423200,77.333800
2020-11-25,336.171000,60.385200,43.657600,103.690700,132.885900,101.997500,111.753900,63.813600,87.081700,68.964000,12.225400,169.510000,21.388700,77.325400
2020-11-27,337.107200,60.800600,44.071500,104.001500,134.175600,102.248500,112.152200,63.917200,87.364100,68.656700,12.199300,167.790000,21.345600,77.333800
2020-11-30,335.614800,59.477900,42.917800,103.932400,134.008100,102.361900,112.542300,63.850600,87.196200,67.936900,12.129700,166.670000,21.397300,77.325400
2020-12-01,339.285600,60.876900,43.763300,103.379300,132.032200,102.129200,112.115600,64.015000,87.415000,68.810300,12.094900,170.180000,21.207700,77.319700
2020-12-02,339.999300,60.885400,43.824900,103.206600,130.984400,102.202100,111.741000,64.193300,87.461000,68.268500,12.147100,171.460000,21.181800,77.328100
2020-12-03,339.906600,60.987200,44.327000,103.483000,132.040600,102.485800,112.180700,64.230400,87.828600,68.842700,12.164500,172.810000,21.069700,77.328100
2020-12-04,342.835800,61.504400,44.784900,103.077000,130.104100,102.267000,111.561800,64.497800,87.905200,69.894100,12.216700,172.320000,21.095600,77.336600
2020-12-07,342.131300,61.004100,44.784900,103.396600,131.277800,102.534400,111.659600,64.468000,87.889900,69.287500,12.216700,174.890000,21.130100,77.319700
2020-12-08,343.132500,61.216100,44.802600,103.500300,131.898100,102.704700,111.529300,64.416100,87.744400,69.044900,12.234100,175.500000,21.156000,77.319700
2020-12-09,340.055000,61.300900,44.415000,103.353400,131.462200,102.575000,111.122100,64.319500,87.529900,68.616200,12.242800,172.500000,21.164600,77.319700
2020-12-10,339.943700,61.385600,44.987500,103.586700,132.627400,102.810000,111.675800,64.438300,87.966500,68.317000,12.425600,172.170000,21.104200,77.319700
2020-12-11,339.545100,61.199100,44.670400,103.794000,133.096900,102.801900,111.789800,64.371500,88.012400,68.252300,12.390800,172.490000,21.156000,77.328100
2020-12-14,338.024900,61.236800,44.438200,103.733500,132.728000,102.801900,111.708400,64.386400,88.012400,67.953000,12.425600,171.540000,21.095600,77.319700
2020-12-15,342.594800,61.861700,44.918700,103.629900,132.283700,102.988300,111.928300,64.586900,88.311100,69.344100,12.521300,173.940000,21.026600,77.319700
2020-12-16,343.132500,62.101400,45.132300,103.543500,131.931600,102.980200,111.838700,64.490300,88.372400,69.425000,12.590900,174.900000,21.000800,77.328100
2020-12-17,345.051300,62.538100,45.425900,103.467900,131.582500,103.039500,112.001900,64.586600,88.660700,70.096300,12.738800,176.740000,20.888700,77.328100
2020-12-18,343.673500,62.212700,45.372500,103.381400,131.188100,102.990900,111.920300,64.638800,88.545400,68.689000,12.782300,176.440000,20.914600,77.328100
2020-12-21,342.444700,61.416600,44.705100,103.450600,131.708400,102.974700,111.700000,64.407700,88.291800,68.300800,12.651800,175.880000,20.957700,77.328100
2020-12-22,341.867500,61.262500,44.349200,103.623500,132.388100,103.072000,112.010100,64.489700,88.399400,68.778000,12.512600,174.490000,21.069700,77.328100
2020-12-23,342.174700,61.921700,44.803000,103.407400,131.473400,103.120600,112.034500,64.780500,88.530100,68.333200,12.669200,175.650000,20.974900,77.319700
2020-12-24,343.506000,61.947300,44.607300,103.554300,131.993700,103.161100,112.418100,64.914800,88.752900,68.931200,12.704000,176.350000,20.992200,77.328100
2020-12-28,346.456900,62.452400,44.731800,103.563000,132.052500,103.234100,112.491500,64.996800,88.776000,69.342100,12.625700,175.710000,20.992200,77.328100
2020-12-29,345.796000,62.854800,45.399200,103.545700,131.884600,103.185500,112.540500,64.914800,88.906600,68.750400,12.660500,176.350000,20.923200,77.328100
2020-12-30,346.289400,62.940400,46.004300,103.614800,132.170000,103.266500,112.687300,65.049000,89.021900,69.128400,12.738800,177.700000,20.837000,77.319700
2020-12-31,348.048800,62.461000,45.977600,103.684000,132.363000,103.485400,112.711800,65.101200,89.075700,69.794100,12.791000,178.360000,20.897300,77.328100
2021-01-04,343.310500,62.786300,46.271200,103.709900,132.203500,103.598900,112.140600,64.967000,88.583900,67.525900,12.721400,182.330000,20.914600,77.328100
2021-01-05,345.675000,63.437000,47.383500,103.467900,131.221700,103.566500,111.781600,64.989300,88.645300,67.624500,13.078200,182.870000,20.793900,77.319700
2021-01-06,347.741600,64.164600,46.983100,102.862800,128.527900,103.258400,110.875900,64.870000,88.007500,67.739600,13.095600,179.900000,20.768000,77.328100
2021-01-07,352.908100,64.233100,47.428000,102.499800,127.395100,103.193600,110.859500,65.056400,87.976700,67.608100,13.156500,179.480000,20.888700,77.328100
2021-01-08,354.918900,64.832400,48.682700,102.205900,126.983900,102.788200,110.777900,65.153400,88.022900,68.265500,13.260900,173.340000,20.923200,77.319700
2021-01-11,352.526500,63.984900,48.024200,102.007000,126.774100,102.569300,110.304700,64.802900,87.331200,67.361600,13.165200,173.000000,21.052500,77.328100
2021-01-12,352.600900,64.275900,48.495800,101.989800,126.673400,102.707100,110.541300,64.884900,86.916200,67.517700,13.417500,174.120000,20.940400,77.319700
2021-01-13,353.550500,64.190300,48.602600,102.344200,128.100000,102.934100,111.398100,65.078800,87.323500,68.339500,13.382700,173.370000,21.009400,77.319700
2021-01-14,352.312400,64.704000,49.056400,102.110800,126.899900,102.982800,110.916700,65.063900,87.069900,68.742200,13.504500,173.280000,20.966300,77.328100
2021-01-15,349.743100,63.693800,48.362400,102.387400,127.403400,103.096300,111.088000,64.959500,87.169800,69.531100,13.313100,171.130000,21.104200,77.328100
2021-01-19,352.489200,64.156100,49.163200,102.447900,127.814600,103.339500,111.283800,65.145900,87.292800,69.333900,13.356600,172.580000,21.043900,77.328100
2021-01-20,357.367200,64.592700,50.026300,102.491100,127.940500,103.493500,111.251200,65.265200,87.392700,70.656900,13.365300,175.390000,21.035300,77.328100
2021-01-21,357.693000,64.644100,50.115300,102.344200,127.042600,103.744800,110.810600,65.228000,87.454200,70.320000,13.356600,175.280000,20.940400,77.328100
2021-01-22,356.427000,64.335900,49.679300,102.499800,127.453800,103.582700,110.729000,65.101200,87.492600,70.484400,13.130400,173.900000,20.983500,77.319700
2021-01-25,357.832700,64.258800,50.053000,102.914700,128.955900,103.850200,111.202200,65.116100,87.838400,71.018500,13.269600,174.050000,21.009400,77.328100
2021-01-26,357.274100,64.353000,49.688200,102.880100,128.712600,103.696200,111.194100,65.019200,87.723100,71.519800,13.295700,173.620000,20.949100,77.319700
2021-01-27,348.542200,62.880500,48.309000,103.001100,129.039800,103.663800,110.998200,64.832700,87.315800,70.254300,13.260900,172.520000,21.078400,77.319700
2021-01-28,351.539700,63.282900,48.647100,102.733100,128.326500,103.866400,110.818700,65.026600,87.500300,70.632300,13.200000,172.680000,21.026600,77.328100
2021-01-29,344.502000,61.973000,47.436900,102.551600,127.554500,103.761100,110.647400,64.855100,87.492600,69.818700,13.217400,172.610000,21.052500,77.328100
2021-02-01,350.236400,62.709300,48.718300,102.679200,127.702400,103.534100,110.865900,65.063300,87.925600,71.413000,13.469700,174.230000,21.156000,77.328100
2021-02-02,355.188900,63.342800,49.350100,102.419800,126.879000,103.688100,110.571600,65.220500,87.925600,71.840300,13.574200,172.110000,21.181800,77.319700
2021-02-03,355.468200,63.496900,49.599200,102.168900,125.753200,103.631300,110.309900,65.272900,87.702000,71.659500,13.669900,171.850000,21.173200,77.319700
2021-02-04,359.508300,63.565400,49.617000,102.134300,125.417200,103.558400,110.498000,65.407600,87.956400,72.152600,13.739500,168.150000,21.268000,77.328100
2021-02-05,360.923300,63.959200,50.044100,101.918100,124.367000,103.534100,110.203600,65.504900,88.056600,72.407300,13.809100,169.810000,21.147300,77.328100
2021-02-08,363.529800,64.404400,50.133100,101.961300,124.913100,103.631300,110.677800,65.699500,88.056600,72.801800,14.026600,171.520000,21.138700,77.328100
2021-02-09,363.287800,64.755400,50.667000,102.039200,125.005500,103.688100,110.506100,65.579800,87.740500,73.056500,14.078800,172.080000,21.026600,77.328100
2021-02-10,363.129500,64.532800,50.845000,102.298700,125.837200,103.777300,110.767800,65.564800,87.917900,73.451000,14.052700,172.710000,21.018000,77.319700
2021-02-11,363.716000,64.969400,51.387800,102.220800,125.148300,103.655700,110.473400,65.594800,87.971800,73.607100,14.026600,171.210000,21.009400,77.328100
2021-02-12,365.512700,65.328900,51.432300,101.883500,123.594000,103.485400,110.113700,65.699500,87.486100,73.623600,14.200700,170.690000,21.026600,77.319700
2021-02-16,365.196200,65.799800,51.556900,101.148300,121.712100,102.982800,109.337000,65.594800,86.414500,73.056500,14.392100,168.240000,21.026600,77.328100
2021-02-17,365.279900,65.414600,51.574600,101.217500,122.485100,102.942200,109.884800,65.572300,86.892500,72.966100,14.435600,166.330000,21.112900,77.328100
2021-02-18,363.725300,65.089200,50.862800,101.208800,121.989400,102.512600,109.672200,65.482500,86.800000,72.653900,14.383400,166.320000,21.043900,77.319700
2021-02-19,363.083000,65.277600,51.192000,100.802300,120.367900,102.074800,108.879100,65.490000,86.337400,73.073000,14.374700,167.010000,20.992200,77.328100
2021-02-22,360.290300,65.114900,49.688200,100.637900,119.452100,102.066700,108.200500,65.287900,85.751500,73.681100,14.696600,169.510000,20.931800,77.319700
2021-02-23,360.727800,65.174800,49.910700,100.715800,119.107700,102.091000,108.282300,65.445100,85.851700,74.141300,14.766200,169.120000,20.949100,77.319700
2021-02-24,364.702800,65.380300,49.590300,100.577400,118.326300,102.009900,108.445800,65.512400,85.982800,74.708300,14.992500,169.000000,20.914600,77.311200
2021-02-25,355.915000,64.267400,48.460200,99.236700,116.394000,100.761500,106.728900,64.891200,84.448600,73.278400,14.870700,165.820000,20.983500,77.319700
2021-02-26,354.081100,63.359900,47.810700,100.127600,120.241900,102.009900,108.143300,64.696600,84.826400,72.210100,14.557400,161.810000,21.138700,77.319700
2021-03-01,362.664100,64.549900,49.092000,100.015000,118.653800,101.669500,108.249100,65.422800,85.298600,72.530600,14.435600,161.530000,21.156000,77.311200
2021-03-02,359.834100,64.481400,48.611500,100.196700,118.662200,102.082900,108.126300,65.325200,85.244500,71.832100,14.496500,162.410000,21.078400,77.311200
2021-03-03,355.067900,64.087600,48.513600,99.660100,117.375200,101.823500,107.323400,65.114900,84.734100,71.421200,14.583500,160.620000,21.138700,77.319700
2021-03-04,350.674000,63.479800,47.383500,99.166800,116.618200,101.434400,106.446800,64.867000,84.007100,70.607600,14.809700,159.040000,21.276600,77.319700
2021-03-05,357.125200,63.890700,47.899600,99.028300,116.845300,101.539700,106.307500,65.062300,83.991600,71.380100,15.114300,159.140000,21.354200,77.319700
2021-03-08,355.347100,63.668100,46.609400,98.638900,115.936800,100.980400,105.316200,64.589100,82.537600,71.996400,14.905500,157.490000,21.474900,77.311200
2021-03-09,360.420600,64.524200,47.632700,99.106200,117.543400,101.612700,106.110900,64.679200,83.512100,72.473100,14.905500,160.840000,21.354200,77.311200
2021-03-10,362.664100,64.798200,47.419100,99.313900,117.778900,102.074800,106.610600,64.882000,84.324200,73.196200,15.001200,161.660000,21.319800,77.311200
2021-03-11,366.341200,65.140600,48.914000,99.279300,116.929400,102.164000,106.676200,65.122400,84.950600,74.050900,15.227400,161.520000,21.216300,77.319700
2021-03-12,366.834600,65.303300,48.042000,98.561000,114.448000,101.361400,105.447300,64.942100,83.883300,75.291800,15.157800,161.490000,21.285300,77.311200
2021-03-15,369.022200,65.354600,48.157700,98.682100,115.120900,101.661300,105.807700,64.949600,84.432400,76.409400,15.105600,162.200000,21.328400,77.311200
2021-03-16,368.556800,65.465900,48.362400,98.664800,114.658300,101.872100,105.734000,64.799400,84.726300,76.097100,15.044700,162.350000,21.328400,77.311200
2021-03-17,369.813500,65.851200,48.424600,98.500400,113.800300,101.783000,105.832300,64.889500,85.437900,76.162900,15.044700,163.510000,21.224900,77.319700
2021-03-18,364.432800,65.251900,47.534800,97.885900,112.647900,101.061400,105.226100,64.393800,84.277800,75.390400,14.331200,162.560000,21.354200,77.311200
2021-03-19,363.758300,65.431700,48.122100,97.825300,113.346000,101.256000,105.381700,64.641700,84.525200,74.363200,14.644400,163.240000,21.362900,77.311200
2021-03-22,366.662900,65.491600,47.979700,98.145500,114.616200,101.742400,105.758600,64.874500,84.710900,74.889100,14.618300,163.000000,21.319800,77.311200
2021-03-23,363.777000,64.584100,47.063200,98.630200,115.650800,101.953200,106.069900,64.942100,84.409200,74.782300,14.209400,161.810000,21.449100,77.319700
2021-03-24,361.927700,64.258800,45.986500,98.760000,116.273300,102.220700,106.389400,64.979700,84.594900,74.363200,14.583500,162.370000,21.500800,77.311200
2021-03-25,363.963800,64.738200,46.200100,98.630200,115.356400,102.147800,106.266500,65.092300,84.471100,75.120700,14.252900,161.780000,21.561100,77.311200
2021-03-26,369.829000,65.577200,47.401300,98.301300,114.952700,102.172100,106.192800,65.287600,84.502000,76.740800,14.592200,162.240000,21.535300,77.311200
2021-03-29,369.642200,65.320400,47.072100,97.963800,113.976900,101.896500,105.938800,65.325200,84.061200,76.294400,14.609600,160.310000,21.587000,77.311200
2021-03-30,368.661600,65.234800,47.223400,97.877200,114.574100,101.718100,106.266500,65.167400,84.099900,76.393600,14.374700,157.570000,21.673200,77.319700
2021-03-31,370.155900,64.952300,47.463600,97.738800,113.934900,101.742400,106.545100,65.482900,84.208200,75.930700,14.453000,159.960000,21.656000,77.311200
2021-04-01,374.153300,65.799800,47.926300,98.171500,115.825800,102.035000,107.213200,65.621200,84.873900,77.311100,14.696600,161.980000,21.561100,77.319700
2021-04-05,379.523500,66.758600,48.113200,97.894400,115.320500,101.742500,106.687800,65.651400,84.773000,77.608700,14.479100,161.920000,21.492200,77.311200
2021-04-06,379.299400,66.048100,48.380200,98.370700,116.103800,101.799400,107.402000,65.764400,85.060100,77.807100,14.531300,163.220000,21.440400,77.302800
2021-04-07,379.738300,66.185000,47.668300,98.310100,115.295200,101.864400,107.188600,65.741800,84.765300,77.864900,14.574800,162.760000,21.466300,77.302800
2021-04-08,381.540900,66.561700,48.059800,98.647800,116.247000,102.091900,107.582600,65.764400,85.254100,77.575600,14.653100,164.510000,21.371500,77.311200
2021-04-09,384.314700,66.767200,47.650500,98.388000,115.825800,101.872500,107.361000,65.719200,85.021300,77.484700,14.600900,163.270000,21.388700,77.302800
2021-04-12,384.454800,66.399100,47.365700,98.327400,115.775300,101.888700,107.336300,65.651400,85.161000,77.939300,14.609600,162.280000,21.380100,77.302800
2021-04-13,385.594300,66.784300,47.561500,98.734400,116.642900,102.262600,107.812400,65.696600,85.611000,78.327800,14.766200,163.430000,21.302500,77.302800
2021-04-14,384.277400,66.835700,47.801800,98.613200,116.272300,102.262600,107.664700,65.666500,85.533400,77.914500,15.105600,162.720000,21.276600,77.302800
2021-04-15,388.405500,67.392100,48.237800,99.245400,118.218000,102.815200,108.329600,65.930200,86.573100,79.278400,15.201300,165.350000,21.276600,77.311200
2021-04-16,389.703700,67.880100,48.362400,98.976900,117.299900,102.782600,107.590800,65.794600,86.293800,79.452000,15.175200,166.350000,21.250800,77.311200
2021-04-19,387.789100,67.760300,48.184400,98.873000,116.963000,102.603900,107.311700,65.689100,86.231700,79.609100,15.192600,165.890000,21.130100,77.302800
2021-04-20,384.949800,66.544600,47.792900,99.167400,117.502000,102.668900,107.516900,65.576000,86.014400,80.262100,15.166500,166.480000,21.164600,77.302800
2021-04-21,388.592300,67.229500,48.086500,99.219400,117.737900,102.766400,107.886300,65.794600,86.177400,80.791100,15.105600,168.130000,21.138700,77.302800
2021-04-22,385.043200,67.006900,47.917400,99.297300,118.251700,102.888300,107.993000,65.674000,86.309300,80.353000,15.227400,167.040000,21.199100,77.311200
2021-04-23,389.218000,67.691800,48.611500,99.167400,117.973700,102.937000,108.083300,65.847300,86.456700,80.824100,15.349200,166.400000,21.078400,77.311200
2021-04-26,390.030600,67.743100,48.673800,99.063500,117.805300,102.993900,108.034100,65.817200,86.061000,81.063900,15.453600,166.840000,21.078400,77.302800
2021-04-27,389.946500,67.520600,48.647100,98.673800,116.777600,102.985800,107.549800,65.726800,85.595500,81.055600,15.584200,166.420000,21.087000,77.311200
2021-04-28,389.834400,67.691800,49.011900,98.803700,116.853500,103.310900,107.566200,65.854900,85.882500,80.882000,15.610300,166.910000,21.009400,77.302800
2021-04-29,392.318800,67.717500,48.896300,98.630500,116.508100,103.262100,107.434800,65.930200,85.983400,81.576300,15.714700,166.220000,21.018000,77.302800
2021-04-30,389.741000,66.869900,48.033100,98.717100,116.777600,103.197100,107.656500,65.900100,86.231700,81.898700,15.584200,165.660000,21.190400,77.311200
2021-05-03,390.581600,67.606200,48.033100,98.885600,116.847700,103.454300,107.915700,65.925800,86.113100,81.741700,15.758200,167.810000,21.095600,77.311200
2021-05-04,388.172000,66.604500,47.490300,99.015600,117.640600,103.690900,107.981500,65.888000,86.190900,81.212600,16.001800,166.580000,21.190400,77.302800
2021-05-05,388.293400,67.512000,47.712800,99.136900,117.834600,104.156000,108.113100,66.016500,86.307700,79.865300,16.062700,167.270000,21.181800,77.311200
2021-05-06,391.394100,68.068500,48.166600,99.180300,118.028600,104.033600,108.318700,65.993800,86.471100,80.311700,16.141100,170.060000,21.078400,77.311200
2021-05-07,394.242700,68.838900,48.664900,99.214900,117.446600,104.253900,108.359800,66.039200,86.860300,81.369700,16.297700,171.590000,20.923200,77.302800
2021-05-10,390.338800,68.470800,47.792900,99.015600,116.257200,104.302900,107.775900,65.888000,86.665700,81.344900,16.184600,172.110000,20.923200,77.302800
2021-05-11,386.855100,67.571900,47.659400,98.851000,115.599200,104.025400,107.381100,65.819900,86.463300,80.319900,16.358600,172.140000,20.905900,77.302800
2021-05-12,378.636300,66.493200,46.342400,98.374400,114.384500,103.845900,106.797100,65.502300,85.677200,78.286500,16.341200,170.430000,21.061100,77.294300
2021-05-13,383.184600,66.989800,46.280100,98.703700,114.561700,103.870400,107.200100,65.736700,86.120900,79.303200,15.888700,171.130000,21.026600,77.294300
2021-05-14,389.068600,68.111300,47.116600,98.920300,115.633000,104.237600,107.784100,65.948400,86.572300,80.245500,16.019200,172.690000,20.940400,77.294300
2021-05-17,388.078600,67.982800,47.072100,98.825000,115.388300,104.441600,107.660700,65.827500,86.525600,80.328200,16.219400,174.700000,20.914600,77.302800
2021-05-18,384.735000,68.128400,47.703900,98.825000,115.093100,104.286500,107.307100,65.668700,86.517800,80.344700,16.141100,175.040000,20.819700,77.302800
2021-05-19,383.726300,67.529100,47.561500,98.530300,114.814700,103.576700,107.117900,65.494700,86.113100,80.088500,15.810400,175.160000,20.914600,77.294300
2021-05-20,387.854400,68.419500,47.837400,98.937600,115.759500,103.699100,107.849900,65.774500,86.712400,80.989500,15.645100,175.960000,20.811100,77.294300
2021-05-21,387.536900,68.513600,47.285700,98.972300,116.130700,103.886700,107.923900,65.872800,86.541200,80.906800,15.793000,176.040000,20.880100,77.302800
2021-05-24,391.487500,68.933100,47.677200,99.067600,116.560900,104.139700,108.220000,65.948400,86.634600,81.915200,16.010500,176.350000,20.828400,77.294300
2021-05-25,390.619000,68.950200,48.148800,99.431600,117.640600,104.433400,108.623000,65.956000,87.054900,81.890400,15.958300,177.950000,20.802500,77.294300
2021-05-26,391.394100,68.907400,48.504700,99.318900,117.438100,104.196800,108.565400,65.978700,87.047100,82.254100,15.984400,177.640000,20.880100,77.294300
2021-05-27,391.599600,69.035900,48.513600,99.145600,116.965800,104.188600,108.236400,65.948400,86.883600,82.064000,16.236800,177.710000,20.862800,77.302800
2021-05-28,392.300100,69.198500,48.825100,99.136900,116.780200,104.253900,108.326900,65.925800,87.062600,82.560000,16.184600,178.380000,20.880100,77.302800
2021-06-01,391.954500,69.446800,49.830600,99.118500,116.754300,104.559400,108.341000,66.123800,87.178500,84.047900,16.471700,177.900000,20.845600,77.294300
2021-06-02,392.570900,69.677900,49.910700,99.231200,117.024600,104.428100,108.514100,66.207300,87.311300,85.031500,16.558700,178.770000,20.845600,77.294300
2021-06-03,391.114000,69.335500,49.376800,98.979700,116.585300,104.075400,108.085600,66.070700,86.881800,84.717400,16.419500,175.270000,20.974900,77.294300
2021-06-04,394.691000,69.926200,49.821700,99.526000,118.181900,104.575800,108.852000,66.214900,87.459600,84.758700,16.602200,177.160000,20.897300,77.302800
2021-06-07,394.308100,70.157300,49.572500,99.448000,117.818700,104.346100,108.761300,66.237600,87.264400,85.758900,16.628300,177.870000,20.862800,77.285900
2021-06-08,394.392200,70.123100,49.332300,99.734200,118.646500,104.452700,109.173300,66.283200,87.608000,86.469800,16.793700,177.320000,20.888700,77.285900
2021-06-09,393.803800,69.934800,49.189900,100.046300,119.694000,104.460900,109.568900,66.336300,87.920300,86.585500,16.715300,176.980000,20.905900,77.285900
2021-06-10,395.634300,70.127400,49.584000,100.401900,120.412100,105.002300,110.063300,66.457700,88.053100,87.205400,16.776300,177.740000,20.888700,77.285900
2021-06-11,396.288100,70.292300,49.414200,100.254500,120.217800,104.731600,110.154000,66.480400,88.154600,86.858300,16.724100,175.740000,20.992200,77.294300
2021-06-14,397.175400,70.413800,49.548300,99.942300,119.297000,104.674200,109.750200,66.419700,87.623600,87.197200,16.628300,174.710000,20.974900,77.285900
2021-06-15,396.446900,70.500600,49.208700,99.959600,119.153400,104.846500,109.832600,66.412100,87.818800,86.263100,16.558700,174.050000,20.992200,77.285900
2021-06-16,394.233400,70.066700,48.538400,99.274600,119.052000,103.894900,109.519500,66.321100,87.069200,85.701000,16.463000,171.110000,21.164600,77.294300
2021-06-17,394.102600,69.580700,48.806500,99.630100,120.834500,104.288700,110.129300,66.366600,87.412800,85.593600,16.036600,165.850000,21.328400,77.285900
2021-06-18,388.785900,68.140100,48.466900,100.193800,123.106900,104.329700,110.706100,66.336300,87.662700,84.138800,16.202000,164.930000,21.397300,77.294300
2021-06-21,394.351800,69.034000,48.672400,99.872900,121.045700,104.149200,110.063300,66.465200,87.608000,85.874600,16.402100,166.950000,21.293900,77.285900
2021-06-22,396.460000,69.042700,48.449000,100.055000,121.341300,104.723400,110.244600,66.510800,87.569000,85.428300,16.428200,166.250000,21.259400,77.285900
2021-06-23,395.982200,68.600100,48.743900,99.855600,121.028800,104.748000,110.071600,66.442500,87.670500,85.279500,16.532600,166.140000,21.293900,77.285900
2021-06-24,398.324700,69.259600,49.190800,99.838200,121.223100,104.551200,110.285800,66.647300,87.701700,85.095600,16.593500,166.040000,21.276600,77.294300
2021-06-25,399.739600,69.407100,49.601900,99.630100,119.964400,104.657800,109.997400,66.715600,87.553300,85.670000,16.523900,166.590000,21.285300,77.294300
2021-06-28,400.545400,68.964500,49.646600,99.942300,121.197700,104.813700,110.467100,66.708000,87.717300,85.420200,16.515200,166.580000,21.293900,77.285900
2021-06-29,400.760900,68.981900,49.610800,99.994300,121.400500,104.871100,110.599000,66.791500,87.693900,85.187200,16.593500,164.830000,21.345600,77.285900
2021-06-30,401.098300,68.452500,49.289100,100.150400,121.941100,105.010500,110.722600,66.799100,87.811000,84.737600,16.750200,165.630000,21.406000,77.285900
2021-07-01,403.319000,68.617400,49.012000,100.078200,121.947900,105.112500,110.626000,66.929700,87.721300,85.103900,16.811100,166.200000,21.466300,77.294300
2021-07-02,406.401800,68.851700,48.958400,100.442600,122.683800,105.558400,110.939700,67.036200,87.823100,85.362000,16.967700,167.290000,21.380100,77.285900
2021-07-06,405.661500,68.400500,48.100400,100.971900,124.121700,105.830900,111.344300,66.998200,87.925000,85.986300,16.506500,168.120000,21.457700,77.277400
2021-07-07,407.095200,68.773600,48.046800,101.267000,125.221300,105.756600,111.724100,67.021000,88.050300,86.286000,16.306400,168.760000,21.492200,77.277400
2021-07-08,403.778100,67.888500,47.045800,101.527300,125.711900,105.616200,111.781900,66.876400,87.870100,86.044600,16.445600,168.650000,21.406000,77.285900
2021-07-09,408.088400,69.042700,47.859100,101.015300,123.944100,105.632700,111.311300,66.990600,87.846600,87.459800,16.637000,169.210000,21.354200,77.285900
2021-07-12,409.550100,69.337700,47.903800,100.963300,123.783400,105.913400,111.253500,66.967700,87.901500,88.209000,16.663100,169.000000,21.380100,77.285900
2021-07-13,408.154000,68.973200,47.948500,100.650900,122.836000,105.913400,110.840600,66.769800,87.588100,86.977000,16.802400,169.220000,21.509400,77.285900
2021-07-14,408.763000,69.129400,48.154100,101.084700,124.231700,106.194200,111.352500,66.876400,87.964100,87.584700,16.637000,171.040000,21.406000,77.277400
2021-07-15,407.366900,68.469900,48.270300,101.509900,125.602000,106.516200,111.592000,66.830700,88.238300,87.726200,16.550000,171.070000,21.466300,77.285900
2021-07-16,404.171700,67.966600,47.894900,101.492600,125.365100,106.516200,111.435100,66.739300,88.120800,87.667900,16.550000,169.410000,21.492200,77.285900
2021-07-19,398.202900,66.734300,47.090500,102.360300,128.114200,106.557500,112.236000,66.290200,88.136400,86.069600,15.888700,169.610000,21.526700,77.277400
2021-07-20,403.909300,67.220300,47.242500,102.230200,126.879200,106.541000,112.079100,66.625200,88.379300,88.100800,16.123700,169.390000,21.552500,77.277400
2021-07-21,407.179500,68.244300,47.546300,101.640100,125.272100,106.268500,111.682800,66.785000,88.042500,88.092500,16.445600,168.760000,21.500800,77.277400
2021-07-22,408.032200,68.270300,47.635700,101.874400,126.456300,106.565700,112.145100,66.823100,88.238300,87.393200,16.576100,169.090000,21.526700,77.285900
2021-07-23,412.230000,68.747600,46.929700,101.718200,125.610400,107.044700,112.095600,66.952500,88.246100,88.117500,16.663100,168.560000,21.535300,77.277400
2021-07-26,413.242000,68.843100,46.035900,101.648800,125.238300,107.507100,111.847900,66.853500,88.003300,88.159100,16.785000,168.160000,21.466300,77.285900
2021-07-27,411.358600,68.565400,45.106500,102.082700,126.574700,107.482300,112.326800,66.762200,87.768300,88.658600,16.689200,168.440000,21.431800,77.277400
2021-07-28,411.189900,68.860400,46.330900,102.169400,126.583200,107.845600,112.524900,66.815500,87.987600,88.350600,16.767600,169.290000,21.371500,77.277400
2021-07-29,412.895300,69.337700,46.563200,101.857100,125.881100,107.655700,112.202900,66.960100,88.066000,88.367200,17.063400,171.170000,21.293900,77.285900
2021-07-30,410.890100,68.981900,46.116400,102.143400,126.473200,107.820800,112.293700,66.868800,88.300900,88.483800,16.967700,169.820000,21.354200,77.277400
2021-08-02,410.028000,69.329000,46.447000,102.591600,127.601300,107.859800,112.618900,66.702900,88.419000,88.292300,16.785000,169.610000,21.328400,77.277400
2021-08-03,413.363800,69.823700,46.643700,102.617600,127.669000,107.959500,112.734700,66.779300,88.458300,88.400500,16.706600,169.490000,21.337000,77.277400
2021-08-04,411.330500,69.615400,46.885000,102.591600,127.931600,107.751800,112.759500,66.657100,88.497600,88.125800,16.436900,169.530000,21.371500,77.277400
2021-08-05,413.935400,69.953800,46.813500,102.218200,127.279500,107.369700,112.296300,66.809900,88.442600,89.158100,16.680500,168.860000,21.371500,77.277400
2021-08-06,414.619400,69.693500,46.420200,101.619100,125.153800,107.128900,111.378300,66.733500,87.971200,88.999900,16.541300,164.640000,21.492200,77.285900
2021-08-09,414.282100,69.658800,46.572200,101.402000,124.704900,106.937800,110.898500,66.580700,87.680400,88.525400,16.306400,161.720000,21.535300,77.285900
2021-08-10,414.797400,69.815000,46.634700,101.210900,124.129000,107.037500,110.650400,66.428000,87.664700,87.684600,16.602200,161.770000,21.552500,77.277400
2021-08-11,415.828100,70.292300,46.759900,101.323800,124.052800,107.211900,110.824100,66.534900,87.719700,88.200700,16.750200,164.000000,21.509400,77.277400
2021-08-12,417.074400,70.231500,46.348700,101.219600,123.849600,107.128900,110.981200,66.649500,87.837600,88.392200,16.689200,164.040000,21.535300,77.277400
2021-08-13,417.833300,70.656800,46.232600,101.801400,125.805900,107.403000,111.725600,66.794600,88.254000,88.875000,16.593500,166.390000,21.431800,77.285900
2021-08-16,418.817200,70.292300,45.812500,102.027200,126.110800,107.511000,111.791800,66.817500,88.269700,88.766800,16.550000,167.220000,21.449100,77.269000
2021-08-17,416.071700,69.632800,44.972400,101.975100,126.059900,107.220200,111.593300,66.664800,88.191200,88.675200,16.367300,166.970000,21.578400,77.269000
2021-08-18,411.517900,69.363700,45.043900,101.923000,126.483400,107.236800,111.518900,66.512000,88.120500,87.867700,16.175900,167.100000,21.578400,77.269000
2021-08-19,412.155000,68.678200,44.275300,102.148700,127.415000,107.278400,111.775300,66.504400,88.206900,88.292300,15.949600,166.610000,21.681800,77.285900
2021-08-20,415.434600,68.947200,44.239500,102.053200,127.499700,106.946100,111.849700,66.664800,88.081200,88.733500,15.575500,166.700000,21.656000,77.285900
2021-08-23,419.088900,69.589400,44.909800,102.079300,127.415000,107.195300,111.932400,66.871000,88.411200,88.567000,16.141100,168.730000,21.526700,77.269000
2021-08-24,419.754200,69.736900,45.928700,101.801400,126.424100,107.195300,111.676000,66.962600,88.466200,88.175700,16.480400,168.650000,21.509400,77.269000
2021-08-25,420.635000,69.762900,45.982300,101.402000,125.374000,107.153800,111.386500,67.031300,88.403300,88.117500,16.628300,167.480000,21.492200,77.269000
2021-08-26,418.151900,69.398500,45.544400,101.402000,125.721200,107.170400,111.353400,66.993200,88.261900,88.150800,16.497800,167.670000,21.552500,77.277400
2021-08-27,421.890600,70.032000,46.107400,101.731900,126.576500,107.976100,111.973800,67.176400,88.827600,89.074800,16.706600,170.190000,21.457700,77.277400
2021-08-30,423.745900,70.014600,46.205700,101.931600,126.906800,107.959500,112.164000,67.260500,89.063300,89.965600,16.767600,169.350000,21.457700,77.277400
2021-08-31,423.118100,69.979900,46.840300,101.740600,126.043000,107.643900,111.907600,67.275700,89.094800,90.390100,16.689200,169.690000,21.457700,77.269000
2021-09-01,423.343000,70.613400,47.439100,101.784400,126.254100,107.690900,112.051800,67.333200,89.250500,91.838600,16.610900,169.700000,21.414600,77.269000
2021-09-02,424.645400,70.899800,47.224600,101.906100,126.805300,107.732700,112.250700,67.417500,89.494800,92.321500,16.802400,169.250000,21.362900,77.285900
2021-09-03,424.542400,71.220800,47.474800,101.662800,125.652100,107.582100,111.844700,67.425200,89.203200,92.338100,16.819800,171.060000,21.319800,77.269000
2021-09-07,423.024400,71.272900,47.751900,101.263100,124.592100,107.314500,111.314400,67.249000,88.958900,91.297500,16.628300,167.710000,21.423200,77.269000
2021-09-08,422.509000,70.708800,47.054800,101.541100,125.440100,107.749400,111.670700,67.325600,89.116500,91.755400,16.750200,167.290000,21.457700,77.269000
2021-09-09,420.700600,70.587300,46.965400,101.827900,126.958000,108.318200,112.399800,67.386900,89.266200,89.890600,16.628300,168.030000,21.406000,77.269000
2021-09-10,417.383600,70.431100,46.911800,101.506400,125.838600,108.017100,112.076700,67.287300,88.982500,88.575300,16.845900,167.180000,21.440400,77.277400
2021-09-13,418.451800,70.986500,47.036900,101.628000,126.601800,108.017100,112.350100,67.455800,89.100700,89.174700,16.976400,167.740000,21.440400,77.277400
2021-09-14,416.193600,70.691500,46.643700,102.010300,128.136600,108.075600,112.689800,67.425200,89.274100,89.016500,16.967700,168.820000,21.440400,77.269000
2021-09-15,419.669900,70.899800,46.634700,101.836600,127.687200,108.134200,112.557200,67.524800,89.258400,89.299600,17.246100,167.830000,21.397300,77.269000
2021-09-16,419.004600,70.786900,46.107400,101.515100,127.102100,107.958500,112.399800,67.501800,88.958900,89.374500,17.124300,164.030000,21.492200,77.277400
2021-09-17,414.923200,69.858400,45.910800,101.219600,126.491600,107.649000,112.151300,67.417500,88.667200,88.575300,16.985100,163.770000,21.569800,77.269000
2021-09-20,408.004600,68.565400,44.677500,101.732300,128.060300,107.749400,112.499200,67.180000,88.257400,88.034200,16.785000,164.940000,21.578400,77.277400
2021-09-21,407.619200,69.242200,45.008100,101.671500,127.950100,107.674100,112.491000,67.294900,88.422900,88.075800,16.802400,166.040000,21.561100,77.269000
2021-09-22,411.595500,69.589400,45.571200,101.767000,128.713300,107.565400,112.805800,67.417500,88.478100,88.933300,16.993800,165.420000,21.621500,77.269000
2021-09-23,416.596400,70.344400,45.928700,100.846000,125.804700,107.180600,112.027000,67.448200,87.800300,88.758500,17.254800,163.510000,21.535300,77.277400
2021-09-24,417.282600,69.684800,45.383500,100.541900,124.575200,106.913000,111.786700,67.348600,87.437700,87.809400,17.333100,163.300000,21.595600,77.269000
2021-09-27,416.088800,69.641400,45.678400,100.272500,124.117300,106.963200,111.728700,67.287300,87.177600,86.628400,17.568100,163.640000,21.621500,77.269000
2021-09-28,407.703800,68.122800,45.088600,99.890200,122.183900,106.729000,110.535600,66.980800,86.681100,86.042000,17.428900,162.050000,21.699100,77.269000
2021-09-29,408.390100,67.966600,44.668500,99.994500,122.395900,106.787500,110.510700,67.103400,86.759900,86.687000,17.446300,161.320000,21.854300,77.277400
2021-09-30,403.398600,67.697600,45.026000,100.116100,122.378900,106.804300,110.220800,67.026800,86.744100,85.254600,17.559400,164.220000,21.819800,77.277400
2021-10-01,408.192600,67.862400,44.981300,100.525000,123.408800,107.267600,111.022200,67.187800,86.724500,86.460800,17.794300,164.590000,21.776700,77.277400
2021-10-04,402.928600,67.150800,44.320000,100.403200,123.094700,107.259200,110.839600,66.949500,86.305400,86.477600,18.081500,165.360000,21.707700,77.260500
2021-10-05,407.121000,67.610800,44.632800,100.090200,121.906000,107.368300,110.383000,66.918800,86.360800,85.882900,18.307700,164.590000,21.750800,77.269000
2021-10-06,408.813100,67.159500,44.382500,100.116300,122.593700,107.309500,110.416200,66.880300,86.178900,86.703700,18.003200,165.030000,21.811200,77.269000
2021-10-07,412.347500,67.680200,45.249500,99.716300,121.311700,107.217200,109.926400,66.888000,86.273800,86.938300,18.229400,164.160000,21.802500,77.269000
2021-10-08,411.595500,67.671500,45.419300,99.498900,120.462600,107.242400,109.420000,66.688200,86.060300,86.117400,18.290300,164.230000,21.785300,77.269000
2021-10-11,408.615700,67.454600,45.329900,99.255500,120.157000,107.175300,109.212500,66.480600,85.823200,86.335200,18.412100,163.920000,21.845600,77.269000
2021-10-12,407.609800,67.489300,45.097500,99.707600,122.211700,107.376700,109.909800,66.603600,86.099900,87.466000,18.412100,164.660000,21.871500,77.269000
2021-10-13,409.076300,68.157500,45.723100,99.898900,123.400300,107.863500,110.466000,66.780400,86.645400,88.102600,18.516500,167.590000,21.750800,77.269000
2021-10-14,415.957200,68.834400,45.866100,100.133700,123.858800,108.073300,110.989000,67.157100,87.017000,89.174800,18.708000,168.000000,21.750800,77.260500
2021-10-15,419.125000,69.407100,46.420200,99.638000,123.137100,107.897000,110.590500,67.041800,86.914200,89.107800,18.864600,165.330000,21.724900,77.269000
2021-10-18,420.365900,69.112100,46.304000,99.498900,123.714500,107.670400,110.499200,67.011000,86.629600,89.333900,18.751500,164.920000,21.733600,77.260500
2021-10-19,423.608900,69.528600,46.920700,99.142400,122.007900,107.410200,109.893200,67.057100,86.566400,89.375800,18.795000,165.450000,21.681800,77.260500
2021-10-20,425.272700,69.771600,46.911800,99.098900,121.184300,107.603300,109.627600,67.080200,86.613800,90.783000,19.003800,166.900000,21.647400,77.260500
2021-10-21,426.382000,69.441800,46.607900,98.838100,121.040000,107.846700,109.395100,66.911100,86.242200,90.908700,18.716700,166.750000,21.699100,77.260500
2021-10-22,425.940200,69.858400,46.509600,99.090200,122.373000,108.064900,109.835100,66.749700,86.582200,91.335900,18.803700,167.770000,21.656000,77.260500
2021-10-25,428.224400,69.719500,46.750900,99.212000,122.186200,108.325100,109.884900,66.865000,86.645400,91.629000,18.899400,168.930000,21.690500,77.269000
2021-10-26,428.609800,69.858400,46.509600,99.333700,123.196600,108.702700,110.358100,66.880300,86.827300,91.880300,18.925500,167.680000,21.733600,77.252100
2021-10-27,426.711000,69.580700,46.134200,99.890200,125.438000,109.214700,111.030500,66.826500,87.341200,91.101300,18.577400,168.120000,21.724900,77.252100
2021-10-28,430.828200,70.257600,46.178900,99.629300,125.013500,108.266300,110.864500,66.995600,87.175100,92.374500,18.673200,168.080000,21.595600,77.269000
2021-10-29,431.702500,69.849700,45.508600,99.672800,125.395600,107.989300,110.806400,66.818800,86.882600,91.335900,18.577400,166.650000,21.768000,77.269000
2021-11-01,432.445100,70.526600,45.866100,99.665400,124.492800,107.562400,110.608700,66.747200,86.642900,91.788200,18.716700,167.520000,21.699100,77.269000
2021-11-02,434.193500,70.379100,45.455000,99.909000,125.045300,107.990800,111.032900,66.909100,86.754000,92.223800,18.768900,167.160000,21.750800,77.252100
2021-11-03,436.844300,70.951800,45.669500,99.595800,123.753100,107.839600,110.750100,67.040200,86.619100,92.533700,18.290300,165.770000,21.699100,77.252100
2021-11-04,438.903000,70.908400,45.562300,100.135200,125.053800,108.553700,111.332300,67.217600,87.245800,91.654200,18.177200,167.650000,21.811200,77.260500
2021-11-05,440.425800,71.012600,45.508600,100.683400,126.924100,108.931700,112.147500,67.472100,87.904100,92.123300,18.429500,169.840000,21.793900,77.260500
2021-11-08,440.801800,71.003900,45.928700,100.248400,126.686100,109.292900,111.889600,67.387200,87.824800,92.047900,18.542600,170.450000,21.750800,77.269000
2021-11-09,439.344800,70.847700,45.749900,100.709500,128.335300,109.931400,112.189000,67.441200,87.983500,92.207000,18.690600,171.290000,21.724900,77.252100
2021-11-10,435.810300,69.988600,45.562300,99.848100,125.989000,109.595400,111.041200,67.063400,86.698500,91.779800,18.455600,173.150000,21.957700,77.252100
2021-11-11,435.951300,70.240200,46.348700,99.526200,125.801900,109.578600,110.725100,66.947700,86.698500,91.930600,18.586100,174.120000,22.009400,77.260500
2021-11-12,439.241400,70.622100,46.473900,99.735000,125.249400,109.561800,110.608700,66.970800,86.920600,91.863600,18.560000,174.450000,21.983600,77.260500
2021-11-15,439.391800,70.491900,46.321900,99.343400,123.676600,109.578600,109.768600,66.893700,86.690500,92.508600,18.568700,174.180000,22.104300,77.260500
2021-11-16,441.130800,70.335700,46.384500,99.256400,123.362100,109.419000,109.585600,66.924600,86.492200,91.897100,18.542600,172.920000,22.190500,77.252100
2021-11-17,440.059200,70.248900,46.143200,99.613200,124.339700,109.637400,110.026400,66.855200,86.587400,92.181900,18.377300,174.500000,22.147400,77.252100
2021-11-18,441.553800,70.318300,45.580100,99.674100,124.807300,109.704600,110.276000,66.801200,86.809500,92.198600,18.438200,173.940000,22.087000,77.260500
2021-11-19,440.764200,69.719500,45.508600,99.943800,126.125000,109.503000,110.691900,66.747200,86.785700,91.654200,18.142400,172.610000,22.199100,77.260500
2021-11-22,439.523400,69.311700,45.142200,99.212900,124.645800,108.620900,109.727000,66.492700,85.889400,91.201900,18.272900,168.740000,22.311200,77.260500
2021-11-23,440.106200,69.242200,45.097500,98.803900,122.843500,108.200900,108.945100,66.400200,85.350000,91.939000,18.603500,167.280000,22.302500,77.252100
2021-11-24,441.281200,68.782300,45.035000,99.108500,124.815800,108.536900,109.469200,66.384800,85.484800,93.053000,18.533900,167.120000,22.388800,77.260500
2021-11-26,431.439200,66.933900,43.524600,100.387600,127.969800,109.074500,110.359200,65.906700,84.533000,90.464700,17.428900,166.850000,22.216300,77.252100
2021-11-29,436.731500,67.272300,43.694400,100.161400,126.941100,108.822500,110.434000,66.315400,85.262700,91.134800,17.428900,166.620000,22.259400,77.260500
2021-11-30,428.233800,66.682200,43.649700,100.761700,128.870900,108.923300,110.675200,66.037800,85.246900,89.409300,16.950300,165.500000,22.156000,77.252100
2021-12-01,423.477300,66.300400,43.810500,100.951300,129.665900,108.583400,110.691000,66.046700,85.841400,87.935100,16.802400,166.160000,22.216300,77.260500
2021-12-02,429.963400,67.124800,44.346800,100.733600,129.827600,108.903100,110.949300,66.534100,86.350700,90.573600,16.950300,165.240000,22.225000,77.260500
2021-12-03,426.222200,66.847100,43.721200,101.325800,131.376700,109.130200,111.874300,66.534100,86.462100,90.272100,16.967700,166.630000,22.216300,77.252100
2021-12-06,431.270000,67.489300,44.060800,100.820700,129.572300,108.633900,111.307600,66.828100,86.541700,91.855200,17.263500,166.220000,22.250800,77.252100
2021-12-07,440.190800,68.912500,44.757900,100.437600,128.525300,108.810500,111.357600,67.184000,87.003300,93.178700,17.524600,166.810000,22.259400,77.252100
2021-12-08,441.356400,69.042700,44.936600,100.115400,126.303800,108.625500,110.616000,67.168500,86.876000,93.848800,17.759500,166.900000,22.156000,77.260500
2021-12-09,438.376600,68.469900,44.722200,100.367900,127.010300,108.179600,110.524400,66.866800,86.820300,92.491800,17.489800,165.880000,22.233600,77.252100
2021-12-10,442.503200,68.617400,44.757900,100.437600,126.703900,108.171200,110.649400,67.021500,86.836200,92.776600,17.689900,166.580000,22.199100,77.260500
2021-12-13,438.583400,67.974700,44.048100,100.916500,128.576400,108.280500,111.149300,67.021500,87.194300,93.647800,17.602900,167.000000,22.268100,77.260500
2021-12-14,435.565900,67.612700,43.948400,100.742300,128.270000,107.935600,110.649400,66.905500,86.971500,92.449900,17.446300,165.440000,22.311200,77.260500
2021-12-15,442.371600,68.530900,43.821500,100.594300,127.035800,108.028200,110.791000,67.160800,86.692900,93.748300,17.533300,166.150000,22.276700,77.260500
2021-12-16,438.470600,68.539700,43.875900,100.887000,127.085200,108.253500,110.788000,67.111300,86.778800,93.714800,17.637700,168.160000,22.181900,77.252100
2021-12-17,433.807200,67.674500,43.658300,101.113700,128.525300,108.262000,111.046800,67.049100,86.627100,93.597500,17.428900,167.800000,22.337000,77.260500
2021-12-20,429.194300,67.524400,43.005600,101.026500,127.562400,108.202700,110.562600,66.932700,86.163900,92.868700,17.307000,167.090000,22.311200,77.252100
2021-12-21,436.816400,68.274900,43.730800,100.625600,127.076700,108.439700,110.779700,67.289800,86.419500,93.915800,17.672500,167.020000,22.285300,77.243600
2021-12-22,441.184000,68.910500,43.939300,100.721400,127.664700,108.786800,110.955000,67.468300,86.515300,94.879100,17.881300,168.590000,22.199100,77.243600
2021-12-23,443.929100,69.316700,44.165900,100.512300,126.556900,108.541300,110.788000,67.662400,86.643100,94.778600,17.977000,168.970000,22.181900,77.243600
2021-12-27,450.211600,69.855300,44.365400,100.547100,126.863700,108.905300,111.113600,67.732300,86.962500,96.387600,18.203300,169.370000,22.190500,77.252100
2021-12-28,449.843700,69.881700,44.220300,100.529700,126.360900,108.837600,110.971700,67.701200,86.882600,96.742800,18.168500,168.640000,22.216300,77.243600
2021-12-29,450.419100,69.855300,44.020900,100.015400,124.980500,108.930700,110.362200,67.592600,86.794800,97.393800,18.255500,168.590000,22.156000,77.243600
2021-12-30,449.173900,69.672100,44.525200,100.346600,126.028600,109.497800,110.804700,67.561500,87.198100,97.816500,18.168500,169.800000,22.190500,77.252100
2021-12-31,448.042000,69.610200,44.307500,100.233300,126.275700,109.362400,110.637700,67.546000,87.090300,98.087100,18.081500,170.960000,22.095600,77.252100
2022-01-03,450.636100,70.061400,44.625000,99.300700,122.961000,108.736000,109.460600,67.514900,86.227800,97.317700,18.151100,168.330000,22.233600,77.243600
2022-01-04,450.485200,70.459500,44.470800,99.248400,122.449700,108.321200,109.552400,67.344100,86.179900,97.199300,18.368600,169.570000,22.250800,77.252100
2022-01-05,441.834900,69.840200,43.745200,98.830100,121.785000,107.440900,108.909600,66.824000,85.357400,94.417600,18.290300,169.060000,22.225000,77.252100
2022-01-06,441.419800,69.486300,43.944700,98.586000,122.100300,106.975400,108.767600,66.831800,85.277500,94.502200,18.446900,166.990000,22.242200,77.252100
2022-01-07,439.674700,69.689800,44.343800,98.263500,121.222600,106.848400,108.300100,66.661000,85.109800,93.876500,18.481700,167.750000,22.121500,77.252100
2022-01-10,439.127500,69.044000,44.343800,98.237400,121.520900,106.983800,108.199900,66.715300,84.822400,93.335400,18.403400,168.260000,22.173200,77.243600
2022-01-11,443.127200,69.796000,45.368700,98.472700,122.330400,107.728700,108.525500,67.025900,84.998000,93.479100,18.760200,170.290000,22.078400,77.235200
2022-01-12,444.325300,70.477200,46.121500,98.490200,121.861700,107.034600,108.450400,67.134500,84.822400,93.589000,18.908100,170.740000,21.931800,77.243600
2022-01-13,438.203100,69.964100,45.468500,98.803900,122.943900,107.060000,108.792700,66.893900,84.534900,93.403000,18.708000,170.160000,21.923200,77.252100
2022-01-14,438.382300,69.893300,45.450300,98.124100,121.086300,106.577500,107.832600,66.831800,83.792200,92.557500,18.951600,169.670000,21.983600,77.252100
2022-01-18,430.618700,68.867000,44.643100,97.383200,119.382100,106.069700,106.805700,66.505700,83.017600,91.585200,19.099500,169.390000,22.121500,77.235200
2022-01-19,426.147400,68.805100,44.833600,97.618600,120.208600,105.849600,106.972600,66.443600,83.576600,90.350700,19.203900,172.080000,22.069800,77.252100
2022-01-20,421.430700,68.468900,45.096600,97.827700,120.950000,105.976600,106.914200,66.319400,83.872100,89.192400,19.134300,171.650000,22.138800,77.252100
2022-01-21,413.157800,67.539900,44.443600,98.394300,122.390000,106.636800,107.615500,66.327200,84.319300,88.972600,19.151700,171.090000,22.078400,77.243600
2022-01-24,414.912400,66.867500,43.817700,98.307100,121.384500,106.882300,107.281500,66.257300,83.752300,89.141700,19.108200,172.030000,22.147400,77.252100
2022-01-25,409.846700,66.460600,43.736100,98.176400,121.188600,106.696000,106.981000,66.063200,83.880100,88.786500,19.282300,172.580000,22.156000,77.235200
2022-01-26,408.818500,66.204000,43.182800,97.479100,119.722900,106.018900,106.254600,65.838100,83.440900,87.399900,19.325800,169.790000,22.276700,77.243600
2022-01-27,406.799800,65.894300,42.684000,97.888800,121.921400,106.450600,106.496800,65.550900,83.912000,85.954100,19.421500,167.600000,22.466300,77.252100
2022-01-28,416.902800,66.115500,42.892600,98.115400,121.964000,106.823000,106.613600,65.737200,84.175500,88.735800,19.438900,167.100000,22.457700,77.235200
2022-01-31,424.411700,67.079900,44.298400,98.115400,121.333400,107.110800,106.663700,65.752700,84.151600,89.826500,19.508500,168.090000,22.302500,77.252100
2022-02-01,427.279400,67.716900,44.570500,97.982900,120.930700,106.413200,106.841000,66.014000,84.370200,89.505200,19.586800,168.230000,22.242200,77.243600
2022-02-02,431.430000,68.221200,44.498000,98.183500,121.340200,106.532200,106.849400,66.115300,84.754900,90.646700,19.665100,168.840000,22.156000,77.252100
2022-02-03,421.289200,67.141800,44.026300,97.764800,120.393100,105.861100,105.987800,65.523200,84.025600,89.682800,19.708600,168.600000,22.043900,77.252100
2022-02-04,423.270200,67.301100,44.135200,97.014500,118.618200,105.249600,104.933900,65.266100,83.624900,88.795000,19.865200,168.860000,22.026700,77.235200
2022-02-07,421.911800,67.416100,44.044500,97.040600,118.695000,105.207100,105.126300,65.219300,83.528800,88.668200,19.908800,170.110000,22.035300,77.235200
2022-02-08,425.383300,67.761100,44.470800,96.726600,117.901400,105.071200,104.733100,65.149200,83.312400,88.253900,19.734700,170.630000,22.069800,77.243600
2022-02-09,431.609200,68.858200,45.169200,96.857400,118.123300,105.275000,105.084500,65.492000,83.608900,90.249300,19.934900,171.210000,22.043900,77.235200
2022-02-10,423.855100,67.982300,44.869900,95.967600,116.246000,104.434100,103.654100,64.627200,82.511000,88.118600,19.830400,170.560000,22.078400,77.235200
2022-02-11,415.497200,66.956000,44.189600,96.962100,117.969700,105.368500,104.423700,64.401300,82.030200,87.315400,20.126300,173.810000,22.173200,77.235200
2022-02-14,414.138800,66.522500,43.881200,96.290400,116.502000,105.088200,103.495200,64.292200,82.342700,86.520600,20.230700,174.740000,22.233600,77.226700
2022-02-15,420.817600,67.743400,44.833600,96.002400,115.179400,104.655000,102.976600,64.401300,82.655200,87.298500,19.900100,173.080000,22.147400,77.243600
2022-02-16,421.289200,68.000000,45.160100,96.203100,115.862000,104.858800,103.127100,64.759700,82.895700,87.704300,19.926200,174.860000,22.104300,77.243600
2022-02-17,412.289900,66.902900,44.634000,96.717800,116.723900,105.096700,103.202400,64.487000,82.511000,86.774200,20.091500,177.250000,22.112900,77.235200
2022-02-18,409.620300,66.619800,44.189600,97.031900,117.952600,105.444900,103.453400,64.580500,82.543000,86.250000,20.169800,177.120000,22.173200,77.243600
2022-02-22,405.224400,65.841300,43.563800,97.023200,118.259800,105.767700,103.319500,64.432400,81.501200,85.937200,20.456900,177.490000,22.181900,77.243600
2022-02-23,398.036300,65.301600,43.055800,96.517200,116.630000,105.844100,102.382700,64.315600,80.130900,84.516700,20.648400,178.290000,22.207700,77.235200
2022-02-24,404.026400,64.425700,42.167000,96.744000,116.706800,106.277300,102.867800,64.775200,79.321500,85.937200,20.735400,177.140000,22.388800,77.235200
2022-02-25,412.940800,66.035900,42.947000,96.717800,116.792100,106.183900,103.286100,65.141400,80.275100,88.008700,20.422100,176.550000,22.276700,77.235200
2022-02-28,411.884300,64.779600,42.384600,97.817100,119.352000,108.027100,104.390200,65.188200,79.497800,86.698100,20.770200,178.380000,22.311200,77.235200
2022-03-01,405.611200,63.364000,41.822300,98.769800,120.732000,108.800600,104.747000,65.006300,78.272300,86.241600,21.605500,181.620000,22.483600,77.253800
2022-03-02,413.072900,64.160300,41.894900,97.285300,116.605000,108.094400,103.154400,65.162700,78.103400,87.856500,22.310300,179.730000,22.466300,77.253800
2022-03-03,411.016400,62.895100,41.305300,97.704500,117.792700,107.966700,103.531600,64.967200,77.765600,88.575200,22.554000,180.800000,22.552600,77.262200
2022-03-04,407.677100,61.072600,40.470900,98.673700,119.826300,108.792100,103.632200,64.545000,76.092700,88.981000,23.502400,183.680000,22.725000,77.262200
2022-03-07,395.659100,59.135000,38.956100,98.254600,118.912000,109.379300,102.374900,63.981900,75.497600,87.222400,24.015800,186.410000,22.888800,77.262200
2022-03-08,392.659300,59.648200,39.083100,97.617100,117.715800,109.906900,101.763100,63.755200,76.157100,86.799600,24.424800,191.510000,22.845700,77.262200
2022-03-09,403.186800,62.143100,40.189700,97.014600,116.562300,108.817700,101.939100,64.286900,76.897000,88.135500,22.484400,185.820000,22.621500,77.262200
2022-03-10,401.366200,61.399900,39.436900,96.569300,114.887600,108.579400,100.774000,63.747300,77.009600,88.355300,22.214600,186.400000,22.733600,77.262200
2022-03-11,396.262800,60.736400,38.611500,96.543100,115.272100,109.345200,100.732100,63.286000,76.414500,87.653600,22.597500,185.090000,22.854300,77.253800
2022-03-14,393.366800,61.293800,37.677300,95.320600,112.580600,108.136900,99.273700,62.535300,76.253600,86.968700,21.936200,182.300000,22.845700,77.262200
2022-03-15,402.017100,61.877700,37.731700,95.276900,112.384100,107.328500,100.053200,63.004500,76.712000,87.552100,21.396700,178.890000,22.819800,77.245300
2022-03-16,410.931500,64.098300,40.770200,95.145900,113.486300,106.707300,100.908100,63.888100,78.280400,88.592100,21.214000,180.010000,22.656000,77.262200
2022-03-17,416.072700,64.638000,40.561600,94.962600,112.640400,108.162400,101.897200,64.326000,78.779000,89.961800,22.232000,180.890000,22.604300,77.262200
2022-03-18,420.629800,65.266200,41.142000,95.242000,114.016100,107.830600,102.098300,64.537100,78.457300,89.961800,22.336400,179.300000,22.630100,77.253800
2022-03-21,420.506800,64.859200,40.507100,94.002000,111.375900,106.877500,100.681800,63.794300,77.082000,89.412200,23.171800,180.670000,22.716400,77.253800
2022-03-22,425.427400,65.469700,41.241800,93.486800,109.949000,106.384000,100.438700,64.122700,76.945300,89.640500,23.119600,179.360000,22.707700,77.253800
2022-03-23,419.948500,64.620300,40.969700,94.115500,112.358500,107.720000,100.723700,63.919400,77.009600,88.634500,23.693900,181.810000,22.733600,77.270700
2022-03-24,426.279000,65.221900,41.187400,93.591600,111.478400,107.056200,100.765600,64.052300,77.315300,89.195600,23.458900,183.130000,22.759500,77.270700
2022-03-25,428.360700,65.257300,40.860900,92.631100,109.931900,106.324400,99.969400,63.590900,77.138300,90.309300,23.632900,182.380000,22.768100,77.253800
2022-03-28,431.407700,65.045000,40.996900,92.840600,110.871800,106.205300,100.522600,63.989800,77.886300,91.270000,22.606200,179.060000,22.837100,77.253800
2022-03-29,436.744600,66.487100,41.695300,93.303400,111.709100,105.822400,101.369100,64.779600,78.650400,93.947900,22.693200,179.140000,22.699100,77.253800
2022-03-30,434.047700,66.212800,41.577400,93.670200,112.580600,106.341400,101.603800,64.584100,78.706700,93.267800,23.102200,180.580000,22.578400,77.270700
2022-03-31,427.367200,65.115800,40.951600,93.844800,112.854000,106.001100,101.369100,64.349500,78.626200,92.128600,22.675800,180.650000,22.673300,77.270700
2022-04-01,428.578400,65.726200,41.631800,93.234100,113.283600,105.417300,101.709100,64.344400,78.910900,93.922400,22.823700,179.500000,22.707700,77.270700
2022-04-04,432.249900,65.991700,42.366500,93.173000,112.496300,105.340200,102.061900,64.831200,79.217700,93.463300,23.258800,180.370000,22.811200,77.262200
2022-04-05,426.790000,65.098100,41.586500,92.062700,109.954800,104.578000,100.272800,63.991100,77.942000,93.004200,23.067400,179.240000,22.931900,77.253800
2022-04-06,422.522300,64.319500,41.042300,91.739300,109.064800,104.115500,99.684800,63.488600,77.707800,94.109400,22.884600,179.660000,22.949100,77.262200
2022-04-07,424.651400,64.461100,40.715700,91.512000,108.243300,103.978500,99.222800,63.386500,77.481700,93.174200,22.962900,180.340000,22.992200,77.262200
2022-04-08,423.515900,64.487600,40.752000,91.048600,107.070900,104.166900,98.441700,63.001800,76.811600,93.327300,23.250100,181.470000,22.992200,77.253800
2022-04-11,416.277100,63.806400,40.244100,90.611500,105.376500,103.987100,97.484200,62.569900,75.899200,92.324100,23.058700,182.370000,23.044000,77.262200
2022-04-12,414.734700,63.328600,40.117100,91.048600,105.231100,103.978500,97.551400,63.048900,76.181800,92.188100,23.746100,183.770000,23.121500,77.262200
2022-04-13,419.484900,64.009900,40.643200,91.249700,105.445000,103.781500,98.055300,63.425800,76.375500,92.842700,24.268100,184.650000,23.026700,77.262200
2022-04-14,414.261500,63.717900,40.117100,90.427900,103.331300,103.773000,96.913000,63.001800,75.665000,92.443100,24.450900,184.040000,23.130200,77.253800
2022-04-18,414.431900,63.346300,39.981100,90.165700,102.817900,103.738700,96.173800,62.899700,75.624600,92.069100,24.729300,184.610000,23.225000,77.262200
2022-04-19,421.121900,63.647100,39.781500,89.571200,102.047700,103.224900,95.409500,62.844700,75.325900,94.075400,24.094100,181.820000,23.276700,77.253800
2022-04-20,420.809600,64.071800,39.545700,90.270600,104.101500,103.987100,96.400600,63.041000,75.842600,95.639600,24.120200,182.710000,23.112900,77.270700
2022-04-21,414.517000,63.381700,38.783800,89.772300,103.331300,104.398200,95.375900,62.609200,75.156300,94.976500,24.085400,182.060000,23.181900,77.270700
2022-04-22,403.143000,62.346600,38.439100,89.816000,102.680900,103.987100,95.266700,62.232300,74.357000,93.310300,23.624200,180.290000,23.319800,77.262200
2022-04-25,405.480300,62.045800,38.158000,90.393000,103.707800,103.910000,96.325000,62.758400,75.229000,93.072200,23.450200,177.050000,23.431900,77.270700
2022-04-26,393.737200,60.311700,37.323500,90.996200,104.751800,104.132700,96.274600,62.389300,74.712200,91.542000,23.772200,177.320000,23.578500,77.262200
2022-04-27,394.844300,60.586000,37.758900,90.489100,103.408300,103.961400,95.350700,62.083100,74.510400,90.938400,23.937500,175.980000,23.725000,77.262200
2022-04-28,404.817900,61.444200,38.303100,90.358000,103.562400,104.552300,95.636300,62.428600,74.647600,92.613200,24.137600,176.930000,23.863000,77.279100
2022-04-29,389.857600,60.727500,38.439100,89.877200,102.218800,103.687300,94.577900,61.659100,73.380000,88.362500,23.954900,176.910000,23.768100,77.262200
2022-05-02,392.204300,60.577100,38.384700,89.207700,100.447000,102.183700,94.016900,61.663100,72.977800,86.228700,24.320400,173.630000,23.888800,77.270700
2022-05-03,394.002200,61.028400,38.665900,89.312700,101.124200,102.554800,94.623100,61.986300,73.285900,87.299800,23.981000,174.090000,23.845700,77.262200
2022-05-04,406.000700,62.098900,39.083100,89.890400,101.681400,103.357500,95.549100,62.616900,74.542500,88.303000,24.729300,175.800000,23.647400,77.279100
2022-05-05,391.570300,60.099400,37.641000,88.988900,98.895500,102.270000,94.084300,61.505500,73.423700,85.948100,24.598800,175.130000,23.845700,77.279100
2022-05-06,389.233000,59.515500,37.124000,88.481200,97.438200,102.002500,93.284500,61.158600,72.434700,84.928000,24.624900,175.420000,23.888800,77.279100
2022-05-09,376.770900,57.719500,36.053700,89.137700,98.295400,101.605400,93.612900,60.512300,71.794200,81.187400,23.511100,172.880000,23.897400,77.270700
2022-05-10,377.641400,58.153000,36.226000,89.435300,99.186900,101.148000,94.008500,60.859100,72.150900,79.708200,23.371900,171.420000,23.949200,77.270700
2022-05-11,371.642100,57.808000,35.972100,89.986700,101.098500,102.373600,94.446300,60.496500,72.467100,79.538200,23.946200,172.820000,23.975000,77.270700
2022-05-12,371.254200,57.666400,35.736300,90.284300,100.909900,101.933400,94.488400,60.472900,72.515800,80.158800,24.059300,170.170000,24.181900,77.279100
2022-05-13,380.130100,59.267700,36.724900,89.811600,99.418400,102.459900,93.991700,60.543800,72.394200,82.275600,24.390000,168.790000,24.113000,77.287600
2022-05-16,378.587700,59.320800,36.579800,90.188000,99.315500,102.494400,94.118000,60.457100,72.005000,81.757000,24.790200,170.400000,24.018100,77.279100
2022-05-17,386.375400,60.426700,37.477700,89.505300,98.115400,101.976600,93.579200,60.401900,72.264400,82.870700,24.520500,169.330000,23.819800,77.279100
2022-05-18,370.800000,58.984600,36.579800,90.144200,100.207000,102.684300,93.924300,59.905400,71.802400,80.464800,23.989700,169.420000,23.940500,77.279100
2022-05-19,368.529000,59.550900,37.160300,90.468100,100.447000,102.321800,94.176900,60.307300,72.191500,80.107700,24.294300,171.910000,23.690500,77.296000
2022-05-20,368.689800,59.957800,37.314500,90.888200,101.587100,102.365000,94.639900,60.267900,72.661700,80.617800,24.329100,172.030000,23.742300,77.296000
2022-05-23,375.588000,60.975300,37.595600,90.336800,99.915500,102.002500,94.303200,60.504400,72.710300,81.553000,24.511800,172.830000,23.526700,77.296000
2022-05-24,372.720900,60.877900,36.942600,91.115800,101.887100,102.554800,95.540700,60.867000,73.342700,82.241600,24.494400,174.130000,23.457800,77.287600
2022-05-25,376.013800,60.895600,37.124000,91.299600,102.290000,102.641200,96.525600,61.789200,73.991200,82.938700,24.668400,173.080000,23.544000,77.296000
2022-05-26,383.527100,61.568000,37.704500,91.255800,101.827100,103.064100,96.550900,62.648400,74.234400,83.040700,24.938200,172.760000,23.466400,77.312900
2022-05-27,392.942400,62.311200,38.139800,91.387100,102.075700,103.392100,97.056000,63.208000,74.356000,85.268000,25.234000,172.850000,23.414700,77.296000
2022-05-31,390.737600,61.939600,38.675000,90.433100,99.915500,102.658400,96.340400,62.664200,73.975000,84.222400,25.060000,171.140000,23.457800,77.287600
2022-06-01,387.577100,61.284900,38.402900,89.924100,99.801300,102.236400,95.778100,62.432200,73.840700,83.525300,25.181800,172.230000,23.638800,77.288700
2022-06-02,394.957900,62.558900,39.065000,90.055600,99.852800,102.707900,95.820300,62.693400,74.556700,84.672900,25.756100,174.350000,23.431900,77.305600
2022-06-03,388.476000,61.665400,38.430100,89.880300,99.638200,103.301700,95.516500,62.226500,74.052200,83.542300,25.999700,172.580000,23.535400,77.288700
2022-06-06,389.658900,61.913100,38.638700,89.205500,97.800500,102.629400,94.841500,61.759700,73.075800,83.278700,26.112800,171.820000,23.587100,77.297100
2022-06-07,393.396600,62.098900,38.756600,89.564800,98.856700,102.873800,95.347800,61.902100,73.507100,84.426400,26.286900,172.940000,23.561200,77.288700
2022-06-08,389.119500,61.231800,38.965200,89.231800,97.980800,102.620600,94.799300,61.371900,72.782900,82.479600,26.521800,172.780000,23.630200,77.297100
2022-06-09,379.865100,59.945900,38.043200,89.152900,98.307100,102.603200,94.174800,60.881300,72.180800,80.524300,26.565300,172.230000,23.802600,77.305600
2022-06-10,368.850700,58.499000,37.622400,88.276600,97.697400,102.149100,93.263400,59.844700,70.968400,78.739000,26.304300,174.540000,23.992300,77.288700
2022-06-13,354.846100,56.563900,36.305200,86.707900,94.631800,100.429000,91.111600,57.842800,69.088800,74.802900,26.008400,169.930000,24.225000,77.297100
2022-06-14,353.776800,56.030300,36.808300,86.015500,93.438200,99.049500,90.639000,58.222600,69.056300,74.233300,25.721300,168.570000,24.276800,77.288700
2022-06-15,358.820400,57.079300,37.293100,87.216200,95.181400,100.420300,92.056700,59.354200,71.123000,75.993100,25.738700,170.770000,24.087100,77.297100
2022-06-16,346.944900,55.822300,36.149700,87.785800,95.937000,100.123400,92.158000,58.412500,69.544500,73.995300,25.851800,172.690000,23.854300,77.314000
2022-06-17,347.692700,55.596300,36.286900,87.812100,96.246200,100.175800,92.343600,58.594500,69.918800,74.556400,24.929500,171.270000,24.095700,77.305600
2022-06-21,356.445300,56.437200,36.872300,87.356400,94.614600,99.826600,91.415400,58.555000,69.715300,75.593600,24.868500,170.630000,24.009500,77.322500
2022-06-22,355.799100,56.057400,36.213700,88.460600,97.216600,100.402800,92.082000,58.539100,69.821100,76.554200,24.424800,171.310000,23.975000,77.331000
2022-06-23,359.286800,55.994100,36.323500,88.960100,98.015200,100.699700,92.790900,58.958500,70.284900,78.008200,23.876600,170.260000,24.000900,77.331000
2022-06-24,370.710000,57.667100,37.183300,88.644600,96.658400,100.795800,92.900600,59.377900,70.374400,79.667900,24.102800,170.090000,23.949200,77.314000
2022-06-27,369.294000,57.422900,37.229100,88.145100,95.834000,100.071000,92.048300,59.013900,69.414300,79.548200,24.050600,169.900000,23.906100,77.314000
2022-06-28,361.748200,57.034100,37.000400,88.259000,96.280500,99.721800,92.023000,58.365000,68.885400,78.581400,24.337800,169.620000,24.044000,77.331000
2022-06-29,361.453600,56.817100,36.854000,88.968900,97.783300,99.547200,92.571500,58.278000,69.137600,78.093700,23.920100,169.490000,24.181900,77.339400
2022-06-30,358.517100,56.509600,36.680200,89.652500,98.642000,99.459800,92.849900,58.246400,69.422400,77.948300,23.180500,168.460000,24.104300,77.347900
2022-07-01,362.308900,56.645200,36.451600,90.613900,99.654800,101.061400,94.023600,58.802100,70.395700,79.351400,23.293600,168.320000,24.181900,77.341800
2022-07-05,362.993200,55.433500,36.168000,90.947400,100.437800,100.780600,93.998200,58.746500,69.840000,79.129000,21.727300,164.750000,24.526800,77.341800
2022-07-06,364.219100,55.478700,35.948500,90.175000,98.751300,99.868000,93.532800,58.523900,69.276200,78.983500,21.405400,162.140000,24.638800,77.341800
2022-07-07,369.674100,56.319700,36.671100,89.622100,97.882300,99.710100,93.524300,59.477700,69.480500,79.197400,22.292900,162.230000,24.647500,77.341800
2022-07-08,369.370000,56.383000,36.671100,89.077900,96.798100,99.604800,93.372000,59.525400,69.153600,78.778200,22.684500,162.300000,24.630200,77.333400
2022-07-11,365.150500,55.469700,35.692300,89.780100,98.467400,99.762700,93.634300,59.191600,68.573500,78.607100,22.641000,161.430000,24.914700,77.341800
2022-07-12,361.919300,55.460600,35.555100,89.990700,99.052500,99.727600,93.769700,59.430000,68.377400,78.299100,21.614200,160.830000,24.906100,77.333400
2022-07-13,360.018600,55.433500,35.472800,90.376900,100.188200,100.245300,94.472000,59.366400,68.099500,77.922600,21.736000,161.600000,24.854400,77.333400
2022-07-14,359.144300,54.655800,35.152700,89.876600,99.370800,99.999600,93.871300,59.255100,66.906500,77.221100,21.535900,159.330000,25.026800,77.341800
2022-07-15,366.005800,55.523900,35.335600,90.183800,99.930100,100.578800,94.624300,60.010200,67.576600,78.530100,21.814400,159.010000,24.880200,77.333400
2022-07-18,362.983700,55.750000,35.582600,89.920500,98.889000,100.447200,93.964300,59.430000,67.609300,77.974000,22.223300,159.160000,24.742300,77.333400
2022-07-19,372.791200,57.269200,36.168000,89.508000,98.355500,100.341900,94.226600,60.216900,68.598000,79.993000,22.310300,159.540000,24.587100,77.333400
2022-07-20,375.167100,56.889400,36.012500,89.420200,98.613600,100.254100,94.125100,60.479200,69.137300,79.804800,22.292900,158.040000,24.656100,77.333400
2022-07-21,378.987500,57.477200,36.424100,90.438300,100.317300,100.877100,95.411200,61.194600,69.521400,80.437900,21.918800,160.270000,24.587100,77.358700
2022-07-22,375.471200,57.332500,36.058200,91.474000,102.003700,101.728300,96.147400,61.115100,70.281300,80.857100,21.657700,160.670000,24.552600,77.367200
2022-07-25,375.927400,57.775600,36.186300,91.149300,101.005600,101.535300,95.335100,61.099200,70.330300,80.994000,22.049300,160.230000,24.518100,77.358700
2022-07-26,371.479700,56.970800,35.902700,91.184400,101.083100,101.535300,95.318200,60.670000,69.676600,81.079600,22.092800,160.040000,24.707800,77.358700
2022-07-27,381.125700,58.318200,36.570500,91.368700,100.515200,102.184600,95.952800,61.337600,70.730700,81.567200,22.597500,161.670000,24.500900,77.358700
2022-07-28,385.906000,58.616600,36.726000,92.272700,101.315400,103.228800,96.748100,61.965500,71.645900,84.210900,22.614900,163.640000,24.483700,77.367200
2022-07-29,391.532000,59.430500,36.552200,92.307800,101.040100,103.746500,96.976600,62.148400,71.923700,84.664300,22.719300,164.100000,24.388800,77.375700
2022-08-01,390.372600,59.511900,36.241200,92.847700,103.473500,103.794200,97.168200,62.167400,72.248200,83.979900,22.258100,165.030000,24.294000,77.381400
2022-08-02,387.797100,58.562300,36.067400,91.564100,101.284000,102.571300,95.980700,61.880100,71.198200,82.901900,22.145000,164.050000,24.449200,77.389800
2022-08-03,393.869800,58.906000,36.350900,91.942100,102.878700,103.111900,97.024000,62.422700,72.568200,83.167100,21.953600,164.450000,24.518100,77.381400
2022-08-04,393.603700,59.204400,36.607100,92.408100,102.844200,103.094200,97.176700,62.590300,72.724000,83.038800,21.718600,167.170000,24.363000,77.398300
2022-08-05,392.938500,58.788400,36.643700,91.071700,100.396100,102.057400,95.862000,62.271100,72.576400,83.269800,21.640300,165.290000,24.569900,77.415200
2022-08-08,392.482300,58.924100,36.689400,91.608000,102.016700,102.757400,96.243700,62.327000,73.651000,84.014100,21.901400,166.690000,24.535400,77.423700
2022-08-09,390.923800,58.607600,36.552200,91.335400,101.620200,102.465000,95.811100,61.864200,72.420500,84.476100,22.084100,167.200000,24.509500,77.415200
2022-08-10,399.134700,59.927800,37.009500,91.388200,100.956400,102.287800,96.718700,62.789800,73.716600,85.759400,22.388600,166.780000,24.242300,77.423700
2022-08-11,399.134700,59.909800,37.155900,90.781500,98.603200,101.942200,95.785700,62.430700,73.413100,85.554100,22.823700,166.340000,24.259500,77.423700
2022-08-12,405.891700,60.370900,37.549200,91.142000,99.603100,102.340900,96.896800,62.989200,73.971000,87.025600,22.701900,167.870000,24.354300,77.440600
2022-08-15,407.564300,60.009200,37.375400,91.432200,99.516900,102.234600,96.828900,62.877500,73.831500,87.376400,22.423500,165.710000,24.569900,77.432200
2022-08-16,408.362600,59.991100,37.366300,91.326700,99.930700,102.261200,96.455700,62.582300,73.191600,87.145400,22.171100,165.420000,24.561300,77.440600
2022-08-17,405.464000,59.511900,37.210800,90.711200,98.887700,101.951000,95.548200,61.936000,72.387700,86.623500,22.258100,164.350000,24.595700,77.440600
2022-08-18,406.642500,59.312900,37.000400,90.887000,99.034200,102.473900,95.794100,62.031700,72.305600,86.050300,22.597500,163.920000,24.785400,77.474500
2022-08-19,401.178000,58.499000,36.497300,90.104500,97.439500,102.296600,94.657600,61.401300,71.206400,85.143400,22.588800,162.720000,24.940600,77.474500
2022-08-22,392.824500,57.504300,36.177100,89.708900,97.112000,102.101700,94.021400,60.707100,70.681400,83.286900,22.788900,161.640000,25.147500,77.483000
2022-08-23,391.874100,57.531400,36.369200,89.489000,96.577500,102.270100,94.123200,60.858800,71.427900,82.217500,23.163100,162.770000,25.044000,77.466000
2022-08-24,393.128600,57.603800,36.360100,89.190100,95.870700,102.252300,93.843300,60.930600,71.362200,82.688000,23.406700,163.250000,25.061300,77.491400
2022-08-25,398.678600,58.236800,37.146800,89.761600,97.206800,102.571300,94.810200,61.505100,72.117000,83.920000,23.076100,163.750000,25.018200,77.499900
2022-08-26,385.183700,56.708500,36.597900,89.656100,97.939500,102.420700,94.242000,60.491700,70.993100,81.806800,23.171800,161.760000,25.113000,77.499900
2022-08-29,382.636800,56.581900,36.369200,89.146100,97.129200,102.021900,93.546400,60.260300,70.566500,81.071000,23.511100,161.860000,25.121600,77.499900
2022-08-30,378.436300,56.175000,35.939300,89.119800,97.370600,101.844700,93.665200,59.797500,70.541900,79.950300,22.858500,160.510000,25.113000,77.508400
2022-08-31,375.556700,55.795200,36.067400,88.750500,96.439600,100.940800,92.681300,59.470300,69.975900,79.573800,22.379900,159.270000,25.095800,77.525300
2022-09-01,376.735100,55.044600,35.783800,88.045000,94.674000,100.176500,92.123500,59.627500,69.804500,79.719300,21.901400,157.870000,25.319900,77.541000
2022-09-02,372.762700,54.682900,35.454500,88.538200,95.209500,100.768800,92.191600,59.587400,70.051500,78.607100,22.049300,159.260000,25.328500,77.549500
2022-09-06,371.356200,54.547300,35.033700,87.551700,92.851300,99.808500,90.941300,59.427100,69.409300,79.317200,21.918800,158.330000,25.475100,77.549500
2022-09-07,378.027600,55.026500,35.344800,88.124300,94.319800,100.221400,92.183100,60.285100,70.463200,80.865700,21.396700,159.940000,25.294000,77.557900
2022-09-08,380.498500,55.062700,35.152700,87.798400,93.352300,99.664900,91.970400,60.549700,70.487900,81.088100,21.483700,158.980000,25.345800,77.574900
2022-09-09,386.409600,56.464400,35.674100,87.807200,93.559600,99.709800,92.183100,60.790300,70.916100,81.969300,22.092800,159.820000,25.164700,77.574900
2022-09-12,390.562600,57.251100,36.204600,87.595800,92.790900,99.413600,91.979000,60.974700,70.891400,82.765000,22.397400,160.630000,25.035400,77.566400
2022-09-13,373.580000,55.261700,35.088600,87.102500,93.006800,99.117500,91.315500,59.587400,69.804500,79.599500,22.284200,158.540000,25.380200,77.583400
2022-09-14,375.005500,55.442500,35.262400,87.146600,93.326400,99.368800,91.749300,59.675600,69.755100,78.692600,22.379900,157.930000,25.328500,77.583400
2022-09-15,370.748000,54.954200,34.887400,86.847100,93.266000,98.866200,91.307000,59.298800,69.705700,77.238200,21.727300,154.980000,25.345800,77.608800
2022-09-16,367.920000,54.619600,34.567200,86.917600,92.488500,98.453300,91.094400,59.499200,69.327000,77.246800,21.649000,155.840000,25.345800,77.608800
2022-09-19,370.773200,54.809500,34.677000,86.670900,92.704500,98.004600,91.247500,59.723800,69.569900,77.135500,21.718600,155.960000,25.328500,77.608800
2022-09-20,366.517200,53.878100,34.484900,86.133600,91.780200,97.852000,90.337400,59.114300,68.931800,75.261900,21.692500,155.070000,25.449200,77.600300
2022-09-21,360.123800,53.172700,33.908600,86.477200,93.317800,98.040500,90.677600,58.937900,68.734200,74.072700,21.562000,155.790000,25.699200,77.617300
2022-09-22,357.098800,53.019000,33.744000,85.173600,90.933700,96.927600,89.401800,58.585100,68.273100,73.131600,21.622900,155.700000,25.733700,77.651200
2022-09-23,351.115700,51.328000,32.911600,85.279300,91.305100,96.514800,89.146600,57.839300,67.449700,72.159900,20.892000,153.010000,26.138900,77.651200
2022-09-26,347.642200,50.568400,32.509100,83.861200,89.560200,94.971100,87.598600,57.157800,65.860600,70.136200,20.404700,151.230000,26.432000,77.634300
2022-09-27,346.754700,50.224700,32.472500,83.288700,87.202000,94.468500,86.280200,57.037500,64.806700,69.202300,20.622300,151.540000,26.440600,77.659700
2022-09-28,353.577600,51.436500,32.756100,85.164800,90.121700,96.137900,88.015400,58.055900,66.362900,70.637800,21.196600,154.690000,26.095800,77.668200
2022-09-29,346.191700,50.830600,32.024300,84.768400,89.655200,94.791600,87.360400,57.510600,65.523100,68.562300,21.066000,154.660000,25.992300,77.685100
2022-09-30,340.838400,50.649700,31.905400,84.548200,88.497700,94.145500,87.139300,57.246000,65.374900,69.332000,20.805000,154.670000,25.992300,77.685100
2022-10-03,349.837000,51.653500,32.426800,85.551200,89.903900,95.357000,88.751500,57.996200,66.368100,70.568700,21.274900,158.430000,25.871600,77.664200
2022-10-04,360.677200,53.724400,33.487900,85.727700,89.652800,95.734000,89.161100,59.245300,67.617200,71.995600,21.849200,160.700000,25.518200,77.689700
2022-10-05,359.837500,53.154600,33.506200,84.915800,88.795600,94.980100,88.487000,59.011600,66.657600,70.586000,22.240700,159.810000,25.759600,77.689700
2022-10-06,356.125500,52.223200,33.304900,84.448100,88.302000,94.666000,88.282200,58.834300,66.401200,68.622800,22.379900,159.630000,26.018200,77.706700
2022-10-07,346.191700,51.391300,32.609700,84.033300,87.444800,94.692900,87.403200,58.117100,65.507800,66.971000,22.614900,157.880000,26.121700,77.706700
2022-10-10,343.548500,51.101900,32.152400,83.539100,86.085400,94.154400,86.618100,57.408000,65.317500,66.339700,22.362500,155.480000,26.233700,77.715200
2022-10-11,341.372800,50.541200,31.640100,83.750900,86.466400,94.692900,86.438900,57.585200,65.267900,67.014300,22.040600,155.160000,26.251000,77.715200
2022-10-12,340.246800,50.378500,31.676700,84.024500,86.890600,94.881400,86.336400,57.681900,65.036300,66.313800,22.040600,155.990000,26.251000,77.715200
2022-10-13,349.226300,51.418400,31.768200,83.671500,86.059400,94.773700,86.490100,57.810900,64.837700,67.524500,22.345100,154.910000,26.078600,77.740600
2022-10-14,341.267800,50.649700,31.292500,83.203700,85.349400,94.854500,85.662300,57.625500,64.357900,65.846800,21.901400,152.980000,26.259600,77.740600
2022-10-17,350.037400,51.897700,32.152400,83.292000,84.933800,95.114700,86.071900,58.334700,64.713600,68.328800,21.849200,153.420000,25.992300,77.740600
2022-10-18,354.150200,52.268400,32.161500,83.503800,85.132900,94.863400,86.583900,58.745600,65.400200,69.072500,21.614200,153.750000,25.975100,77.740600
2022-10-19,351.640500,51.626400,31.576100,82.630100,83.583000,94.378800,85.397700,58.181600,64.424100,67.351600,21.605500,151.690000,26.164800,77.740600
2022-10-20,348.691900,51.508800,31.777300,82.012300,82.154300,94.289000,84.655300,57.859200,63.770600,67.057500,21.622900,151.450000,26.182000,77.774600
2022-10-21,357.165600,52.440300,32.262100,82.197700,80.673600,94.531400,84.894200,58.415300,64.473800,67.585100,21.649000,154.150000,25.957900,77.783100
2022-10-24,361.536100,52.449300,31.036400,82.091800,80.006900,94.755700,84.851600,58.455500,64.432400,67.576400,21.709900,153.650000,25.983700,77.774600
2022-10-25,367.309300,53.606800,31.292500,83.115500,82.336100,95.141700,85.986600,59.019600,65.549100,70.231400,21.831800,154.000000,25.699200,77.774600
2022-10-26,364.541900,54.113200,31.804800,83.539100,83.522400,94.998100,86.379100,59.180800,65.979300,70.188100,22.240700,154.980000,25.432000,77.791600
2022-10-27,362.595300,53.606800,31.557800,84.130400,84.396900,95.734000,86.780200,59.616000,66.128200,70.291900,22.275500,154.740000,25.630300,77.817100
2022-10-28,371.221700,54.140300,31.365700,83.698000,83.816800,95.617300,86.959400,60.075300,66.293600,71.839900,22.014500,153.160000,25.673400,77.808600
2022-10-31,368.540200,53.633900,31.274300,83.318500,83.219300,95.482700,86.490100,59.172700,65.267900,71.762100,21.857900,151.910000,25.888900,77.808600
2022-11-01,366.927600,54.058900,31.850500,83.303200,83.997100,95.464700,87.112400,59.528700,66.524300,71.736200,22.188500,153.460000,25.880300,77.815000
2022-11-02,357.719100,53.272200,31.585300,83.161700,83.632500,95.249400,86.693000,58.986700,66.017300,69.764400,22.388600,152.390000,25.992300,77.840500
2022-11-03,354.035700,52.820100,31.768200,82.799100,83.181100,94.190300,86.384800,58.566000,65.784500,69.669300,22.371200,151.810000,26.207900,77.866100
2022-11-04,359.131300,54.936100,33.112800,82.622200,81.783600,94.540300,86.556000,58.970500,66.840200,70.620500,23.128300,156.470000,25.716500,77.883100
2022-11-07,362.566600,55.107900,33.131100,82.330400,80.967700,94.657000,86.239300,58.962400,66.815300,70.620500,22.928100,155.850000,25.569900,77.874600
2022-11-08,364.522900,55.731900,33.369000,82.878700,81.853100,94.791600,86.598800,58.905800,67.280800,70.836700,22.649700,159.450000,25.457800,77.883100
2022-11-09,357.012900,54.954200,32.792700,83.161700,82.122200,94.594200,86.376300,58.202000,66.374700,70.110300,22.127600,158.650000,25.647500,77.925700
2022-11-10,376.632300,58.037900,33.981800,85.027900,85.281700,96.164800,89.269500,60.014000,69.425400,75.238600,22.327700,163.480000,25.061300,77.934200
2022-11-11,380.277500,59.195400,34.905700,84.851000,84.969200,96.110900,89.509100,60.224300,69.408800,75.230000,22.754100,164.560000,24.699200,77.925700
2022-11-14,377.042600,58.571400,34.695300,84.647600,84.760900,95.401900,89.055500,59.779400,68.818600,73.396600,22.414800,164.920000,24.811300,77.925700
2022-11-15,380.258400,58.960200,35.491100,85.275500,86.132400,96.021200,90.296600,60.305200,70.115300,74.192200,22.675800,165.500000,24.725100,77.942700
2022-11-16,377.357500,58.824600,34.924000,85.903400,88.015900,96.263500,91.067000,60.175800,70.115300,73.517700,22.423500,165.120000,24.673300,77.951200
2022-11-17,376.202900,58.797500,34.988000,85.319700,87.087200,95.608300,90.579100,59.916900,69.483600,73.016100,22.049300,163.920000,24.768200,77.976800
2022-11-18,377.911000,58.915000,34.786800,85.019000,86.488200,95.123700,90.570500,60.046400,69.483600,73.941400,21.892700,162.790000,24.837100,77.976800
2022-11-21,376.536800,58.471900,34.347700,84.966000,86.852800,95.626300,90.433600,60.022100,69.491900,74.330600,21.814400,161.880000,25.052700,77.985300
2022-11-22,381.603900,59.285800,34.430000,85.452400,88.085400,96.012200,91.238200,60.458900,70.215100,74.737000,22.040600,162.070000,24.897500,78.002300
2022-11-23,384.008600,59.936900,34.713600,85.912300,89.621700,96.541700,92.154100,60.798700,70.672200,74.797600,21.736000,163.080000,24.638800,78.019300
2022-11-25,383.922700,60.244300,34.548900,85.885700,89.317900,96.452000,92.248200,60.677300,70.996400,75.273200,21.544600,163.220000,24.638800,78.019300
2022-11-28,377.796400,59.466600,34.393400,85.921100,89.569700,96.227600,91.580600,60.038300,70.713800,73.258200,21.414100,161.930000,24.819900,78.027900
2022-11-29,377.147600,59.638500,35.134400,85.558500,88.519400,95.814800,91.126900,60.297100,71.038000,74.469000,21.692500,162.730000,24.863000,78.053400
2022-11-30,389.027900,60.696500,36.149700,86.328000,89.170400,97.232800,92.239700,61.203100,71.844300,76.172600,22.179800,164.810000,24.664700,78.053400
2022-12-01,388.741700,61.284300,36.030800,87.270900,92.019000,98.275800,93.393800,61.430000,73.270800,76.008300,22.066700,167.840000,24.363000,78.070700
2022-12-02,388.293200,61.239100,36.168000,87.448100,93.176200,99.003600,93.960600,61.381200,72.962000,75.783500,21.831800,167.260000,24.337100,78.079300
2022-12-05,381.308100,60.434200,35.756400,86.561900,91.871100,97.988300,93.162000,60.796300,71.843800,74.399800,21.266200,164.390000,24.535400,78.087800
2022-12-06,375.811600,60.163000,35.710600,87.093600,93.054400,97.970300,93.445300,60.577000,71.451500,73.699300,20.926800,164.840000,24.552600,78.113400
2022-12-07,375.172300,60.163000,35.500300,87.855800,95.247000,98.392600,94.484400,60.910100,72.486300,73.846300,20.822400,166.330000,24.475000,78.113400
2022-12-08,378.111300,60.470400,35.930200,87.359500,94.986000,98.365700,94.183800,60.958800,72.352800,74.365200,20.787600,166.470000,24.397500,78.164700
2022-12-09,375.286800,60.506600,35.692300,86.712600,92.514900,97.431200,93.479700,60.958800,71.852100,74.226800,20.813700,167.060000,24.449200,78.156100
2022-12-12,380.697400,60.687500,35.582600,86.588500,92.810800,97.440100,93.359500,61.194400,72.119200,74.797600,21.039900,165.680000,24.466400,78.164700
2022-12-13,383.579200,61.548200,35.837000,87.368400,93.706900,97.727700,94.175200,61.828000,72.811800,76.181300,21.388000,168.510000,24.250900,78.164700
2022-12-14,381.126800,61.493700,35.855600,87.607600,94.107200,97.485100,94.261100,61.478700,72.703300,75.662400,21.553300,168.100000,24.138800,78.190300
2022-12-15,371.803800,59.923000,35.029100,87.777900,94.474400,97.502300,94.340000,61.247100,72.317900,74.650600,21.292300,165.350000,24.363000,78.207400
2022-12-16,367.414600,59.396400,35.131300,87.556000,93.419000,96.979500,93.935200,60.920400,71.940900,72.722000,21.022500,166.790000,24.406100,78.207400
2022-12-19,364.299000,59.251100,35.159100,86.845600,91.849100,96.645900,92.987700,60.610100,71.547100,71.796700,20.983100,166.320000,24.412200,78.217000
2022-12-20,364.797500,59.487200,35.149800,86.215200,90.218100,96.618900,91.893800,60.454900,71.186800,71.615100,21.079400,169.080000,24.246900,78.225600
2022-12-21,370.252100,60.104600,35.465600,86.321800,90.444900,97.141700,92.522600,60.969400,72.116800,72.229100,21.350800,168.800000,24.307800,78.234100
2022-12-22,364.970100,59.614300,35.149800,86.295100,90.427500,96.609900,92.496800,60.593800,71.748200,71.925200,21.079400,166.760000,24.342600,78.285500
2022-12-23,367.069500,59.823100,35.103400,85.904500,89.101700,96.393500,92.212500,60.748900,71.362800,72.565400,21.464600,167.260000,24.333900,78.285500
2022-12-27,365.621900,59.913900,35.623400,85.185300,87.339900,95.951800,91.023900,60.120100,70.935500,72.539100,21.657200,168.670000,24.325200,78.285500
2022-12-28,361.078000,59.278400,35.103400,84.981000,86.825400,95.843600,90.739700,59.311600,70.675800,71.302500,21.412100,167.910000,24.412200,78.311200
2022-12-29,367.577500,60.213500,35.688400,85.398400,87.810900,96.240300,91.385700,60.079300,71.220400,72.863600,21.385800,168.850000,24.264300,78.345500
2022-12-30,366.609300,59.596100,35.196300,85.043200,86.834100,95.951800,90.808600,60.128300,70.868500,72.337400,21.578400,169.640000,24.186000,78.336900
2023-01-03,365.065900,60.122700,35.493400,85.709100,88.491200,96.294400,91.437300,60.242600,71.178500,72.407600,21.061900,171.060000,24.447000,78.345500
2023-01-04,367.884300,60.921700,36.561400,86.366200,89.703600,96.357500,92.100600,60.936700,72.049800,74.047600,20.685500,172.670000,24.360000,78.336900
2023-01-05,363.685500,60.313400,36.450000,86.241900,90.078600,96.384500,92.031600,60.814200,71.396300,72.056800,20.580500,170.520000,24.586100,78.362600
2023-01-06,372.025600,61.856900,37.211500,87.351700,91.735700,97.267900,93.538900,61.679900,72.661300,73.995000,20.694300,173.710000,24.264300,78.354000
2023-01-09,371.814700,62.120200,37.490100,87.573700,92.224100,97.493300,93.909300,61.900400,72.518900,74.021300,20.939400,174.100000,24.116500,78.371200
2023-01-10,374.422200,62.301700,37.759400,87.023200,90.697800,97.096700,93.590600,61.826900,72.066500,74.187900,20.939400,174.740000,24.133900,78.362600
2023-01-11,379.157800,62.773900,37.917200,87.582600,92.171800,97.511300,94.391700,62.235200,72.887600,76.845300,21.315800,174.620000,24.133900,78.362600
2023-01-12,380.538200,63.699900,38.103000,88.364000,93.985900,98.277600,95.459700,62.586300,73.750500,77.818800,21.490900,176.640000,23.899000,78.422600
2023-01-13,382.014500,64.035900,38.353700,87.893400,93.105000,97.511300,95.149600,62.586300,73.574500,77.336500,21.701000,178.760000,23.890400,78.431100
2023-01-17,381.314700,64.235600,38.140100,87.618100,92.503200,97.231900,94.805100,62.374000,73.649900,77.555700,21.849800,177.590000,23.959900,78.431100
2023-01-18,375.294500,64.008600,37.880100,88.807900,94.744700,97.899000,95.916200,62.447500,74.521200,76.424400,21.613400,177.080000,23.959900,78.439700
2023-01-19,372.562400,63.908800,38.168000,88.639200,94.151700,98.502900,95.718100,62.080000,74.311800,76.003400,21.832300,179.890000,23.899000,78.473900
2023-01-20,379.502900,64.471700,38.753000,88.053200,92.625300,97.944000,95.218500,62.202500,74.144200,76.906700,21.963600,179.290000,23.864300,78.482500
2023-01-23,384.056400,64.735000,39.031600,87.769100,92.189300,97.853900,94.942900,62.194300,74.102300,77.257500,22.016100,179.630000,23.899000,78.482500
2023-01-24,383.644200,64.653300,39.059500,88.275200,93.515000,98.412800,95.442500,62.235200,74.429100,77.450500,21.893500,180.280000,23.873000,78.491100
2023-01-25,383.788000,65.080000,39.096600,88.372800,93.741700,98.611100,95.485500,62.227000,74.378800,77.485600,21.832300,181.110000,23.794700,78.499600
2023-01-26,388.006000,65.134500,39.468100,88.053200,93.305600,98.602100,95.451100,62.382200,74.378800,78.353800,21.928600,179.470000,23.855600,78.542500
2023-01-27,388.897500,65.007400,39.282400,87.920000,93.070200,98.385800,95.175400,62.194300,74.236400,79.230900,21.683500,179.220000,23.890400,78.551000
2023-01-30,384.018100,64.589700,38.493000,87.644800,92.730000,97.908000,94.813700,61.851400,73.289700,78.222300,21.403300,178.760000,23.977300,78.551000
2023-01-31,389.664400,64.962000,38.409400,88.088700,93.471400,97.944000,95.494100,62.333200,73.649900,79.862300,21.771000,179.410000,23.925100,78.559600
2023-02-01,393.805700,65.543000,38.883000,88.722400,94.595000,98.602100,96.463600,62.988400,75.047100,80.353500,21.359600,181.670000,23.699000,78.564700
2023-02-02,399.538300,65.452200,38.650900,88.686800,94.717400,98.466900,96.601800,63.349500,75.290900,82.177700,21.202000,177.900000,23.855600,78.599100
2023-02-03,395.291600,64.843900,37.963700,87.734700,93.300800,97.547400,95.504600,62.684800,74.256800,80.634100,20.668000,173.460000,24.168700,78.616300
2023-02-06,392.875800,64.181100,37.406500,86.978400,92.610100,97.159800,94.770200,62.282700,73.205800,80.046500,20.729300,173.820000,24.307800,78.624900
2023-02-07,398.014100,64.725900,37.555100,86.764800,91.866800,97.412200,94.459100,62.504300,73.273100,79.871100,21.123200,173.980000,24.264300,78.633500
2023-02-08,393.661900,64.326400,37.508600,87.085200,92.304000,97.917000,94.554200,62.241700,73.231000,79.494000,21.167000,174.410000,24.290400,78.633500
2023-02-09,390.249200,64.444400,37.685100,86.693700,91.429600,97.421200,93.759300,61.839600,72.751800,78.625700,21.000600,173.030000,24.255600,78.659300
2023-02-10,391.159900,64.163000,37.322900,86.275400,90.406500,97.069600,93.102700,61.363600,72.188500,78.897600,21.298300,173.360000,24.333900,78.667900
2023-02-13,395.751700,64.807600,37.629400,86.480100,91.167300,97.231900,93.448300,61.519500,72.390300,79.599200,21.254500,172.480000,24.264300,78.685100
2023-02-14,395.569600,64.925600,37.564300,86.088600,90.957400,96.907400,93.215000,61.536000,72.432300,78.967800,21.324500,172.610000,24.246900,78.685100
2023-02-15,396.854100,64.635100,37.248600,85.830500,90.109200,96.907400,92.860800,61.437500,72.222100,79.283500,21.096900,170.890000,24.412200,78.702300
2023-02-16,391.389900,64.317300,37.257900,85.545800,88.832600,96.673000,92.117700,60.945100,71.751300,78.511700,21.035700,170.750000,24.447000,78.745200
2023-02-17,390.412100,64.480800,36.849300,85.786000,89.523300,96.862300,92.480600,61.183100,71.776500,78.204700,20.878100,171.260000,24.429600,78.753800
2023-02-21,382.580100,63.772600,36.384900,84.851800,87.783200,96.429600,91.167400,60.239400,70.691900,76.634900,20.904400,170.620000,24.507800,78.753800
2023-02-22,382.052900,63.418500,36.208500,85.003000,88.587700,96.375500,91.426600,60.633300,70.969400,75.942000,20.633000,169.660000,24.586100,78.779600
2023-02-23,384.085200,63.745300,36.384900,85.332200,89.453400,96.691000,92.143700,61.232300,72.104400,76.512100,20.790600,169.570000,24.594800,78.805400
2023-02-24,379.982200,62.683100,35.567700,84.816200,88.290400,96.060000,91.452500,60.863100,71.608400,75.170200,20.720500,168.350000,24.777400,78.814000
2023-02-27,381.276400,63.427600,35.753500,85.074200,88.535200,96.258300,91.478400,61.273400,71.969900,75.284200,20.738000,169.010000,24.647000,78.822600
2023-02-28,379.867200,62.964500,35.502700,85.207700,88.937500,96.618900,91.513000,61.158500,71.667200,75.179000,20.799300,169.780000,24.716600,78.831200
2023-03-01,378.410100,63.300500,36.264200,84.526700,87.982000,96.258300,90.942300,60.984800,71.193300,74.231800,21.158200,170.760000,24.586100,78.835700
2023-03-02,381.353100,63.427600,36.394200,84.178900,87.201900,96.330400,91.020300,61.059100,70.931500,75.100100,21.079400,170.660000,24.716600,78.861600
2023-03-03,387.469100,64.353600,36.719300,84.856600,89.314400,97.367100,92.052100,61.686500,72.020900,76.240200,21.412100,172.490000,24.620900,78.878800
2023-03-06,387.737600,64.190200,36.589200,84.705000,88.621900,96.844300,91.800600,61.686500,71.733800,75.942000,21.307000,171.620000,24.586100,78.887500
2023-03-07,381.794000,63.118900,35.976300,84.713900,89.165400,96.231300,91.540500,61.249000,71.438200,74.170400,20.869300,168.620000,24.890500,78.887500
2023-03-08,382.417200,63.463900,36.124900,84.687200,89.253000,95.771500,91.393100,60.960000,71.100400,75.021100,20.755500,168.540000,24.881800,78.904700
2023-03-09,375.361600,63.000800,35.326300,85.213200,89.472200,96.023900,91.306400,60.621600,71.117300,73.302100,20.501700,170.200000,24.812200,78.921900
2023-03-10,369.945400,62.329000,35.140500,86.782500,92.557700,97.439200,92.615600,60.629800,71.784400,70.872800,20.720500,173.870000,24.655700,78.939200
2023-03-13,369.418100,61.902300,35.196300,87.834600,92.768100,98.178400,92.693700,60.299600,71.666200,71.802400,20.589200,177.860000,24.429600,78.956400
2023-03-14,375.524600,62.728500,35.214800,87.005400,91.242900,97.637500,92.416200,60.737100,71.472000,72.495300,20.326600,176.830000,24.429600,78.965000
2023-03-15,373.176000,60.785500,34.611200,88.262600,93.004800,98.827500,93.300600,60.539000,71.733800,72.442700,19.853900,178.210000,24.690500,79.008100
2023-03-16,379.723400,61.729700,35.140500,87.469000,92.277200,97.709700,93.161900,60.935300,71.429700,72.284800,19.915200,178.570000,24.664400,79.042600
2023-03-17,375.283600,60.994300,34.926900,88.503300,93.662200,97.917000,93.630000,60.572000,71.108800,70.644700,19.853900,183.770000,24.525200,79.059900
2023-03-20,378.892200,61.947600,35.057000,88.146700,92.838200,98.007100,93.352600,60.406900,71.117300,71.451600,19.932700,183.840000,24.386100,79.068500
2023-03-21,383.867200,62.882800,35.372700,87.379900,92.040600,97.799800,93.803400,61.067400,71.624000,71.135900,20.002700,180.370000,24.377400,79.068500
2023-03-22,377.323600,62.664900,35.512000,88.530100,93.267800,99.143000,94.349700,61.125100,72.248900,68.478500,20.055200,183.440000,24.194700,79.085700
2023-03-23,378.343700,62.674000,36.004200,89.038300,93.267800,99.323300,94.618500,60.885700,72.510700,68.048700,20.002700,185.740000,24.229500,79.120200
2023-03-24,380.826400,62.483300,35.911300,89.065100,93.662200,99.070900,94.913200,60.761900,72.113800,69.793800,20.099000,183.650000,24.377400,79.137400
2023-03-27,381.538500,63.073500,35.716300,87.968400,91.462000,98.295600,93.777400,60.613300,71.809800,69.714100,20.475400,181.950000,24.299100,79.128800
2023-03-28,380.682000,63.100700,36.227100,87.914900,91.628600,98.602100,93.621400,60.580300,71.556400,69.545800,20.571700,183.440000,24.212100,79.146100
2023-03-29,386.215200,63.863400,36.329200,87.763300,91.444500,98.791400,94.054900,61.339800,71.902700,71.087100,20.440400,182.530000,24.273000,79.146100
2023-03-30,388.476600,64.607900,36.691400,87.897000,91.865200,98.890600,94.184900,61.703000,72.400900,72.017200,20.589200,184.180000,24.160000,79.163300
2023-03-31,393.952000,64.934700,36.645000,88.378500,93.241500,99.386400,95.034600,62.371800,72.865400,73.558500,20.781800,183.220000,24.246900,79.146100
2023-04-03,395.453200,65.452200,36.719300,88.794800,93.680000,99.564500,95.609100,62.323400,73.138100,72.973900,21.123200,184.540000,24.133900,79.165100
2023-04-04,393.259200,65.461300,36.719300,89.366600,94.145800,99.853300,95.730800,62.141000,73.239900,72.876500,21.096900,187.980000,24.038200,79.173800
2023-04-05,392.229500,65.007400,36.431400,89.741800,95.130000,100.088000,96.043900,61.792700,73.087300,72.486700,21.175700,187.830000,24.107800,79.217100
2023-04-06,393.759600,65.316000,36.580000,89.768600,95.376100,100.313600,96.043900,61.792700,73.010900,72.982800,21.114400,186.490000,24.125200,79.225700
2023-04-10,394.163700,65.270700,36.617100,88.884200,93.838200,99.600600,95.513400,62.008300,72.629300,73.319400,21.114400,185.110000,24.264300,79.234400
2023-04-11,394.269600,65.488600,36.840000,88.848400,94.031500,99.772100,95.487300,62.141000,72.705600,73.629400,21.228200,186.280000,24.177300,79.243000
2023-04-12,392.662500,65.906200,36.580000,89.107500,93.934800,99.808200,95.287300,62.124400,72.917600,73.275100,21.394600,187.190000,24.046900,79.260300
2023-04-13,397.878200,66.750600,37.081400,88.812700,93.196700,99.564500,95.452500,62.547300,72.994000,73.053600,21.394600,189.720000,23.933800,79.303600
2023-04-14,396.906200,66.478200,36.886400,88.374900,92.344200,99.131300,95.139400,62.431200,72.841300,71.919800,21.420800,186.360000,24.073000,79.303600
2023-04-17,398.330400,66.360200,37.044300,87.812100,91.245700,98.680100,94.539300,62.265400,72.374900,73.416800,21.333300,185.530000,24.194700,79.320900
2023-04-18,398.590300,66.723300,36.997900,87.955000,91.570900,98.779400,94.852400,62.306800,72.357900,73.248500,21.377100,186.250000,24.107800,79.329600
2023-04-19,398.522900,66.514500,36.626400,87.767400,91.483000,98.680100,94.382700,62.058000,72.010200,73.682600,21.079400,185.360000,24.160000,79.338200
2023-04-20,396.348100,66.514500,36.570700,88.276600,92.265100,98.996000,94.739300,62.000000,71.925400,72.956200,20.895600,186.090000,24.160000,79.398800
2023-04-21,396.656100,66.850400,36.227100,88.062200,91.746600,99.041100,94.800200,62.190700,71.933900,72.965000,20.851800,184.250000,24.133900,79.390200
2023-04-24,397.069800,67.022900,36.143500,88.491100,92.634200,99.420100,95.217700,62.364900,72.128900,72.690400,21.018200,184.810000,24.055600,79.398800
2023-04-25,390.766800,66.087800,35.465600,89.366600,93.996400,100.006800,95.635200,62.265400,72.569900,71.972900,20.720500,185.750000,24.168700,79.390200
2023-04-26,389.111700,66.042400,35.669900,89.018200,92.994500,99.654800,95.217700,62.024900,72.374900,71.282000,20.405400,184.740000,24.090400,79.407500
2023-04-27,396.858100,66.868600,36.152800,88.437500,92.071800,99.320900,94.869800,62.232200,72.391800,72.894200,20.431600,184.750000,24.099100,79.433400
2023-04-28,400.245400,66.841400,36.338500,89.098600,93.557000,99.438200,95.609100,62.497600,73.061800,73.788800,20.624200,184.800000,24.133900,79.433400
2023-05-01,399.841200,66.741500,36.217800,88.049500,90.859300,98.611800,94.065800,62.210900,72.338000,73.239600,20.449200,183.970000,24.255600,79.436200
2023-05-02,395.347300,66.069600,35.864900,89.195800,93.123500,99.364800,95.200200,62.152600,72.644600,71.999500,19.985200,187.520000,24.194700,79.418800
2023-05-03,392.633700,66.242100,35.809200,89.777900,93.643300,99.818400,95.357300,62.119300,72.874500,71.716000,19.731300,189.110000,24.064300,79.427500
2023-05-04,389.852700,66.105900,36.097100,89.760000,92.718200,99.791200,95.095500,61.936100,72.508300,72.309500,19.810100,190.440000,24.090400,79.453600
2023-05-05,397.069800,67.077400,36.580000,89.276400,92.409900,99.591600,94.720300,62.269200,72.712700,73.514200,20.256600,187.460000,24.055600,79.470900
2023-05-08,397.175700,67.095600,36.598500,88.730100,91.114800,99.219600,94.039600,62.094300,72.423200,73.089100,20.352900,187.690000,24.090400,79.479600
2023-05-09,395.433900,66.823200,36.375700,88.622700,90.788800,99.074500,94.004700,61.936100,72.389100,72.779000,20.414100,189.020000,24.168700,79.488300
2023-05-10,397.281500,66.687000,36.357100,89.285400,91.669800,99.401100,94.746500,62.310900,72.789300,73.478800,20.352900,188.750000,24.125200,79.497000
2023-05-11,396.588700,66.523600,36.227100,89.616700,92.638900,99.618800,95.113000,62.210900,73.019200,72.672700,20.002700,187.130000,24.281700,79.549100
2023-05-12,396.069100,66.405600,35.799900,89.079400,91.863600,99.265000,94.528300,61.986000,72.559400,72.663900,19.845100,186.810000,24.438300,79.566500
2023-05-15,397.435500,66.914000,36.459200,88.882400,90.912100,99.119800,94.022100,61.969400,72.244300,72.539800,20.072700,187.210000,24.368700,79.575200
2023-05-16,394.779600,66.278400,36.199200,88.595800,90.639000,98.856800,93.550900,61.536300,71.963300,70.723900,19.853900,184.870000,24.429600,79.566500
2023-05-17,399.571800,66.587100,36.366400,88.309200,90.374700,98.811400,93.542200,61.702900,71.971800,71.680600,20.090200,184.230000,24.473000,79.583900
2023-05-18,403.421000,66.487300,36.171400,87.762900,89.705200,98.484800,93.149500,61.736200,71.682300,71.335100,19.906400,181.840000,24.655700,79.627300
2023-05-19,402.834000,66.877700,36.199200,87.431600,89.070800,98.248900,93.036000,61.802800,71.673800,71.220000,19.880100,183.640000,24.586100,79.627300
2023-05-22,402.997500,66.895800,36.496400,87.270400,88.753700,98.067500,93.001100,62.077700,71.665300,71.654000,19.897700,183.210000,24.603500,79.636000
2023-05-23,398.474800,65.915300,35.929900,87.413700,89.009200,98.366900,93.193100,61.752800,71.750400,70.980800,19.976400,183.430000,24.673100,79.636000
2023-05-24,395.587900,64.952900,35.660600,87.189800,88.568600,98.058400,92.826600,61.319700,71.631200,69.457200,19.985200,181.950000,24.760000,79.636000
2023-05-25,399.013700,64.862100,35.586300,86.643500,88.348400,97.613900,92.521100,61.278100,71.443900,69.448300,19.670100,180.200000,24.873100,79.688100
2023-05-26,404.181200,65.497600,36.217800,86.804700,89.062000,97.731800,92.913800,61.652900,71.741900,70.245600,19.985200,180.920000,24.864400,79.705500
2023-05-30,404.335100,64.834800,35.799900,87.485300,89.951800,98.121900,93.612000,61.919400,72.286900,70.511300,19.521200,182.040000,24.838300,79.714200
2023-05-31,402.093000,64.163000,35.465600,87.816700,90.735900,98.248900,93.917400,61.727800,72.193200,70.865600,19.302400,182.320000,24.881800,79.731600
2023-06-01,405.913300,65.116300,36.097100,88.060500,91.091900,98.406000,94.205200,62.098600,72.674300,70.874500,19.617500,183.760000,24.586100,79.775800
2023-06-02,411.783300,65.960700,36.719300,87.360300,90.093700,97.923700,93.951300,62.416700,72.563200,72.601800,19.871400,181.050000,24.847000,79.784500
2023-06-05,410.994200,65.579300,36.710000,87.333400,89.925900,98.051100,93.750000,62.366500,72.802600,72.096900,19.818900,182.140000,24.803500,79.784500
2023-06-06,411.889100,66.124100,37.035000,87.387200,90.455900,98.105700,93.933800,62.466900,72.930900,72.787900,19.845100,182.340000,24.881800,79.802000
2023-06-07,410.464900,65.542500,36.875900,86.749900,89.113200,97.650800,93.093300,62.123700,72.503300,74.125500,19.923900,180.150000,24.890500,79.810700
2023-06-08,412.947600,66.236000,37.138000,87.333400,90.155600,98.133000,93.715000,62.517100,72.913800,73.664800,19.958900,182.530000,24.690500,79.854300
2023-06-09,413.688600,66.125000,37.306400,87.019200,90.031900,97.860100,93.469800,62.533800,72.828300,73.239600,19.836400,182.040000,24.768700,79.863000
2023-06-12,417.441500,66.411600,37.381300,87.162800,90.296900,97.941900,93.767500,62.466900,73.230100,73.257400,19.565000,181.880000,24.777400,79.871800
2023-06-13,420.193700,67.040300,37.755700,86.543400,89.404700,97.441500,93.347200,62.542200,73.119000,73.726800,19.827600,180.540000,24.699200,79.889200
2023-06-14,420.694100,67.290000,38.036500,86.660100,90.120200,97.687200,93.636200,62.567300,73.272900,74.001400,19.871400,180.640000,24.577400,79.906700
2023-06-15,425.909700,68.001900,38.392100,87.333400,90.985900,98.305900,94.450400,62.868600,73.649100,74.391200,20.291600,181.910000,24.438300,79.941500
2023-06-16,424.459300,67.854000,38.261100,86.956400,90.632600,98.051100,94.284000,62.709600,73.358400,74.338100,20.545400,181.630000,24.481700,79.950300
2023-06-20,422.257100,66.957100,37.512300,87.216700,91.259800,98.260400,94.625500,62.542200,73.392600,73.461100,20.361600,179.750000,24.551300,79.967700
2023-06-21,420.093600,67.058800,37.334500,87.297500,91.480600,98.269500,94.520400,62.383200,73.777400,73.018200,20.659200,179.490000,24.438300,79.967700
2023-06-22,421.610000,66.642800,37.203500,86.803800,90.376400,97.923700,94.030100,62.199100,73.495200,71.972900,20.274100,177.710000,24.525200,80.002600
2023-06-23,418.422600,65.607300,36.660600,87.162800,91.277400,98.160300,94.292800,62.090300,73.580700,70.980800,20.055200,178.200000,24.655700,80.011300
2023-06-26,416.713100,65.690500,36.782300,87.378300,91.374600,98.205800,94.397900,62.123700,73.811600,72.619600,20.081500,178.510000,24.629600,80.020100
2023-06-27,421.281600,66.263700,37.156700,87.073100,91.136100,97.932800,94.292800,62.333000,73.811600,73.514200,19.757600,177.690000,24.568700,80.037500
2023-06-28,421.494100,66.309900,36.932100,87.423100,91.524800,98.133000,94.704300,62.692800,73.862900,73.620500,19.696300,177.280000,24.681800,80.046200
2023-06-29,423.155400,66.217500,36.735500,86.525500,89.872900,97.487000,93.986400,62.525500,73.469600,74.442600,19.705100,177.090000,24.786100,80.072400
2023-06-30,428.148900,67.031100,37.025600,86.714000,90.932900,97.914700,94.678000,62.826800,73.999700,74.854700,19.871400,178.270000,24.681800,80.098600
2023-07-03,428.641500,66.957100,37.437500,86.337700,90.417400,97.799400,94.412900,62.728100,74.142600,75.589300,19.871400,178.470000,24.707900,80.118500
2023-07-05,428.004000,66.208200,37.212800,85.923800,89.558300,97.333200,93.736600,62.534600,73.764900,75.759500,19.993900,177.840000,24.820900,80.127300
2023-07-06,424.652500,65.061800,36.454700,85.222000,88.291600,96.821300,92.788000,62.080200,72.708900,75.177200,19.950200,177.310000,24.760000,80.153600
2023-07-07,423.580400,65.551800,36.866500,85.114000,87.760200,96.757300,92.700200,62.139100,72.623000,75.007000,20.116500,178.640000,24.551300,80.162300
2023-07-10,424.652500,65.736700,36.894600,85.554900,87.875300,96.985800,93.183300,62.450400,72.932100,75.329500,20.160300,178.780000,24.490400,80.179900
2023-07-11,427.356900,66.328400,37.269000,85.734900,88.327100,96.876100,93.622400,62.787000,73.395700,76.404500,20.396600,179.450000,24.429600,80.188600
2023-07-12,430.795400,67.595100,38.102000,86.571700,89.310200,97.945600,94.448100,63.275000,74.271400,76.816600,20.545400,181.880000,24.142600,80.206100
2023-07-13,434.214500,68.676800,38.598000,87.291500,90.249100,98.448400,95.115600,63.653700,75.078400,77.309300,20.834300,182.010000,23.977300,80.241200
2023-07-14,433.944100,68.288500,38.382800,86.859600,89.717700,97.927300,94.377800,63.190900,74.640600,77.157000,20.694300,181.430000,24.020800,80.249900
2023-07-17,435.450900,68.205300,38.429600,87.003600,89.762000,98.110200,94.535900,63.308700,74.752200,76.655300,20.527900,181.560000,23.994700,80.258700
2023-07-18,438.686500,68.649100,38.148800,87.102600,90.169400,98.064500,94.773100,63.485400,75.121400,76.234300,20.799300,183.640000,24.012100,80.258700
2023-07-19,439.662000,68.612100,38.073900,87.399500,91.188000,98.402700,95.308900,63.535900,74.915300,77.094300,20.913100,183.670000,24.107800,80.276200
2023-07-20,436.745100,68.260800,37.793100,86.706700,90.080800,98.366100,94.667700,63.258200,74.460300,76.843400,20.974400,182.740000,24.246900,80.320000
2023-07-21,436.745100,68.399500,37.737000,86.778600,90.107400,98.366100,94.834500,63.418100,74.692100,77.201800,21.088200,182.180000,24.316500,80.320000
2023-07-24,438.696200,68.233000,38.251700,86.571700,89.779700,98.411800,94.720400,63.308700,74.838000,77.837800,21.464600,181.400000,24.403500,80.328800
2023-07-25,439.893800,68.307000,38.569900,86.409700,89.611400,98.238100,94.571000,63.266600,74.743600,77.282400,21.543400,182.410000,24.377400,80.337500
2023-07-26,439.961400,68.491900,38.794600,86.706700,89.700000,98.274700,95.010200,63.519000,74.984000,77.631800,21.438300,183.300000,24.307800,80.346300
2023-07-27,437.044500,68.334700,38.317200,85.761900,87.955000,97.552600,93.850800,63.014200,74.271400,75.947600,21.385800,180.420000,24.533900,80.390100
2023-07-28,441.323300,68.824800,39.243800,86.040800,88.406800,97.927300,94.465600,63.376000,75.172900,75.884900,21.517100,181.860000,24.499100,80.398800
2023-07-31,442.163600,68.843300,39.262500,86.148800,88.619400,97.954800,94.729100,63.527500,75.275900,76.377600,21.604700,182.350000,24.542600,80.407600
2023-08-01,440.898300,67.983400,38.766500,85.645000,87.167200,97.369100,93.785600,63.212800,74.523900,76.252200,21.490900,180.460000,24.655700,80.428400
2023-08-02,434.765100,66.716700,37.839900,85.473600,86.234600,97.195000,93.212700,62.942300,73.989500,75.813200,21.167000,179.600000,24.742600,80.437200
2023-08-03,433.519100,66.531800,37.989700,84.842100,84.245000,96.590500,92.375400,62.739400,73.360300,74.989100,21.368300,179.540000,24.725300,80.472400
2023-08-04,431.558400,66.716700,37.942900,85.744200,85.737200,97.524800,93.336100,63.111400,74.334300,74.379900,21.403300,180.190000,24.603500,80.490000
2023-08-07,435.325300,67.280700,37.886700,85.536700,84.893400,97.607200,93.106900,63.229700,74.092900,75.311600,21.412100,179.780000,24.620900,80.490000
2023-08-08,433.432200,66.873900,37.428100,85.969700,85.879300,97.588900,93.477100,63.365000,74.282500,74.827800,21.385800,178.640000,24.733900,80.507600
2023-08-09,430.534600,66.855400,37.521700,86.023900,86.323400,97.543100,93.565300,63.373500,74.437700,74.818900,21.534600,177.790000,24.751300,80.516400
2023-08-10,430.689100,67.142000,37.577900,85.365300,84.902300,97.039300,92.904200,63.356500,74.153200,74.532200,21.420800,177.600000,24.794800,80.560400
2023-08-11,430.438000,66.689000,37.025600,84.914300,84.706900,96.901900,92.586900,63.263500,73.980900,74.648700,21.385800,177.600000,24.847000,80.569200
2023-08-14,432.814000,66.393100,36.847800,84.779000,84.520300,96.700400,92.551700,63.255100,73.386100,74.156000,21.280800,177.060000,24.934000,80.578000
2023-08-15,427.772200,65.570300,36.426600,84.616600,84.005200,96.398100,92.066900,63.052200,72.765500,73.322900,21.026900,176.590000,24.942700,80.586800
2023-08-16,424.633200,65.034000,36.099100,84.291800,83.347900,96.114200,91.652700,62.857700,72.627600,72.418100,20.939400,175.570000,25.012200,80.604400
2023-08-17,421.397500,64.571800,36.183300,84.183600,82.992700,96.086700,91.405900,62.595700,72.567300,71.835800,20.991900,175.300000,25.003600,80.639600
2023-08-18,421.600300,64.571800,35.940000,84.436200,83.285800,96.251600,91.749700,62.637900,72.550000,72.059800,21.140700,175.330000,25.020900,80.648400
2023-08-21,424.343400,64.812100,36.024200,83.913000,82.175500,95.995100,91.203200,62.621000,72.188000,71.396800,21.088200,175.810000,24.994900,80.657100
2023-08-22,423.194000,64.691900,35.949300,83.949000,82.806100,96.160000,91.485200,62.654800,72.386300,71.602900,21.096900,176.100000,25.081800,80.665900
2023-08-23,427.907400,65.394600,36.520200,84.860200,84.857900,97.030200,92.772000,63.162100,73.549900,72.731600,21.140700,177.890000,24.994900,80.683500
2023-08-24,421.977000,64.497800,36.379900,84.544400,84.298300,96.590500,92.454700,62.815500,73.050000,72.453900,21.158200,177.850000,25.194900,80.709900
2023-08-25,424.951900,64.932300,36.417300,84.517400,84.573600,96.572200,92.507600,63.077600,73.162000,72.507700,21.368300,177.620000,25.229700,80.727500
2023-08-28,427.646700,65.616500,36.772900,84.751900,84.662500,96.627100,92.798500,63.314300,73.394700,73.188500,21.333300,178.130000,25.186200,80.745100
2023-08-29,433.828200,66.430100,37.240900,85.356300,85.541800,97.103400,93.538800,63.711600,74.153200,74.075400,21.412100,179.870000,25.047000,80.736300
2023-08-30,435.615100,66.393100,37.119200,85.347300,85.453000,96.956900,93.406600,63.686300,73.955000,74.344100,21.438300,180.320000,25.003600,80.753900
2023-08-31,434.977600,66.134300,36.660600,85.518700,85.834900,97.158400,93.565300,63.644000,73.886000,73.797600,21.525900,180.020000,25.125300,80.806700
2023-09-01,435.788900,66.097300,37.091200,84.995700,84.497700,96.656100,92.899600,63.763500,73.703200,73.923100,21.779700,180.110000,25.281900,80.819700
2023-09-05,433.905500,65.524100,36.791700,84.480200,83.312900,96.463200,92.236200,63.347300,72.984800,73.063100,21.884800,178.640000,25.412300,80.837400
2023-09-06,430.988600,65.385400,36.585800,84.263200,83.517800,96.316200,92.147700,63.194400,72.872200,72.910800,21.937300,177.830000,25.421000,80.837400
2023-09-07,429.665300,65.172700,36.155200,84.552600,83.749400,96.665300,92.554600,63.406700,73.261800,73.367700,21.893500,178.020000,25.481900,80.881500
2023-09-08,430.312500,65.080300,36.230100,84.570700,84.070100,96.885800,92.625400,63.381300,73.322300,73.081000,21.937300,178.080000,25.508000,80.890400
2023-09-11,433.142400,65.755200,36.679400,84.426000,83.464300,96.793900,92.448500,63.491700,73.209800,73.089900,22.068600,178.410000,25.386200,80.890400
2023-09-12,430.766400,65.487100,36.567000,84.543500,83.945400,96.839900,92.421900,63.389700,73.261800,73.054100,22.147400,177.490000,25.429700,80.916900
2023-09-13,431.268700,65.283700,36.520200,84.643000,83.927500,96.968500,92.625400,63.559600,73.305000,72.256800,22.217400,177.080000,25.447100,80.925700
2023-09-14,434.987200,66.143500,36.763600,84.453100,83.321800,96.812300,92.457300,63.636100,73.331000,73.564700,22.401300,177.170000,25.603600,80.952200
2023-09-15,429.746500,65.995600,36.623200,84.190800,82.814000,96.573400,92.315800,63.398200,73.088600,73.287000,22.348800,178.340000,25.586200,80.969900
2023-09-18,429.998600,65.764400,36.576400,84.272200,83.286100,96.775600,92.492700,63.440700,73.131900,72.633100,22.340000,179.390000,25.542800,80.978700
2023-09-19,429.106800,65.819900,36.361100,83.964700,82.671400,96.499900,92.183100,63.245400,73.045400,72.301600,22.357500,179.220000,25.560200,80.987600
2023-09-20,425.161900,65.662700,36.211400,83.901400,82.929800,96.297800,92.218500,63.194400,72.984800,72.364300,22.173700,179.350000,25.603600,80.996400
2023-09-21,418.134700,64.571800,35.584300,83.277400,80.800600,95.792500,91.289800,62.744200,72.249000,69.900800,22.103600,178.050000,25.621000,81.040600
2023-09-22,417.194500,64.627200,36.005500,83.602900,81.451000,96.123200,91.847000,62.854600,72.543300,69.372300,22.121100,178.620000,25.681900,81.049400
2023-09-25,418.948800,64.340600,35.846400,82.988000,79.446500,95.397400,90.953700,62.769700,72.127900,69.309600,22.016100,177.700000,25.777600,81.058200
2023-09-26,412.794000,63.508500,35.341000,82.960800,79.170400,95.158500,90.697200,62.497900,71.647500,68.046500,21.989800,176.280000,25.855800,81.067100
2023-09-27,412.958700,63.388300,35.397100,82.590000,78.760600,95.002300,90.272600,62.413000,71.340200,67.589600,22.112400,174.100000,25.977600,81.093600
2023-09-28,415.352800,63.906100,35.490700,82.816100,79.001100,95.489300,90.431800,62.710200,71.504600,68.238000,22.086100,173.230000,25.838500,81.120100
2023-09-29,414.344800,63.721100,35.518800,82.834200,79.010000,95.296300,90.237200,62.616800,71.426700,68.437000,21.849800,171.450000,25.855800,81.128900
2023-10-02,414.180000,62.787300,35.341000,82.162200,77.687400,94.717900,89.410500,62.237000,70.647300,67.179700,21.683500,169.650000,26.055900,81.141600
2023-10-03,408.635800,62.001500,34.873000,81.482100,76.016200,94.046100,88.380400,61.605200,69.856200,65.868100,21.587200,169.160000,26.082000,81.159400
2023-10-04,411.611400,62.112400,34.770000,81.999000,77.088600,94.460200,89.153000,61.921100,70.186500,66.673100,20.983100,169.140000,26.003700,81.168200
2023-10-05,411.456400,62.657900,34.901100,82.153100,76.704300,94.322200,89.046400,61.980800,70.160500,67.044000,20.860600,168.830000,25.916700,81.221500
2023-10-06,416.341500,63.351300,35.406500,81.672600,75.774900,93.981600,88.780000,62.066200,70.186500,67.224900,20.939400,169.700000,25.864500,81.221500
2023-10-09,419.007000,63.258900,35.238000,82.715300,77.553300,94.911100,89.881100,62.527300,70.534200,67.957600,21.377100,172.820000,25.855800,81.230400
2023-10-10,421.187900,64.128000,35.743400,82.552100,77.446100,94.948000,89.916600,62.510200,70.647300,68.283200,21.324500,172.530000,25.795000,81.230400
2023-10-11,422.913200,64.396100,35.968000,83.005500,79.063600,95.371300,90.467200,62.501700,71.221000,69.468100,21.202000,173.790000,25.795000,81.248100
2023-10-12,420.334900,63.859800,35.565600,82.207600,76.918800,94.763900,89.525900,62.168700,70.473400,68.455100,21.193200,173.260000,26.012400,81.283600
2023-10-13,418.241300,63.268100,35.434600,82.733500,78.295100,95.380500,90.023200,62.117500,70.673300,68.283200,21.753500,178.830000,26.029800,81.301300
2023-10-16,422.641800,63.730400,35.696600,82.243800,77.035000,95.104400,89.401600,62.100400,70.595100,69.097300,21.683500,177.960000,25.916700,81.310200
2023-10-17,422.622400,63.767400,35.603000,81.436800,76.186000,94.644300,88.691200,61.810100,70.256100,68.997800,21.744700,178.290000,25.925400,81.319100
2023-10-18,416.990900,62.657900,35.060200,81.056000,75.515700,94.441800,87.980900,61.511200,69.804000,67.532400,21.937300,180.870000,26.021100,81.328000
2023-10-19,413.327100,62.103200,34.854300,80.657000,73.969700,94.359000,87.270500,61.289200,69.291200,65.931400,22.164900,183.090000,25.942800,81.363500
2023-10-20,408.248100,61.548400,34.433100,81.128500,74.389700,94.644300,87.616800,61.417300,69.673600,65.488200,21.998600,183.590000,25.951500,81.381200
2023-10-23,407.540500,61.594600,34.405000,81.509300,75.283400,94.662700,88.300500,61.664900,70.073500,64.846000,21.858500,182.970000,25.821100,81.390100
2023-10-24,410.613100,61.946000,34.844900,81.654400,76.275400,94.745500,88.797800,61.980800,70.629900,65.678200,21.622200,182.950000,25.968900,81.399000
2023-10-25,404.719900,61.502200,34.386300,80.938100,74.577400,94.349800,87.989700,61.647800,70.099600,64.267100,21.779700,183.720000,26.038500,81.407800
2023-10-26,399.873600,61.058400,34.217800,81.554700,75.721300,94.855900,88.629100,61.861300,70.377800,65.497200,21.595900,184.010000,26.099400,81.443300
2023-10-27,398.061000,60.873500,34.189800,81.681600,75.399600,94.994000,88.451500,61.784500,70.412500,64.448000,21.884800,186.150000,26.064600,81.469900
2023-10-30,402.820100,61.650100,34.545400,81.409600,75.060000,94.846700,88.185100,61.801500,70.595100,64.855000,21.534600,185.100000,25.960200,81.478800
2023-10-31,405.349900,61.872000,34.348900,81.237300,74.693600,94.607400,88.060800,61.963800,70.577700,65.958600,21.455900,184.090000,26.116800,81.478800
2023-11-01,409.672900,62.454500,34.667100,82.172800,76.313100,95.431700,89.321300,62.553900,71.505100,66.365600,21.490900,183.510000,26.125500,81.503500
2023-11-02,417.524000,63.730400,35.275400,82.682000,78.052800,95.866200,90.381900,63.257900,72.221100,68.545500,21.718500,184.120000,25.995000,81.530200
2023-11-03,421.333300,64.405300,35.996100,83.318500,78.581900,96.356100,90.827600,63.875900,72.928400,70.182700,21.604700,184.790000,25.751500,81.539200
2023-11-06,422.302500,64.081700,36.286300,82.836600,77.819600,96.106500,90.346300,63.618400,72.325900,69.169700,21.692200,183.350000,25.777600,81.548100
2023-11-07,423.504400,63.693400,36.220700,83.309400,78.967500,96.365400,91.068200,63.627000,72.570400,68.599800,21.228200,182.590000,25.864500,81.565900
2023-11-08,423.814600,63.610200,35.977400,83.645800,80.312600,96.578000,91.531700,63.661300,72.710100,68.825900,20.991900,180.770000,25.855800,81.574800
2023-11-09,420.509400,63.601000,35.640500,82.818400,78.465300,95.764500,90.604700,63.266400,71.967900,67.740500,20.939400,181.490000,25.968900,81.619400
2023-11-10,427.071400,63.887600,35.893200,82.909300,78.904700,95.801500,91.059300,63.575500,72.282200,68.373700,21.044400,179.510000,25.951500,81.628300
2023-11-13,426.664300,64.054000,35.883800,82.863800,78.725300,95.736800,91.068200,63.515400,71.898000,67.803800,21.350800,180.510000,25.916700,81.637200
2023-11-14,434.941800,65.690500,36.838500,84.109600,80.509900,96.522500,92.494200,64.159200,73.146700,71.566700,21.315800,182.120000,25.508000,81.646100
2023-11-15,435.862700,65.588800,37.147300,83.454900,79.380000,96.106500,92.012900,63.953200,72.692600,71.774700,21.175700,181.640000,25.603600,81.663900
2023-11-16,436.395800,65.542500,36.791700,84.082300,80.366400,96.457800,92.770500,64.039000,73.295100,71.620900,20.668000,183.690000,25.621000,81.699600
2023-11-17,436.938600,66.430100,36.838500,84.136800,80.743000,96.559500,93.037900,64.185000,73.530900,71.566700,20.965600,183.670000,25.481900,81.717400
2023-11-20,440.301900,66.679800,37.297100,84.255100,81.236200,96.846000,93.412200,64.253600,73.993700,72.091300,21.228200,183.370000,25.403600,81.717400
2023-11-21,439.342300,66.420900,37.063100,84.364200,81.200400,96.642700,93.438900,64.339500,73.993700,71.584800,21.350800,185.350000,25.429700,81.744200
2023-11-22,441.038600,66.578100,36.988200,84.336900,81.487300,96.735100,93.813300,64.451100,74.360400,71.937500,21.167000,184.560000,25.516700,81.779800
2023-11-24,441.310000,67.086600,37.006900,83.900400,80.527800,96.328400,93.332000,64.382400,74.212000,72.145600,21.026900,185.520000,25.403600,81.788700
2023-11-27,440.515200,66.855400,36.857200,84.536900,81.872900,96.642700,94.089500,64.476800,74.535100,72.407900,20.886800,186.770000,25.351400,81.797600
2023-11-28,440.951300,66.873900,37.166000,84.909700,82.034300,97.021700,94.463900,64.760100,74.919300,72.887300,21.140700,189.260000,25.264500,81.815500
2023-11-29,440.641200,67.012600,36.950800,85.355300,83.065600,97.409900,95.230300,65.112100,75.513000,73.393800,21.289500,189.540000,25.290500,81.824400
2023-11-30,442.376200,66.957100,37.025600,84.937000,82.106100,97.234300,94.731200,64.991900,74.980400,73.927500,20.930600,188.750000,25.473200,81.860000
2023-12-01,444.993200,67.659800,37.184800,85.738400,83.652500,97.730600,95.871500,65.529900,76.130800,75.745600,20.834300,192.010000,25.394900,81.877200
2023-12-04,442.657300,67.132800,36.763600,85.382800,83.319600,97.322900,95.433100,65.366000,75.604900,76.297400,20.694300,187.860000,25.508000,81.877200
2023-12-05,442.570000,66.892400,36.539000,85.984500,85.109800,97.851100,96.193500,65.426400,76.043200,75.790800,20.510400,187.150000,25.603600,81.895100
2023-12-06,440.786600,67.095800,36.492200,86.340100,86.243300,97.953000,96.551400,65.435000,76.463900,75.564700,20.011500,187.840000,25.664500,81.904100
2023-12-07,444.149900,67.419400,36.670000,86.212500,85.748500,97.869600,96.560300,65.547100,76.385000,75.781800,20.046500,188.150000,25.525400,81.939900
2023-12-08,446.059400,67.622800,36.510900,85.656300,85.046800,97.749100,96.041400,65.417800,76.122000,75.655200,20.134000,185.640000,25.621000,81.957800
2023-12-11,447.794400,67.789200,36.726100,85.665400,84.866900,97.545300,96.014600,65.374700,75.999300,75.863200,20.064000,183.590000,25.655800,81.975700
2023-12-12,449.839600,67.909400,36.735500,85.847800,85.118800,97.489700,96.560300,65.521300,76.157100,75.818000,19.757600,183.490000,25.586200,81.975700
2023-12-13,456.042900,68.898700,37.100500,87.124200,87.115900,98.814800,98.179500,66.521600,77.419400,78.721500,19.985200,187.630000,25.368800,81.984600
2023-12-14,457.506500,69.407200,37.643400,87.848100,89.382000,99.898900,99.223300,66.814900,78.224200,80.991900,20.317800,188.730000,25.134000,82.020500
2023-12-15,456.753300,68.732300,37.418700,87.774900,89.481300,99.732100,99.079700,66.667600,78.118500,79.852200,20.352900,187.000000,25.299200,82.047300
2023-12-18,459.322600,68.898700,37.400000,87.582900,88.768300,99.435600,98.666700,66.710900,78.136100,79.671300,20.498900,187.850000,25.295500,82.057500
2023-12-19,462.115700,69.481200,37.718200,87.747500,89.246600,99.500500,98.792400,66.901600,78.329800,80.277300,20.655000,189.130000,25.184500,82.057500
2023-12-20,455.712000,68.780000,37.039300,88.177300,89.851300,99.898900,99.052800,66.910200,78.338600,79.300400,20.416200,188.100000,25.295500,82.075500
2023-12-21,460.033000,69.894100,37.735400,88.040100,89.282700,99.732100,99.016900,67.213500,78.479400,80.004000,20.453000,189.430000,25.129000,82.129500
2023-12-22,460.957600,69.959600,37.554200,87.957800,88.876600,99.537500,98.846300,67.135500,78.373800,80.315300,20.416200,190.270000,25.119800,82.138500
2023-12-26,462.904000,70.277900,37.849800,88.012700,89.129300,99.593100,99.052800,67.265500,78.655500,80.910500,20.618300,191.720000,25.064200,82.156500
2023-12-27,463.740900,70.652300,38.069200,88.698500,90.708600,100.047200,99.977500,67.542800,78.937100,81.304200,20.526400,192.590000,24.934700,82.156500
2023-12-28,463.916100,70.465100,38.364800,88.360100,90.049800,99.722800,99.717100,67.326200,78.717100,81.881100,20.351900,191.470000,25.018000,82.210500
2023-12-29,462.573100,70.540000,38.345700,88.140700,89.237600,99.602400,99.349000,67.066200,78.391400,80.910500,20.241700,191.170000,25.064200,82.210500
2024-01-02,459.984400,69.753600,37.897500,87.811500,88.723200,99.463400,98.675700,66.840900,77.616800,81.606400,20.076400,190.720000,25.277000,82.219500
2024-01-03,456.227800,69.229400,37.687700,88.021800,89.093200,99.620900,98.451200,66.658900,77.317500,79.656000,20.333600,189.130000,25.360300,82.246400
2024-01-04,454.758300,69.388500,37.563800,87.491400,87.739500,99.157600,97.903600,66.398900,76.965500,79.509500,20.223400,189.320000,25.360300,82.273400
2024-01-05,455.381100,69.435300,37.611400,87.171400,86.900200,98.935200,97.553500,66.450900,76.727800,79.308000,20.324400,189.350000,25.360300,82.282400
2024-01-08,461.882100,70.174900,37.716300,87.464000,87.757500,99.203900,98.298600,66.823600,76.824600,80.443500,20.030500,187.870000,25.314000,82.291400
2024-01-09,461.181400,69.547700,37.182300,87.427400,87.198000,99.009300,98.469200,66.927600,76.525400,79.903200,20.177400,187.930000,25.397300,82.300400
2024-01-10,463.789600,69.997000,37.096500,87.290300,86.791900,98.926000,98.343500,67.048900,77.071100,79.994800,20.039700,187.500000,25.351100,82.318400
2024-01-11,463.585200,69.987700,37.249100,87.756600,87.279200,99.454100,98.936100,67.265500,77.766400,79.253100,20.186600,187.870000,25.369600,82.363400
2024-01-12,463.906400,70.277900,37.382600,87.994400,87.107700,99.880400,99.151500,67.334900,77.907300,79.729200,20.260100,189.710000,25.397300,82.381400
2024-01-16,462.203300,69.098300,36.476600,87.281100,85.573500,99.370700,98.146000,66.910200,77.185500,79.143200,20.085600,187.910000,25.619400,82.390400
2024-01-17,459.634000,68.443000,35.933000,86.997700,85.438100,99.064900,97.939500,66.624200,76.895000,77.696400,20.058000,185.840000,25.637900,82.408400
2024-01-18,463.721500,69.051500,36.228700,86.805600,84.644000,99.092700,97.751000,66.762900,76.974300,77.275200,20.186600,187.370000,25.665600,82.444300
2024-01-19,469.502300,69.210600,36.610100,86.814800,84.914700,99.166900,97.849700,66.875600,77.009500,78.200000,20.149900,187.930000,25.628600,82.453300
2024-01-22,470.495000,69.426000,36.285900,87.080000,85.420100,99.213200,98.119100,66.927600,77.062300,78.667000,20.232500,187.220000,25.637900,82.462300
2024-01-23,471.867200,69.229400,36.600600,86.860500,84.743200,98.888900,97.760000,66.849600,76.666200,78.126800,20.342800,187.950000,25.702600,82.471300
2024-01-24,472.383000,69.753600,37.010600,86.613600,84.246900,98.657200,97.571400,66.814900,76.454900,77.009600,20.517300,186.400000,25.628600,82.480300
2024-01-25,474.952200,69.950200,37.058300,86.988500,84.797400,98.990800,98.217800,67.326200,77.000700,77.998600,20.673400,187.140000,25.702600,82.525300
2024-01-26,474.348800,70.259200,37.086900,86.833100,84.634900,98.898200,97.939500,67.274200,77.115100,77.778800,20.765200,187.010000,25.702600,82.534300
2024-01-29,478.105400,70.671100,37.106000,87.354300,85.609600,99.333700,98.343500,67.421500,77.405600,78.291600,20.590700,188.330000,25.702600,82.543300
2024-01-30,477.735600,70.577500,36.810400,87.473200,86.385700,99.287300,98.657700,67.334900,77.581600,77.559100,20.728500,188.590000,25.684100,82.552300
2024-01-31,469.940200,70.221700,36.610100,88.204700,87.234100,99.936000,98.909100,67.144200,77.440800,76.817300,20.508100,188.450000,25.748900,82.561300
2024-02-01,476.090900,70.914500,36.963000,88.750900,88.945300,100.112000,99.673700,67.530700,78.092400,78.209200,20.260100,190.410000,25.619400,82.603200
2024-02-02,481.102900,70.352800,36.858100,87.595900,86.980600,99.148300,98.763700,67.225900,77.464900,77.238600,20.030500,188.610000,25.850700,82.621200
2024-02-05,479.351100,69.978300,36.905700,86.743400,85.224100,98.592400,97.817700,66.912400,76.810800,75.617800,20.113200,187.570000,25.989500,82.621200
2024-02-06,480.742800,70.408900,37.744900,87.210900,86.057100,98.926000,98.367300,67.156300,77.509100,76.634200,20.186600,188.550000,25.915400,82.639300
2024-02-07,484.752400,70.371500,37.792600,87.055100,85.640600,98.740600,98.079000,67.269500,77.403000,76.524300,20.278500,188.500000,25.887700,82.648300
2024-02-08,484.966500,70.249800,37.582800,86.770900,85.142600,98.666500,97.574400,67.234600,77.305800,77.147000,20.388700,188.330000,25.915400,82.684500
2024-02-09,487.769300,70.493200,37.744900,86.615100,84.970600,98.527500,97.448300,67.374000,77.332300,77.266000,20.443800,187.600000,25.896900,82.693500
2024-02-12,487.555200,70.614900,38.040600,86.697600,85.070200,98.564600,97.457300,67.225900,77.403000,77.284300,20.453000,187.110000,25.924700,82.711600
2024-02-13,480.840100,69.528900,37.325300,85.744300,83.612500,97.934500,96.385200,66.686000,76.448400,75.691000,20.333600,184.530000,26.128200,82.711600
2024-02-14,485.209800,70.306000,37.859400,86.065100,84.038100,98.351400,96.835600,66.947200,76.969900,76.286200,20.140700,184.420000,26.082000,82.729700
2024-02-15,488.557600,71.101700,38.040600,86.303400,84.472600,98.471900,97.187000,67.182400,77.597400,78.062700,20.186600,185.660000,25.980200,82.774800
2024-02-16,486.124600,71.214000,38.221800,85.927600,83.983700,98.370000,96.835600,66.982100,77.067100,77.256900,20.232500,186.340000,25.989500,82.792900
2024-02-20,483.448300,71.504300,38.279000,86.074300,84.056200,98.416300,97.160000,67.121400,77.058300,77.119500,20.122300,187.470000,25.952500,82.802000
2024-02-21,483.886200,71.560400,38.345700,85.799300,83.458600,98.305100,96.916700,66.999500,76.996400,77.549900,20.205000,187.480000,25.924700,82.811000
2024-02-22,493.900500,72.365500,38.736700,85.808400,83.866000,98.175400,97.069900,67.321700,77.482500,77.696400,20.260100,187.560000,25.924700,82.856200
2024-02-23,494.241100,72.459100,38.717700,86.202600,84.988700,98.425600,97.358200,67.365300,77.915700,77.659800,19.966200,188.620000,25.943200,82.865200
2024-02-26,492.431000,72.356200,38.546000,86.074300,84.735200,98.388500,97.051900,67.147500,77.694700,76.808200,20.149900,188.200000,25.896900,82.865200
2024-02-27,493.345800,72.552800,38.622300,85.881800,84.137700,98.268100,96.916700,67.234600,77.624000,76.899800,20.306000,188.000000,25.915400,82.883300
2024-02-28,492.693700,72.131500,38.116900,86.193400,84.671800,98.583100,96.907700,67.225900,77.783100,77.678100,20.223400,188.340000,25.933900,82.892300
2024-02-29,494.464900,72.318700,38.135900,86.367600,85.269400,98.888900,96.997800,67.347900,78.048200,78.337400,20.195800,189.310000,25.989500,82.928500
2024-03-01,499.107100,73.020800,38.603200,86.762100,85.800700,99.259500,97.588500,67.600300,78.506100,79.271400,20.296800,192.890000,25.943200,82.951200
2024-03-04,498.571900,72.833600,38.517400,86.569100,85.455600,99.176100,97.407600,67.582800,78.435000,80.013100,20.361100,196.010000,25.943200,82.960300
2024-03-05,493.589100,72.702500,38.174100,87.102200,86.672600,99.630200,97.941200,67.530200,78.603700,79.042500,20.205000,197.190000,25.915400,82.960300
2024-03-06,496.090200,73.563800,38.727200,87.313600,87.181200,99.667200,98.203400,67.696700,78.896700,79.436200,20.370300,198.810000,25.822900,82.978500
2024-03-07,501.014600,74.434400,38.965600,87.460600,87.099500,99.611700,98.447600,67.775500,79.109800,79.417900,20.425400,199.940000,25.693400,83.014700
2024-03-08,498.007400,74.191000,38.927500,87.525000,86.945100,99.695000,98.583200,67.793000,79.198500,80.333600,20.361100,201.630000,25.702600,83.023800
2024-03-11,497.579200,73.769800,39.013300,87.414700,86.899700,99.519000,98.601300,67.784200,79.074200,79.949000,20.535600,202.000000,25.730400,83.032900
2024-03-12,502.931800,74.359600,39.442400,87.056200,86.173100,99.324400,98.284800,67.845600,78.967700,79.775000,20.480500,199.790000,25.748900,83.060100
2024-03-13,502.143500,74.368900,39.318400,86.863200,85.755300,99.185400,98.185300,67.871800,79.047600,79.372100,20.765200,201.190000,25.721100,83.060100
2024-03-14,501.150900,73.825900,39.118200,86.219800,84.438400,98.583100,97.461900,67.547800,78.648100,78.181700,20.829500,200.350000,25.859900,83.096400
2024-03-15,497.709600,73.854000,38.879800,86.072800,84.411100,98.518200,97.489000,67.504000,78.399500,78.007700,20.903000,199.710000,25.887700,83.114500
2024-03-18,500.667600,73.835300,38.946500,85.971700,84.156800,98.425600,97.326300,67.661600,78.443900,78.044400,21.095900,200.030000,25.943200,83.123600
2024-03-19,503.449800,73.966400,38.755800,86.219800,84.392900,98.564600,97.606600,67.933100,78.807900,78.016900,21.086700,199.800000,26.008000,83.141700
2024-03-20,508.106400,74.752700,39.194500,86.422000,84.365700,98.953800,97.787400,68.160900,79.180800,78.529700,21.031600,202.180000,25.887700,83.150800
2024-03-21,509.785500,74.715300,39.242200,86.431200,84.547300,99.129800,97.932100,68.125800,79.456000,79.097400,21.004000,201.970000,26.063500,83.178000
2024-03-22,508.819100,74.556100,38.965600,86.854000,85.355700,99.472700,98.266700,68.055800,79.713400,78.102200,20.857100,200.350000,26.202300,83.187100
2024-03-25,507.413300,74.397000,38.994200,86.624200,84.928800,99.157600,97.932100,67.950700,79.651300,77.622000,21.031600,200.990000,26.137500,83.205200
2024-03-26,506.476100,74.481300,38.965600,86.752900,85.164900,99.185400,97.905000,67.871800,79.642400,77.308000,20.866200,201.640000,26.156000,83.214300
2024-03-27,510.732500,74.930600,39.032400,87.083800,86.009600,99.491200,98.583200,68.230900,79.970900,79.302800,20.847900,203.100000,26.174500,83.268700
2024-03-28,510.634800,74.762100,39.175400,87.001100,85.936900,99.528300,98.492800,68.082000,79.606900,79.866200,21.095900,205.720000,26.248500,83.268700
2024-04-01,509.746500,74.443800,39.242200,86.216800,84.341200,98.884100,97.554400,67.808000,79.266900,78.527000,21.196900,207.820000,26.350300,83.292800
2024-04-02,506.505400,73.919600,39.366100,86.032400,83.876500,98.912000,97.409200,67.693600,79.302600,77.538900,21.389700,210.890000,26.313300,83.311000
2024-04-03,507.061800,74.331500,39.394700,86.133800,83.858200,98.912000,97.472700,67.746400,79.472000,77.622000,21.646900,212.740000,26.193000,83.311000
2024-04-04,500.872600,73.694900,39.251700,86.428800,84.459700,99.282800,97.581600,67.693600,79.436300,77.123300,21.702000,211.520000,26.193000,83.347400
2024-04-05,506.105100,73.928900,39.337500,85.857300,83.284100,98.865600,97.155000,67.631900,79.561100,77.520400,21.812200,215.140000,26.220800,83.365700
2024-04-08,506.388200,74.294000,39.595000,85.663700,83.275000,98.828500,97.145900,67.790400,79.587900,78.351600,21.803000,216.480000,26.183800,83.374800
2024-04-09,506.974000,74.284700,39.862000,86.004800,84.049600,99.088100,97.645200,67.931300,80.122700,79.395200,21.683600,217.670000,26.174500,83.383900
2024-04-10,501.897600,73.301700,39.318400,84.861700,82.217900,98.133100,96.256300,67.332600,78.856900,76.107400,21.793800,215.610000,26.452100,83.402100
2024-04-11,505.685400,73.498300,39.556900,84.741900,81.844300,98.049700,96.056600,67.271000,78.625100,76.366000,21.757100,219.800000,26.470600,83.429400
2024-04-12,498.705300,72.309400,38.650900,85.092200,82.281700,98.392700,96.274500,67.235800,78.402200,75.461000,21.784700,216.890000,26.683400,83.438600
2024-04-15,492.457500,72.094000,38.403000,84.548300,81.005900,98.077500,95.212400,66.848400,77.493000,74.177300,21.812200,220.950000,26.729600,83.456800
2024-04-16,491.559400,71.382600,37.897500,84.216400,80.468200,97.678800,94.894700,66.628300,77.252300,73.133700,21.775500,221.220000,26.766600,83.465900
2024-04-17,488.650200,71.429400,37.868900,84.751100,81.361300,98.059000,95.412100,66.716300,77.858500,72.598000,21.435700,219.590000,26.683400,83.475000
2024-04-18,487.644700,71.232800,38.021500,84.456100,80.951200,97.929100,95.221500,66.769200,77.796100,72.607300,21.426500,220.340000,26.738900,83.520600
2024-04-19,483.388300,71.260900,37.868900,84.566700,81.242800,98.077500,95.321400,66.892400,78.018900,72.958200,21.527500,221.030000,26.738900,83.529700
2024-04-22,487.839900,72.094000,38.279000,84.576000,81.106100,98.086800,95.557400,67.262200,78.437900,73.604700,21.527500,215.570000,26.748100,83.547900
2024-04-23,493.629000,72.880400,38.593700,84.686600,81.133400,98.179500,95.720800,67.535100,78.544900,74.278800,21.619300,215.040000,26.637100,83.557000
2024-04-24,493.394700,72.740000,38.727200,84.428500,80.559300,97.975500,95.348600,67.385400,77.983300,74.417400,21.591800,214.640000,26.664900,83.557000
2024-04-25,491.520300,72.403000,38.813000,84.105800,79.994300,97.827200,95.067200,67.244600,77.760400,73.992600,21.711200,215.920000,26.609400,83.602500
2024-04-26,496.176900,72.983400,39.261200,84.336300,80.413500,98.077500,95.430300,67.455900,78.099200,74.029500,21.729600,216.620000,26.729600,83.602500
2024-04-29,497.934100,73.264200,39.642700,84.677400,81.087900,98.318600,95.829700,67.658400,78.482500,74.786800,21.711200,216.180000,26.646400,83.620800
2024-04-30,490.046200,72.337400,39.089600,84.281000,80.395300,97.845700,95.303200,67.165300,77.689100,73.521600,21.435700,211.870000,26.812900,83.629900
2024-05-01,488.455000,72.178300,39.127700,84.614600,80.987900,98.007500,95.699700,67.519200,78.011900,73.549300,21.123400,213.790000,26.785200,83.645900
2024-05-02,493.023700,73.151900,40.138600,85.012200,81.335400,98.362100,96.292000,67.935100,78.647400,74.583600,21.196900,213.130000,26.581600,83.691700
2024-05-03,499.134900,73.882100,40.501000,85.483700,82.158400,98.866100,96.966400,68.218300,79.291900,75.082300,21.224400,212.960000,26.507600,83.700800
2024-05-06,504.289400,74.387600,40.539100,85.557600,82.478500,98.912800,97.239800,68.298000,79.515700,75.147000,21.463200,215.200000,26.535300,83.700800
2024-05-07,504.845800,74.584200,40.310200,85.779500,82.981500,98.894100,97.285400,68.306800,79.578400,75.858100,21.444800,214.210000,26.609400,83.710000
2024-05-08,504.894600,74.500000,40.319800,85.539200,82.478500,98.782100,97.039300,68.147500,79.283000,75.220800,21.334600,213.580000,26.646400,83.728300
2024-05-09,507.803800,75.071000,40.443700,85.798000,82.880900,99.136800,97.194200,68.165200,79.551500,76.763100,21.417300,216.950000,26.553800,83.774000
2024-05-10,508.457800,75.211500,40.529600,85.520700,82.414500,98.978100,96.884400,68.059000,79.363500,76.550700,21.380600,218.710000,26.590900,83.774000
2024-05-13,508.526200,75.211500,40.834700,85.622400,82.624800,99.015400,96.920800,68.041300,79.444100,76.800100,21.518300,216.260000,26.581600,83.792300
2024-05-14,510.859400,75.773200,41.054100,85.872000,83.091200,99.202100,97.203400,68.147500,79.623100,77.391100,21.426500,218.090000,26.526100,83.801500
2024-05-15,517.185300,76.578300,41.492700,86.519200,84.225200,99.706100,98.069100,68.545800,80.455600,78.462400,21.500000,220.890000,26.359500,83.810600
2024-05-16,516.121200,76.166400,41.578600,86.352800,84.142900,99.566100,97.914200,68.386500,80.187100,78.407000,21.555100,220.030000,26.424300,83.847200
2024-05-17,516.863200,76.428500,41.759800,86.084600,83.575900,99.472800,97.686400,68.395400,80.034900,78.397800,21.775500,223.660000,26.424300,83.856400
2024-05-20,517.458700,76.484600,41.607200,85.955200,83.329000,99.435400,97.640800,68.430800,80.043800,77.936000,21.968300,224.560000,26.461300,83.874700
2024-05-21,518.727800,76.362900,41.349700,86.177100,83.758800,99.622100,97.804800,68.377700,80.106500,77.908300,21.876500,224.230000,26.461300,83.883800
2024-05-22,517.234100,75.642100,41.216200,86.066100,83.859400,99.603400,97.659000,68.227200,79.846900,77.206400,21.564200,220.110000,26.544600,83.902100
2024-05-23,513.456100,75.258300,40.911000,85.761000,83.319800,99.220800,97.230700,67.988200,79.300900,75.544100,21.454000,215.720000,26.600100,83.957000
2024-05-24,516.853400,75.876100,41.025500,85.872000,83.566800,99.342100,97.495000,68.227200,79.614200,75.599500,21.601000,215.920000,26.516800,83.966200
2024-05-28,517.214600,75.848100,40.968200,85.391200,82.368800,99.043400,96.911700,67.952800,79.139800,75.100800,21.986700,218.190000,26.479800,83.957000
2024-05-29,513.592800,74.649800,40.357900,84.975200,81.372000,98.810100,96.392300,67.749300,78.853300,74.371200,21.757100,216.160000,26.627900,83.975300
2024-05-30,510.185800,75.277000,40.243500,85.400500,82.158400,99.192800,96.984600,68.023600,79.327700,75.461000,21.472400,216.570000,26.544600,83.993600
2024-05-31,514.832600,75.997800,39.852500,85.798000,82.716300,99.584800,97.413000,68.262600,79.712600,76.873900,21.371400,215.300000,26.526100,84.011900
2024-06-03,515.252400,76.213200,40.272100,86.360400,84.054200,100.004600,98.084900,68.474300,80.074600,76.698500,21.068300,217.220000,26.387300,84.025700
2024-06-04,515.828400,76.119500,39.709400,86.833300,85.036000,100.314700,98.469100,68.438700,80.128600,77.289500,20.857100,215.270000,26.396600,84.044100
2024-06-05,521.959100,76.653200,40.348400,87.148600,85.660000,100.568400,98.798400,68.661000,80.344300,77.197200,20.930500,217.820000,26.433600,84.053300
2024-06-06,521.949300,76.915300,40.548600,87.111500,85.531500,100.483800,98.734400,68.545400,80.155500,77.344900,21.206100,219.430000,26.396600,84.062500
2024-06-07,521.314800,76.082100,40.090900,86.193500,83.962400,99.656900,97.847100,68.367600,79.526400,76.615400,20.903000,211.600000,26.618600,84.099300
2024-06-10,522.925500,76.025900,40.329300,86.008000,83.402700,99.515900,97.645800,68.429800,79.508400,76.873900,21.206100,213.540000,26.683400,84.117600
2024-06-11,524.184900,75.162000,40.194900,86.462400,84.265200,99.788500,98.066600,68.518800,79.814000,76.596900,21.178500,214.150000,26.720400,84.126800
2024-06-12,528.490000,76.047800,40.598200,86.944600,84.898400,99.938800,98.670400,68.794400,80.128600,77.280300,21.252000,214.720000,26.600100,84.145200
2024-06-13,529.554100,74.962000,40.502100,87.519500,86.146300,100.333500,99.136900,68.785500,80.344300,77.594300,21.270300,212.970000,26.701900,84.154400
2024-06-14,529.876300,74.133300,40.550100,87.723500,86.871300,100.455700,99.219300,68.518800,80.245400,77.575800,21.187700,215.730000,26.822200,84.200400
2024-06-17,534.093600,74.428600,40.809400,87.315500,86.008700,100.314700,98.752700,68.563200,80.002700,77.271100,21.261200,214.610000,26.757400,84.209500
2024-06-18,535.450500,74.723900,41.183900,87.695700,86.797900,100.718800,99.210100,68.776600,80.533000,77.575800,21.435700,215.470000,26.748100,84.227900
2024-06-20,533.995900,74.771500,41.116700,87.473100,86.219800,100.737600,98.880800,68.732200,80.236400,77.354200,21.481600,218.160000,26.859200,84.246300
2024-06-21,533.280000,74.247600,40.972600,87.491700,86.219800,100.587200,98.908200,68.812200,80.335300,77.548100,21.307100,214.780000,26.923900,84.273900
2024-06-24,531.546500,74.838200,40.972600,87.565900,86.568500,100.643600,99.008800,68.741100,80.371200,78.148400,21.481600,215.630000,26.831400,84.292300
2024-06-25,533.593400,75.019100,40.876600,87.640100,86.715300,100.765800,98.972300,68.830000,80.362200,77.187900,21.279500,214.560000,26.859200,84.292300
2024-06-26,534.259400,74.466700,40.790200,87.111500,85.476500,100.465100,98.432500,68.678800,80.092600,76.947800,21.316300,212.580000,26.988700,84.301400
2024-06-27,535.101700,74.523800,40.819000,87.306200,85.816000,100.653000,98.624600,68.758800,80.164500,77.695900,21.426500,214.990000,26.951700,84.319800
2024-06-28,532.996000,74.609600,40.895800,86.842600,84.219300,100.342900,97.993400,68.589900,79.526400,78.315600,21.334600,215.010000,26.951700,84.347400
2024-07-01,534.092900,74.742900,40.991900,86.196200,82.765800,99.943800,97.411200,68.576400,79.211600,77.576900,21.610200,215.570000,26.960900,84.377100
2024-07-02,537.687200,74.923900,41.116700,86.521800,83.410200,100.132600,98.035400,68.764100,79.599700,77.941600,21.637700,215.560000,26.923900,84.386300
2024-07-03,540.086700,75.781100,41.721600,87.098400,84.505600,100.528900,98.760700,69.005500,80.222600,77.866800,21.757100,217.990000,26.812900,84.414000
2024-07-05,543.201100,76.286000,41.894500,87.582100,85.205200,100.981800,99.274700,69.211100,80.746200,78.081800,21.839800,220.930000,26.720400,84.441700
2024-07-08,543.827900,75.905000,41.904100,87.610000,85.389300,100.944000,99.265600,69.193200,80.728100,78.334300,21.545900,218.190000,26.766600,84.460200
2024-07-09,544.356800,75.600200,42.076900,87.489100,85.011900,100.793100,99.082000,69.112700,80.475400,78.315600,21.398900,218.560000,26.803700,84.460200
2024-07-10,549.743300,76.667000,42.317000,87.572800,85.278900,100.981800,99.320600,69.273600,80.854500,78.895300,21.398900,219.360000,26.775900,84.478600
2024-07-11,545.003200,76.886000,42.566600,88.130900,86.107400,101.283700,99.853100,69.523900,81.323900,81.158000,21.472400,223.250000,26.637100,84.487900
2024-07-12,548.440800,77.705200,42.739500,88.316900,86.475600,101.444100,100.220300,69.702700,81.477300,81.775100,21.389700,223.110000,26.544600,84.524800
2024-07-15,549.949000,77.019400,42.288100,88.037900,85.481400,101.378100,99.669500,69.711600,81.143300,82.326700,21.233600,223.830000,26.590900,84.543200
2024-07-16,553.210300,77.390900,42.528200,88.428500,86.687300,101.689500,100.247800,69.979800,81.504400,83.336500,21.178500,228.290000,26.590900,84.543200
2024-07-17,545.453700,76.981300,41.836800,88.503000,86.705700,101.727200,100.293700,69.899300,81.215600,83.906900,21.178500,227.230000,26.470600,84.570900
2024-07-18,541.261900,76.219300,41.443200,88.251800,86.042900,101.500800,99.862300,69.756300,80.791300,83.168200,21.022400,225.780000,26.590900,84.580200
2024-07-19,537.667600,75.752600,41.039900,87.972800,85.536600,101.255400,99.495100,69.702700,80.574600,83.018600,20.737700,221.730000,26.664900,84.607900
2024-07-22,543.210900,76.552700,41.385500,87.889100,85.288100,101.132800,99.440000,69.961900,80.935700,83.878800,20.792800,221.800000,26.646400,84.626300
2024-07-23,542.358800,76.124000,41.020700,87.954200,85.168400,101.076100,99.366500,69.970800,80.962800,83.813400,20.599900,222.580000,26.692600,84.626300
2024-07-24,530.067700,75.162000,40.425300,87.758800,84.247900,100.774200,98.760700,69.747400,80.439200,82.579200,20.590700,221.800000,26.683400,84.654000
2024-07-25,527.305800,74.685800,40.262100,87.954200,84.938300,101.019500,99.155400,69.756300,80.574600,82.308000,20.636600,218.330000,26.683400,84.654000
2024-07-26,533.211500,75.638300,40.675000,88.372700,85.601100,101.340300,99.706200,69.979800,81.026000,83.747900,20.425400,220.630000,26.664900,84.700200
2024-07-29,533.524900,75.304900,40.540500,88.521600,86.061300,101.444100,99.917400,69.917200,81.161400,84.178000,20.333600,220.320000,26.738900,84.700200
2024-07-30,530.821800,75.476300,40.358100,88.707600,86.392700,101.519600,100.000000,69.953000,81.269700,84.832500,20.269300,222.520000,26.757400,84.709400
2024-07-31,539.450100,76.543100,41.241500,89.358700,87.276500,102.076300,100.578300,70.203200,81.648900,84.533300,20.737700,226.550000,26.609400,84.727800
2024-08-01,531.811000,74.514300,40.521300,89.740400,88.029200,102.211700,100.912300,70.049600,81.604300,85.384200,20.489700,225.770000,26.701900,84.748500
2024-08-02,521.909500,73.342700,39.945200,91.130400,90.772300,102.703100,101.898100,69.816000,82.148300,85.337400,20.113200,225.340000,26.433600,84.794900
2024-08-05,506.709600,71.742500,38.812100,91.223700,91.252600,102.996100,101.640100,69.384700,81.314200,82.897100,20.076400,222.480000,26.285500,84.794900
2024-08-06,511.381200,71.866300,39.033000,90.412100,89.211400,102.400700,100.976800,69.645200,81.042200,84.533300,19.911100,220.700000,26.368800,84.813400
2024-08-07,507.963200,72.209200,39.273100,90.085500,88.583400,102.088800,100.516100,69.780000,81.214500,83.953600,20.094800,220.550000,26.424300,84.832000
2024-08-08,519.705900,73.418900,40.166100,89.815000,88.038400,101.994300,100.562200,70.067600,81.595200,84.776400,20.278500,224.010000,26.461300,84.841200
2024-08-09,521.997600,73.704700,40.386900,90.178800,88.906600,102.258900,101.078100,70.058600,81.957900,85.169100,20.397900,224.560000,26.433600,84.859800
2024-08-12,522.271800,73.638000,40.521300,90.430700,89.229900,102.533000,101.290000,70.103500,82.048600,84.542700,20.682600,228.410000,26.433600,84.887600
2024-08-13,530.861000,74.904800,40.972600,90.831900,89.848700,102.750400,101.999400,70.427000,82.492800,85.281300,20.489700,228.060000,26.294800,84.896800
2024-08-14,532.535700,75.181100,40.751800,90.953200,90.412100,102.693700,102.450900,70.552800,82.674100,85.505700,20.361100,226.200000,26.322500,84.906100
2024-08-15,541.663500,76.095500,41.203100,90.384100,89.682500,102.476300,102.137600,70.615700,82.646900,85.440300,20.526400,226.910000,26.415100,84.915400
2024-08-16,542.877900,76.514600,41.683200,90.561400,89.996500,102.438500,102.441700,70.840300,82.982400,85.393500,20.397900,231.990000,26.285500,84.961700
2024-08-19,548.068600,77.448000,42.086500,90.682600,90.412100,102.504700,102.681200,70.957100,83.236200,86.104100,20.287700,231.610000,26.146700,84.961700
2024-08-20,547.177400,77.209900,41.760000,91.046500,91.132500,102.911000,102.948400,70.894200,83.435700,86.001300,20.205000,232.460000,26.054200,84.980300
2024-08-21,549.057800,77.924300,41.923300,91.233100,91.187900,103.137900,103.178700,71.055900,83.680500,86.459400,20.104000,232.150000,25.971000,84.998800
2024-08-22,544.748500,77.467100,41.404700,90.813200,90.282800,102.816500,102.754900,70.966100,82.982400,86.711900,20.085600,229.370000,26.091200,84.998800
2024-08-23,550.536600,78.886300,42.096100,91.233100,90.873900,103.364700,103.344500,71.343500,83.879900,88.619300,20.443800,232.020000,25.869200,85.035900
2024-08-26,549.224300,78.533900,41.740800,91.121100,90.643000,103.374100,103.215600,71.199700,83.707700,88.581900,20.655000,232.760000,25.924700,85.045200
2024-08-27,549.978400,78.895800,41.798400,91.083800,90.486000,103.374100,103.132600,71.244600,83.598900,88.712800,20.554000,233.390000,25.841400,85.063700
2024-08-28,546.785600,78.619600,41.539200,91.037200,90.375200,103.364700,102.920700,71.208700,83.462900,88.366800,20.306000,231.750000,25.989500,85.073000
2024-08-29,546.834600,78.914900,41.558400,90.878600,90.079600,103.222900,102.745700,71.280600,83.426600,88.095700,20.535600,232.950000,26.082000,85.073000
2024-08-30,552.054700,79.038700,41.644800,90.561400,89.119100,102.892100,102.460100,71.289600,83.499100,88.946500,20.306000,231.290000,26.156000,85.119300
2024-09-03,540.693900,77.790900,40.819000,91.157500,90.572800,103.100100,102.770300,71.039200,83.172500,88.899800,19.901900,230.290000,26.202300,85.154400
2024-09-04,539.587200,77.448000,40.809400,91.690900,91.740300,103.374200,103.408400,71.301000,83.545700,89.152200,19.755000,230.430000,26.072700,85.163700
2024-09-05,538.274800,77.467100,40.867000,91.906100,92.259200,103.440400,103.916900,71.544800,83.864300,88.862400,19.800900,232.350000,26.035700,85.173000
2024-09-06,529.215600,76.009700,40.118000,92.037100,92.249900,103.506600,103.870700,71.454500,83.673200,88.778200,19.534600,230.630000,26.072700,85.219600
2024-09-09,535.140800,76.771700,40.454100,92.168100,92.648400,103.742900,104.101900,71.626100,83.900700,89.769300,19.589700,231.600000,26.183800,85.219600
2024-09-10,537.471800,76.390700,40.300500,92.561100,93.297000,103.969800,104.388500,71.490600,83.964500,91.069000,19.305000,232.620000,26.193000,85.247500
2024-09-11,542.985600,76.847900,40.598200,92.495600,93.222800,104.036000,104.434800,71.599000,84.182900,90.891300,19.479500,232.250000,26.220800,85.247500
2024-09-12,547.559300,77.476600,40.934200,92.345900,92.787300,104.054900,104.360800,71.698300,84.319500,91.274700,19.856000,236.330000,26.109700,85.256800
2024-09-13,550.419100,77.657600,41.126300,92.523700,93.037500,104.404700,104.684400,71.896900,84.701800,92.228400,19.892700,238.680000,26.072700,85.303400
2024-09-16,551.232000,78.286200,41.260700,92.767000,93.890000,104.763900,105.146800,72.077500,85.220600,92.536900,20.039700,238.660000,25.989500,85.322000
2024-09-17,551.457200,77.848100,41.308700,92.598600,93.435900,104.726100,105.156000,72.095600,85.202400,91.891800,20.177400,237.340000,26.072700,85.331300
2024-09-18,549.821700,77.600400,41.164700,92.196200,92.277700,104.338500,104.721400,72.158800,84.956700,91.779600,20.048900,235.510000,26.100500,85.349900
2024-09-19,559.204100,79.133900,42.038500,92.121300,91.971900,104.650400,104.813900,72.375500,85.329900,91.798300,20.407000,239.170000,25.989500,85.368500
2024-09-20,558.237500,78.352900,41.952100,92.093300,91.619900,104.508600,104.906400,72.465800,85.166000,91.433600,20.407000,242.210000,26.035700,85.405800
2024-09-23,559.632400,78.648200,42.278500,92.037100,91.425300,104.518100,104.758400,72.330300,84.920300,92.340600,20.416200,242.680000,26.072700,85.415100
2024-09-24,561.233700,79.114900,43.718900,92.140000,91.406700,104.773300,104.934100,72.339400,85.029500,92.471500,20.756000,246.070000,25.924700,85.424400
2024-09-25,559.995900,78.686300,43.258000,91.765800,90.646900,104.376300,104.314600,72.258100,84.774600,91.854400,20.581500,245.730000,26.100500,85.443000
2024-09-26,562.216100,80.419800,44.842300,91.700300,90.860100,104.243900,104.314600,72.375500,84.892900,91.022200,20.397900,246.980000,25.980200,85.443000
2024-09-27,561.400700,79.934000,44.755900,92.065200,91.332600,104.499200,104.730700,72.556000,85.038600,91.138000,20.498900,245.020000,25.971000,85.470900
2024-09-30,563.650400,79.657800,44.035800,91.812500,90.897100,104.433000,104.471800,72.501900,85.184200,91.854600,20.453000,243.060000,26.072700,85.480300
2024-10-01,558.600900,79.067300,44.352600,92.146600,91.553400,104.775200,104.974100,72.465800,85.426900,91.260600,20.811100,245.610000,26.183800,85.500100
2024-10-02,558.836700,78.905300,45.226400,91.883800,90.781900,104.680500,104.742000,72.474900,85.235000,90.940000,20.985600,245.660000,26.294800,85.509500
2024-10-03,557.815000,78.171900,44.688700,91.414600,89.926600,104.235700,104.064600,72.302500,84.878500,90.110300,21.288700,245.490000,26.378100,85.528200
2024-10-04,562.884100,78.629100,45.101600,90.532400,88.820500,103.525900,103.498400,72.220900,84.558600,89.676600,21.343800,245.000000,26.526100,85.546900
2024-10-07,557.795400,78.191000,45.476100,90.204000,88.151200,103.412400,102.969400,71.912400,84.174700,88.884600,21.637700,244.170000,26.544600,85.565600
2024-10-08,563.070800,78.067100,44.352600,90.279000,88.299900,103.582700,103.173600,72.084800,84.311800,89.063700,21.132600,242.370000,26.544600,85.565600
2024-10-09,566.970800,78.086200,44.112600,89.941200,87.797900,103.393400,102.969400,72.039400,84.174700,89.158000,20.948900,241.050000,26.664900,85.574900
2024-10-10,565.978600,77.990900,44.199000,89.931800,87.454000,103.601600,102.858100,72.003100,84.037600,88.366000,21.362200,242.820000,26.655600,85.584300
2024-10-11,569.367800,78.391000,44.515900,89.960000,87.100800,103.611100,102.839500,72.193700,84.147200,89.365400,21.380600,245.470000,26.674100,85.631000
2024-10-14,574.024300,78.619600,44.333400,89.800400,87.165800,103.507000,102.848800,72.229900,84.320900,89.902900,21.049900,245.070000,26.757400,85.621700
2024-10-15,569.564300,77.314700,43.392400,90.260300,88.225500,103.620600,103.349900,72.211800,84.549400,90.987200,20.645800,245.920000,26.775900,85.649700
2024-10-16,572.039900,77.514700,43.728500,90.401000,88.597400,103.639500,103.674800,72.338800,84.759700,91.986600,20.590700,247.150000,26.849900,85.649700
2024-10-17,572.089000,77.524200,43.661300,89.931800,87.193700,103.327200,102.904500,72.229900,84.220400,91.260600,20.618300,248.630000,26.933200,85.668400
2024-10-18,574.289500,78.048100,44.093400,90.035000,87.258800,103.497500,102.783800,72.402300,84.412300,91.939500,20.508100,251.270000,26.859200,85.696500
2024-10-21,573.346500,77.124200,43.786100,89.340600,85.734300,102.749900,101.735100,72.112000,83.580500,90.138600,20.572400,251.220000,26.979400,85.715200
2024-10-22,573.041900,76.686000,43.690100,89.256100,85.817900,102.891800,101.725800,72.012200,83.388600,90.270600,20.930500,253.930000,27.007200,85.724500
2024-10-23,567.805800,75.914500,43.430800,89.049700,85.585600,102.636300,101.382400,71.794400,83.077800,90.930600,20.811100,250.870000,27.099700,85.724500
2024-10-24,569.033800,76.343100,43.363600,89.246700,86.134000,102.740400,101.688700,72.003100,83.416000,91.128600,20.802000,252.800000,26.998000,85.733900
2024-10-25,568.837300,76.085900,43.325200,89.049700,85.650600,102.466000,101.447400,71.930500,83.416000,90.270600,20.948900,253.320000,27.090500,85.771200
2024-10-28,570.595800,76.695500,43.517200,88.843200,85.418200,102.267200,101.363900,72.112000,83.498300,90.553500,20.388700,253.330000,27.090500,85.771200
2024-10-29,571.519200,76.419300,43.382800,88.880800,85.548400,102.418600,101.484500,72.130100,83.690200,89.902900,20.351900,256.090000,27.099700,85.789900
2024-10-30,569.790200,75.924000,42.960300,88.749400,85.799400,102.617400,101.354600,72.003100,83.598800,90.298900,20.609100,257.500000,27.035000,85.799300
2024-10-31,558.620600,75.457300,42.681800,88.702400,85.938800,102.503800,101.150400,71.803500,83.105200,88.771400,20.746900,253.510000,27.016500,85.818000
2024-11-01,560.978300,75.609700,42.720200,88.176800,84.727200,102.067200,100.596500,71.807700,82.776600,87.790800,20.526400,252.470000,27.127500,85.854200
2024-11-04,559.770000,75.666800,42.960300,88.647500,86.042300,102.237700,101.341600,72.008300,83.134800,88.752600,20.875400,252.830000,27.025700,85.872900
2024-11-05,566.538600,76.419300,43.546000,88.694500,86.499300,102.332400,101.825900,72.208900,83.391900,89.931200,21.004000,253.400000,26.914700,85.872900
2024-11-06,580.625900,75.314400,43.008300,87.781400,84.130300,102.171400,100.764100,72.336500,83.125600,88.017100,20.774400,245.700000,27.349500,85.891700
2024-11-07,585.115400,76.457400,43.958900,88.487400,85.184200,102.550300,101.956300,72.646600,84.034700,89.073100,20.985600,249.650000,27.127500,85.901100
2024-11-08,587.649900,75.400100,42.873900,88.675700,86.266200,102.834400,102.310200,72.765100,84.264300,90.402600,20.664200,247.960000,27.312500,85.948000
2024-11-11,588.209900,75.419200,42.547400,88.430900,85.846500,102.493400,102.114600,72.683000,84.089800,89.950000,20.333600,242.140000,27.469800,85.938600
2024-11-12,586.382600,74.019000,41.740800,87.875500,84.559300,101.953500,101.192500,72.391300,83.437800,88.705400,20.223400,240.050000,27.590100,85.948000
2024-11-13,586.667500,73.580900,41.472000,87.819100,83.757200,101.764100,100.810700,72.409500,83.318400,89.195700,20.159100,237.630000,27.747400,85.966800
2024-11-14,582.895200,73.733300,41.241500,87.809600,84.242200,101.745200,100.782700,72.254500,83.107200,88.394300,20.140700,237.010000,27.858400,85.966800
2024-11-15,575.429100,73.466600,41.241500,87.847300,84.018300,101.773600,100.829300,72.245400,82.987800,88.441400,20.039700,236.590000,27.830700,85.994900
2024-11-18,577.786800,73.866600,41.712000,88.045000,84.167600,102.019800,101.015600,72.382100,83.088800,89.082600,20.498900,241.090000,27.691900,86.004300
2024-11-19,579.898900,73.771400,41.683200,88.233300,84.596600,102.180900,101.229800,72.491600,83.483700,89.516300,20.563200,243.250000,27.682600,86.032500
2024-11-20,580.095400,73.571300,41.635200,88.101500,84.326100,102.133500,100.987600,72.473300,83.492900,89.403100,20.554000,244.620000,27.821400,86.041900
2024-11-21,583.209600,73.590400,41.548800,88.054400,84.260900,102.000900,100.866600,72.500700,83.529600,90.063200,20.700900,246.660000,27.913900,86.051200
2024-11-22,585.017100,73.876100,41.558400,88.110900,84.307500,102.076700,100.959700,72.482400,83.428600,90.742000,20.719300,249.840000,28.062000,86.079400
2024-11-25,587.001500,74.257100,41.587200,89.061600,86.490000,102.635500,102.217000,72.756000,84.209200,92.005500,20.425400,242.480000,27.867700,86.088800
2024-11-26,590.066600,73.828500,41.414300,88.873400,86.154200,102.398700,101.956300,72.619200,84.089800,92.373200,20.425400,242.950000,27.904700,86.088800
2024-11-27,588.278600,74.228600,41.472000,89.231100,86.751200,102.720800,102.328800,72.838100,84.383700,92.967200,20.315200,243.490000,27.664100,86.116900
2024-11-29,591.933100,75.219200,41.539200,89.607600,87.646600,103.014400,102.962100,72.984000,84.622400,92.552300,20.333600,245.590000,27.617800,86.135700
2024-12-02,592.994100,75.428700,41.702400,89.600100,87.857200,102.957300,103.124100,72.957700,84.528300,91.204000,20.186600,243.440000,27.784400,86.158800
2024-12-03,593.269100,75.857300,41.788800,89.345100,87.099100,103.004800,102.759600,72.957700,84.546800,90.742000,20.416200,243.930000,27.775100,86.177700
2024-12-04,596.953000,75.914500,41.894500,89.685100,88.035000,103.298900,103.254900,73.131800,84.860300,90.496900,20.306000,244.670000,27.765900,86.187100
2024-12-05,595.970700,76.286000,42.172900,89.675600,88.212800,103.175600,103.226900,73.067600,84.971000,90.280000,20.278500,242.860000,27.617800,86.196500
2024-12-06,597.100400,76.276400,42.105700,89.958900,88.343900,103.261000,103.460600,73.186700,85.256900,90.148000,20.122300,242.950000,27.691900,86.234200
2024-12-09,594.025600,76.228800,42.969900,89.647300,87.529600,103.071200,103.198900,73.095100,85.063200,90.402600,20.315200,245.360000,27.738100,86.243600
2024-12-10,592.178700,75.543000,42.278500,89.486800,87.117800,103.033300,103.040000,73.131800,84.924900,89.092000,20.361100,248.590000,27.802900,86.262500
2024-12-11,596.756600,76.019300,42.451400,89.222400,86.294100,102.881400,102.759600,73.150100,84.878800,88.884600,20.618300,250.960000,27.895400,86.271900
2024-12-12,593.681700,75.352500,42.240100,88.882500,85.245900,102.549400,102.180100,72.948600,84.436100,88.743100,20.535600,247.280000,27.987900,86.290700
2024-12-13,593.563800,75.143000,42.278500,88.467000,84.375500,102.264700,101.610000,72.737900,84.002700,88.488600,20.526400,244.290000,27.997200,86.319000
2024-12-16,596.098400,74.895300,42.048100,88.495300,84.628200,102.150800,101.740900,72.875300,84.076400,88.177400,20.416200,244.880000,27.950900,86.328400
2024-12-17,593.642400,74.776600,41.947500,88.495300,84.834100,102.093900,101.750200,72.719600,84.030300,87.753100,20.278500,243.940000,27.978700,86.337800
2024-12-18,575.949800,72.942100,40.971100,87.810900,83.773300,101.448000,100.489200,71.973200,82.769200,84.132500,20.094800,239.260000,28.302500,86.337800
2024-12-19,575.772900,72.710400,41.107800,87.413000,82.504800,101.039400,99.945200,71.899500,82.407800,82.831300,20.094800,239.600000,28.358000,86.349900
2024-12-20,582.688100,72.507700,41.273800,87.735100,82.974600,101.239000,100.339100,72.350700,82.982300,84.226800,20.223400,242.100000,28.219200,86.387800
2024-12-23,586.177400,72.980800,41.508100,87.346700,82.213600,101.105900,100.048400,72.157300,82.769200,84.555700,20.238800,240.960000,28.322700,86.387800
2024-12-24,592.692800,73.241400,41.635100,87.394000,82.561200,101.334000,100.357900,72.387500,83.139800,85.117400,20.354900,241.440000,28.400100,86.406700
2024-12-26,592.732200,73.589000,41.488600,87.460300,82.514200,101.334000,100.451700,72.571600,83.056400,85.345800,20.296900,243.070000,28.342000,86.425600
2024-12-27,586.492800,73.482800,41.303100,87.233000,81.837700,101.077400,100.029600,72.323000,82.741400,84.489100,20.393600,241.400000,28.293700,86.463400
2024-12-30,579.800000,73.000100,40.971100,87.744500,82.495400,101.372000,100.461100,72.424300,82.894200,84.070200,20.577400,240.630000,28.322700,86.463400
2024-12-31,577.690600,73.000100,40.834400,87.583500,82.053800,101.248500,100.207800,72.415100,82.736300,84.803200,20.683900,242.130000,28.448400,86.482300
2025-01-02,576.271200,72.749000,40.775800,87.630900,82.279300,101.400500,100.217200,72.590000,83.015000,84.051100,20.887000,245.420000,28.690200,86.501300
2025-01-03,583.476600,73.067700,41.156600,87.488800,82.016300,101.191500,99.982700,72.700500,83.163700,85.155400,20.780600,243.490000,28.603100,86.510700
2025-01-06,586.837800,73.762800,41.303100,87.403500,81.649800,101.191500,99.729500,72.829400,83.200900,84.060700,20.819300,243.190000,28.419400,86.520200
2025-01-07,580.204100,73.704900,41.010100,87.005600,80.729000,101.029900,99.269900,72.590000,82.866400,83.261000,20.916000,244.560000,28.525800,86.539100
2025-01-08,581.051800,73.589000,40.814900,87.157200,80.832400,101.296000,99.429300,72.682100,82.931400,83.479900,20.877400,245.860000,28.632100,86.558000
2025-01-10,572.180700,72.469100,40.121600,86.522500,80.296800,100.934900,98.857200,72.304600,82.485400,81.442700,21.438500,248.210000,28.777200,86.586400
2025-01-13,573.067800,72.266300,39.848200,86.370900,80.268600,100.934900,98.575800,72.286200,82.364600,82.442300,21.593300,245.740000,28.864200,86.595900
2025-01-14,573.856300,72.527000,40.297400,86.399300,80.137100,100.972900,98.688400,72.378300,82.485400,83.194300,21.583600,247.030000,28.680500,86.614800
2025-01-15,584.294700,73.453800,40.824600,87.308800,81.518300,101.676100,99.870200,73.013600,83.433200,83.670300,21.931900,248.880000,28.632100,86.624200
2025-01-16,583.171000,73.830400,40.775800,87.517200,81.781400,101.809100,100.067100,73.096400,83.331000,85.403000,21.835100,250.600000,28.632100,86.624200
2025-01-17,589.026000,74.129700,41.098000,87.583500,81.922300,101.847100,100.151500,73.160900,83.488900,85.345800,21.738400,249.270000,28.738500,86.671500
2025-01-21,594.417700,75.626200,41.537400,87.877200,82.655200,101.923200,100.733100,73.354200,84.055700,86.945200,21.632000,253.130000,28.371100,86.671500
2025-01-22,597.759200,75.452400,41.566700,87.649800,82.223000,101.809100,100.414200,73.253000,83.823400,85.431500,21.612600,254.430000,28.419400,86.690400
2025-01-23,601.021800,76.070300,41.664400,87.422400,81.584000,101.904200,100.273500,73.345000,83.804900,86.059800,21.535200,254.070000,28.409700,86.690400
2025-01-24,599.267300,76.495100,41.937800,87.602400,81.950500,102.084700,100.470400,73.427900,83.944200,86.355000,21.544900,255.650000,28.235700,86.728300
2025-01-27,590.790400,76.495100,41.176100,88.170900,82.918300,102.512300,101.164500,73.483100,84.185800,87.506900,21.216000,252.990000,28.245400,86.737700
2025-01-28,595.866700,76.398600,41.478800,88.180300,82.861900,102.578800,101.023800,73.455500,84.148700,86.450100,21.235300,255.180000,28.361400,86.737700
2025-01-29,593.195500,76.388900,41.488600,88.076100,82.692800,102.455300,100.892500,73.409500,84.074300,85.307800,21.274000,254.200000,28.419400,86.747200
2025-01-30,596.379200,77.228900,42.191600,88.265600,83.002800,102.559800,101.117600,73.547600,84.427400,86.393000,21.293400,258.050000,28.419400,86.756700
2025-01-31,593.205300,76.504800,41.713200,88.123500,82.457900,102.635800,100.789300,73.400300,84.139400,86.202600,21.254700,258.560000,28.535400,86.785000
2025-02-03,589.213300,75.606900,41.410500,88.186600,83.129200,102.873400,100.948400,73.307900,84.271000,86.021800,21.419100,259.940000,28.661200,86.809500
2025-02-04,593.165900,76.485500,42.152600,88.405200,83.383800,103.044400,101.146100,73.539100,84.569800,86.088400,21.477200,262.500000,28.400100,86.809500
2025-02-05,595.571000,77.228900,42.045200,88.918400,84.760500,103.500600,101.852100,73.733400,85.046000,87.297400,21.341700,264.130000,28.351700,86.819000
2025-02-06,597.640900,77.595800,42.220900,88.813800,84.722800,103.320000,101.663800,73.622400,84.971300,87.516400,21.351400,263.430000,28.332400,86.838000
2025-02-07,592.170400,76.862000,42.181900,88.519200,84.175900,103.044400,101.221400,73.391200,84.644500,87.230800,21.361100,263.900000,28.458100,86.857000
2025-02-10,596.192000,77.383400,42.689600,88.500200,83.921300,103.092000,101.249600,73.539100,84.644500,87.192700,21.670700,268.370000,28.545100,86.866500
2025-02-11,596.645400,77.750200,42.523600,88.272100,83.383800,103.063500,101.023700,73.511400,84.275600,87.573500,21.835100,267.390000,28.448400,86.876000
2025-02-12,594.723300,78.039900,42.758000,87.663800,82.252300,102.445800,100.477700,73.354200,84.009500,86.764300,21.593300,267.670000,28.467800,86.885500
2025-02-13,601.002100,78.986100,43.031400,88.319600,83.619600,103.015900,101.259000,73.687100,84.700500,87.630600,21.699700,270.310000,28.235700,86.904500
2025-02-14,600.972500,79.101900,43.363300,88.690300,84.062700,103.206000,101.654400,73.770400,84.961900,87.230800,21.709300,266.290000,28.158300,86.932900
2025-02-18,602.736900,79.671500,43.636700,88.215100,83.072700,102.873400,101.240200,73.705600,84.597800,87.621100,22.028600,270.700000,28.216300,86.951900
2025-02-19,604.156300,78.850900,43.568400,88.357600,83.176400,103.082500,101.296700,73.761100,84.616400,87.687700,22.202700,270.850000,28.245400,86.961400
2025-02-20,601.642800,79.217800,43.968700,88.538200,83.487500,103.291500,101.541400,73.807400,84.775200,88.106600,22.231800,270.990000,28.022900,86.980400
2025-02-21,591.352200,78.725400,43.841800,89.060900,84.496500,103.500600,101.899100,73.668600,84.803200,87.240300,21.922200,270.740000,28.119600,87.008900
2025-02-24,588.661300,78.677100,43.168100,89.251000,84.741600,103.728600,102.162700,73.761100,84.887200,87.583000,21.844800,272.210000,28.139000,87.018400
2025-02-25,585.733800,79.391600,43.197400,89.954300,86.203200,104.165700,102.944000,73.946100,85.419500,88.658800,21.602900,268.620000,28.032600,87.018400
2025-02-26,586.029500,79.497800,43.627000,90.201400,86.712400,104.251300,103.160500,74.047800,85.699600,88.287500,21.419100,269.030000,28.090600,87.037400
2025-02-27,576.675400,78.599900,42.777500,90.096800,86.099500,104.127700,102.727500,73.909100,85.410100,88.639700,21.448100,264.930000,28.293700,87.046900
2025-02-28,585.674700,78.764000,42.191600,90.591000,87.155600,104.849900,103.179400,74.112600,85.933000,89.391800,21.283700,263.270000,28.419400,87.065800
2025-03-03,575.413700,79.632900,41.820600,90.920200,87.562300,105.135000,103.505100,73.958600,85.750700,89.810700,21.148200,266.740000,28.148700,87.084200
2025-03-04,568.602600,79.613600,42.172100,90.634300,86.484000,104.764400,103.164900,73.949400,85.619400,88.773000,21.216000,269.060000,27.897200,87.084200
2025-03-05,574.713900,81.515600,43.431700,90.129100,85.793500,104.232300,102.834200,73.986500,85.591300,89.763100,21.157900,269.620000,27.558800,87.093800
2025-03-06,564.512000,80.675600,43.158300,90.081500,85.509700,104.184700,102.512900,73.707700,85.085000,87.459300,21.051500,268.250000,27.539500,87.103300
2025-03-07,567.676100,81.515600,43.373100,89.967100,85.235400,104.013700,102.352300,73.828600,85.319400,87.982900,21.235300,268.390000,27.452400,87.141400
2025-03-10,552.555700,79.594300,42.338100,90.596200,86.124500,104.479300,102.701900,73.549800,85.206900,87.135600,21.099900,266.040000,27.471800,87.150900
2025-03-11,547.962400,79.324000,42.689600,90.272100,85.509700,104.194200,102.031000,73.289600,85.038100,86.117000,21.216000,269.160000,27.317100,87.160400
2025-03-12,550.870100,79.893600,42.924000,90.005200,84.998900,104.070700,101.728700,73.373200,85.019300,85.850400,21.216000,270.330000,27.384700,87.169900
2025-03-13,543.526800,79.362600,42.748200,90.367400,85.746200,104.222700,102.049900,72.964400,84.981800,84.155900,21.138600,275.130000,27.481400,87.189000
2025-03-14,554.753700,80.820500,43.529300,90.052900,85.292100,103.975700,102.002700,73.298900,85.066200,85.840900,21.254700,275.240000,27.452400,87.208000
2025-03-17,559.031600,81.728000,44.271400,90.129100,85.717800,104.004200,102.210600,73.475400,85.291200,87.306900,21.399800,276.730000,27.346100,87.227100
2025-03-18,552.989400,81.718400,44.046900,90.234000,85.802900,104.118200,102.456300,73.345300,85.263100,86.850000,21.351400,279.960000,27.326700,87.227100
2025-03-19,559.011900,81.959700,44.154300,90.510400,86.247500,104.650400,103.061000,73.828600,85.732000,86.954700,21.486800,281.110000,27.394400,87.236600
2025-03-20,557.395400,81.274200,43.744200,90.643800,86.304300,104.745400,102.909800,73.726300,85.563200,86.897600,21.525500,280.750000,27.471800,87.255700
2025-03-21,557.578800,80.772200,43.529300,90.567600,85.793500,104.621800,102.768100,73.614800,85.310000,85.936100,21.399800,278.490000,27.558800,87.284200
2025-03-24,567.564200,80.762500,43.724600,90.043300,84.913800,104.355800,102.324000,73.828600,85.253700,87.259300,21.477200,277.250000,27.607100,87.284200
2025-03-25,568.928500,81.206700,43.597700,90.195800,84.904300,104.526800,102.427900,73.791400,85.338100,86.280200,21.506200,278.470000,27.578100,87.293700
2025-03-26,562.136500,80.154300,43.334100,89.986200,84.346200,104.393800,102.012100,73.494000,84.850500,86.616800,21.477200,278.240000,27.703800,87.303300
2025-03-27,560.643600,80.328100,43.548900,89.909900,84.100300,104.612300,101.889300,73.354600,84.663000,86.395600,21.535200,281.970000,27.616800,87.322300
2025-03-28,549.353200,79.613600,42.738400,90.634300,85.263800,105.144500,102.503500,73.224500,84.756800,86.280200,21.467500,284.060000,27.568500,87.350900
2025-03-31,553.040900,78.908800,42.670100,90.901200,86.105600,105.562600,102.701900,73.308200,84.944300,87.078400,21.767400,288.140000,27.597500,87.350900
2025-04-01,554.603000,79.024700,42.806800,91.220200,86.851400,105.628800,103.068800,73.478500,85.217300,87.116900,21.777100,287.570000,27.626500,87.371300
2025-04-02,558.112700,79.208100,42.865400,91.134200,86.794400,105.466200,103.305900,73.627900,85.179700,87.645900,21.912500,288.160000,27.510500,87.380900
2025-04-03,530.608400,77.547500,41.957300,92.071200,87.193100,106.126100,103.296500,72.712800,84.671100,84.654800,21.032100,286.420000,27.027000,87.390400
2025-04-04,499.545000,72.430400,39.623600,92.329400,88.142400,105.772200,103.182600,71.676300,83.437300,80.980800,20.267900,279.720000,27.326700,87.419100
2025-04-07,498.655300,70.682900,38.149200,91.229800,85.484400,104.500300,101.171700,71.060000,82.090500,78.855300,19.948600,273.710000,27.442800,87.428600
2025-04-08,490.844900,70.441500,37.612200,90.770800,83.870600,104.242000,99.891200,70.733200,81.506500,76.739400,19.503600,275.200000,27.317100,87.447800
2025-04-09,542.393100,75.877200,40.219200,90.484000,84.364200,104.462000,101.560600,72.628800,83.606800,81.317400,20.209800,285.380000,27.355700,87.447800
2025-04-10,518.626000,74.380700,39.526000,89.919800,82.038400,103.218800,99.834300,71.442900,81.986800,79.461200,19.958300,292.350000,26.785200,87.457300
2025-04-11,527.879700,76.244100,40.766000,89.413000,82.484600,103.257000,99.815300,71.657600,82.278800,80.432600,20.248500,297.930000,26.543500,87.495500
2025-04-14,533.001000,77.064700,41.137100,90.130200,83.073200,103.754300,100.431900,72.012500,83.135900,82.096500,20.258200,296.230000,26.456400,87.495500
2025-04-15,531.508100,77.759900,41.098000,90.397900,83.367400,103.744700,100.972500,72.208600,83.390200,82.346500,20.209800,297.780000,26.601500,87.514600
2025-04-16,519.693700,77.460600,40.619600,90.789900,83.832600,104.031600,101.399400,72.199200,83.418400,82.288800,20.461400,307.470000,26.379100,87.524200
2025-04-17,520.435200,78.300600,40.932000,90.531800,83.092100,104.270700,101.257100,72.619400,83.635100,83.519900,20.674200,306.120000,26.398400,87.562400
2025-04-21,508.047400,77.875700,40.922300,90.044100,81.639700,103.735200,100.166300,72.189900,82.665000,81.779100,20.500000,315.590000,26.147000,87.572000
2025-04-22,521.265700,79.488100,41.537400,90.111000,82.095400,104.117700,100.412900,72.470000,83.522000,83.366000,20.596800,311.110000,26.292100,87.572000
2025-04-23,529.343000,79.806700,42.015900,90.206700,82.892800,104.423800,100.858700,72.834200,83.889400,83.519900,20.442000,303.650000,26.533800,87.591100
2025-04-24,540.485000,80.868700,42.504100,90.694300,83.766100,104.978400,101.892600,73.487800,84.784100,83.827700,20.625800,308.070000,26.417800,87.591100
2025-04-25,544.390200,81.216300,42.426000,91.038500,84.383200,105.026300,102.433300,73.553200,85.123200,83.683400,20.654800,304.730000,26.485500,87.629300
2025-04-28,544.597800,81.757000,42.504100,91.401900,84.914800,105.389700,102.670400,73.590500,85.217300,84.202700,20.538700,309.070000,26.321100,87.638900
2025-04-29,548.028400,81.921100,42.621300,91.717400,85.626800,105.571400,102.907600,73.786600,85.330400,84.654800,20.277500,306.060000,26.408100,87.638900
2025-04-30,548.245900,81.824600,42.728700,91.860900,84.933800,105.695700,102.423800,73.394500,84.727600,84.952900,19.900200,303.770000,26.504800,87.648400
2025-05-01,552.131300,81.563900,42.718900,91.461200,84.503100,105.335300,102.063700,73.489600,84.767600,85.231800,19.997000,297.460000,26.659500,87.669100
2025-05-02,560.327200,83.128000,43.939400,90.847200,83.588400,104.787500,101.816100,73.714800,84.540500,86.280200,20.084100,297.980000,26.620800,87.697900
2025-05-05,557.114100,83.272800,44.271400,90.684100,83.121600,104.681800,101.673300,73.686700,84.370300,86.087800,19.968000,306.880000,26.572500,87.697900
2025-05-06,552.457600,83.166600,44.095700,90.914400,83.397900,104.998900,101.873300,73.630400,84.720300,85.424200,20.267900,315.480000,26.408100,87.717100
2025-05-07,554.780900,82.886600,43.587900,91.154200,83.750400,105.104600,102.082800,73.696100,85.051400,85.520400,20.016300,310.750000,26.601500,87.717100
2025-05-08,558.646500,82.597000,43.558600,90.444300,82.816700,104.729800,101.568500,73.677300,84.710800,85.183700,20.277500,304.630000,26.823900,87.736200
2025-05-09,557.934700,83.002500,43.851600,90.511500,82.940500,104.825900,101.530400,73.724200,84.843300,85.751200,20.432300,306.840000,26.746500,87.765000
2025-05-12,576.373000,83.427300,44.798700,89.935900,82.168800,104.009100,101.511400,74.456300,85.335200,86.174400,20.567800,298.190000,27.123700,87.765000
2025-05-13,580.179300,83.533500,44.876800,89.868700,81.835300,104.259000,101.597100,74.587700,85.410900,85.078000,20.887000,299.460000,26.891600,87.784200
2025-05-14,580.920800,83.128000,45.218600,89.533000,81.292200,104.153200,101.082800,74.315500,85.127100,84.241200,20.780600,293.160000,26.949600,87.784200
2025-05-15,583.758200,84.035500,45.199000,90.118200,82.006800,104.451200,101.806600,74.456300,85.410900,85.780000,20.577400,297.840000,26.881900,87.793800
2025-05-16,587.455800,84.228600,45.169700,90.146900,82.225900,104.633700,101.997100,74.540800,85.571800,86.847600,20.500000,294.240000,26.959300,87.832100
2025-05-19,588.098400,85.030000,45.267400,90.099000,81.987700,104.643400,102.006600,74.503200,85.628500,86.866800,20.471000,298.030000,26.775500,87.832100
2025-05-20,586.121100,85.435500,45.218600,89.983800,81.397000,104.489600,101.759000,74.465700,85.496100,86.357100,20.732200,303.580000,26.698200,87.851300
2025-05-21,576.244500,84.933400,45.101400,89.360300,80.005900,103.922600,100.625700,73.968200,84.710800,84.058500,20.703200,305.820000,26.582200,87.860900
2025-05-22,576.471900,84.885100,44.954900,89.696100,80.425200,104.230100,101.140000,74.118400,84.994700,83.673800,20.596800,303.110000,26.659500,87.880100
2025-05-23,572.537100,85.001000,45.140500,89.955100,80.558600,104.326200,101.216200,74.099600,85.079800,83.760300,20.712900,309.750000,26.466100,87.918400
2025-05-27,584.440400,86.236800,45.033000,90.329200,81.682900,104.624100,102.130400,74.550200,85.600100,85.222200,20.529100,304.500000,26.611200,87.918400
2025-05-28,581.059200,85.242400,44.828000,90.079800,81.330300,104.383900,101.882800,74.503200,85.420400,85.135700,20.461400,303.810000,26.698200,87.928000
2025-05-29,583.352900,85.618900,44.994000,90.453900,82.083000,104.681800,102.339900,74.615900,85.713700,85.905100,20.354900,305.610000,26.553100,87.937600
2025-05-30,582.700400,85.744400,44.447200,90.722500,82.206900,105.027800,102.635200,74.681600,85.713700,85.905100,20.200100,303.600000,26.543500,87.966400
2025-06-02,585.982700,86.661600,44.769400,90.414700,81.441800,104.674300,102.344900,74.667900,85.680800,86.020500,20.625800,311.670000,26.359700,87.982100
2025-06-03,589.324300,86.005100,44.876800,90.328000,81.298400,104.577900,102.392700,74.809400,85.956400,85.847400,20.761300,308.910000,26.533800,88.001400
2025-06-04,589.166200,86.391300,45.433400,90.992100,82.618100,104.982600,103.138300,74.950900,86.279500,86.087800,20.683900,310.900000,26.417800,88.001400
2025-06-05,586.318800,86.333400,45.667700,90.722600,82.675500,104.674300,102.822800,74.790500,86.070400,86.020500,20.780600,309.330000,26.398400,88.011000
2025-06-06,592.339700,86.642300,45.814200,90.000800,81.623500,104.115500,102.201500,74.781100,85.937400,86.434000,20.945100,305.180000,26.533800,88.039900
2025-06-09,592.873600,86.632700,46.204800,90.164400,81.709600,104.260000,102.507400,74.818800,86.155900,86.549500,20.964400,306.620000,26.466100,88.059100
2025-06-10,596.235000,86.748500,46.468400,90.318400,82.130400,104.308200,102.755900,74.998000,86.536100,87.290000,20.916000,306.710000,26.495100,88.068700
2025-06-11,594.534500,86.603700,46.663700,90.693800,82.379000,104.481600,103.080900,74.979100,86.792600,86.818800,21.254700,308.370000,26.398400,88.068700
2025-06-12,596.897400,87.269900,46.741800,91.088400,83.364100,104.780300,103.654400,75.064000,86.944700,87.241900,21.254700,312.200000,26.205000,88.078400
2025-06-13,590.224000,86.149900,45.999700,90.751500,82.560700,104.626100,103.033100,74.837700,86.393500,86.395600,21.912500,316.290000,26.272700,88.116900
2025-06-16,595.839500,86.473100,46.563600,90.491700,81.728700,104.481600,102.851500,74.988600,86.488500,86.462900,21.864100,311.780000,26.301700,88.116900
2025-06-17,590.748000,85.412300,45.952400,90.934400,82.723300,105.030700,103.205200,74.903700,86.555100,86.155100,22.328500,311.940000,26.475800,88.136100
2025-06-18,590.659000,85.559600,45.942500,90.992100,82.866800,105.107800,103.281600,75.016900,86.498000,86.453300,22.386600,310.260000,26.524100,88.155300
2025-06-20,589.281200,84.793500,45.676300,91.049900,82.713700,105.290900,103.367700,75.252600,86.612100,86.395600,22.502700,310.130000,26.495100,88.174600
2025-06-23,595.101800,85.431900,46.051000,91.367500,82.981500,105.377600,103.625700,75.394100,86.859200,87.694000,21.670700,311.080000,26.388800,88.193800
2025-06-24,601.676000,86.473100,47.243900,91.685100,83.584000,105.512400,104.113200,75.601500,87.381800,87.924800,21.148200,306.190000,26.253400,88.193800
2025-06-25,602.013200,86.001600,47.283300,91.723600,83.689200,105.570200,103.989000,75.582700,87.334300,85.808900,21.119200,307.120000,26.185700,88.203400
2025-06-26,606.723200,86.964200,47.598800,92.050900,84.110000,105.878500,104.371300,75.799600,87.600400,85.729100,21.196600,306.780000,26.079300,88.213100
2025-06-27,609.737700,87.749900,47.411500,91.810200,83.574500,105.743700,104.199300,75.761800,87.524400,85.942700,21.090200,301.220000,26.127700,88.251600
2025-06-30,612.652900,87.799000,47.559400,92.176000,84.396900,106.013400,104.772800,76.054200,88.018600,86.496300,21.099900,304.830000,25.992300,88.261200
2025-07-01,612.454600,87.651700,47.648100,92.005300,84.606200,105.955300,104.899400,75.958900,88.190200,87.127600,21.216000,307.550000,25.982600,88.277000
2025-07-02,615.231100,87.907100,47.855200,91.812200,84.068600,105.907000,104.880200,76.101000,88.104300,87.331600,21.564200,309.250000,25.963300,88.286700
2025-07-03,620.079900,87.926700,48.072100,91.493600,83.483100,105.723300,104.630700,76.148400,88.257000,87.428700,21.554600,307.140000,26.089000,88.335000
2025-07-07,615.459100,86.974000,47.391800,91.203900,82.686400,105.588000,104.007100,75.892600,87.808500,86.680900,21.535200,307.370000,26.176000,88.344600
2025-07-08,615.122000,87.612400,47.687600,91.068700,82.580800,105.501000,103.709700,75.788400,87.531800,86.554600,21.602900,304.160000,26.195400,88.344600
2025-07-09,618.810700,88.270500,47.608700,91.541800,83.444700,105.897300,104.304500,75.996800,88.152100,86.622600,21.564200,305.520000,26.195400,88.354300
2025-07-10,620.555900,88.211600,47.736900,91.493600,83.502300,105.868300,104.323700,75.921000,88.018500,87.166500,21.496500,306.200000,26.243700,88.373600
2025-07-11,618.374400,87.366900,47.579100,91.068700,82.350400,105.694300,103.690500,75.826300,87.560400,87.176200,21.777100,309.140000,26.321100,88.392900
2025-07-14,619.554400,87.366900,47.648100,91.030100,82.177600,105.762000,103.661800,75.883100,87.570000,87.739500,21.593300,308.010000,26.388800,88.402500
2025-07-15,616.906800,86.453400,47.993200,90.672900,81.601700,105.481600,103.287600,75.655700,87.331400,86.447800,21.554600,306.730000,26.533800,88.412200
2025-07-16,618.969400,86.807000,48.219900,90.923900,81.716800,105.839300,103.450700,75.854700,87.398200,87.263600,21.583600,308.260000,26.437100,88.431500
2025-07-17,622.757200,87.032900,48.496000,90.894900,81.697600,105.936000,103.700100,75.930500,87.493600,87.166500,21.757700,307.590000,26.553100,88.431500
2025-07-18,622.301100,86.787400,48.387500,91.146000,81.822400,106.052000,103.892000,76.034700,87.684500,87.351000,21.796400,308.390000,26.514500,88.470100
2025-07-21,623.481100,87.249000,48.703000,91.464600,82.552000,106.322700,104.294900,76.138900,88.018500,87.710300,21.748000,313.130000,26.340400,88.489400
2025-07-22,623.570300,87.730300,48.732600,91.725300,83.051100,106.419400,104.544400,76.271600,88.171100,89.215700,21.709300,316.100000,26.205000,88.499100
2025-07-23,628.875300,89.910800,49.225600,91.397000,82.590400,106.003700,104.381300,76.309500,88.209300,89.390500,21.651300,312.180000,26.166400,88.508700
2025-07-24,629.083600,89.242900,48.959400,91.261800,82.446400,106.081000,104.227800,76.214700,88.190200,89.079800,21.670700,310.270000,26.234000,88.508700
2025-07-25,631.741000,89.134800,48.811500,91.474200,82.964700,106.177700,104.563600,76.262100,88.476500,89.089500,21.448100,307.400000,26.292100,88.537700
2025-07-28,631.582400,87.700800,48.486100,91.271500,82.427200,106.042300,104.352500,76.224200,88.419200,87.661800,21.670700,305.410000,26.591800,88.547300
2025-07-29,629.916500,87.524000,48.505900,91.870100,83.819000,106.612700,105.043300,76.271600,88.753200,89.070000,21.951200,306.250000,26.659500,88.557000
2025-07-30,629.123200,86.895400,48.150900,91.551500,83.387100,106.197000,104.649900,76.110500,88.600500,87.807500,21.902800,300.960000,26.920600,88.566700
2025-07-31,626.763200,85.962300,47.874900,91.628700,83.435100,106.023000,104.678700,76.157900,88.619600,86.574000,21.719000,302.960000,26.978600,88.576300
2025-08-01,616.490400,85.736400,47.520000,92.683400,84.621200,106.763900,105.607500,76.162100,88.869800,86.360400,21.370700,309.110000,26.659500,88.614400
2025-08-04,625.860900,86.875800,48.012900,92.809300,84.852500,107.074000,105.790500,76.419300,89.310700,87.244200,21.293400,310.910000,26.649800,88.624100
2025-08-05,622.687800,86.866000,48.150900,92.741500,85.112700,106.977100,105.867600,76.381200,89.310700,87.642400,21.109500,311.160000,26.649800,88.624100
2025-08-06,627.457300,87.435600,48.377700,92.673700,84.621200,106.889800,105.838700,76.457300,89.368200,86.962500,21.061200,310.500000,26.495100,88.653100
2025-08-07,626.931800,88.221400,48.781900,92.605900,84.476700,107.006100,105.732700,76.381200,89.502400,87.215000,21.128900,313.120000,26.475800,88.653100
2025-08-08,631.820300,88.761600,48.742500,92.392800,84.110500,106.938300,105.395600,76.390700,89.502400,86.496300,21.128900,313.050000,26.524100,88.682200
2025-08-11,630.570900,88.388400,48.604400,92.421900,84.206900,106.938300,105.559300,76.390700,89.617400,85.923300,21.157900,308.550000,26.630500,88.691900
2025-08-12,637.284000,89.468800,49.196000,92.402500,83.782900,106.754200,105.655700,76.562100,89.790000,86.408900,21.070800,308.270000,26.495100,88.701600
2025-08-13,639.465500,90.009000,49.787500,92.731800,84.476700,107.161200,106.214400,76.762100,90.230900,87.215000,21.041800,309.210000,26.427400,88.711200
2025-08-14,639.525000,90.018800,49.176300,92.431600,83.850400,106.841400,105.848300,76.562100,90.029600,86.593400,21.128900,307.250000,26.524100,88.720900
2025-08-15,638.027700,90.549200,49.235400,92.247500,83.253000,106.637900,105.713400,76.619200,89.952900,87.088800,21.061200,307.430000,26.437100,88.759700
2025-08-18,637.888900,90.451000,49.521300,92.160300,83.012100,106.521600,105.520800,76.562100,90.039200,86.350600,21.080500,306.950000,26.504800,88.759700
2025-08-19,634.428200,90.460800,49.117100,92.392800,83.493900,106.628200,105.684600,76.543100,90.077500,87.836600,20.916000,305.270000,26.572500,88.779100
2025-08-20,632.742500,90.784900,49.048100,92.528400,83.676900,106.744500,105.732700,76.514500,89.933700,88.089100,21.148200,308.360000,26.553100,88.798400
2025-08-21,630.204000,90.215300,48.939600,92.257200,83.262600,106.763900,105.328100,76.371600,89.646200,87.826900,21.274000,307.290000,26.688500,88.798400
2025-08-22,639.882000,91.570700,49.915700,92.770600,83.879300,107.490700,106.156600,76.990600,90.298000,89.526500,21.361100,310.580000,26.427400,88.827500
2025-08-25,637.065800,90.362600,49.629800,92.586500,83.638400,107.287200,105.877200,76.838300,89.943300,89.011800,21.467500,309.830000,26.640200,88.837200
2025-08-26,639.733200,90.264400,49.501600,92.828700,83.590200,107.539100,105.954300,77.009700,89.924200,88.778700,21.303000,312.080000,26.572500,88.846900
2025-08-27,641.190800,90.048300,49.205800,93.003100,83.493900,107.781400,105.992800,77.104900,89.818700,89.332300,21.322400,312.710000,26.582200,88.856600
2025-08-28,643.461600,90.382200,49.393200,93.216200,84.043100,107.849200,106.156600,77.143000,90.345900,89.099200,21.457800,315.030000,26.485500,88.866300
2025-08-29,639.624100,89.851800,49.156500,93.138700,83.445700,107.732900,105.771200,77.000100,90.211700,89.584800,21.486800,318.070000,26.466100,88.905000
2025-09-02,634.884300,88.967900,49.117100,92.862800,82.828300,107.538000,105.420400,76.919300,89.870200,88.098800,21.835100,325.590000,26.640200,88.927400
2025-09-03,638.325200,89.105400,49.304400,93.183500,83.737500,107.781200,106.048800,77.129800,90.255200,88.147400,21.641600,328.140000,26.591800,88.937100
2025-09-04,643.659900,89.753600,49.146700,93.601400,84.375900,107.946500,106.773800,77.340300,90.611400,88.807800,21.486800,326.690000,26.630500,88.956600
2025-09-05,641.795700,90.156300,49.738200,94.058200,85.662400,108.423200,107.469800,77.378600,91.217800,89.808200,21.312700,331.050000,26.495100,88.985700
2025-09-08,643.372300,91.060000,50.191700,94.349800,86.803800,108.646900,107.846900,77.378600,91.208200,89.283700,21.457800,334.820000,26.408100,88.995500
2025-09-09,644.859700,90.755500,50.467800,94.126200,86.310500,108.432900,107.653500,77.292500,91.121600,89.079800,21.515900,334.060000,26.514500,89.005200
2025-09-10,646.723900,90.735800,50.812800,94.378900,86.803800,108.598300,107.972500,77.349900,91.622100,88.934100,21.661000,335.260000,26.533800,89.014900
2025-09-11,652.098300,91.698400,51.552300,94.524700,87.384200,108.773400,108.475200,77.541300,91.959000,90.556000,21.496500,334.760000,26.446800,89.024600
2025-09-12,651.880200,91.335000,51.522700,94.252600,87.006900,108.627500,108.281900,77.464700,91.689500,90.138400,21.622300,335.420000,26.485500,89.053800
2025-09-15,655.350700,91.943900,51.897300,94.408100,87.210100,108.734500,108.620200,77.684800,92.016800,89.992700,21.815800,338.910000,26.398400,89.063500
2025-09-16,654.448400,91.688600,52.281800,94.466400,87.393800,108.831700,108.523600,77.627400,91.959000,89.516800,22.038300,339.590000,26.234000,89.073200
2025-09-17,653.635300,91.344800,52.508600,94.262300,87.171400,108.763700,108.330200,77.550900,91.910900,89.400300,21.806100,336.970000,26.321100,89.083000
2025-09-18,656.689400,91.698400,52.380400,93.951300,86.271800,108.462100,108.107900,77.723100,91.525900,89.594500,21.709300,335.620000,26.446800,89.092700
2025-09-19,659.942000,91.344800,52.262100,93.912400,86.107400,108.403700,108.020900,77.751800,91.429600,89.011800,21.535200,339.180000,26.524100,89.131600
2025-09-22,663.064200,91.639500,52.518400,93.756900,85.797800,108.141100,107.779200,77.809200,91.631700,89.031200,21.535200,345.050000,26.427400,89.141300
2025-09-23,659.454700,91.462700,52.548000,94.019300,86.397500,108.432900,107.991900,77.751800,91.987900,89.516800,21.757700,346.460000,26.408100,89.141300
2025-09-24,657.356700,90.932300,52.370500,93.766600,86.068700,108.238400,107.556800,77.646500,91.930200,88.635900,21.902800,343.320000,26.601500,89.160700
2025-09-25,654.324000,90.284000,52.064900,93.562500,86.068700,108.063300,107.363500,77.426500,91.699100,88.371200,22.057600,344.750000,26.785200,89.160700
2025-09-26,658.072600,90.981400,51.966300,93.513900,85.991300,108.082700,107.508500,77.579600,91.670300,89.243800,22.067300,346.740000,26.688500,89.189900
2025-09-29,659.922100,91.335000,52.439600,93.786100,86.697400,108.218900,107.866200,77.713500,91.824300,89.273200,21.883500,352.460000,26.630500,89.199600
2025-09-30,662.407900,91.708200,52.646600,93.747200,86.445900,108.189700,107.759900,77.684800,91.631700,89.636000,21.796400,355.470000,26.601500,89.199600
2025-10-01,664.665100,92.464500,53.060700,94.063500,86.669200,108.382700,108.192600,77.830300,91.943500,89.773300,21.757700,356.030000,26.591800,89.219600
2025-10-02,665.430700,92.611800,53.307100,94.161000,86.921500,108.334000,108.367300,77.801400,91.991800,89.302700,21.612600,354.790000,26.630500,89.229400
2025-10-03,665.420800,93.387800,53.464900,93.975800,86.756500,108.217100,108.231400,77.714900,92.030500,89.636000,21.680300,357.640000,26.582200,89.248900
2025-10-06,667.807200,93.603900,53.711400,93.702800,86.067400,108.031900,107.882100,77.734100,91.914500,88.792800,21.902800,364.380000,26.707900,89.268400
2025-10-07,665.331300,92.788600,53.297300,93.936800,86.562400,108.334000,108.085900,77.647600,91.875800,88.469200,21.989900,366.260000,26.862600,89.268400
2025-10-08,669.298700,93.063600,53.721200,93.956300,86.630300,108.412000,107.950100,77.532200,91.924200,88.008400,22.018900,372.300000,26.920600,89.287900
2025-10-09,667.359700,92.297500,53.169100,93.888000,86.562400,108.285300,107.736600,77.311100,91.875800,87.528000,21.815800,365.430000,27.104300,89.287900
2025-10-10,649.322400,90.598300,51.207200,94.473000,87.960100,108.665300,108.037400,76.859300,91.469900,86.410200,21.351400,369.120000,26.968900,89.326900
2025-10-13,659.285700,91.325100,52.695900,94.521700,87.911600,108.938200,108.406100,77.340000,92.098200,86.959300,21.622300,378.090000,27.065600,89.336700
2025-10-14,658.480300,91.737700,52.222700,94.765400,88.193100,108.821300,108.765100,77.426500,92.059500,87.851500,21.380400,380.790000,26.988300,89.336700
2025-10-15,661.403600,92.179700,53.080400,94.658200,87.998900,108.792000,108.765100,77.676400,92.378500,89.126200,21.457800,387.390000,26.910900,89.346500
2025-10-16,656.899300,92.660900,53.425400,95.096900,88.659000,109.045400,109.075600,77.397700,92.513800,88.812400,21.419100,396.450000,26.804600,89.356200
2025-10-17,660.628100,92.827900,53.415600,94.940900,88.523100,108.831000,108.862100,77.599500,92.542800,89.390900,21.399800,388.990000,26.833600,89.375700
2025-10-20,667.498900,93.594000,54.145100,95.067600,88.862800,108.928500,109.192000,77.753400,92.948800,90.293000,21.612600,403.150000,26.901300,89.395200
2025-10-21,667.489000,92.906500,53.543800,95.243100,89.299600,109.162300,109.211400,77.638000,93.064800,90.038000,21.390100,377.240000,27.007600,89.395200
2025-10-22,664.018700,92.769000,53.494500,95.262600,89.357900,109.337700,109.318100,77.561100,92.871400,90.420400,21.728700,377.280000,26.978600,89.414700
2025-10-23,667.956300,93.201200,53.967700,94.950600,88.746300,109.123400,109.182300,77.734100,92.803800,90.361600,22.096300,378.790000,26.988300,89.424500
2025-10-24,673.415200,93.348500,54.322600,95.038400,88.785200,109.113600,109.366600,77.945600,93.074400,90.626300,22.106000,377.520000,26.988300,89.453800
2025-10-27,681.360000,93.996700,54.924000,95.038400,89.086100,109.084400,109.551000,78.137900,93.789700,90.881200,22.057600,367.010000,26.959300,89.453800
2025-10-28,683.169700,93.957500,54.904300,95.126100,89.319000,109.172100,109.560700,78.061000,93.789700,89.096800,21.854500,364.380000,26.939900,89.463500
2025-10-29,683.497800,93.427100,55.219800,94.512000,88.416300,108.597100,108.939700,77.820600,93.374100,86.802400,21.970600,363.000000,27.094700,89.492800
2025-10-30,675.980600,93.014500,54.648000,94.375500,87.901900,108.363300,108.357600,77.676400,93.267800,87.214200,21.980200,370.130000,27.201000,89.492800
2025-10-31,678.198000,92.808300,54.519800,94.414500,87.639800,108.538700,107.921000,77.676400,93.441700,87.439700,22.135000,368.120000,27.278400,89.512300
2025-11-03,679.470800,92.847600,54.864800,94.369300,87.420600,108.461400,107.631200,77.434700,93.167600,87.312300,22.299500,368.780000,27.297700,89.525300
2025-11-04,671.416600,91.894800,53.859200,94.486600,87.615500,108.510200,107.777300,77.444300,93.060800,87.459300,22.144700,362.320000,27.384700,89.535100
2025-11-05,673.743400,92.484100,54.342300,94.036800,86.660800,108.109400,107.455900,77.521600,92.856900,87.537800,22.077000,366.510000,27.394400,89.544900
2025-11-06,666.514500,92.277900,53.938100,94.516000,87.440100,108.402700,108.020700,77.550600,93.167600,87.116200,22.106000,366.070000,27.249400,89.554700
2025-11-07,667.170800,92.621700,53.780400,94.555100,87.255000,108.422300,107.806500,77.618200,93.216100,88.469200,22.154400,368.310000,27.230000,89.584000
2025-11-10,677.581500,93.594000,54.726800,94.428000,87.235500,108.441800,107.864900,77.879100,93.429700,88.420200,22.396200,378.380000,27.249400,89.603600
2025-11-11,679.132700,94.281600,54.786000,94.721300,87.634900,108.881800,108.293400,77.966100,93.643200,89.410500,22.541300,379.870000,27.210700,89.593800
2025-11-12,679.510500,94.841400,54.795800,94.740900,87.790800,108.647100,108.186300,77.811500,93.682100,88.743800,22.289800,385.990000,27.220400,89.603600
2025-11-13,668.234700,93.829800,54.155000,94.467100,87.069900,108.402700,107.650700,77.492600,93.220900,87.655400,22.173700,382.870000,27.143000,89.613400
2025-11-14,668.125400,93.564600,54.184600,94.310600,86.573100,108.275600,107.358500,77.512000,93.167600,87.841700,22.222100,375.960000,27.181700,89.652500
2025-11-17,661.900800,92.346600,53.543800,94.418200,86.787400,108.295200,107.426700,77.386300,93.187000,87.116200,22.193100,371.650000,27.249400,89.652500
2025-11-18,656.342500,91.148400,53.277600,94.574600,86.758200,108.373400,107.475400,77.405700,93.157800,87.469200,22.376900,374.350000,27.278400,89.672100
2025-11-19,658.878000,90.873300,53.090200,94.506200,86.582800,108.236500,107.485100,77.444300,93.313200,86.782800,22.154400,374.960000,27.452400,89.672100
2025-11-20,648.835200,89.616100,52.360700,94.731100,86.923800,108.285400,107.631200,77.396000,93.089900,86.420000,21.941500,374.850000,27.471800,89.691700
2025-11-21,655.298400,91.001000,52.350800,95.044000,87.186800,108.539600,108.011000,77.656900,93.342300,87.822100,21.796400,374.270000,27.452400,89.711300
2025-11-24,664.943500,91.079600,52.902900,95.190700,87.683600,108.588500,108.439400,77.869500,93.536500,88.057400,21.902800,380.200000,27.452400,89.711300
2025-11-25,671.197900,92.169800,53.090200,95.435200,87.907700,108.784000,108.741300,78.140000,93.779200,88.871200,21.786700,380.080000,27.375100,89.730800
2025-11-26,675.831500,93.181500,53.474700,95.513400,88.297400,109.018600,109.111300,78.217300,93.876200,89.263400,22.018900,383.120000,27.297700,89.740600
2025-11-28,679.520500,93.495800,53.553600,95.347200,87.878500,108.774200,108.926300,78.256000,93.905400,89.557600,22.309200,387.880000,27.278400,89.770000
2025-12-01,676.418100,93.034200,53.514200,94.835600,86.784500,108.345200,108.343300,78.115000,93.576200,88.528100,22.367200,389.750000,27.268700,89.781000
2025-12-02,677.671000,93.348500,53.533900,94.914100,86.823600,108.374600,108.411700,78.260600,93.966000,88.214300,22.270500,387.240000,27.259000,89.810500
2025-12-03,680.017600,93.849400,53.573300,95.110300,87.068000,108.619700,108.656100,78.328500,94.082900,88.439800,22.376900,386.880000,27.123700,89.820300
2025-12-04,680.514800,94.104800,53.563500,94.816000,86.598800,108.472600,108.460600,78.386800,94.005000,88.224100,22.434900,387.130000,27.181700,89.830100
2025-12-05,681.807500,94.104800,53.967700,94.619900,86.197900,108.296100,108.353100,78.386800,93.878300,88.126100,22.570400,386.440000,27.152700,89.849700
2025-12-08,679.759100,93.810100,53.849400,94.423700,85.914400,108.080400,108.128300,78.192600,93.488400,87.449500,22.289800,385.420000,27.191300,89.859500
2025-12-09,679.172500,93.682400,53.760700,94.286400,86.002400,107.943200,107.991400,78.105300,93.410500,87.116200,22.241400,387.400000,27.230000,89.879200
2025-12-10,683.676800,94.723600,54.362000,94.590400,86.334800,108.296100,108.489900,78.367400,93.790600,87.429900,22.376900,389.050000,27.085000,89.879200
2025-12-11,685.267700,95.283400,54.105700,94.600200,86.217500,108.247100,108.333500,78.357700,93.858800,87.812300,22.357500,393.240000,26.988300,89.889000
2025-12-12,677.899700,94.782500,53.474700,94.345200,85.386500,108.080400,107.678700,78.212100,93.810000,87.704500,22.173700,395.440000,27.027000,89.928300
2025-12-15,676.875500,95.362000,53.317000,94.423700,85.445100,108.002000,107.805700,78.250900,93.936700,87.979000,22.067300,395.800000,27.007600,89.928300
2025-12-16,675.026100,94.920000,52.980000,94.688500,85.914400,108.021600,108.050100,78.299400,94.190100,87.331900,21.844800,395.890000,26.978600,89.938100
2025-12-17,667.598400,94.150000,52.600000,94.668900,85.836200,108.139300,107.932800,78.202300,93.829500,87.655400,22.106000,399.290000,27.036600,89.947900
2025-12-18,672.639700,94.820000,53.200000,94.914100,86.246800,108.345200,108.343300,78.415900,94.238900,87.194600,21.951200,398.570000,27.056000,89.963100
2025-12-19,678.736400,95.460000,53.720000,94.700300,85.924900,108.130700,108.065100,78.377500,94.192800,86.861300,22.106000,399.020000,27.143000,89.992700
2025-12-22,682.964800,95.700000,54.010000,94.601900,85.738400,107.973300,108.045400,78.445800,94.231900,87.307000,22.390000,408.230000,27.030000,89.992700
2025-12-23,686.086300,96.290000,54.310000,94.562500,85.875800,108.022500,108.153400,78.504300,94.183000,87.247600,22.640000,413.640000,26.940000,89.992700
2025-12-24,688.499700,96.410000,54.420000,94.808500,86.396000,108.248700,108.575300,78.650600,94.466700,87.821500,22.630000,411.930000,26.950000,90.022200
2025-12-26,688.429900,96.570000,54.800000,94.897100,86.111400,108.238900,108.565500,78.611600,94.456900,87.920400,22.700000,416.740000,26.970000,90.051800
2025-12-29,685.976600,96.280000,54.660000,95.034900,86.435200,108.337300,108.712700,78.640800,94.505900,88.098500,22.490000,398.600000,26.980000,90.051800
2025-12-30,685.138900,96.440000,54.880000,94.936500,86.229100,108.317600,108.585100,78.718900,94.388400,88.276600,22.640000,398.890000,27.050000,90.061700
2025-12-31,680.062800,96.030000,54.710000,94.621600,85.542100,108.101200,108.123900,78.640800,94.202500,87.554300,22.360000,396.310000,27.030000,90.071500
2026-01-02,681.309400,97.040000,56.240000,94.542900,85.414500,108.052000,108.094500,78.679800,94.222100,87.584000,22.390000,398.280000,27.110000,90.111000
2026-01-05,685.847000,98.150000,56.860000,94.828200,85.836600,108.347100,108.398700,78.884700,94.368900,87.781900,22.810000,408.760000,27.070000,90.111000
2026-01-06,689.925800,98.300000,57.280000,94.759300,85.659900,108.268400,108.398700,78.904200,94.271000,88.425000,22.800000,413.180000,27.160000,90.120800
2026-01-07,687.701900,97.930000,56.850000,94.936500,86.160400,108.435600,108.477200,78.884700,94.085100,87.564200,22.590000,409.230000,27.200000,90.140500
2026-01-08,687.632100,97.940000,56.870000,94.651100,85.728600,108.219200,108.173000,78.943200,93.938400,88.345900,22.880000,411.490000,27.270000,90.140500
2026-01-09,692.179700,98.810000,57.140000,94.759300,86.297800,108.366800,108.565500,79.001700,94.280800,88.524000,22.900000,414.470000,27.330000,90.160200
2026-01-12,693.266700,99.410000,57.940000,94.641300,86.042700,108.366800,108.437900,79.040700,94.202500,88.642700,23.190000,422.230000,27.280000,90.170100
2026-01-13,691.880500,98.840000,57.510000,94.759300,86.189900,108.465100,108.673400,79.040700,94.085100,89.137400,23.370000,421.630000,27.350000,90.180000
2026-01-14,688.479800,99.300000,57.750000,94.956100,86.690400,108.583100,108.948200,79.040700,94.280800,89.909200,23.390000,425.940000,27.330000,90.189800
2026-01-15,690.354600,99.260000,58.090000,94.759300,86.670800,108.415900,108.810800,79.040700,94.320000,90.532500,23.200000,423.330000,27.430000,90.189800
2026-01-16,689.776200,99.530000,57.870000,94.395300,86.170300,108.209400,108.496800,79.089500,94.134100,91.640700,23.160000,421.290000,27.430000,90.229200
2026-01-20,675.734600,98.020000,57.310000,94.021300,85.041600,107.884800,107.839400,78.884700,93.664400,89.938900,23.480000,437.230000,27.210000,90.229200
2026-01-21,683.533300,99.030000,58.260000,94.267300,85.689300,108.307800,108.487000,79.118700,94.417800,90.295100,23.750000,443.600000,27.270000,90.239100
2026-01-22,687.103500,99.420000,58.700000,94.257500,86.062300,108.199600,108.693100,79.177300,94.398200,89.404600,23.740000,451.790000,27.150000,90.248900
2026-01-23,687.352800,99.970000,59.070000,94.414900,86.297800,108.415900,108.761800,79.138300,94.633000,89.582700,24.180000,458.000000,26.910000,90.278500
2026-01-26,690.843300,100.470000,59.170000,94.552700,86.710000,108.563500,108.850100,79.177300,94.730900,89.463900,24.290000,464.700000,26.780000,90.278500
2026-01-27,693.595800,102.090000,60.340000,94.444500,86.170300,108.573300,108.732300,79.167500,94.691800,89.434300,24.620000,476.100000,26.470000,90.288400
2026-01-28,693.526000,101.010000,60.750000,94.365700,85.974000,108.622500,108.575300,79.040700,94.574300,88.514100,24.940000,494.560000,26.630000,90.298200
2026-01-29,692.149700,101.690000,60.440000,94.464100,85.993600,108.701200,108.604800,79.031000,94.584100,89.750900,25.300000,495.900000,26.590000,90.317900
2026-01-30,690.085400,100.740000,59.100000,94.405100,85.512700,108.661800,108.496800,79.118700,94.496100,89.839900,24.430000,444.950000,26.850000,90.337700
2026-02-02,693.516000,101.400000,59.280000,94.219500,85.268400,108.376600,108.396200,79.166500,94.471100,88.909900,23.540000,427.130000,26.990000,90.351400
2026-02-03,687.652000,101.450000,59.600000,94.308300,85.475200,108.553600,108.445400,79.117500,94.490700,88.712000,24.150000,454.290000,26.920000,90.351400
2026-02-04,684.321100,101.780000,58.800000,94.288600,85.258500,108.435600,108.307600,79.019400,94.530000,89.988300,24.190000,453.970000,27.010000,90.371200
2026-02-05,675.774500,100.330000,58.530000,94.841400,86.184600,108.740500,108.829500,78.931200,94.765900,89.859700,23.760000,441.880000,27.090000,90.371200
2026-02-06,688.739100,102.610000,60.070000,94.841400,86.243700,108.848700,108.888600,79.205700,95.011500,91.274600,24.010000,455.460000,27.010000,90.400900
2026-02-09,692.060000,103.990000,60.510000,94.861200,86.224000,108.937200,108.888600,79.313500,95.041000,91.660500,24.250000,467.030000,26.790000,90.400900
2026-02-10,690.235000,104.240000,60.600000,95.275800,87.219000,109.163400,109.144700,79.235100,95.286700,92.887400,24.140000,462.400000,26.800000,90.410700
2026-02-11,690.075400,104.940000,61.560000,95.009300,86.756000,108.986400,109.026500,79.225300,95.296500,92.372900,24.370000,467.630000,26.830000,90.430500
2026-02-12,679.414500,104.150000,60.860000,95.591700,87.908700,109.419200,109.538700,79.186100,95.561800,92.264000,23.800000,451.390000,26.820000,90.430500
2026-02-13,679.893200,104.240000,61.120000,95.966900,88.391400,109.556800,109.903100,79.244900,95.728900,93.589800,23.880000,462.620000,26.820000,90.470100
2026-02-17,680.990200,104.220000,60.870000,95.957000,88.539200,109.399500,110.011400,79.205700,95.925400,94.480300,23.590000,448.200000,26.910000,90.480000
2026-02-18,684.420900,104.340000,61.190000,95.759500,88.204200,109.330600,109.903100,79.303700,95.964700,93.372200,24.210000,458.280000,27.080000,90.489800
2026-02-19,682.615800,104.050000,61.040000,95.848400,88.292900,109.419200,109.991700,79.333100,95.856600,93.174300,24.430000,459.560000,27.120000,90.489800
2026-02-20,687.552300,104.900000,62.340000,95.848400,88.086000,109.360100,109.903100,79.391900,95.954900,93.876800,24.600000,468.620000,27.090000,90.519500
2026-02-23,680.531500,104.470000,61.650000,96.193900,88.411100,109.458500,110.021300,79.264500,96.013800,93.886700,24.750000,481.280000,27.090000,90.519500
2026-02-24,685.478000,104.660000,62.620000,96.174200,88.568800,109.478200,109.991700,79.205700,95.954900,94.124100,24.720000,474.610000,27.110000,90.539300
2026-02-25,691.262200,105.660000,63.310000,96.095200,88.578600,109.576500,109.962200,79.313500,96.043300,93.866900,24.750000,473.420000,27.080000,90.549200
2026-02-26,687.422700,105.570000,62.710000,96.351900,88.933300,109.871600,110.031100,79.244900,95.984400,94.510000,24.760000,477.480000,27.100000,90.559000
2026-02-27,684.121700,105.380000,62.580000,96.736900,89.475100,110.038800,109.991700,79.117500,96.033500,94.678200,25.100000,483.750000,27.080000,90.578800
2026-03-02,684.510600,103.300000,61.500000,96.155500,88.576600,109.733900,109.619000,79.071900,95.700900,94.915700,25.810000,490.000000,27.330000,90.591800
2026-03-03,678.477100,100.090000,58.420000,96.046600,88.398700,109.665000,109.569500,78.914300,95.266800,94.411100,25.910000,468.140000,27.460000,90.601700
2026-03-04,683.264000,101.380000,59.050000,95.848500,88.121900,109.419200,109.668400,79.190100,95.582500,94.529800,26.140000,471.800000,27.410000,90.611600
2026-03-05,679.454400,99.160000,57.630000,95.551500,87.766100,109.389600,109.233500,78.874900,95.099000,93.580000,26.520000,466.130000,27.480000,90.621600
2026-03-06,670.548700,98.280000,57.320000,95.492100,87.439900,109.596200,108.867900,78.490800,94.477400,92.560800,27.510000,473.510000,27.470000,90.641400
2026-03-09,676.422700,98.990000,58.450000,95.789100,88.201000,109.773200,109.520100,78.963600,94.684600,92.768600,27.140000,472.530000,27.460000,90.651300
2026-03-10,675.335700,99.220000,58.680000,95.482200,87.261900,109.409300,108.769000,78.835500,94.674800,92.630100,27.600000,477.860000,27.450000,90.661200
2026-03-11,674.488000,99.010000,58.830000,95.046600,86.135100,109.242100,107.879600,78.658200,94.368900,91.670400,28.130000,476.240000,27.550000,90.661200
2026-03-12,664.246000,97.460000,56.950000,94.739700,85.967100,109.104400,107.296500,78.155900,93.579500,91.037100,28.860000,466.880000,27.680000,90.681000
2026-03-13,660.486200,96.300000,56.800000,94.640700,85.542000,108.888000,106.901200,78.008200,93.125600,91.185500,28.710000,460.840000,27.890000,90.710800
2026-03-16,667.207900,98.100000,58.380000,95.066400,86.204300,109.232300,107.415100,78.254400,93.490700,91.947400,28.310000,460.430000,27.730000,90.710800
2026-03-17,668.963100,98.370000,58.750000,95.234700,86.441500,109.615900,108.018000,78.609000,93.836000,92.353100,28.760000,459.270000,27.680000,90.720700
2026-03-18,659.628600,96.690000,57.560000,94.799100,85.957200,109.409300,107.434900,78.205100,93.105900,90.987700,29.270000,444.740000,27.850000,90.740500
2026-03-19,658.003000,96.520000,57.620000,94.789200,86.481100,109.281500,107.909300,78.461200,93.372300,90.621600,28.840000,426.410000,27.580000,90.740500
2026-03-20,648.570000,93.590000,55.640000,93.937700,84.840200,108.406100,106.585000,77.732400,91.912000,87.811600,28.940000,413.380000,27.680000,90.770200
2026-03-23,655.380000,95.840000,57.310000,94.234700,85.393700,108.376600,107.286600,78.244500,92.809900,89.440000,27.750000,404.040000,27.560000,90.780200
2026-03-24,653.180000,95.270000,56.520000,93.917900,85.018100,108.022500,107.069200,77.978600,92.336200,87.910000,28.240000,404.130000,27.650000,90.790100
2026-03-25,656.820000,96.660000,57.420000,94.412900,85.838600,108.347100,107.454700,78.224800,93.175000,87.840000,28.170000,416.290000,27.700000,90.780200
2026-03-26,645.090000,94.660000,55.470000,93.650600,85.117000,107.953700,106.614600,77.732400,92.217800,87.720000,28.440000,400.640000,27.810000,90.800000
2026-03-27,634.090000,93.800000,55.200000,93.660500,84.652400,107.865200,106.357700,77.535400,91.714600,87.000000,29.100000,414.700000,27.840000,90.829700
2026-03-30,631.970000,94.070000,54.750000,94.323800,85.779200,108.534000,107.039600,77.624000,91.872500,87.330000,29.260000,414.580000,27.980000,90.839600
2026-03-31,650.340000,97.130000,56.790000,94.492200,85.690300,108.543800,107.711600,78.362700,92.681600,88.700000,28.950000,430.290000,27.780000,90.839600
2026-04-01,655.240000,98.610000,57.230000,94.409900,85.605900,108.543800,107.827200,78.554500,93.063700,89.020000,28.680000,437.820000,27.730000,90.863200
2026-04-02,655.830000,98.000000,56.590000,94.628400,86.131900,108.986400,108.283700,78.742500,93.172800,90.230000,29.330000,429.410000,27.860000,90.883000
2026-04-06,658.930000,98.490000,57.110000,94.380100,85.993000,108.937200,108.115000,78.881100,93.143000,90.360000,29.480000,427.650000,27.830000,90.902900
2026-04-07,659.220000,98.350000,57.310000,94.618500,85.983000,109.065100,108.234000,78.900900,93.192600,90.490000,29.370000,431.810000,27.750000,90.912900
2026-04-08,676.010000,102.190000,60.440000,94.827100,86.260900,109.084700,108.650800,79.366000,94.303100,92.120000,28.560000,434.530000,27.530000,90.912900
2026-04-09,679.910000,101.950000,60.280000,94.797300,86.042600,109.133900,108.650800,79.455100,94.699700,92.780000,28.710000,437.910000,27.480000,90.922800
2026-04-10,679.460000,102.180000,60.560000,94.638300,85.834200,109.192900,108.363000,79.138400,94.689800,92.980000,28.500000,437.130000,27.440000,90.952600
2026-04-13,686.100000,102.810000,61.070000,94.847000,86.092200,109.448700,108.779800,79.435300,95.215300,93.330000,28.960000,435.360000,27.380000,90.952600
2026-04-14,694.460000,103.640000,62.240000,95.154900,86.548700,109.694500,109.137100,79.672900,95.641700,94.220000,28.840000,445.090000,27.320000,90.962600
2026-04-15,699.940000,103.310000,62.200000,94.946300,86.171600,109.596200,109.097400,79.633300,95.433500,94.290000,28.890000,440.460000,27.290000,90.972500
2026-04-16,701.660000,103.010000,62.450000,94.777400,85.625800,109.360100,108.591300,79.524400,95.136000,95.160000,29.110000,440.080000,27.370000,90.982400
2026-04-17,710.140000,104.320000,63.640000,95.294000,86.409800,109.645400,109.196600,79.821300,95.849900,96.680000,28.290000,445.930000,27.360000,91.012300
2026-04-20,708.720000,103.910000,63.180000,95.204600,86.389900,109.576500,109.186700,79.752000,95.770600,97.030000,28.670000,442.090000,27.320000,91.022200
2026-04-21,704.080000,101.630000,62.250000,94.787400,85.913600,109.389600,108.769900,79.544200,95.314500,95.310000,29.210000,429.570000,27.470000,91.032200
2026-04-22,711.210000,101.970000,63.380000,94.886700,86.082300,109.556800,108.978300,79.672900,95.562300,94.520000,29.510000,435.260000,27.480000,91.032200
2026-04-23,708.450000,101.240000,62.350000,94.737700,85.893700,109.733900,108.680600,79.544200,95.116200,95.490000,29.890000,431.040000,27.530000,91.052000
2026-04-24,713.940000,101.770000,63.740000,94.926400,86.052500,109.960100,108.760000,79.653100,95.383900,95.300000,29.860000,433.250000,27.480000,91.071900
2026-04-27,715.170000,101.380000,63.640000,94.707900,85.625800,109.930600,108.452400,79.682800,95.215300,94.780000,30.090000,429.890000,27.450000,91.081900
2026-04-28,711.690000,100.960000,62.990000,94.618500,85.715100,109.891300,108.502000,79.573900,95.136000,95.650000,30.340000,421.910000,27.530000,91.091800
2026-04-29,711.580000,99.930000,62.690000,94.171500,85.050200,109.556800,107.896700,79.306700,94.689800,94.900000,31.080000,417.410000,27.610000,91.091800
2026-04-30,718.660000,102.320000,63.990000,94.350300,84.970800,109.724100,108.015700,79.554100,94.987300,96.330000,31.100000,423.660000,27.360000,91.101700
2026-05-01,720.650000,102.100000,64.130000,94.422500,85.274600,110.070900,108.189600,79.652300,95.166600,96.060000,30.810000,423.180000,27.410000,91.131600
2026-05-04,718.010000,100.700000,64.100000,94.073700,84.627100,109.873200,107.840900,79.393600,94.678700,95.460000,31.330000,414.710000,27.480000,91.151500
2026-05-05,723.770000,102.040000,65.400000,94.213200,85.095300,109.794100,108.239400,79.513000,95.116800,95.760000,31.200000,418.270000,27.500000,91.161500
2026-05-06,733.830000,104.810000,67.490000,94.681600,85.742700,109.873200,108.777400,79.751800,95.863600,97.090000,30.210000,430.960000,27.350000,91.151500
2026-05-07,731.580000,102.890000,66.590000,94.392600,85.314400,109.754500,108.329100,79.453300,95.495200,96.390000,30.250000,431.680000,27.410000,91.171400
2026-05-08,737.620000,103.960000,67.940000,94.641800,85.742700,110.120300,108.787400,79.731900,95.744100,96.620000,30.300000,433.770000,27.340000,91.191400
2026-05-11,739.300000,103.740000,67.890000,94.322800,85.224800,110.031300,108.518400,79.572700,95.564900,96.690000,31.060000,434.650000,27.350000,91.211300
2026-05-12,738.180000,103.140000,65.820000,94.003900,84.657000,109.843500,108.149800,79.463300,95.316000,96.690000,31.690000,432.930000,27.450000,91.221300
2026-05-13,742.310000,103.830000,67.210000,94.003900,84.467800,109.843500,108.209500,79.503100,95.136700,95.890000,31.370000,430.500000,27.510000,91.221300
2026-05-14,748.170000,103.460000,67.380000,93.944100,84.587300,109.734800,108.139800,79.443400,95.136700,95.320000,31.150000,427.210000,27.620000,91.241200
2026-05-15,739.170000,101.720000,65.070000,93.196600,83.332200,109.339400,107.452400,79.055400,94.310200,93.910000,31.190000,417.290000,27.770000,91.261200
2026-05-18,738.650000,102.660000,64.970000,93.156800,83.232600,109.210900,107.253200,79.135000,94.220600,95.010000,31.380000,418.430000,27.700000,91.261200
2026-05-19,733.730000,101.920000,64.260000,92.798000,82.694700,108.845100,106.715200,78.945900,93.852200,95.280000,31.610000,411.500000,27.790000,91.281100
2026-05-20,741.250000,103.620000,65.460000,93.425800,83.581200,109.102100,107.542100,79.453300,94.519300,96.490000,30.880000,417.400000,27.730000,91.301100
2026-05-21,742.720000,104.190000,66.030000,93.485600,83.890000,109.102100,107.761200,79.493100,94.589000,96.670000,30.700000,416.990000,27.730000,91.301100
2026-05-22,745.640000,103.980000,65.880000,93.565400,84.348200,109.112000,107.960500,79.503100,94.768300,96.770000,30.540000,413.820000,27.770000,91.321000
2026-05-26,750.590000,105.130000,68.400000,93.964000,84.766600,109.547000,108.368900,79.771700,95.236300,97.220000,30.030000,414.000000,27.750000,91.340900
2026-05-27,750.460000,104.770000,68.390000,94.003900,84.965800,109.606300,108.518400,79.721900,95.574900,96.920000,29.490000,408.490000,27.750000,91.350900
2026-05-28,754.600000,104.690000,68.610000,94.223200,85.404100,109.902800,108.847100,79.821400,95.823800,96.550000,29.720000,412.770000,27.700000,91.360900
2026-05-29,756.480000,104.800000,68.600000,94.332800,85.424000,109.932500,108.946800,79.901000,96.023000,95.700000,29.480000,417.120000,27.660000,91.390800
2026-06-01,758.540000,104.440000,70.080000,94.170000,85.470000,109.980000,108.930000,79.840000,96.010000,94.090000,29.990000,411.260000,27.760000,91.400000
2026-06-02,759.570000,105.020000,70.800000,94.240000,85.650000,109.970000,108.920000,79.900000,96.260000,94.520000,30.120000,411.950000,27.760000,91.390000
2026-06-03,754.240000,104.120000,69.920000,94.000000,85.310000,109.770000,108.620000,79.680000,95.900000,94.410000,30.290000,407.870000,27.860000,91.410000
2026-06-04,757.090000,104.950000,69.100000,94.120000,85.500000,109.780000,108.850000,79.830000,96.100000,96.100000,29.880000,411.270000,27.840000,91.410000
2026-06-05,737.550000,102.260000,64.590000,93.620000,85.060000,109.250000,108.170000,79.430000,95.400000,96.790000,29.230000,396.240000,28.020000,91.450000
2026-06-08,739.220000,102.880000,65.750000,93.520000,84.620000,109.130000,108.060000,79.540000,95.280000,95.470000,29.470000,397.270000,28.030000,91.460000
2026-06-09,737.050000,102.900000,65.820000,93.780000,85.120000,109.320000,108.410000,79.620000,95.670000,97.670000,29.070000,390.780000,28.010000,91.460000
2026-06-10,725.430000,101.570000,64.660000,93.690000,84.880000,109.210000,108.160000,79.470000,95.350000,97.680000,29.170000,374.580000,28.050000,91.470000
2026-06-11,737.760000,104.730000,67.500000,94.340000,85.980000,109.600000,109.080000,79.940000,96.270000,97.610000,28.850000,386.320000,27.950000,91.480000
